=~=~=~=~=~=~=~=~=~=~=~= PuTTY log 2026.03.28 11:37:56 =~=~=~=~=~=~=~=~=~=~=~=
Initializing MAX30100 for raw data..SUCCESS
Initializing PulseOximeter..SUCCESS

==========================================
Press 's' to start 2-minute data collection
Minute 1: RAW IR/Red data (0.1s intervals)
Minute 2: Processed BPM/SpO2 data (0.1s intervals)
==========================================

==========================================
=== 2-MINUTE DATA COLLECTION STARTED ===
PHASE 1 (0-600 tenths of seconds): RAW IR/Red data
Format: RAW,Time_0.1s,IR_raw,Red_raw,GSR_V,GSR_raw
------------------------------------------
RAW,0.0,11666,26348,1.256,257
RAW,0.0,11641,26306,1.217,249
RAW,0.0,11606,26259,1.261,258
RAW,0.0,11567,26232,1.207,247
RAW,0.0,11565,26221,1.202,246
RAW,0.0,11548,26195,1.188,243
RAW,0.0,11549,26203,1.256,257
RAW,0.0,11560,26222,1.261,258
RAW,0.0,11589,26237,1.217,249
RAW,0.0,11622,26282,1.222,250
RAW,0.0,11690,26340,1.276,261
RAW,0.0,11771,26449,1.320,270
RAW,0.0,11880,26565,1.193,244
RAW,0.0,11935,26651,1.183,242
RAW,0.0,11939,26656,1.202,246
RAW,0.0,11945,26668,1.329,272
RAW,0.4,11724,26396,1.217,249
RAW,0.4,11719,26406,1.271,260
RAW,0.4,11717,26397,1.212,248
RAW,0.4,11705,26397,1.246,255
RAW,0.4,11707,26390,1.193,244
RAW,0.4,11696,26360,1.246,255
RAW,0.6,11723,26403,1.325,271
RAW,1.0,11732,26408,1.212,248
RAW,1.3,11736,26420,1.188,243
RAW,1.6,11767,26444,1.212,248
RAW,1.8,11769,21542,1.212,248
RAW,2.1,11785,21562,1.188,243
RAW,2.3,11803,21567,1.188,243
RAW,2.6,11820,21591,1.207,247
RAW,2.9,11838,21601,1.183,242
RAW,3.1,11849,21603,1.178,241
RAW,3.4,11867,21622,1.207,247
RAW,3.6,11871,21625,1.202,246
RAW,3.9,11879,21634,1.173,240
RAW,4.1,11886,21645,1.173,240
RAW,4.4,11896,21657,1.197,245
RAW,4.7,11914,21671,1.173,240
RAW,5.0,11914,21675,1.197,245
RAW,5.2,11918,21677,1.193,244
RAW,5.5,11933,21685,1.168,239
RAW,5.8,11924,21685,1.193,244
RAW,6.0,11915,21656,1.188,243
RAW,6.3,11817,21545,1.168,239
RAW,6.6,11677,21426,1.183,242
RAW,6.7,11656,16384,1.163,238
RAW,7.0,11597,15721,1.183,242
RAW,7.3,11576,15702,1.158,237
RAW,7.6,11577,15701,1.183,242
RAW,7.9,11587,15717,1.158,237
RAW,8.2,11631,15740,1.178,241
RAW,8.4,11662,15766,1.173,240
RAW,8.5,11679,15768,1.153,236
RAW,8.7,11711,15790,1.149,235
RAW,8.9,11740,15811,1.153,236
RAW,9.1,11750,15818,1.149,235
RAW,9.3,11754,15825,1.153,236
RAW,9.4,11753,15812,1.173,240
RAW,9.6,11753,15813,1.168,239
RAW,9.8,11759,15823,1.168,239
RAW,10.0,11761,15830,1.168,239
RAW,10.1,11765,15824,1.149,235
RAW,10.3,11763,15837,1.144,234
RAW,10.4,11777,15835,1.163,238
RAW,10.6,11784,15842,1.168,239
RAW,10.8,11794,15848,1.163,238
RAW,10.9,11807,15856,1.144,234
RAW,11.1,11809,15854,1.134,232
RAW,11.2,11816,15860,1.163,238
RAW,11.4,11835,15873,1.163,238
RAW,11.5,11831,15881,1.139,233
RAW,11.9,11861,10970,1.134,232
RAW,12.0,11862,10974,1.158,237
RAW,12.2,11872,10980,1.158,237
RAW,12.4,11876,10980,1.153,236
RAW,12.5,11882,10985,1.134,232
RAW,12.7,11895,10989,1.134,232
RAW,12.8,11906,10987,1.158,237
RAW,13.0,11903,10991,1.158,237
RAW,13.2,11905,10993,1.158,237
RAW,13.3,11913,10997,1.129,231
RAW,13.5,11914,10996,1.129,231
RAW,13.6,11917,11002,1.153,236
RAW,13.8,11923,11001,1.153,236
RAW,13.9,11930,11011,1.134,232
RAW,14.1,11933,11005,1.124,230
RAW,14.2,11935,11008,1.149,235
RAW,14.4,11945,11014,1.149,235
RAW,14.6,11945,11014,1.149,235
RAW,14.7,11950,11021,1.124,230
RAW,14.9,11955,11011,1.129,231
RAW,15.0,11931,11010,1.144,234
RAW,15.2,11886,10972,1.144,234
RAW,15.4,11793,10934,1.144,234
RAW,15.5,11755,10911,1.124,230
RAW,15.7,11675,10875,1.124,230
RAW,15.8,11652,10857,1.139,233
RAW,16.0,11618,10854,1.144,234
RAW,16.2,11608,10847,1.139,233
RAW,16.3,11598,10846,1.119,229
RAW,16.5,11600,10846,1.114,228
RAW,16.7,11606,10847,1.114,228
RAW,16.8,11606,10854,1.139,233
RAW,17.0,11631,10853,1.134,232
RAW,17.1,11643,10864,1.114,228
RAW,17.3,11673,10884,1.114,228
RAW,17.5,11713,10890,1.114,228
RAW,17.6,11727,10896,1.134,232
RAW,17.8,11746,10924,1.134,232
RAW,17.9,11766,10915,1.109,227
RAW,18.1,11766,10921,1.114,228
RAW,18.3,11776,10926,1.109,227
RAW,18.4,11771,10925,1.129,231
RAW,18.6,11773,10918,1.129,231
RAW,18.8,11776,10926,1.134,232
RAW,18.9,11779,10929,1.109,227
RAW,19.1,11780,10928,1.105,226
RAW,19.2,11779,10932,1.129,231
RAW,19.4,11794,10925,1.129,231
RAW,19.6,11805,10935,1.129,231
RAW,19.7,11809,10948,1.105,226
RAW,19.9,11816,10944,1.105,226
RAW,20.0,11818,10946,1.124,230
RAW,20.2,11840,10957,1.124,230
RAW,20.4,11844,10953,1.129,231
RAW,20.5,11846,10958,1.100,225
RAW,20.7,11851,10960,1.100,225
RAW,20.9,11862,10967,1.100,225
RAW,21.1,11878,10968,1.100,225
RAW,21.2,11876,10965,1.119,229
RAW,21.4,11883,10978,1.119,229
RAW,21.5,11891,10975,1.100,225
RAW,21.7,11891,10977,1.105,226
RAW,21.9,11901,10980,1.095,224
RAW,22.0,11908,10980,1.119,229
RAW,22.2,11917,10982,1.119,229
RAW,22.3,11915,10989,1.100,225
RAW,22.5,11924,10989,1.100,225
RAW,22.7,11925,10991,1.100,225
RAW,22.9,11936,10991,1.100,225
RAW,23.0,11942,10993,1.119,229
RAW,23.2,11946,10996,1.119,229
RAW,23.4,11955,10998,1.119,229
RAW,23.5,11950,10993,1.105,226
RAW,23.7,11956,10998,1.100,225
RAW,23.9,11934,10989,1.100,225
RAW,24.0,11914,10976,1.119,229
RAW,24.2,11849,10943,1.119,229
RAW,24.4,11762,10905,1.124,230
RAW,24.5,11731,10877,1.095,224
RAW,24.7,11660,10863,1.095,224
RAW,24.9,11643,10851,1.095,224
RAW,25.0,11633,10842,1.119,229
RAW,25.2,11625,10838,1.114,228
RAW,25.3,11619,10843,1.100,225
RAW,25.5,11618,10844,1.095,224
RAW,25.7,11633,10838,1.095,224
RAW,25.9,11646,10853,1.095,224
RAW,26.1,11667,10861,1.095,224
RAW,26.3,11697,10883,1.095,224
RAW,26.5,11731,10890,1.095,224
RAW,26.7,11759,10900,1.090,223
RAW,26.8,11768,10909,1.114,228
RAW,27.0,11772,10904,1.109,227
RAW,27.2,11772,10910,1.114,228
RAW,27.3,11777,10910,1.090,223
RAW,27.5,11774,10912,1.090,223
RAW,27.6,11773,10910,1.109,227
RAW,27.8,11768,10911,1.109,227
RAW,28.0,11767,10914,1.109,227
RAW,28.1,11779,10908,1.090,223
RAW,28.3,11793,10915,1.085,222
RAW,28.5,11794,10919,1.090,223
RAW,28.7,11806,10925,1.085,222
RAW,28.8,11807,10929,1.109,227
RAW,29.0,11824,10928,1.109,227
RAW,29.2,11834,10939,1.105,226
RAW,29.3,11846,10936,1.085,222
RAW,29.5,11847,10943,1.085,222
RAW,29.7,11867,10947,1.085,222
RAW,29.8,11864,10950,1.105,226
RAW,30.0,11875,10955,1.105,226
RAW,30.2,11884,10962,1.105,226
RAW,30.4,11889,10958,1.105,226
RAW,30.5,11898,10961,1.085,222
RAW,30.7,11909,10966,1.080,221
RAW,30.9,11907,10964,1.085,222
RAW,31.0,11909,10965,1.105,226
RAW,31.2,11921,10973,1.105,226
RAW,31.4,11917,10971,1.109,227
RAW,31.6,11918,10975,1.109,227
RAW,31.7,11929,10975,1.085,222
RAW,31.9,11931,10977,1.085,222
RAW,32.1,11929,10976,1.085,222
RAW,32.2,11941,10981,1.105,226
RAW,32.4,11936,10983,1.105,226
RAW,32.6,11948,10978,1.105,226
RAW,32.7,11956,10978,1.085,222
RAW,32.9,11946,10975,1.085,222
RAW,33.1,11916,10956,1.085,222
RAW,33.2,11886,10949,1.105,226
RAW,33.4,11809,10909,1.109,227
RAW,33.6,11726,10874,1.100,225
RAW,33.7,11699,10853,1.085,222
RAW,33.9,11660,10840,1.085,222
RAW,34.1,11639,10830,1.085,222
RAW,34.2,11633,10822,1.105,226
RAW,34.4,11631,10827,1.109,227
RAW,34.6,11629,10831,1.105,226
RAW,34.8,11638,10837,1.105,226
RAW,34.9,11644,10833,1.090,223
RAW,35.1,11670,10853,1.085,222
RAW,35.4,11707,10867,1.100,225
RAW,35.6,11736,10884,1.105,226
RAW,35.8,11757,10887,1.100,225
RAW,35.9,11765,10889,1.085,222
RAW,36.1,11773,10896,1.085,222
RAW,36.3,11769,10893,1.085,222
RAW,36.5,11763,10894,1.080,221
RAW,36.6,11763,10888,1.095,224
RAW,36.8,11759,10887,1.100,225
RAW,37.0,11764,10883,1.100,225
RAW,37.1,11770,10887,1.075,220
RAW,37.3,11765,10894,1.075,220
RAW,37.5,11777,10896,1.080,221
RAW,37.7,11795,10905,1.075,220
RAW,37.8,11789,10902,1.095,224
RAW,38.0,11808,10913,1.090,223
RAW,38.2,11818,10910,1.095,224
RAW,38.3,11826,10917,1.075,220
RAW,38.5,11823,10921,1.070,219
RAW,38.7,11836,10927,1.075,220
RAW,38.8,11840,10920,1.090,223
RAW,39.0,11850,10931,1.090,223
RAW,39.2,11865,10938,1.090,223
RAW,39.4,11879,10943,1.085,222
RAW,39.5,11873,10935,1.070,219
RAW,39.7,11879,10937,1.070,219
RAW,39.9,11883,10949,1.070,219
RAW,40.0,11886,10945,1.080,221
RAW,40.2,11891,10944,1.085,222
RAW,40.4,11903,10953,1.085,222
RAW,40.5,11901,10949,1.065,218
RAW,40.7,11904,10957,1.065,218
RAW,40.9,11915,10951,1.065,218
RAW,41.1,11915,10954,1.065,218
RAW,41.2,11919,10959,1.080,221
RAW,41.4,11914,10950,1.085,222
RAW,41.6,11894,10939,1.085,222
RAW,41.7,11868,10919,1.061,217
RAW,41.9,11782,10882,1.065,218
RAW,42.1,11689,10841,1.061,217
RAW,42.2,11647,10826,1.085,222
RAW,42.4,11606,10810,1.080,221
RAW,42.6,11580,10793,1.085,222
RAW,42.7,11567,10794,1.061,217
RAW,42.9,11574,10792,1.061,217
RAW,43.1,11563,10787,1.061,217
RAW,43.3,11565,10793,1.061,217
RAW,43.5,11579,10802,1.061,217
RAW,43.7,11607,10811,1.061,217
RAW,43.9,11646,10818,1.061,217
RAW,44.1,11673,10833,1.061,217
RAW,44.3,11694,10839,1.061,217
RAW,44.4,11707,10852,1.075,220
RAW,44.6,11716,10861,1.075,220
RAW,44.8,11718,10861,1.080,221
RAW,44.9,11716,10859,1.061,217
RAW,45.1,11717,10858,1.061,217
RAW,45.2,11719,10853,1.075,220
RAW,45.4,11717,10864,1.080,221
RAW,45.6,11728,10863,1.075,220
RAW,45.8,11726,10856,1.080,221
RAW,45.9,11735,10863,1.061,217
RAW,46.1,11737,10875,1.061,217
RAW,46.3,11753,10873,1.061,217
RAW,46.4,11758,10871,1.080,221
RAW,46.6,11768,10878,1.075,220
RAW,46.8,11776,10886,1.080,221
RAW,46.9,11784,10892,1.065,218
RAW,47.1,11802,10907,1.065,218
RAW,47.3,11821,10902,1.065,218
RAW,47.4,11819,10904,1.080,221
RAW,47.6,11824,10910,1.080,221
RAW,47.8,11841,10916,1.080,221
RAW,47.9,11841,10916,1.065,218
RAW,48.1,11850,10925,1.065,218
RAW,48.3,11855,10923,1.065,218
RAW,48.5,11855,10923,1.065,218
RAW,48.6,11866,10924,1.080,221
RAW,48.8,11872,10926,1.085,222
RAW,49.0,11879,10932,1.085,222
RAW,49.1,11882,10929,1.070,219
RAW,49.3,11888,10937,1.065,218
RAW,49.5,11893,10931,1.070,219
RAW,49.7,11896,10932,1.070,219
RAW,49.8,11900,10935,1.090,223
RAW,50.0,11906,10949,1.085,222
RAW,50.2,11900,10936,1.085,222
RAW,50.3,11878,10923,1.070,219
RAW,50.5,11830,10889,1.070,219
RAW,50.7,11727,10845,1.075,220
RAW,50.8,11686,10823,1.090,223
RAW,51.0,11626,10803,1.090,223
RAW,51.2,11584,10783,1.090,223
RAW,51.4,11563,10772,1.095,224
RAW,51.5,11555,10767,1.075,220
RAW,51.7,11545,10772,1.070,219
RAW,51.9,11541,10767,1.080,221
RAW,52.1,11542,10773,1.075,220
RAW,52.3,11559,10777,1.075,220
RAW,52.5,11582,10786,1.080,221
RAW,52.7,11612,10791,1.075,220
RAW,52.9,11633,10811,1.075,220
RAW,53.1,11654,10819,1.080,221
RAW,53.2,11666,10819,1.095,224
RAW,53.4,11674,10822,1.100,225
RAW,53.6,11668,10822,1.095,224
RAW,53.7,11664,10826,1.080,221
RAW,53.9,11658,10820,1.080,221
RAW,54.1,11658,10826,1.085,222
RAW,54.3,11659,10826,1.080,221
RAW,54.4,11662,10828,1.100,225
RAW,54.6,11672,10830,1.100,225
RAW,54.8,11687,10834,1.100,225
RAW,54.9,11694,10837,1.085,222
RAW,55.1,11710,10845,1.085,222
RAW,55.3,11730,10851,1.090,223
RAW,55.4,11730,10847,1.100,225
RAW,55.6,11736,10861,1.105,226
RAW,55.8,11753,10860,1.109,227
RAW,55.9,11765,10861,1.090,223
RAW,56.1,11780,10875,1.090,223
RAW,56.3,11791,10880,1.090,223
RAW,56.4,11802,10883,1.105,226
RAW,56.6,11802,10890,1.109,227
RAW,56.8,11812,10882,1.109,227
RAW,56.9,11815,10890,1.095,224
RAW,57.1,11823,10896,1.095,224
RAW,57.3,11829,10894,1.100,225
RAW,57.4,11835,10903,1.105,226
RAW,57.6,11834,10899,1.109,227
RAW,57.8,11841,10905,1.109,227
RAW,58.0,11837,10899,1.109,227
RAW,58.1,11836,10910,1.095,224
RAW,58.3,11856,10908,1.095,224
RAW,58.5,11865,10912,1.095,224
RAW,58.6,11862,10916,1.109,227
RAW,58.8,11859,10913,1.114,228
RAW,59.0,11857,10907,1.114,228
RAW,59.1,11834,10901,1.100,225
RAW,59.3,11765,10863,1.100,225
RAW,59.5,11663,10808,1.100,225
RAW,59.6,11608,10791,1.114,228
RAW,59.8,11539,10757,1.119,229
RAW,59.9,11524,10751,1.105,226
RAW,60.1,11497,10735,1.100,225
RAW,60.3,11486,10736,1.105,226
RAW,60.4,11480,10729,1.114,228
RAW,60.6,11470,10735,1.114,228
RAW,60.8,11473,10729,1.119,229
RAW,61.0,11470,10726,1.119,229
RAW,61.2,11478,10728,1.119,229
RAW,61.4,11494,10740,1.119,229
RAW,61.6,11517,10751,1.119,229
RAW,61.7,11524,10753,1.105,226
RAW,62.0,11553,10770,1.119,229
RAW,62.2,11578,10773,1.119,229
RAW,62.3,11578,10775,1.105,226
RAW,62.5,11585,10777,1.105,226
RAW,62.7,11579,10772,1.105,226
RAW,62.8,11581,10774,1.114,228
RAW,63.0,11578,10777,1.119,229
RAW,63.2,11580,10780,1.124,230
RAW,63.3,11579,10788,1.105,226
RAW,63.5,11585,10790,1.105,226
RAW,63.6,11593,10796,1.119,229
RAW,63.8,11610,10792,1.124,230
RAW,64.0,11627,10801,1.124,230
RAW,64.1,11633,10798,1.114,228
RAW,64.3,11657,10807,1.109,227
RAW,64.4,11650,10813,1.124,230
RAW,64.6,11672,10822,1.124,230
RAW,64.7,11678,10818,1.109,227
RAW,64.9,11687,10832,1.109,227
RAW,65.1,11716,10838,1.114,228
RAW,65.2,11711,10839,1.124,230
RAW,65.4,11727,10848,1.124,230
RAW,65.5,11738,10849,1.114,228
RAW,65.7,11752,10857,1.109,227
RAW,65.9,11758,10855,1.114,228
RAW,66.0,11757,10862,1.129,231
RAW,66.2,11765,10863,1.124,230
RAW,66.3,11772,10864,1.109,227
RAW,66.5,11772,10868,1.114,228
RAW,66.6,11780,10868,1.129,231
RAW,66.8,11787,10872,1.129,231
RAW,67.0,11786,10870,1.129,231
RAW,67.1,11784,10875,1.114,228
RAW,67.3,11796,10872,1.114,228
RAW,67.4,11800,10877,1.129,231
RAW,67.6,11803,10881,1.124,230
RAW,67.8,11804,10881,1.129,231
RAW,67.9,11808,10882,1.114,228
RAW,68.1,11802,10871,1.109,227
RAW,68.2,11775,10862,1.129,231
RAW,68.4,11692,10822,1.129,231
RAW,68.5,11642,10788,1.114,228
RAW,68.7,11524,10746,1.114,228
RAW,68.9,11478,10722,1.114,228
RAW,69.0,11457,10718,1.129,231
RAW,69.2,11450,10701,1.129,231
RAW,69.3,11430,10695,1.119,229
RAW,69.5,11423,10692,1.114,228
RAW,69.7,11402,10691,1.109,227
RAW,69.8,11418,10689,1.119,229
RAW,70.0,11410,10695,1.119,229
RAW,70.2,11422,10692,1.124,230
RAW,70.4,11428,10704,1.119,229
RAW,70.6,11455,10709,1.114,228
RAW,70.8,11475,10726,1.114,228
RAW,70.9,11502,10733,1.109,227
RAW,71.1,11507,10741,1.109,227
RAW,71.3,11513,10747,1.105,226
RAW,71.4,11512,10743,1.109,227
RAW,71.6,11524,10748,1.109,227
RAW,71.8,11508,10731,1.114,228
RAW,71.9,11507,10741,1.105,226
RAW,72.1,11513,10738,1.109,227
RAW,72.3,11517,10741,1.105,226
RAW,72.4,11528,10740,1.119,229
RAW,72.6,11534,10753,1.124,230
RAW,72.7,11531,10747,1.109,227
RAW,72.9,11552,10753,1.109,227
RAW,73.1,11560,10766,1.109,227
RAW,73.2,11568,10759,1.124,230
RAW,73.4,11584,10771,1.124,230
RAW,73.5,11591,10774,1.119,229
RAW,73.7,11613,10785,1.114,228
RAW,73.9,11631,10798,1.114,228
RAW,74.0,11647,10792,1.124,230
RAW,74.2,11652,10807,1.129,231
RAW,74.3,11663,10804,1.114,228
RAW,74.5,11674,10817,1.114,228
RAW,74.6,11682,10815,1.129,231
RAW,74.8,11699,10818,1.129,231
RAW,75.0,11701,10827,1.129,231
RAW,75.1,11708,10832,1.119,229
RAW,75.3,11715,10825,1.114,228
RAW,75.4,11715,10840,1.129,231
RAW,75.6,11730,10841,1.129,231
RAW,75.7,11735,10840,1.114,228
RAW,75.9,11740,10833,1.119,229
RAW,76.0,11737,10841,1.134,232
RAW,76.2,11749,10849,1.129,231
RAW,76.4,11760,10846,1.129,231
RAW,76.5,11769,10852,1.119,229
RAW,76.7,11776,10858,1.119,229
RAW,76.8,11771,10858,1.129,231
RAW,77.0,11782,10854,1.129,231
RAW,77.1,11781,10853,1.119,229
RAW,77.3,11763,10850,1.119,229
RAW,77.4,11747,10851,1.134,232
RAW,77.6,11670,10799,1.129,231
RAW,77.8,11563,10746,1.134,232
RAW,77.9,11527,10720,1.119,229
RAW,78.1,11465,10704,1.124,230
RAW,78.2,11450,10693,1.129,231
RAW,78.4,11440,10689,1.134,232
RAW,78.5,11429,10689,1.119,229
RAW,78.7,11423,10694,1.119,229
RAW,78.8,11427,10696,1.129,231
RAW,79.0,11419,10688,1.134,232
RAW,79.2,11443,10697,1.134,232
RAW,79.3,11441,10698,1.119,229
RAW,79.5,11465,10709,1.114,228
RAW,79.6,11485,10714,1.129,231
RAW,79.8,11517,10721,1.129,231
RAW,79.9,11535,10740,1.119,229
RAW,80.1,11564,10740,1.119,229
RAW,80.2,11574,10754,1.124,230
RAW,80.4,11593,10771,1.129,231
RAW,80.6,11598,10762,1.129,231
RAW,80.7,11593,10767,1.119,229
RAW,80.9,11595,10767,1.119,229
RAW,81.0,11599,10763,1.119,229
RAW,81.2,11598,10762,1.124,230
RAW,81.4,11606,10767,1.124,230
RAW,81.5,11612,10768,1.119,229
RAW,81.7,11616,10773,1.114,228
RAW,81.8,11623,10776,1.124,230
RAW,82.0,11636,10782,1.129,231
RAW,82.1,11642,10782,1.119,229
RAW,82.3,11653,10780,1.114,228
RAW,82.4,11654,10792,1.129,231
RAW,82.6,11675,10804,1.124,230
RAW,82.8,11681,10798,1.134,232
RAW,82.9,11696,10804,1.114,228
RAW,83.1,11708,10810,1.119,229
RAW,83.2,11723,10818,1.124,230
RAW,83.4,11722,10827,1.129,231
RAW,83.5,11730,10832,1.119,229
RAW,83.7,11734,10829,1.124,230
RAW,83.9,11752,10837,1.114,228
RAW,84.0,11763,10833,1.129,231
RAW,84.2,11759,10845,1.129,231
RAW,84.4,11780,10843,1.134,232
RAW,84.5,11782,10844,1.119,229
RAW,84.7,11778,10843,1.119,229
RAW,84.8,11779,10855,1.129,231
RAW,85.0,11789,10851,1.129,231
RAW,85.2,11792,10854,1.129,231
RAW,85.3,11788,10851,1.119,229
RAW,85.5,11799,10863,1.114,228
RAW,85.6,11807,10857,1.129,231
RAW,85.8,11804,10868,1.129,231
RAW,85.9,11812,10863,1.124,230
RAW,86.1,11823,10858,1.119,229
RAW,86.3,11822,10865,1.119,229
RAW,86.4,11834,10862,1.129,231
RAW,86.6,11813,10864,1.129,231
RAW,86.7,11796,10856,1.119,229
RAW,86.9,11726,10803,1.119,229
RAW,87.0,11670,10786,1.129,231
RAW,87.2,11567,10730,1.129,231
RAW,87.4,11494,10706,1.129,231
RAW,87.5,11466,10698,1.119,229
RAW,87.7,11448,10689,1.119,229
RAW,87.8,11443,10680,1.129,231
RAW,88.0,11437,10680,1.134,232
RAW,88.1,11446,10683,1.119,229
RAW,88.3,11446,10691,1.119,229
RAW,88.5,11455,10688,1.114,228
RAW,88.7,11471,10697,1.119,229
RAW,88.9,11503,10712,1.119,229
RAW,89.1,11537,10731,1.119,229
RAW,89.2,11550,10735,1.129,231
RAW,89.4,11577,10755,1.124,230
RAW,89.6,11601,10761,1.129,231
RAW,89.7,11614,10760,1.119,229
RAW,89.9,11609,10763,1.119,229
RAW,90.0,11616,10767,1.119,229
RAW,90.2,11617,10769,1.129,231
RAW,90.4,11623,10767,1.124,230
RAW,90.5,11623,10768,1.119,229
RAW,90.7,11630,10773,1.114,228
RAW,90.8,11626,10772,1.129,231
RAW,91.0,11638,10766,1.129,231
RAW,91.1,11647,10773,1.124,230
RAW,91.3,11649,10774,1.119,229
RAW,91.4,11653,10781,1.129,231
RAW,91.6,11667,10786,1.124,230
RAW,91.8,11678,10788,1.129,231
RAW,91.9,11684,10803,1.119,229
RAW,92.1,11709,10800,1.119,229
RAW,92.2,11718,10803,1.129,231
RAW,92.4,11729,10818,1.129,231
RAW,92.5,11736,10822,1.114,228
RAW,92.7,11732,10822,1.119,229
RAW,92.9,11748,10831,1.114,228
RAW,93.0,11749,10829,1.129,231
RAW,93.2,11764,10837,1.129,231
RAW,93.3,11764,10839,1.119,229
RAW,93.5,11774,10838,1.119,229
RAW,93.7,11777,10838,1.119,229
RAW,93.8,11787,10839,1.124,230
RAW,94.0,11789,10847,1.129,231
RAW,94.1,11787,10848,1.119,229
RAW,94.3,11802,10850,1.119,229
RAW,94.4,11808,10847,1.124,230
RAW,94.6,11809,10856,1.129,231
RAW,94.8,11812,10862,1.129,231
RAW,94.9,11817,10854,1.124,230
RAW,95.1,11822,10858,1.119,229
RAW,95.2,11830,10860,1.129,231
RAW,95.4,11844,10860,1.129,231
RAW,95.5,11831,10861,1.119,229
RAW,95.7,11830,10859,1.114,228
RAW,95.9,11808,10839,1.114,228
RAW,96.0,11780,10830,1.129,231
RAW,96.2,11695,10787,1.124,230
RAW,96.3,11657,10768,1.119,229
RAW,96.5,11591,10736,1.119,229
RAW,96.6,11562,10727,1.129,231
RAW,96.8,11539,10709,1.124,230
RAW,96.9,11526,10710,1.114,228
RAW,97.1,11520,10714,1.119,229
RAW,97.3,11528,10719,1.114,228
RAW,97.4,11538,10717,1.124,230
RAW,97.6,11555,10720,1.124,230
RAW,97.7,11572,10727,1.114,228
RAW,97.9,11595,10744,1.114,228
RAW,98.0,11606,10744,1.124,230
RAW,98.2,11628,10768,1.124,230
RAW,98.4,11659,10778,1.124,230
RAW,98.5,11669,10782,1.114,228
RAW,98.7,11687,10791,1.114,228
RAW,98.9,11687,10787,1.119,229
RAW,99.0,11696,10793,1.114,228
RAW,99.2,11696,10794,1.114,228
RAW,99.3,11701,10793,1.119,229
RAW,99.5,11691,10790,1.114,228
RAW,99.6,11696,10786,1.105,226
RAW,99.8,11692,10789,1.100,225
RAW,100.0,11701,10789,1.100,225
RAW,100.1,11699,10801,1.105,226
RAW,100.3,11706,10798,1.105,226
RAW,100.4,11713,10798,1.095,224
RAW,100.6,11715,10799,1.100,225
RAW,100.7,11729,10801,1.109,227
RAW,100.8,11727,10798,1.095,224
RAW,101.0,11737,10813,1.095,224
RAW,101.1,11739,10810,1.105,226
RAW,101.3,11754,10817,1.105,226
RAW,101.4,11767,10810,1.095,224
RAW,101.6,11768,10821,1.100,225
RAW,101.7,11771,10822,1.105,226
RAW,101.9,11774,10836,1.100,225
RAW,102.0,11784,10833,1.100,225
RAW,102.1,11790,10833,1.105,226
RAW,102.3,11788,10843,1.105,226
RAW,102.4,11795,10834,1.100,225
RAW,102.6,11806,10840,1.100,225
RAW,102.7,11803,10839,1.105,226
RAW,102.9,11812,10843,1.100,225
RAW,103.0,11815,10841,1.095,224
RAW,103.2,11810,10847,1.105,226
RAW,103.3,11820,10847,1.100,225
RAW,103.4,11827,10849,1.100,225
RAW,103.6,11833,10855,1.095,224
RAW,103.7,11828,10848,1.105,226
RAW,103.9,11844,10846,1.100,225
RAW,104.0,11830,10851,1.100,225
RAW,104.2,11845,10864,1.100,225
RAW,104.3,11845,10855,1.105,226
RAW,104.5,11818,10843,1.105,226
RAW,104.6,11797,10828,1.095,224
RAW,104.8,11725,10789,1.100,225
RAW,104.9,11680,10779,1.105,226
RAW,105.0,11639,10751,1.100,225
RAW,105.2,11568,10718,1.100,225
RAW,105.3,11548,10713,1.105,226
RAW,105.5,11520,10700,1.105,226
RAW,105.6,11519,10704,1.095,224
RAW,105.8,11517,10698,1.095,224
RAW,105.9,11522,10698,1.105,226
RAW,106.1,11531,10706,1.100,225
RAW,106.2,11537,10702,1.100,225
RAW,106.3,11547,10707,1.105,226
RAW,106.5,11577,10719,1.105,226
RAW,106.6,11583,10729,1.100,225
RAW,106.8,11619,10737,1.100,225
RAW,106.9,11642,10755,1.105,226
RAW,107.1,11662,10762,1.100,225
RAW,107.2,11674,10761,1.095,224
RAW,107.4,11680,10770,1.100,225
RAW,107.5,11680,10767,1.105,226
RAW,107.6,11688,10766,1.100,225
RAW,107.8,11685,10773,1.100,225
RAW,107.9,11681,10776,1.105,226
RAW,108.1,11668,10769,1.105,226
RAW,108.2,11680,10773,1.095,224
RAW,108.4,11676,10773,1.100,225
RAW,108.5,11677,10769,1.105,226
RAW,108.6,11681,10770,1.100,225
RAW,108.8,11686,10775,1.095,224
RAW,108.9,11690,10779,1.105,226
RAW,109.1,11702,10780,1.105,226
RAW,109.2,11704,10784,1.095,224
RAW,109.4,11717,10792,1.095,224
RAW,109.5,11728,10800,1.105,226
RAW,109.7,11736,10794,1.109,227
RAW,109.9,11738,10802,1.105,226
RAW,110.1,11758,10811,1.105,226
RAW,110.3,11767,10813,1.105,226
RAW,110.5,11768,10811,1.105,226
RAW,110.7,11784,10818,1.109,227
RAW,110.9,11782,10819,1.105,226
RAW,111.0,11794,10827,1.095,224
RAW,111.2,11788,10826,1.095,224
RAW,111.4,11806,10831,1.095,224
RAW,111.6,11816,10825,1.090,223
RAW,111.8,11812,10827,1.095,224
RAW,112.0,11819,10840,1.095,224
RAW,112.2,11829,10841,1.095,224
RAW,112.4,11835,10838,1.100,225
RAW,112.6,11845,10844,1.095,224
RAW,112.8,11850,10843,1.095,224
RAW,113.0,11839,10843,1.095,224
RAW,113.2,11813,10827,1.095,224
RAW,113.4,11761,10794,1.095,224
RAW,113.5,11704,10777,1.109,227
RAW,113.7,11620,10724,1.105,226
RAW,113.9,11539,10693,1.109,227
RAW,114.1,11498,10680,1.105,226
RAW,114.3,11475,10672,1.105,226
RAW,114.6,11450,10653,1.095,224
RAW,114.8,11449,10653,1.100,225
RAW,115.0,11462,10661,1.095,224
RAW,115.2,11479,10677,1.095,224
RAW,115.4,11499,10677,1.095,224
RAW,115.6,11537,10700,1.095,224
RAW,115.7,11562,10708,1.109,227
RAW,115.9,11581,10722,1.109,227
RAW,116.0,11594,10716,1.100,225
RAW,116.2,11604,10726,1.100,225
RAW,116.3,11607,10733,1.105,226
RAW,116.5,11614,10734,1.105,226
RAW,116.6,11614,10730,1.100,225
RAW,116.8,11610,10734,1.095,224
RAW,116.9,11617,10729,1.109,227
RAW,117.1,11612,10730,1.105,226
RAW,117.2,11615,10737,1.095,224
RAW,117.3,11616,10738,1.105,226
RAW,117.5,11618,10744,1.105,226
RAW,117.6,11628,10745,1.100,225
RAW,117.8,11636,10745,1.100,225
RAW,117.9,11648,10746,1.105,226
RAW,118.1,11650,10752,1.105,226
RAW,118.2,11663,10756,1.095,224
RAW,118.3,11665,10754,1.105,226
RAW,118.5,11685,10762,1.109,227
RAW,118.6,11685,10768,1.095,224
RAW,118.8,11697,10772,1.095,224
RAW,118.9,11707,10781,1.109,227
RAW,119.1,11712,10773,1.105,226
RAW,119.2,11727,10782,1.095,224
RAW,119.4,11733,10789,1.095,224
RAW,119.5,11732,10788,1.109,227
RAW,119.7,11736,10788,1.105,226
RAW,119.8,11741,10790,1.095,224
RAW,120.0,11752,10790,1.100,225
RAW,120.1,11759,10802,1.109,227
RAW,120.2,11760,10793,1.090,223
RAW,120.4,11763,10795,1.095,224
RAW,120.5,11772,10800,1.109,227
RAW,120.7,11765,10797,1.109,227
RAW,120.8,11775,10802,1.095,224
RAW,121.0,11774,10800,1.095,224
RAW,121.1,11787,10804,1.109,227
RAW,121.3,11785,10814,1.105,226
RAW,121.4,11789,10815,1.095,224
RAW,121.6,11794,10817,1.095,224
RAW,121.7,11798,10812,1.105,226
RAW,121.9,11782,10806,1.105,226
RAW,122.0,11760,10786,1.095,224
RAW,122.1,11743,10781,1.109,227
RAW,122.3,11649,10741,1.105,226
RAW,122.4,11599,10711,1.095,224
RAW,122.6,11515,10670,1.100,225
RAW,122.7,11482,10656,1.105,226
RAW,122.9,11453,10642,1.105,226
RAW,123.0,11434,10632,1.095,224
RAW,123.2,11416,10630,1.100,225
RAW,123.3,11423,10633,1.109,227
RAW,123.4,11409,10626,1.095,224
RAW,123.6,11414,10626,1.100,225
RAW,123.7,11413,10621,1.105,226
RAW,123.9,11419,10633,1.109,227
RAW,124.0,11424,10641,1.090,223
RAW,124.2,11448,10648,1.095,224
RAW,124.3,11465,10653,1.109,227
RAW,124.5,11499,10667,1.105,226
RAW,124.6,11523,10676,1.095,224
RAW,124.8,11546,10695,1.100,225
RAW,124.9,11556,10693,1.105,226
RAW,125.0,11563,10693,1.095,224
RAW,125.2,11561,10707,1.095,224
RAW,125.3,11569,10704,1.105,226
RAW,125.5,11570,10706,1.109,227
RAW,125.6,11573,10709,1.095,224
RAW,125.8,11577,10701,1.095,224
RAW,125.9,11568,10703,1.105,226
RAW,126.1,11579,10714,1.109,227
RAW,126.2,11570,10713,1.095,224
RAW,126.4,11589,10706,1.095,224
RAW,126.5,11597,10714,1.109,227
RAW,126.6,11599,10720,1.090,223
RAW,126.8,11615,10724,1.095,224
RAW,126.9,11630,10725,1.105,226
RAW,127.1,11631,10735,1.109,227
RAW,127.2,11641,10733,1.095,224
RAW,127.4,11651,10739,1.095,224
RAW,127.5,11656,10743,1.105,226
RAW,127.6,11668,10744,1.090,223
RAW,127.8,11674,10749,1.090,223
RAW,127.9,11678,10756,1.105,226
RAW,128.1,11693,10762,1.105,226
RAW,128.2,11696,10756,1.095,224
RAW,128.4,11713,10768,1.095,224
RAW,128.5,11710,10773,1.105,226
RAW,128.6,11706,10769,1.095,224
RAW,128.8,11717,10772,1.095,224
RAW,128.9,11721,10772,1.105,226
RAW,129.1,11730,10772,1.109,227
RAW,129.2,11731,10784,1.090,223
RAW,129.4,11730,10773,1.095,224
RAW,129.5,11732,10778,1.105,226
RAW,129.7,11746,10780,1.105,226
RAW,129.8,11739,10782,1.095,224
RAW,129.9,11753,10783,1.109,227
RAW,130.1,11750,10792,1.105,226
RAW,130.2,11755,10781,1.095,224
RAW,130.4,11763,10789,1.095,224
RAW,130.5,11770,10792,1.109,227
RAW,130.7,11774,10801,1.105,226
RAW,130.8,11777,10794,1.090,223
RAW,131.0,11763,10783,1.095,224
RAW,131.1,11741,10776,1.105,226
RAW,131.2,11721,10762,1.095,224
RAW,131.4,11637,10717,1.095,224
RAW,131.5,11592,10694,1.109,227
RAW,131.7,11500,10644,1.109,227
RAW,131.8,11455,10637,1.095,224
RAW,132.0,11403,10617,1.095,224
RAW,132.1,11392,10614,1.109,227
RAW,132.2,11391,10600,1.100,225
RAW,132.4,11379,10605,1.095,224
RAW,132.5,11375,10600,1.109,227
RAW,132.7,11375,10593,1.105,226
RAW,132.8,11377,10598,1.095,224
RAW,133.0,11375,10603,1.095,224
RAW,133.1,11383,10607,1.109,227
RAW,133.3,11409,10619,1.105,226
RAW,133.5,11434,10626,1.109,227
RAW,133.6,11447,10640,1.095,224
RAW,133.8,11488,10653,1.095,224
RAW,134.0,11506,10671,1.095,224
RAW,134.1,11520,10663,1.109,227
RAW,134.2,11523,10669,1.095,224
RAW,134.4,11520,10668,1.100,225
RAW,134.5,11526,10664,1.109,227
RAW,134.7,11529,10675,1.109,227
RAW,134.8,11528,10670,1.090,223
RAW,135.0,11536,10676,1.095,224
RAW,135.1,11535,10669,1.109,227
RAW,135.2,11535,10667,1.095,224
RAW,135.4,11544,10666,1.095,224
RAW,135.5,11543,10684,1.114,228
RAW,135.7,11553,10686,1.114,228
RAW,135.8,11561,10693,1.100,225
RAW,136.0,11575,10696,1.100,225
RAW,136.1,11587,10702,1.114,228
RAW,136.3,11607,10703,1.109,227
RAW,136.4,11601,10708,1.095,224
RAW,136.5,11611,10709,1.109,227
RAW,136.7,11632,10720,1.114,228
RAW,136.8,11629,10725,1.090,223
RAW,137.0,11641,10732,1.100,225
RAW,137.1,11658,10733,1.114,228
RAW,137.3,11665,10742,1.109,227
RAW,137.4,11666,10743,1.095,224
RAW,137.5,11676,10747,1.114,228
RAW,137.7,11683,10744,1.105,226
RAW,137.8,11686,10747,1.095,224
RAW,138.0,11699,10748,1.095,224
RAW,138.1,11699,10748,1.109,227
RAW,138.3,11710,10752,1.109,227
RAW,138.4,11704,10757,1.095,224
RAW,138.6,11716,10755,1.100,225
RAW,138.7,11721,10760,1.109,227
RAW,138.9,11725,10762,1.109,227
RAW,139.0,11721,10759,1.095,224
RAW,139.1,11727,10764,1.109,227
RAW,139.3,11726,10766,1.109,227
RAW,139.4,11732,10767,1.090,223
RAW,139.6,11741,10772,1.100,225
RAW,139.7,11744,10776,1.109,227
RAW,139.9,11752,10781,1.114,228
RAW,140.0,11749,10770,1.090,223
RAW,140.2,11743,10765,1.095,224
RAW,140.3,11720,10754,1.105,226
RAW,140.4,11695,10737,1.090,223
RAW,140.6,11601,10703,1.090,223
RAW,140.7,11550,10667,1.114,228
RAW,140.9,11464,10633,1.109,227
RAW,141.0,11431,10623,1.095,224
RAW,141.2,11405,10599,1.095,224
RAW,141.3,11382,10592,1.109,227
RAW,141.4,11379,10593,1.095,224
RAW,141.6,11368,10583,1.100,225
RAW,141.7,11365,10579,1.109,227
RAW,141.9,11363,10581,1.105,226
RAW,142.0,11372,10590,1.090,223
RAW,142.2,11373,10592,1.095,224
RAW,142.3,11381,10598,1.109,227
RAW,142.4,11396,10602,1.090,223
RAW,142.6,11418,10616,1.090,223
RAW,142.8,11451,10630,1.090,223
RAW,142.9,11476,10638,1.109,227
RAW,143.1,11501,10653,1.109,227
RAW,143.2,11509,10664,1.090,223
RAW,143.5,11532,10665,1.105,226
RAW,143.6,11523,10655,1.085,222
RAW,143.8,11525,10660,1.085,222
RAW,143.9,11526,10662,1.100,225
RAW,144.1,11533,10662,1.105,226
RAW,144.2,11535,10679,1.085,222
RAW,144.4,11542,10667,1.090,223
RAW,144.5,11553,10673,1.100,225
RAW,144.7,11557,10673,1.105,226
RAW,144.8,11567,10679,1.080,221
RAW,144.9,11565,10685,1.100,225
RAW,145.1,11578,10685,1.100,225
RAW,145.2,11583,10686,1.085,222
RAW,145.4,11599,10696,1.080,221
RAW,145.5,11608,10699,1.100,225
RAW,145.6,11612,10702,1.085,222
RAW,145.8,11622,10713,1.085,222
RAW,145.9,11630,10715,1.100,225
RAW,146.1,11642,10720,1.100,225
RAW,146.2,11655,10724,1.075,220
RAW,146.4,11657,10730,1.085,222
RAW,146.5,11664,10731,1.095,224
RAW,146.7,11666,10737,1.100,225
RAW,146.8,11685,10734,1.085,222
RAW,147.0,11689,10735,1.080,221
RAW,147.1,11696,10743,1.095,224
RAW,147.2,11693,10735,1.075,220
RAW,147.4,11702,10745,1.080,221
RAW,147.5,11696,10742,1.095,224
RAW,147.7,11702,10745,1.090,223
RAW,147.8,11713,10752,1.080,221
RAW,148.0,11714,10756,1.085,222
RAW,148.1,11718,10754,1.100,225
RAW,148.3,11717,10759,1.095,224
RAW,148.4,11724,10759,1.075,220
RAW,148.5,11730,10764,1.100,225
RAW,148.7,11729,10759,1.095,224
RAW,148.8,11738,10761,1.075,220
RAW,149.0,11743,10766,1.075,220
RAW,149.1,11742,10762,1.095,224
RAW,149.3,11734,10761,1.090,223
RAW,149.4,11727,10754,1.075,220
RAW,149.6,11662,10712,1.075,220
RAW,149.7,11623,10695,1.095,224
RAW,149.8,11572,10668,1.075,220
RAW,150.0,11470,10623,1.075,220
RAW,150.1,11447,10610,1.095,224
RAW,150.3,11402,10594,1.090,223
RAW,150.4,11383,10590,1.075,220
RAW,150.6,11373,10580,1.075,220
RAW,150.7,11364,10582,1.090,223
RAW,150.9,11359,10582,1.095,224
RAW,151.0,11370,10583,1.070,219
RAW,151.2,11369,10583,1.075,220
RAW,151.3,11383,10592,1.095,224
RAW,151.4,11388,10599,1.070,219
RAW,151.6,11413,10604,1.070,219
RAW,151.8,11439,10618,1.070,219
RAW,151.9,11460,10635,1.095,224
RAW,152.1,11488,10642,1.090,223
RAW,152.2,11495,10644,1.070,219
RAW,152.4,11525,10659,1.070,219
RAW,152.6,11531,10665,1.070,219
RAW,152.7,11526,10654,1.090,223
RAW,152.8,11533,10651,1.065,218
RAW,153.0,11529,10658,1.070,219
RAW,153.1,11531,10663,1.090,223
RAW,153.3,11532,10655,1.085,222
RAW,153.4,11541,10659,1.065,218
RAW,153.6,11542,10660,1.065,218
RAW,153.7,11539,10669,1.090,223
RAW,153.9,11551,10664,1.085,222
RAW,154.0,11562,10669,1.070,219
RAW,154.1,11575,10675,1.085,222
RAW,154.3,11577,10682,1.085,222
RAW,154.4,11581,10691,1.065,218
RAW,154.6,11594,10688,1.065,218
RAW,154.7,11614,10692,1.085,222
RAW,154.9,11621,10698,1.080,221
RAW,155.0,11626,10708,1.065,218
RAW,155.2,11643,10710,1.065,218
RAW,155.3,11646,10716,1.080,221
RAW,155.4,11649,10713,1.061,217
RAW,155.6,11651,10723,1.061,217
RAW,155.7,11651,10716,1.080,221
RAW,155.9,11670,10720,1.075,220
RAW,156.0,11675,10726,1.061,217
RAW,156.2,11679,10727,1.061,217
RAW,156.3,11686,10732,1.080,221
RAW,156.5,11699,10735,1.075,220
RAW,156.6,11698,10740,1.056,216
RAW,156.7,11697,10732,1.075,220
RAW,156.9,11705,10740,1.080,221
RAW,157.0,11703,10747,1.051,215
RAW,157.2,11711,10740,1.056,216
RAW,157.3,11716,10742,1.075,220
RAW,157.4,11716,10739,1.051,215
RAW,157.6,11719,10751,1.051,215
RAW,157.7,11723,10753,1.070,219
RAW,157.9,11735,10748,1.065,218
RAW,158.0,11738,10753,1.051,215
RAW,158.2,11710,10740,1.046,214
RAW,158.3,11691,10728,1.065,218
RAW,158.5,11615,10682,1.065,218
RAW,158.6,11576,10671,1.046,214
RAW,158.7,11525,10643,1.065,218
RAW,158.9,11443,10610,1.061,217
RAW,159.0,11427,10606,1.041,213
RAW,159.2,11393,10590,1.041,213
RAW,159.3,11390,10587,1.061,217
RAW,159.5,11386,10584,1.061,217
RAW,159.6,11387,10581,1.036,212
RAW,159.8,11376,10580,1.036,212
RAW,159.9,11383,10580,1.056,216
RAW,160.0,11389,10589,1.036,212
RAW,160.2,11405,10593,1.031,211
RAW,160.3,11413,10604,1.056,216
RAW,160.5,11456,10621,1.056,216
RAW,160.6,11474,10629,1.036,212
RAW,160.8,11505,10630,1.036,212
RAW,160.9,11511,10645,1.056,216
RAW,161.0,11523,10650,1.031,211
RAW,161.2,11536,10654,1.036,212
RAW,161.3,11534,10661,1.051,215
RAW,161.5,11542,10660,1.051,215
RAW,161.6,11545,10661,1.026,210
RAW,161.8,11543,10659,1.026,210
RAW,161.9,11544,10662,1.046,214
RAW,162.0,11543,10659,1.026,210
RAW,162.2,11549,10656,1.026,210
RAW,162.3,11559,10664,1.051,215
RAW,162.5,11566,10665,1.046,214
RAW,162.6,11565,10665,1.022,209
RAW,162.8,11579,10675,1.026,210
RAW,162.9,11585,10679,1.046,214
RAW,163.1,11598,10681,1.041,213
RAW,163.2,11604,10692,1.026,210
RAW,163.3,11619,10687,1.046,214
RAW,163.5,11625,10691,1.041,213
RAW,163.6,11635,10697,1.022,209
RAW,163.8,11639,10702,1.026,210
RAW,163.9,11652,10702,1.041,213
RAW,164.1,11660,10710,1.041,213
RAW,164.2,11657,10710,1.017,208
RAW,164.4,11668,10723,1.022,209
RAW,164.5,11674,10715,1.046,214
RAW,164.7,11687,10729,1.041,213
RAW,164.8,11688,10725,1.017,208
RAW,164.9,11695,10721,1.041,213
RAW,165.1,11691,10726,1.036,212
RAW,165.2,11698,10725,1.017,208
RAW,165.4,11703,10729,1.017,208
RAW,165.5,11703,10733,1.041,213
RAW,165.7,11718,10736,1.036,212
RAW,165.8,11715,10730,1.017,208
RAW,166.0,11712,10744,1.022,209
RAW,166.1,11720,10739,1.036,212
RAW,166.2,11721,10745,1.012,207
RAW,166.4,11724,10739,1.017,208
RAW,166.5,11732,10744,1.036,212
RAW,166.7,11698,10720,1.031,211
RAW,166.8,11680,10713,1.012,207
RAW,167.0,11596,10665,1.017,208
RAW,167.1,11544,10651,1.031,211
RAW,167.2,11501,10616,1.012,207
RAW,167.4,11433,10586,1.017,208
RAW,167.5,11411,10581,1.036,212
RAW,167.7,11385,10570,1.036,212
RAW,167.8,11372,10564,1.012,207
RAW,168.0,11362,10554,1.012,207
RAW,168.1,11359,10565,1.031,211
RAW,168.3,11366,10564,1.026,210
RAW,168.4,11369,10555,1.012,207
RAW,168.5,11371,10561,1.031,211
RAW,168.7,11378,10567,1.031,211
RAW,168.9,11408,10584,1.031,211
RAW,169.0,11427,10588,1.007,206
RAW,169.2,11457,10606,1.007,206
RAW,169.3,11472,10613,1.031,211
RAW,169.5,11495,10630,1.031,211
RAW,169.6,11507,10629,1.007,206
RAW,169.8,11523,10640,1.007,206
RAW,169.9,11522,10638,1.031,211
RAW,170.1,11517,10636,1.026,210
RAW,170.2,11525,10633,1.007,206
RAW,170.4,11525,10632,1.012,207
RAW,170.5,11525,10634,1.026,210
RAW,170.6,11526,10640,1.007,206
RAW,170.8,11538,10649,1.007,206
RAW,170.9,11536,10646,1.026,210
RAW,171.1,11560,10660,1.026,210
RAW,171.2,11554,10651,1.012,207
RAW,171.4,11562,10657,1.012,207
RAW,171.5,11570,10663,1.026,210
RAW,171.6,11577,10661,1.002,205
RAW,171.8,11590,10662,1.002,205
RAW,171.9,11596,10668,1.026,210
RAW,172.1,11619,10680,1.026,210
RAW,172.2,11616,10684,1.002,205
RAW,172.3,11621,10680,1.022,209
RAW,172.5,11638,10692,1.022,209
RAW,172.6,11642,10688,0.997,204
RAW,172.8,11652,10696,1.002,205
RAW,172.9,11652,10696,1.026,210
RAW,173.1,11670,10707,1.022,209
RAW,173.2,11663,10706,1.002,205
RAW,173.4,11677,10706,1.007,206
RAW,173.5,11676,10709,1.022,209
RAW,173.6,11675,10706,0.997,204
RAW,173.8,11687,10707,1.002,205
RAW,173.9,11688,10712,1.022,209
RAW,174.1,11695,10715,1.017,208
RAW,174.2,11696,10716,1.002,205
RAW,174.4,11703,10719,1.002,205
RAW,174.5,11707,10720,1.026,210
RAW,174.7,11705,10721,1.022,209
RAW,174.8,11717,10725,1.002,205
RAW,174.9,11716,10723,1.017,208
RAW,175.1,11725,10737,1.022,209
RAW,175.2,11725,10735,0.997,204
RAW,175.4,11710,10721,1.002,205
RAW,175.5,11695,10715,1.022,209
RAW,175.7,11625,10670,1.017,208
RAW,175.8,11578,10656,0.997,204
RAW,176.0,11485,10605,1.002,205
RAW,176.1,11451,10586,1.017,208
RAW,176.2,11420,10579,1.002,205
RAW,176.4,11390,10562,1.002,205
RAW,176.5,11374,10554,1.022,209
RAW,176.7,11368,10545,1.017,208
RAW,176.8,11369,10548,1.002,205
RAW,177.0,11362,10549,1.002,205
RAW,177.1,11356,10550,1.022,209
RAW,177.2,11365,10551,0.997,204
RAW,177.4,11379,10552,1.002,205
RAW,177.5,11386,10565,1.022,209
RAW,177.7,11412,10569,1.022,209
RAW,177.8,11418,10583,1.002,205
RAW,178.0,11462,10600,1.002,205
RAW,178.2,11494,10608,1.002,205
RAW,178.3,11503,10612,1.022,209
RAW,178.6,11516,10621,1.002,205
RAW,178.7,11515,10624,1.026,210
RAW,178.9,11525,10621,1.026,210
RAW,179.0,11523,10631,1.002,205
RAW,179.2,11525,10629,1.007,206
RAW,179.3,11527,10629,1.026,210
RAW,179.5,11529,10625,1.022,209
RAW,179.6,11532,10630,1.002,205
RAW,179.8,11539,10639,1.002,205
RAW,179.9,11542,10638,1.031,211
RAW,180.0,11548,10643,1.002,205
RAW,180.2,11560,10647,1.007,206
RAW,180.3,11573,10651,1.026,210
RAW,180.5,11580,10661,1.026,210
RAW,180.6,11588,10659,1.007,206
RAW,180.8,11595,10667,1.012,207
RAW,180.9,11616,10664,1.026,210
RAW,181.0,11612,10671,1.002,205
RAW,181.2,11630,10679,1.012,207
RAW,181.3,11637,10686,1.031,211
RAW,181.5,11637,10686,1.036,212
RAW,181.6,11650,10689,1.012,207
RAW,181.8,11660,10699,1.012,207
RAW,181.9,11658,10695,1.031,211
RAW,182.1,11663,10696,1.031,211
RAW,182.2,11670,10700,1.012,207
RAW,182.3,11675,10702,1.031,211
RAW,182.5,11676,10701,1.036,212
RAW,182.6,11676,10704,1.012,207
RAW,182.8,11682,10712,1.012,207
RAW,182.9,11679,10702,1.036,212
RAW,183.1,11691,10713,1.031,211
RAW,183.2,11698,10717,1.012,207
RAW,183.4,11700,10716,1.017,208
RAW,183.5,11705,10707,1.031,211
RAW,183.6,11707,10718,1.017,208
RAW,183.8,11713,10719,1.012,207
RAW,183.9,11714,10711,1.036,212
RAW,184.1,11727,10711,1.036,212
RAW,184.2,11721,10719,1.012,207
RAW,184.4,11707,10713,1.017,208
RAW,184.5,11696,10703,1.036,212
RAW,184.7,11619,10666,1.036,212
RAW,184.8,11574,10634,1.017,208
RAW,184.9,11517,10607,1.036,212
RAW,185.1,11427,10567,1.036,212
RAW,185.2,11402,10559,1.012,207
RAW,185.4,11364,10546,1.022,209
RAW,185.5,11358,10540,1.036,212
RAW,185.7,11341,10531,1.041,213
RAW,185.8,11340,10532,1.017,208
RAW,185.9,11345,10538,1.041,213
RAW,186.1,11341,10537,1.041,213
RAW,186.2,11345,10531,1.017,208
RAW,186.4,11353,10536,1.022,209
RAW,186.6,11360,10547,1.022,209
RAW,186.7,11374,10558,1.046,214
RAW,186.9,11405,10563,1.051,215
RAW,187.0,11424,10570,1.017,208
RAW,187.2,11454,10585,1.022,209
RAW,187.4,11472,10596,1.022,209
RAW,187.5,11479,10595,1.051,215
RAW,187.7,11488,10604,1.046,214
RAW,187.8,11492,10601,1.026,210
RAW,188.0,11493,10598,1.026,210
RAW,188.1,11490,10602,1.046,214
RAW,188.2,11483,10602,1.022,209
RAW,188.4,11482,10607,1.026,210
RAW,188.5,11495,10602,1.051,215
RAW,188.7,11498,10603,1.046,214
RAW,188.8,11503,10609,1.026,210
RAW,189.0,11513,10611,1.031,211
RAW,189.1,11506,10610,1.051,215
RAW,189.3,11518,10614,1.051,215
RAW,189.4,11526,10620,1.022,209
RAW,189.5,11542,10622,1.051,215
RAW,189.7,11556,10635,1.051,215
RAW,189.8,11561,10632,1.026,210
RAW,190.0,11579,10641,1.026,210
RAW,190.1,11589,10644,1.051,215
RAW,190.2,11594,10655,1.026,210
RAW,190.4,11610,10660,1.031,211
RAW,190.5,11611,10661,1.056,216
RAW,190.7,11625,10664,1.051,215
RAW,190.8,11631,10665,1.026,210
RAW,191.0,11643,10671,1.031,211
RAW,191.1,11643,10676,1.056,216
RAW,191.2,11640,10673,1.031,211
RAW,191.4,11648,10681,1.031,211
RAW,191.5,11654,10685,1.056,216
RAW,191.7,11658,10688,1.051,215
RAW,191.8,11658,10678,1.031,211
RAW,192.0,11670,10685,1.031,211
RAW,192.1,11671,10693,1.061,217
RAW,192.3,11682,10687,1.056,216
RAW,192.4,11684,10691,1.031,211
RAW,192.5,11686,10695,1.056,216
RAW,192.7,11697,10695,1.056,216
RAW,192.8,11691,10691,1.031,211
RAW,193.0,11682,10692,1.036,212
RAW,193.1,11668,10678,1.061,217
RAW,193.3,11593,10637,1.056,216
RAW,193.4,11550,10609,1.031,211
RAW,193.5,11491,10581,1.061,217
RAW,193.7,11402,10549,1.056,216
RAW,193.8,11371,10542,1.031,211
RAW,194.0,11346,10520,1.036,212
RAW,194.1,11337,10517,1.061,217
RAW,194.3,11333,10512,1.056,216
RAW,194.4,11335,10515,1.036,212
RAW,194.6,11340,10517,1.041,213
RAW,194.7,11340,10513,1.065,218
RAW,194.8,11347,10522,1.036,212
RAW,195.0,11354,10528,1.036,212
RAW,195.1,11357,10535,1.061,217
RAW,195.3,11385,10542,1.065,218
RAW,195.4,11407,10549,1.036,212
RAW,195.6,11440,10561,1.041,213
RAW,195.7,11446,10574,1.061,217
RAW,195.8,11460,10583,1.036,212
RAW,196.0,11488,10589,1.036,212
RAW,196.1,11494,10589,1.061,217
RAW,196.3,11491,10595,1.061,217
RAW,196.4,11496,10590,1.041,213
RAW,196.6,11490,10596,1.041,213
RAW,196.7,11496,10594,1.065,218
RAW,196.9,11484,10595,1.065,218
RAW,197.0,11492,10597,1.041,213
RAW,197.1,11495,10600,1.065,218
RAW,197.3,11506,10600,1.061,217
RAW,197.4,11510,10598,1.036,212
RAW,197.6,11520,10603,1.041,213
RAW,197.7,11525,10616,1.065,218
RAW,197.9,11534,10614,1.065,218
RAW,198.0,11540,10625,1.041,213
RAW,198.1,11546,10623,1.070,219
RAW,198.3,11561,10628,1.065,218
RAW,198.4,11565,10629,1.041,213
RAW,198.6,11582,10638,1.041,213
RAW,198.7,11583,10643,1.065,218
RAW,198.9,11603,10650,1.061,217
RAW,199.0,11604,10651,1.041,213
RAW,199.1,11614,10650,1.065,218
RAW,199.3,11625,10649,1.070,219
RAW,199.4,11628,10661,1.036,212
RAW,199.6,11633,10660,1.041,213
RAW,199.7,11636,10660,1.065,218
RAW,199.9,11640,10660,1.070,219
RAW,200.0,11647,10671,1.041,213
RAW,200.1,11646,10667,1.070,219
RAW,200.3,11656,10674,1.070,219
RAW,200.4,11654,10670,1.041,213
RAW,200.6,11654,10676,1.046,214
RAW,200.7,11666,10677,1.070,219
RAW,200.9,11676,10681,1.065,218
RAW,201.0,11667,10678,1.046,214
RAW,201.1,11667,10683,1.075,220
RAW,201.3,11674,10682,1.070,219
RAW,201.4,11673,10675,1.041,213
RAW,201.6,11651,10662,1.046,214
RAW,201.7,11614,10641,1.070,219
RAW,201.9,11513,10587,1.070,219
RAW,202.0,11454,10563,1.041,213
RAW,202.2,11376,10523,1.046,214
RAW,202.3,11350,10523,1.070,219
RAW,202.4,11329,10505,1.041,213
RAW,202.6,11317,10497,1.041,213
RAW,202.7,11308,10503,1.070,219
RAW,202.9,11297,10499,1.070,219
RAW,203.0,11302,10492,1.046,214
RAW,203.2,11305,10499,1.046,214
RAW,203.3,11301,10493,1.070,219
RAW,203.4,11314,10492,1.036,212
RAW,203.6,11320,10508,1.041,213
RAW,203.8,11333,10513,1.041,213
RAW,203.9,11356,10523,1.070,219
RAW,204.1,11382,10540,1.070,219
RAW,204.2,11403,10547,1.041,213
RAW,204.4,11434,10554,1.041,213
RAW,204.5,11435,10557,1.070,219
RAW,204.7,11448,10562,1.065,218
RAW,204.8,11454,10563,1.041,213
RAW,205.0,11454,10567,1.041,213
RAW,205.1,11448,10561,1.065,218
RAW,205.2,11447,10567,1.036,212
RAW,205.4,11449,10557,1.036,212
RAW,205.5,11454,10565,1.065,218
RAW,205.7,11457,10565,1.065,218
RAW,205.8,11459,10572,1.031,211
RAW,206.0,11460,10575,1.036,212
RAW,206.1,11470,10570,1.065,218
RAW,206.2,11478,10577,1.031,211
RAW,206.4,11487,10585,1.036,212
RAW,206.5,11492,10585,1.065,218
RAW,206.7,11499,10585,1.056,216
RAW,206.8,11509,10595,1.031,211
RAW,207.0,11527,10604,1.031,211
RAW,207.1,11530,10609,1.061,217
RAW,207.3,11541,10611,1.056,216
RAW,207.4,11544,10615,1.031,211
RAW,207.5,11557,10630,1.056,216
RAW,207.7,11568,10623,1.056,216
RAW,207.8,11577,10633,1.026,210
RAW,208.0,11599,10642,1.026,210
RAW,208.1,11605,10641,1.051,215
RAW,208.3,11611,10655,1.051,215
RAW,208.4,11610,10654,1.022,209
RAW,208.6,11628,10651,1.026,210
RAW,208.7,11624,10655,1.051,215
RAW,208.8,11628,10655,1.022,209
RAW,209.0,11633,10655,1.022,209
RAW,209.1,11636,10658,1.046,214
RAW,209.3,11644,10660,1.046,214
RAW,209.4,11645,10660,1.017,208
RAW,209.6,11654,10670,1.022,209
RAW,209.7,11651,10666,1.046,214
RAW,209.9,11657,10666,1.041,213
RAW,210.0,11671,10669,1.017,208
RAW,210.2,11664,10669,1.017,208
RAW,210.3,11649,10658,1.046,214
RAW,210.4,11645,10654,1.017,208
RAW,210.6,11567,10619,1.017,208
RAW,210.7,11514,10576,1.041,213
RAW,210.9,11397,10533,1.041,213
RAW,211.0,11371,10520,1.012,207
RAW,211.2,11317,10494,1.012,207
RAW,211.3,11313,10492,1.036,212
RAW,211.5,11295,10488,1.041,213
RAW,211.6,11289,10487,1.012,207
RAW,211.7,11284,10480,1.041,213
RAW,211.9,11283,10481,1.036,212
RAW,212.0,11290,10482,1.012,207
RAW,212.2,11294,10486,1.007,206
RAW,212.3,11297,10484,1.036,212
RAW,212.5,11313,10495,1.036,212
RAW,212.6,11316,10494,1.012,207
RAW,212.8,11353,10511,1.007,206
RAW,212.9,11360,10513,1.041,213
RAW,213.2,11412,10535,1.007,206
RAW,213.3,11418,10546,1.036,212
RAW,213.5,11429,10551,1.031,211
RAW,213.6,11431,10549,1.007,206
RAW,213.7,11437,10545,1.036,212
RAW,213.9,11433,10550,1.036,212
RAW,214.0,11426,10550,1.007,206
RAW,214.2,11428,10554,1.007,206
RAW,214.3,11425,10550,1.031,211
RAW,214.5,11426,10547,1.036,212
RAW,214.6,11432,10553,1.002,205
RAW,214.7,11426,10556,1.036,212
RAW,214.9,11443,10562,1.031,211
RAW,215.0,11438,10553,1.002,205
RAW,215.2,11453,10563,1.007,206
RAW,215.3,11448,10565,1.036,212
RAW,215.5,11471,10571,1.031,211
RAW,215.6,11469,10574,1.002,205
RAW,215.8,11484,10589,1.007,206
RAW,215.9,11495,10585,1.036,212
RAW,216.0,11501,10583,1.007,206
RAW,216.2,11514,10597,1.007,206
RAW,216.3,11521,10595,1.031,211
RAW,216.5,11529,10604,1.036,212
RAW,216.6,11535,10603,1.007,206
RAW,216.8,11542,10604,1.007,206
RAW,216.9,11545,10613,1.031,211
RAW,217.1,11563,10611,1.031,211
RAW,217.2,11560,10617,1.002,205
RAW,217.3,11562,10621,1.036,212
RAW,217.5,11570,10626,1.031,211
RAW,217.6,11570,10624,1.002,205
RAW,217.8,11580,10627,1.007,206
RAW,217.9,11586,10628,1.036,212
RAW,218.1,11586,10637,1.036,212
RAW,218.2,11589,10631,1.002,205
RAW,218.4,11599,10637,1.012,207
RAW,218.5,11600,10632,1.036,212
RAW,218.6,11606,10643,1.007,206
RAW,218.8,11616,10644,1.007,206
RAW,218.9,11606,10644,1.036,212
RAW,219.1,11618,10644,1.036,212
RAW,219.2,11600,10630,1.007,206
RAW,219.4,11549,10594,1.007,206
RAW,219.5,11510,10577,1.041,213
RAW,219.7,11399,10525,1.036,212
RAW,219.8,11355,10510,1.007,206
RAW,220.0,11309,10478,1.007,206
RAW,220.1,11288,10468,1.036,212
RAW,220.2,11282,10469,1.007,206
RAW,220.4,11262,10467,1.007,206
RAW,220.5,11266,10458,1.036,212
RAW,220.7,11261,10464,1.036,212
RAW,220.8,11263,10462,1.007,206
RAW,221.0,11250,10463,1.012,207
RAW,221.1,11261,10463,1.046,214
RAW,221.2,11267,10467,1.012,207
RAW,221.4,11288,10476,1.012,207
RAW,221.6,11311,10488,1.012,207
RAW,221.7,11321,10496,1.041,213
RAW,221.9,11339,10511,1.046,214
RAW,222.0,11367,10516,1.012,207
RAW,222.2,11384,10526,1.007,206
RAW,222.3,11396,10532,1.041,213
RAW,222.5,11405,10531,1.036,212
RAW,222.6,11395,10534,1.012,207
RAW,222.7,11400,10526,1.046,214
RAW,222.9,11403,10533,1.046,214
RAW,223.0,11393,10526,1.012,207
RAW,223.2,11392,10526,1.017,208
RAW,223.3,11397,10527,1.041,213
RAW,223.5,11410,10533,1.041,213
RAW,223.6,11414,10535,1.012,207
RAW,223.8,11418,10543,1.012,207
RAW,223.9,11426,10553,1.046,214
RAW,224.0,11440,10548,1.012,207
RAW,224.2,11451,10550,1.017,208
RAW,224.3,11464,10560,1.051,215
RAW,224.5,11471,10567,1.046,214
RAW,224.6,11486,10578,1.012,207
RAW,224.8,11501,10582,1.012,207
RAW,224.9,11507,10578,1.046,214
RAW,225.0,11504,10581,1.012,207
RAW,225.2,11527,10597,1.017,208
RAW,225.3,11533,10594,1.046,214
RAW,225.5,11538,10604,1.046,214
RAW,225.6,11544,10608,1.017,208
RAW,225.8,11555,10608,1.017,208
RAW,225.9,11564,10609,1.051,215
RAW,226.1,11567,10611,1.046,214
RAW,226.2,11575,10617,1.017,208
RAW,226.3,11585,10616,1.051,215
RAW,226.5,11591,10615,1.046,214
RAW,226.6,11592,10626,1.022,209
RAW,226.8,11594,10623,1.022,209
RAW,226.9,11601,10629,1.051,215
RAW,227.1,11603,10629,1.046,214
RAW,227.2,11621,10628,1.017,208
RAW,227.3,11608,10629,1.056,216
RAW,227.5,11627,10640,1.051,215
RAW,227.6,11632,10635,1.017,208
RAW,227.8,11634,10637,1.022,209
RAW,227.9,11640,10643,1.056,216
RAW,228.0,11641,10642,1.017,208
RAW,228.2,11614,10627,1.022,209
RAW,228.3,11599,10616,1.056,216
RAW,228.5,11500,10563,1.056,216
RAW,228.6,11440,10537,1.022,209
RAW,228.8,11358,10494,1.022,209
RAW,228.9,11321,10485,1.056,216
RAW,229.1,11291,10468,1.051,215
RAW,229.2,11278,10465,1.022,209
RAW,229.3,11278,10462,1.061,217
RAW,229.5,11269,10460,1.056,216
RAW,229.6,11273,10461,1.017,208
RAW,229.8,11275,10467,1.022,209
RAW,229.9,11280,10469,1.061,217
RAW,230.1,11291,10466,1.056,216
RAW,230.2,11300,10468,1.022,209
RAW,230.4,11323,10490,1.026,210
RAW,230.5,11338,10494,1.061,217
RAW,230.7,11378,10508,1.056,216
RAW,230.8,11392,10520,1.022,209
RAW,231.0,11409,10529,1.026,210
RAW,231.1,11427,10537,1.056,216
RAW,231.3,11432,10546,1.061,217
RAW,231.4,11435,10542,1.022,209
RAW,231.6,11439,10542,1.026,210
RAW,231.7,11440,10544,1.065,218
RAW,231.9,11442,10541,1.061,217
RAW,232.0,11443,10548,1.026,210
RAW,232.1,11438,10543,1.061,217
RAW,232.3,11445,10543,1.065,218
RAW,232.4,11452,10554,1.022,209
RAW,232.6,11465,10553,1.026,210
RAW,232.7,11469,10556,1.061,217
RAW,232.9,11474,10562,1.061,217
RAW,233.0,11479,10561,1.031,211
RAW,233.1,11496,10570,1.065,218
RAW,233.3,11498,10568,1.065,218
RAW,233.4,11503,10582,1.022,209
RAW,233.6,11512,10585,1.026,210
RAW,233.7,11525,10586,1.061,217
RAW,233.9,11535,10593,1.065,218
RAW,234.0,11546,10595,1.031,211
RAW,234.2,11563,10603,1.031,211
RAW,234.3,11563,10603,1.065,218
RAW,234.4,11573,10615,1.026,210
RAW,234.6,11585,10610,1.026,210
RAW,234.7,11585,10616,1.065,218
RAW,234.9,11595,10619,1.061,217
RAW,235.0,11591,10618,1.026,210
RAW,235.2,11609,10625,1.026,210
RAW,235.3,11607,10624,1.061,217
RAW,235.5,11618,10632,1.065,218
RAW,235.6,11616,10634,1.026,210
RAW,235.8,11619,10634,1.031,211
RAW,235.9,11623,10637,1.065,218
RAW,236.0,11633,10638,1.026,210
RAW,236.2,11628,10640,1.031,211
RAW,236.3,11627,10634,1.065,218
RAW,236.5,11635,10645,1.065,218
RAW,236.6,11636,10643,1.031,211
RAW,236.8,11638,10648,1.031,211
RAW,236.9,11647,10650,1.065,218
RAW,237.0,11642,10649,1.026,210
RAW,237.2,11629,10638,1.031,211
RAW,237.3,11613,10619,1.065,218
RAW,237.5,11542,10585,1.065,218
RAW,237.6,11485,10562,1.031,211
RAW,237.8,11380,10506,1.036,212
RAW,237.9,11349,10491,1.065,218
RAW,238.0,11318,10473,1.031,211
RAW,238.2,11292,10465,1.031,211
RAW,238.3,11284,10464,1.065,218
RAW,238.5,11266,10455,1.065,218
RAW,238.6,11272,10461,1.031,211
RAW,238.8,11269,10464,1.031,211
RAW,238.9,11275,10460,1.070,219
RAW,239.1,11279,10464,1.070,219
RAW,239.2,11294,10470,1.031,211
RAW,239.4,11308,10484,1.031,211
RAW,239.6,11338,10491,1.031,211
RAW,239.7,11361,10493,1.070,219
RAW,239.9,11375,10509,1.065,218
RAW,240.0,11392,10519,1.031,211
RAW,240.3,11403,10532,1.070,219
RAW,240.4,11406,10534,1.031,211
RAW,240.6,11409,10531,1.031,211
RAW,240.7,11416,10530,1.070,219
RAW,240.9,11417,10526,1.065,218
RAW,241.0,11403,10527,1.031,211
RAW,241.2,11404,10522,1.036,212
RAW,241.3,11418,10525,1.070,219
RAW,241.4,11416,10524,1.031,211
RAW,241.6,11418,10528,1.036,212
RAW,241.7,11422,10535,1.070,219
RAW,241.9,11427,10540,1.065,218
RAW,242.0,11431,10538,1.031,211
RAW,242.2,11444,10546,1.036,212
RAW,242.3,11452,10546,1.065,218
RAW,242.4,11457,10551,1.031,211
RAW,242.6,11471,10557,1.031,211
RAW,242.7,11481,10564,1.070,219
RAW,242.9,11497,10569,1.070,219
RAW,243.0,11497,10572,1.031,211
RAW,243.2,11526,10582,1.031,211
RAW,243.3,11525,10579,1.070,219
RAW,243.5,11540,10590,1.065,218
RAW,243.6,11540,10590,1.031,211
RAW,243.8,11554,10592,1.036,212
RAW,243.9,11557,10591,1.075,220
RAW,244.0,11557,10598,1.031,211
RAW,244.2,11560,10602,1.031,211
RAW,244.3,11573,10604,1.070,219
RAW,244.5,11574,10612,1.070,219
RAW,244.6,11582,10609,1.031,211
RAW,244.8,11577,10614,1.031,211
RAW,244.9,11577,10606,1.065,218
RAW,245.1,11590,10616,1.070,219
RAW,245.2,11590,10618,1.031,211
RAW,245.4,11599,10619,1.036,212
RAW,245.5,11594,10615,1.070,219
RAW,245.6,11593,10613,1.031,211
RAW,245.8,11549,10586,1.031,211
RAW,245.9,11504,10561,1.070,219
RAW,246.1,11411,10520,1.070,219
RAW,246.2,11356,10494,1.036,212
RAW,246.4,11295,10458,1.031,211
RAW,246.5,11277,10449,1.070,219
RAW,246.7,11253,10441,1.070,219
RAW,246.8,11253,10442,1.031,211
RAW,247.0,11240,10437,1.031,211
RAW,247.1,11243,10444,1.075,220
RAW,247.2,11234,10435,1.031,211
RAW,247.4,11234,10435,1.031,211
RAW,247.5,11240,10445,1.075,220
RAW,247.7,11257,10444,1.075,220
RAW,247.8,11264,10453,1.026,210
RAW,248.0,11294,10468,1.036,212
RAW,248.2,11326,10484,1.031,211
RAW,248.3,11342,10493,1.075,220
RAW,248.5,11352,10498,1.065,218
RAW,248.6,11372,10512,1.036,212
RAW,248.8,11386,10499,1.031,211
RAW,248.9,11388,10509,1.075,220
RAW,249.0,11386,10507,1.031,211
RAW,249.2,11388,10505,1.036,212
RAW,249.3,11388,10505,1.070,219
RAW,249.5,11384,10505,1.070,219
RAW,249.6,11393,10515,1.031,211
RAW,249.8,11396,10514,1.036,212
RAW,249.9,11393,10509,1.075,220
RAW,250.1,11402,10513,1.075,220
RAW,250.2,11407,10523,1.036,212
RAW,250.3,11420,10519,1.075,220
RAW,250.5,11414,10526,1.075,220
RAW,250.6,11432,10534,1.036,212
RAW,250.8,11444,10538,1.036,212
RAW,250.9,11455,10548,1.075,220
RAW,251.1,11468,10554,1.070,219
RAW,251.2,11481,10547,1.036,212
RAW,251.3,11480,10552,1.075,220
RAW,251.5,11497,10559,1.075,220
RAW,251.6,11501,10569,1.031,211
RAW,251.8,11515,10569,1.036,212
RAW,251.9,11519,10581,1.075,220
RAW,252.1,11535,10573,1.070,219
RAW,252.2,11535,10582,1.031,211
RAW,252.3,11533,10587,1.080,221
RAW,252.5,11552,10587,1.075,220
RAW,252.6,11552,10585,1.036,212
RAW,252.8,11558,10597,1.036,212
RAW,252.9,11561,10600,1.075,220
RAW,253.1,11569,10596,1.075,220
RAW,253.2,11577,10601,1.036,212
RAW,253.4,11579,10608,1.036,212
RAW,253.5,11578,10604,1.075,220
RAW,253.6,11586,10601,1.031,211
RAW,253.8,11584,10604,1.036,212
RAW,253.9,11583,10600,1.075,220
RAW,254.1,11559,10577,1.075,220
RAW,254.2,11510,10562,1.031,211
RAW,254.4,11422,10511,1.036,212
RAW,254.5,11362,10483,1.075,220
RAW,254.6,11317,10461,1.031,211
RAW,254.8,11265,10442,1.031,211
RAW,254.9,11243,10427,1.075,220
RAW,255.1,11232,10427,1.075,220
RAW,255.2,11225,10422,1.031,211
RAW,255.4,11215,10419,1.036,212
RAW,255.5,11213,10417,1.075,220
RAW,255.7,11207,10412,1.070,219
RAW,255.8,11222,10419,1.031,211
RAW,255.9,11213,10414,1.075,220
RAW,256.1,11230,10426,1.075,220
RAW,256.3,11253,10431,1.075,220
RAW,256.4,11270,10445,1.036,212
RAW,256.6,11291,10460,1.036,212
RAW,256.7,11305,10469,1.075,220
RAW,256.9,11323,10466,1.075,220
RAW,257.0,11335,10478,1.036,212
RAW,257.2,11337,10477,1.036,212
RAW,257.3,11344,10473,1.070,219
RAW,257.5,11335,10472,1.070,219
RAW,257.6,11329,10475,1.031,211
RAW,257.8,11328,10473,1.031,211
RAW,257.9,11328,10476,1.075,220
RAW,258.0,11331,10479,1.036,212
RAW,258.2,11343,10473,1.031,211
RAW,258.3,11343,10483,1.075,220
RAW,258.5,11356,10486,1.075,220
RAW,258.6,11362,10486,1.031,211
RAW,258.8,11372,10491,1.031,211
RAW,258.9,11372,10492,1.070,219
RAW,259.0,11377,10496,1.031,211
RAW,259.2,11396,10508,1.026,210
RAW,259.3,11406,10506,1.070,219
RAW,259.5,11425,10521,1.070,219
RAW,259.6,11426,10519,1.031,211
RAW,259.8,11442,10532,1.036,212
RAW,259.9,11460,10529,1.075,220
RAW,260.0,11458,10530,1.026,210
RAW,260.2,11470,10535,1.036,212
RAW,260.3,11478,10539,1.075,220
RAW,260.5,11481,10551,1.070,219
RAW,260.6,11490,10551,1.026,210
RAW,260.8,11499,10548,1.036,212
RAW,260.9,11511,10556,1.075,220
RAW,261.0,11506,10558,1.031,211
RAW,261.2,11509,10561,1.031,211
RAW,261.3,11505,10560,1.075,220
RAW,261.5,11516,10564,1.070,219
RAW,261.6,11532,10562,1.026,210
RAW,261.8,11522,10563,1.026,210
RAW,261.9,11527,10572,1.070,219
RAW,262.1,11523,10572,1.070,219
RAW,262.2,11531,10573,1.031,211
RAW,262.3,11525,10573,1.070,219
RAW,262.5,11489,10548,1.070,219
RAW,262.6,11459,10536,1.026,210
RAW,262.8,11364,10477,1.031,211
RAW,262.9,11312,10455,1.075,220
RAW,263.1,11241,10419,1.070,219
RAW,263.2,11219,10411,1.026,210
RAW,263.3,11194,10408,1.075,220
RAW,263.5,11173,10395,1.075,220
RAW,263.6,11167,10388,1.026,210
RAW,263.8,11150,10386,1.031,211
RAW,263.9,11147,10386,1.070,219
RAW,264.1,11146,10380,1.070,219
RAW,264.2,11145,10374,1.031,211
RAW,264.4,11153,10377,1.031,211
RAW,264.5,11153,10387,1.070,219
RAW,264.7,11163,10394,1.075,220
RAW,264.8,11179,10396,1.026,210
RAW,265.0,11203,10407,1.026,210
RAW,265.2,11229,10428,1.026,210
RAW,265.3,11239,10427,1.070,219
RAW,265.6,11258,10437,1.026,210
RAW,265.7,11266,10428,1.070,219
RAW,265.9,11267,10431,1.075,220
RAW,266.0,11255,10433,1.026,210
RAW,266.2,11255,10432,1.026,210
RAW,266.3,11260,10436,1.070,219
RAW,266.5,11262,10439,1.070,219
RAW,266.6,11267,10435,1.026,210
RAW,266.7,11277,10436,1.070,219
RAW,266.9,11278,10442,1.070,219
RAW,267.0,11290,10445,1.026,210
RAW,267.2,11311,10452,1.031,211
RAW,267.3,11314,10466,1.070,219
RAW,267.5,11331,10465,1.070,219
RAW,267.6,11341,10471,1.026,210
RAW,267.7,11346,10474,1.075,220
RAW,267.9,11359,10481,1.075,220
RAW,268.0,11369,10491,1.026,210
RAW,268.2,11393,10495,1.031,211
RAW,268.3,11392,10499,1.075,220
RAW,268.5,11399,10507,1.070,219
RAW,268.6,11410,10511,1.026,210
RAW,268.8,11428,10515,1.031,211
RAW,268.9,11429,10517,1.075,220
RAW,269.0,11435,10520,1.031,211
RAW,269.2,11447,10528,1.026,210
RAW,269.3,11450,10529,1.070,219
RAW,269.5,11459,10532,1.070,219
RAW,269.6,11454,10536,1.026,210
RAW,269.8,11474,10541,1.026,210
RAW,269.9,11466,10543,1.070,219
RAW,270.1,11483,10546,1.075,220
RAW,270.2,11487,10544,1.026,210
RAW,270.3,11489,10543,1.075,220
RAW,270.5,11510,10562,1.075,220
RAW,270.6,11497,10552,1.026,210
RAW,270.8,11508,10559,1.031,211
RAW,270.9,11519,10555,1.075,220
RAW,271.1,11512,10558,1.075,220
RAW,271.2,11498,10549,1.026,210
RAW,271.4,11439,10510,1.031,211
RAW,271.5,11379,10485,1.070,219
RAW,271.6,11334,10458,1.026,210
RAW,271.8,11239,10412,1.026,210
RAW,271.9,11212,10401,1.075,220
RAW,272.1,11173,10385,1.075,220
RAW,272.2,11161,10386,1.026,210
RAW,272.3,11153,10375,1.075,220
RAW,272.5,11144,10374,1.080,221
RAW,272.6,11125,10373,1.026,210
RAW,272.8,11130,10365,1.026,210
RAW,272.9,11125,10364,1.080,221
RAW,273.1,11136,10369,1.075,220
RAW,273.2,11138,10379,1.031,211
RAW,273.4,11150,10375,1.031,211
RAW,273.5,11161,10384,1.080,221
RAW,273.7,11184,10394,1.080,221
RAW,273.9,11221,10410,1.075,220
RAW,274.0,11235,10416,1.026,210
RAW,274.2,11258,10428,1.026,210
RAW,274.3,11257,10427,1.075,220
RAW,274.4,11268,10428,1.026,210
RAW,274.6,11262,10431,1.026,210
RAW,274.7,11260,10427,1.075,220
RAW,274.9,11259,10422,1.080,221
RAW,275.0,11258,10427,1.031,211
RAW,275.2,11272,10426,1.026,210
RAW,275.3,11266,10429,1.075,220
RAW,275.4,11273,10434,1.026,210
RAW,275.6,11277,10438,1.031,211
RAW,275.7,11286,10439,1.075,220
RAW,275.9,11296,10444,1.080,221
RAW,276.0,11305,10453,1.031,211
RAW,276.2,11320,10460,1.031,211
RAW,276.3,11328,10455,1.080,221
RAW,276.4,11337,10465,1.031,211
RAW,276.6,11357,10480,1.026,210
RAW,276.7,11361,10476,1.080,221
RAW,276.9,11368,10484,1.080,221
RAW,277.0,11364,10494,1.031,211
RAW,277.2,11397,10501,1.036,212
RAW,277.3,11405,10497,1.080,221
RAW,277.4,11411,10509,1.031,211
RAW,277.6,11433,10513,1.036,212
RAW,277.7,11426,10518,1.080,221
RAW,277.9,11450,10518,1.085,222
RAW,278.0,11442,10518,1.031,211
RAW,278.2,11462,10526,1.031,211
RAW,278.3,11469,10530,1.080,221
RAW,278.4,11469,10533,1.031,211
RAW,278.6,11479,10539,1.031,211
RAW,278.7,11485,10534,1.085,222
RAW,278.9,11503,10541,1.080,221
RAW,279.0,11487,10546,1.031,211
RAW,279.2,11509,10543,1.031,211
RAW,279.3,11505,10551,1.080,221
RAW,279.4,11513,10552,1.031,211
RAW,279.6,11523,10556,1.031,211
RAW,279.7,11520,10562,1.085,222
RAW,279.9,11527,10566,1.085,222
RAW,280.0,11513,10553,1.031,211
RAW,280.2,11461,10520,1.031,211
RAW,280.3,11413,10494,1.090,223
RAW,280.5,11324,10445,1.080,221
RAW,280.6,11272,10422,1.031,211
RAW,280.7,11237,10416,1.090,223
RAW,280.9,11192,10383,1.085,222
RAW,281.0,11178,10383,1.031,211
RAW,281.2,11156,10368,1.036,212
RAW,281.3,11155,10374,1.085,222
RAW,281.5,11150,10370,1.080,221
RAW,281.6,11148,10365,1.036,212
RAW,281.8,11151,10374,1.036,212
RAW,281.9,11154,10378,1.085,222
RAW,282.0,11159,10378,1.031,211
RAW,282.2,11167,10389,1.031,211
RAW,282.3,11194,10390,1.085,222
RAW,282.5,11216,10411,1.090,223
RAW,282.6,11237,10412,1.031,211
RAW,282.8,11269,10433,1.031,211
RAW,282.9,11279,10443,1.085,222
RAW,283.1,11300,10443,1.080,221
RAW,283.2,11298,10440,1.031,211
RAW,283.4,11298,10441,1.031,211
RAW,283.5,11301,10442,1.085,222
RAW,283.7,11296,10440,1.085,222
RAW,283.8,11298,10435,1.036,212
RAW,283.9,11301,10445,1.085,222
RAW,284.1,11302,10444,1.085,222
RAW,284.2,11298,10447,1.036,212
RAW,284.4,11309,10449,1.031,211
RAW,284.5,11315,10452,1.085,222
RAW,284.7,11325,10453,1.080,221
RAW,284.8,11332,10458,1.031,211
RAW,284.9,11340,10467,1.090,223
RAW,285.1,11358,10477,1.085,222
RAW,285.2,11362,10471,1.031,211
RAW,285.4,11380,10484,1.031,211
RAW,285.5,11380,10482,1.090,223
RAW,285.7,11399,10492,1.080,221
RAW,285.8,11413,10495,1.031,211
RAW,285.9,11417,10501,1.085,222
RAW,286.1,11431,10517,1.085,222
RAW,286.2,11448,10513,1.026,210
RAW,286.4,11460,10514,1.026,210
RAW,286.5,11456,10519,1.080,221
RAW,286.6,11474,10527,1.026,210
RAW,286.8,11474,10529,1.026,210
RAW,286.9,11485,10524,1.080,221
RAW,287.1,11479,10534,1.080,221
RAW,287.2,11489,10537,1.031,211
RAW,287.4,11492,10546,1.026,210
RAW,287.5,11493,10542,1.085,222
RAW,287.6,11507,10548,1.026,210
RAW,287.8,11509,10545,1.022,209
RAW,287.9,11511,10550,1.080,221
RAW,288.1,11513,10547,1.080,221
RAW,288.2,11524,10556,1.026,210
RAW,288.4,11532,10559,1.026,210
RAW,288.5,11530,10559,1.080,221
RAW,288.7,11528,10551,1.075,220
RAW,288.8,11536,10554,1.022,209
RAW,288.9,11531,10549,1.080,221
RAW,289.1,11470,10522,1.075,220
RAW,289.2,11435,10498,1.022,209
RAW,289.4,11317,10441,1.022,209
RAW,289.5,11276,10420,1.075,220
RAW,289.7,11216,10397,1.075,220
RAW,289.8,11188,10387,1.022,209
RAW,289.9,11177,10379,1.075,220
RAW,290.1,11165,10375,1.075,220
RAW,290.2,11164,10373,1.017,208
RAW,290.4,11149,10364,1.022,209
RAW,290.5,11146,10363,1.075,220
RAW,290.7,11146,10373,1.075,220
RAW,290.8,11153,10368,1.022,209
RAW,291.0,11169,10373,1.017,208
RAW,291.1,11172,10382,1.075,220
RAW,291.3,11200,10389,1.075,220
RAW,291.6,11254,10422,1.022,209
RAW,291.7,11261,10426,1.075,220
RAW,291.9,11281,10433,1.070,219
RAW,292.0,11288,10432,1.017,208
RAW,292.1,11303,10442,1.075,220
RAW,292.3,11298,10444,1.075,220
RAW,292.4,11301,10440,1.017,208
RAW,292.6,11296,10444,1.022,209
RAW,292.7,11291,10443,1.075,220
RAW,292.8,11298,10443,1.017,208
RAW,293.0,11300,10440,1.017,208
RAW,293.1,11303,10451,1.075,220
RAW,293.3,11311,10447,1.070,219
RAW,293.4,11316,10456,1.017,208
RAW,293.6,11328,10452,1.017,208
RAW,293.7,11338,10460,1.070,219
RAW,293.8,11337,10465,1.017,208
RAW,294.0,11350,10473,1.017,208
RAW,294.1,11357,10470,1.075,220
RAW,294.3,11385,10480,1.070,219
RAW,294.4,11387,10476,1.012,207
RAW,294.6,11391,10482,1.017,208
RAW,294.7,11410,10492,1.070,219
RAW,294.9,11428,10502,1.070,219
RAW,295.0,11436,10500,1.017,208
RAW,295.1,11434,10504,1.070,219
RAW,295.3,11447,10518,1.070,219
RAW,295.4,11452,10515,1.017,208
RAW,295.6,11467,10525,1.012,207
RAW,295.7,11465,10534,1.070,219
RAW,295.9,11471,10527,1.065,218
RAW,296.0,11478,10530,1.012,207
RAW,296.2,11487,10537,1.012,207
RAW,296.3,11487,10538,1.075,220
RAW,296.4,11498,10541,1.012,207
RAW,296.6,11493,10538,1.012,207
RAW,296.7,11493,10545,1.070,219
RAW,296.9,11507,10542,1.065,218
RAW,297.0,11524,10548,1.012,207
RAW,297.2,11520,10554,1.012,207
RAW,297.3,11527,10552,1.070,219
RAW,297.4,11531,10552,1.012,207
RAW,297.6,11531,10550,1.017,208
RAW,297.7,11532,10552,1.070,219
RAW,297.9,11485,10527,1.070,219
RAW,298.0,11458,10517,1.012,207
RAW,298.2,11355,10454,1.012,207
RAW,298.3,11298,10440,1.070,219
RAW,298.4,11261,10412,1.012,207
RAW,298.6,11210,10390,1.012,207
RAW,298.7,11189,10383,1.070,219
RAW,298.9,11173,10374,1.070,219
RAW,299.0,11164,10374,1.012,207
RAW,299.2,11159,10368,1.012,207
RAW,299.3,11145,10363,1.070,219
RAW,299.4,11159,10364,1.012,207
RAW,299.6,11153,10364,1.012,207
RAW,299.7,11167,10369,1.075,220
RAW,299.9,11182,10373,1.070,219
RAW,300.1,11202,10388,1.070,219
RAW,300.2,11212,10398,1.012,207
RAW,300.4,11241,10414,1.012,207
RAW,300.5,11264,10422,1.075,220
RAW,300.7,11286,10424,1.075,220
RAW,300.9,11295,10439,1.070,219
RAW,301.0,11304,10435,1.017,208
RAW,301.2,11301,10436,1.012,207
RAW,301.3,11292,10438,1.075,220
RAW,301.5,11295,10437,1.075,220
RAW,301.6,11285,10437,1.012,207
RAW,301.7,11295,10437,1.075,220
RAW,301.9,11298,10438,1.080,221
RAW,302.0,11299,10435,1.012,207
RAW,302.2,11310,10444,1.017,208
RAW,302.3,11320,10455,1.075,220
RAW,302.5,11334,10450,1.075,220
RAW,302.6,11336,10458,1.012,207
RAW,302.8,11356,10464,1.012,207
RAW,302.9,11362,10464,1.075,220
RAW,303.0,11368,10466,1.017,208
RAW,303.2,11383,10471,1.012,207
RAW,303.3,11390,10477,1.080,221
RAW,303.5,11401,10483,1.075,220
RAW,303.6,11421,10494,1.017,208
RAW,303.8,11430,10494,1.017,208
RAW,303.9,11435,10498,1.075,220
RAW,304.1,11449,10513,1.075,220
RAW,304.2,11454,10511,1.017,208
RAW,304.3,11462,10515,1.080,221
RAW,304.5,11468,10515,1.075,220
RAW,304.6,11471,10521,1.017,208
RAW,304.8,11478,10524,1.017,208
RAW,304.9,11486,10522,1.080,221
RAW,305.1,11492,10521,1.080,221
RAW,305.2,11498,10540,1.017,208
RAW,305.4,11503,10533,1.017,208
RAW,305.5,11512,10534,1.080,221
RAW,305.6,11512,10540,1.017,208
RAW,305.8,11522,10545,1.022,209
RAW,305.9,11525,10542,1.075,220
RAW,306.1,11533,10556,1.075,220
RAW,306.2,11531,10551,1.017,208
RAW,306.4,11521,10539,1.017,208
RAW,306.5,11494,10526,1.080,221
RAW,306.7,11420,10479,1.075,220
RAW,306.8,11361,10447,1.022,209
RAW,306.9,11308,10425,1.080,221
RAW,307.1,11235,10393,1.080,221
RAW,307.2,11209,10379,1.017,208
RAW,307.4,11173,10363,1.017,208
RAW,307.5,11165,10371,1.075,220
RAW,307.7,11155,10362,1.075,220
RAW,307.8,11150,10354,1.017,208
RAW,307.9,11138,10354,1.080,221
RAW,308.1,11146,10357,1.075,220
RAW,308.2,11150,10360,1.017,208
RAW,308.4,11158,10367,1.017,208
RAW,308.6,11166,10375,1.022,209
RAW,308.7,11172,10373,1.080,221
RAW,308.9,11210,10389,1.080,221
RAW,309.0,11226,10403,1.017,208
RAW,309.2,11253,10410,1.017,208
RAW,309.4,11277,10420,1.022,209
RAW,309.5,11292,10425,1.080,221
RAW,309.6,11297,10425,1.022,209
RAW,309.8,11299,10430,1.022,209
RAW,309.9,11298,10426,1.085,222
RAW,310.1,11294,10428,1.085,222
RAW,310.2,11302,10429,1.022,209
RAW,310.4,11302,10436,1.022,209
RAW,310.5,11301,10433,1.085,222
RAW,310.6,11311,10438,1.022,209
RAW,310.8,11320,10442,1.022,209
RAW,310.9,11330,10442,1.085,222
RAW,311.1,11343,10452,1.085,222
RAW,311.2,11348,10450,1.022,209
RAW,311.4,11363,10459,1.022,209
RAW,311.5,11369,10470,1.090,223
RAW,311.7,11391,10476,1.085,222
RAW,311.8,11389,10477,1.022,209
RAW,312.0,11408,10487,1.026,210
RAW,312.1,11416,10489,1.085,222
RAW,312.2,11434,10496,1.022,209
RAW,312.4,11449,10500,1.022,209
RAW,312.5,11445,10506,1.090,223
RAW,312.7,11471,10508,1.085,222
RAW,312.8,11469,10513,1.022,209
RAW,312.9,11476,10508,1.085,222
RAW,313.1,11494,10525,1.085,222
RAW,313.2,11488,10522,1.026,210
RAW,313.4,11498,10523,1.022,209
RAW,313.5,11501,10529,1.090,223
RAW,313.7,11513,10530,1.080,221
RAW,313.8,11516,10533,1.022,209
RAW,314.0,11522,10537,1.022,209
RAW,314.1,11518,10540,1.085,222
RAW,314.3,11524,10541,1.085,222
RAW,314.4,11528,10543,1.022,209
RAW,314.5,11532,10545,1.085,222
RAW,314.7,11543,10544,1.085,222
RAW,314.8,11537,10553,1.026,210
RAW,315.0,11547,10553,1.026,210
RAW,315.1,11548,10546,1.090,223
RAW,315.3,11517,10535,1.085,222
RAW,315.4,11493,10516,1.026,210
RAW,315.6,11391,10468,1.022,209
RAW,315.7,11343,10441,1.090,223
RAW,315.8,11298,10408,1.022,209
RAW,316.0,11227,10391,1.022,209
RAW,316.1,11209,10371,1.085,222
RAW,316.3,11174,10363,1.085,222
RAW,316.4,11173,10356,1.026,210
RAW,316.6,11162,10358,1.022,209
RAW,316.7,11158,10357,1.090,223
RAW,316.8,11151,10356,1.022,209
RAW,317.0,11155,10355,1.026,210
RAW,317.1,11158,10355,1.090,223
RAW,317.3,11166,10359,1.090,223
RAW,317.4,11171,10364,1.022,209
RAW,317.6,11195,10378,1.026,210
RAW,317.8,11237,10398,1.022,209
RAW,317.9,11250,10398,1.090,223
RAW,318.1,11276,10412,1.090,223
RAW,318.3,11299,10420,1.095,224
RAW,318.5,11309,10427,1.090,223
RAW,318.6,11308,10429,1.026,210
RAW,318.8,11308,10429,1.022,209
RAW,318.9,11311,10434,1.090,223
RAW,319.1,11310,10437,1.090,223
RAW,319.2,11317,10436,1.026,210
RAW,319.4,11331,10442,1.026,210
RAW,319.5,11332,10437,1.095,224
RAW,319.6,11338,10441,1.022,209
RAW,319.8,11356,10457,1.026,210
RAW,319.9,11356,10460,1.090,223
RAW,320.1,11369,10458,1.090,223
RAW,320.2,11386,10460,1.022,209
RAW,320.4,11399,10476,1.026,210
RAW,320.5,11408,10475,1.095,224
RAW,320.7,11420,10489,1.085,222
RAW,320.8,11429,10485,1.022,209
RAW,320.9,11437,10493,1.090,223
RAW,321.1,11455,10499,1.095,224
RAW,321.2,11458,10503,1.026,210
RAW,321.4,11475,10512,1.022,209
RAW,321.5,11469,10515,1.090,223
RAW,321.7,11484,10518,1.090,223
RAW,321.8,11481,10522,1.026,210
RAW,322.0,11511,10527,1.022,209
RAW,322.1,11496,10525,1.085,222
RAW,322.3,11505,10529,1.085,222
RAW,322.4,11513,10525,1.022,209
RAW,322.5,11517,10527,1.085,222
RAW,322.7,11519,10531,1.090,223
RAW,322.8,11534,10529,1.017,208
RAW,323.0,11530,10535,1.022,209
RAW,323.1,11533,10532,1.085,222
RAW,323.3,11543,10540,1.080,221
RAW,323.4,11547,10544,1.017,208
RAW,323.6,11554,10542,1.017,208
RAW,323.7,11560,10541,1.080,221
RAW,323.8,11559,10546,1.017,208
RAW,324.0,11559,10546,1.012,207
RAW,324.1,11550,10544,1.085,222
RAW,324.3,11528,10529,1.075,220
RAW,324.4,11494,10503,1.012,207
RAW,324.6,11407,10458,1.012,207
RAW,324.7,11348,10430,1.075,220
RAW,324.9,11259,10394,1.070,219
RAW,325.0,11239,10375,1.007,206
RAW,325.1,11220,10369,1.070,219
RAW,325.3,11188,10372,1.070,219
RAW,325.4,11189,10362,1.002,205
RAW,325.6,11181,10357,1.002,205
RAW,325.7,11176,10357,1.065,218
RAW,325.9,11180,10361,1.061,217
RAW,326.0,11187,10365,0.997,204
RAW,326.2,11187,10371,0.997,204
RAW,326.3,11191,10373,1.056,216
RAW,326.4,11203,10374,0.997,204
RAW,326.6,11245,10394,0.992,203
RAW,326.8,11264,10404,0.987,202
RAW,326.9,11292,10415,1.056,216
RAW,327.1,11314,10423,1.051,215
RAW,327.2,11325,10423,0.987,202
RAW,327.4,11338,10428,0.987,202
RAW,327.5,11345,10439,1.051,215
RAW,327.6,11332,10439,0.987,202
RAW,327.8,11344,10440,0.982,201
RAW,327.9,11342,10431,1.046,214
RAW,328.1,11350,10439,1.046,214
RAW,328.2,11356,10439,0.982,201
RAW,328.4,11368,10443,0.982,201
RAW,328.5,11373,10449,1.041,213
RAW,328.7,11382,10458,1.036,212
RAW,328.8,11386,10456,0.978,200
RAW,328.9,11392,10458,1.036,212
RAW,329.1,11403,10470,1.031,211
RAW,329.2,11412,10469,0.973,199
RAW,329.4,11420,10478,0.968,198
RAW,329.5,11434,10476,1.031,211
RAW,329.7,11458,10488,1.036,212
RAW,329.8,11464,10491,0.968,198
RAW,329.9,11458,10502,1.036,212
RAW,330.1,11477,10495,1.026,210
RAW,330.2,11479,10505,0.968,198
RAW,330.4,11493,10512,0.968,198
RAW,330.5,11505,10512,1.026,210
RAW,330.7,11502,10519,1.022,209
RAW,330.8,11516,10513,0.963,197
RAW,330.9,11520,10524,1.026,210
RAW,331.1,11520,10523,1.026,210
RAW,331.2,11527,10529,0.963,197
RAW,331.4,11538,10531,0.963,197
RAW,331.5,11540,10539,1.022,209
RAW,331.6,11549,10531,0.963,197
RAW,331.8,11555,10539,0.958,196
RAW,331.9,11556,10537,1.026,210
RAW,332.1,11567,10548,1.022,209
RAW,332.2,11570,10550,0.958,196
RAW,332.4,11564,10550,0.958,196
RAW,332.5,11579,10550,1.017,208
RAW,332.7,11586,10551,1.017,208
RAW,332.8,11589,10544,0.958,196
RAW,332.9,11586,10555,1.022,209
RAW,333.1,11594,10549,1.022,209
RAW,333.2,11570,10548,0.953,195
RAW,333.4,11532,10522,0.953,195
RAW,333.5,11488,10496,1.017,208
RAW,333.7,11383,10443,1.017,208
RAW,333.8,11335,10409,0.953,195
RAW,333.9,11293,10403,1.017,208
RAW,334.1,11242,10378,1.017,208
RAW,334.2,11218,10372,0.948,194
RAW,334.4,11199,10363,0.948,194
RAW,334.5,11189,10362,1.017,208
RAW,334.7,11185,10350,1.012,207
RAW,334.8,11183,10360,0.953,195
RAW,334.9,11187,10361,1.012,207
RAW,335.1,11189,10360,1.012,207
RAW,335.2,11200,10358,0.948,194
RAW,335.4,11215,10376,0.953,195
RAW,335.6,11244,10391,0.953,195
RAW,335.7,11260,10397,1.012,207
RAW,335.9,11292,10409,1.017,208
RAW,336.0,11311,10417,0.948,194
RAW,336.2,11338,10422,0.948,194
RAW,336.3,11337,10429,1.017,208
RAW,336.5,11341,10441,1.012,207
RAW,336.6,11351,10437,0.953,195
RAW,336.8,11349,10433,0.948,194
RAW,336.9,11343,10434,1.012,207
RAW,337.0,11342,10430,0.948,194
RAW,337.2,11349,10435,0.948,194
RAW,337.3,11343,10436,1.017,208
RAW,337.5,11356,10440,1.012,207
RAW,337.6,11361,10442,0.948,194
RAW,337.8,11372,10450,0.948,194
RAW,337.9,11378,10448,1.017,208
RAW,338.0,11376,10452,0.953,195
RAW,338.2,11402,10465,0.953,195
RAW,338.3,11404,10464,1.017,208
RAW,338.5,11409,10470,1.017,208
RAW,338.6,11436,10468,0.953,195
RAW,338.8,11448,10484,0.953,195
RAW,338.9,11451,10487,1.022,209
RAW,339.1,11460,10487,1.022,209
RAW,339.2,11471,10493,0.953,195
RAW,339.3,11475,10498,1.022,209
RAW,339.5,11486,10509,1.017,208
RAW,339.6,11491,10506,0.953,195
RAW,339.8,11498,10508,0.953,195
RAW,339.9,11504,10514,1.022,209
RAW,340.1,11506,10513,1.022,209
RAW,340.2,11512,10509,0.953,195
RAW,340.3,11521,10520,1.026,210
RAW,340.5,11518,10522,1.022,209
RAW,340.6,11522,10521,0.958,196
RAW,340.8,11524,10524,0.958,196
RAW,340.9,11536,10526,1.022,209
RAW,341.1,11533,10524,1.022,209
RAW,341.2,11541,10530,0.958,196
RAW,341.3,11551,10526,1.022,209
RAW,341.5,11554,10534,1.026,210
RAW,341.6,11557,10541,0.953,195
RAW,341.8,11555,10527,0.953,195
RAW,341.9,11537,10521,1.026,210
RAW,342.1,11494,10494,1.022,209
RAW,342.2,11450,10467,0.958,196
RAW,342.4,11343,10412,0.958,196
RAW,342.5,11289,10396,1.022,209
RAW,342.6,11252,10384,0.958,196
RAW,342.8,11206,10364,0.958,196
RAW,342.9,11198,10352,1.026,210
RAW,343.1,11180,10349,1.026,210
RAW,343.2,11180,10351,0.958,196
RAW,343.4,11173,10343,0.958,196
RAW,343.5,11179,10348,1.026,210
RAW,343.6,11172,10341,0.958,196
RAW,343.8,11181,10349,0.963,197
RAW,344.0,11197,10357,0.958,196
RAW,344.1,11215,10360,1.026,210
RAW,344.3,11245,10373,1.026,210
RAW,344.5,11283,10397,1.031,211
RAW,344.7,11310,10419,1.022,209
RAW,344.8,11324,10423,0.963,197
RAW,345.0,11333,10431,0.958,196
RAW,345.1,11342,10424,1.026,210
RAW,345.3,11346,10429,1.026,210
RAW,345.4,11335,10426,0.958,196
RAW,345.6,11346,10422,0.958,196
RAW,345.7,11334,10428,1.031,211
RAW,345.8,11346,10426,0.958,196
RAW,346.0,11349,10431,0.963,197
RAW,346.1,11351,10431,1.026,210
RAW,346.3,11368,10432,1.022,209
RAW,346.4,11368,10440,0.958,196
RAW,346.6,11381,10439,0.958,196
RAW,346.7,11382,10448,1.031,211
RAW,346.9,11402,10451,1.026,210
RAW,347.0,11398,10457,0.958,196
RAW,347.1,11409,10461,1.026,210
RAW,347.3,11418,10464,1.022,209
RAW,347.4,11434,10464,0.958,196
RAW,347.6,11448,10471,0.958,196
RAW,347.7,11457,10479,1.022,209
RAW,347.9,11465,10489,1.022,209
RAW,348.0,11461,10490,0.958,196
RAW,348.1,11471,10489,1.026,210
RAW,348.3,11482,10491,1.022,209
RAW,348.4,11483,10495,0.958,196
RAW,348.6,11496,10497,0.958,196
RAW,348.7,11492,10497,1.022,209
RAW,348.9,11508,10503,1.022,209
RAW,349.0,11513,10507,0.958,196
RAW,349.1,11506,10507,1.026,210
RAW,349.3,11520,10508,1.026,210
RAW,349.4,11526,10511,0.958,196
RAW,349.6,11529,10511,0.958,196
RAW,349.7,11518,10522,1.026,210
RAW,349.9,11533,10520,1.022,209
RAW,350.0,11543,10526,0.953,195
RAW,350.1,11540,10515,1.022,209
RAW,350.3,11541,10528,1.022,209
RAW,350.4,11538,10524,0.963,197
RAW,350.6,11512,10505,0.958,196
RAW,350.7,11488,10482,1.026,210
RAW,350.9,11391,10440,1.022,209
RAW,351.0,11339,10415,0.958,196
RAW,351.2,11247,10374,0.958,196
RAW,351.3,11230,10359,1.026,210
RAW,351.4,11204,10355,0.963,197
RAW,351.6,11177,10344,0.958,196
RAW,351.7,11169,10339,1.031,211
RAW,351.9,11158,10336,1.031,211
RAW,352.0,11150,10330,0.953,195
RAW,352.2,11151,10330,0.953,195
RAW,352.3,11155,10326,1.026,210
RAW,352.5,11165,10335,1.022,209
RAW,352.6,11166,10334,0.958,196
RAW,352.8,11191,10351,0.958,196
RAW,352.9,11199,10346,1.026,210
RAW,353.1,11228,10366,1.026,210
RAW,353.3,11265,10385,1.026,210
RAW,353.4,11273,10395,0.958,196
RAW,353.6,11282,10398,0.953,195
RAW,353.7,11293,10392,1.026,210
RAW,353.9,11300,10400,1.026,210
RAW,354.0,11296,10396,0.958,196
RAW,354.2,11297,10402,0.963,197
RAW,354.3,11307,10400,1.026,210
RAW,354.5,11311,10409,1.026,210
RAW,354.6,11315,10412,0.958,196
RAW,354.8,11328,10418,0.958,196
RAW,354.9,11327,10414,1.031,211
RAW,355.1,11343,10421,1.026,210
RAW,355.2,11355,10425,0.963,197
RAW,355.3,11352,10433,1.031,211
RAW,355.5,11374,10438,1.026,210
RAW,355.6,11377,10440,0.958,196
RAW,355.8,11389,10447,0.958,196
RAW,355.9,11398,10452,1.031,211
RAW,356.1,11411,10456,1.026,210
RAW,356.2,11417,10464,0.963,197
RAW,356.4,11431,10467,0.958,196
RAW,356.5,11437,10471,1.031,211
RAW,356.6,11442,10475,0.958,196
RAW,356.8,11456,10479,0.958,196
RAW,356.9,11466,10482,1.031,211
RAW,357.1,11475,10487,1.031,211
RAW,357.2,11477,10493,0.968,198
RAW,357.4,11475,10494,0.958,196
RAW,357.5,11483,10488,1.031,211
RAW,357.7,11493,10495,1.031,211
RAW,357.8,11496,10499,0.963,197
RAW,357.9,11499,10498,1.031,211
RAW,358.1,11504,10497,1.031,211
RAW,358.2,11502,10502,0.968,198
RAW,358.4,11508,10511,0.963,197
RAW,358.5,11523,10511,1.031,211
RAW,358.7,11518,10509,1.036,212
RAW,358.8,11524,10513,0.963,197
RAW,359.0,11526,10514,0.963,197
RAW,359.1,11537,10518,1.036,212
RAW,359.2,11521,10503,0.963,197
RAW,359.4,11491,10498,0.963,197
RAW,359.5,11466,10478,1.036,212
RAW,359.7,11368,10424,1.036,212
RAW,359.8,11307,10398,0.968,198
RAW,360.0,11233,10366,0.968,198
RAW,360.1,11205,10353,1.041,213
RAW,360.2,11183,10337,0.968,198
RAW,360.4,11154,10324,0.968,198
RAW,360.5,11144,10324,1.036,212
RAW,360.7,11136,10315,1.036,212
RAW,360.8,11125,10316,0.973,199
RAW,361.0,11121,10316,0.973,199
RAW,361.1,11130,10320,1.041,213
RAW,361.2,11132,10322,0.968,198
RAW,361.4,11130,10325,0.968,198
RAW,361.6,11157,10328,0.973,199
RAW,361.7,11170,10346,1.046,214
RAW,361.9,11200,10352,1.041,213
RAW,362.1,11229,10363,1.041,213
RAW,362.2,11244,10365,0.973,199
RAW,362.4,11260,10374,0.973,199
RAW,362.5,11262,10385,1.046,214
RAW,362.6,11270,10384,0.973,199
RAW,362.8,11265,10381,0.973,199
RAW,362.9,11267,10384,1.046,214
RAW,363.1,11269,10385,1.046,214
RAW,363.2,11266,10377,0.973,199
RAW,363.4,11262,10386,0.973,199
RAW,363.5,11271,10391,1.046,214
RAW,363.6,11268,10389,0.973,199
RAW,363.8,11292,10402,0.973,199
RAW,363.9,11298,10400,1.046,214
RAW,364.1,11315,10406,1.046,214
RAW,364.2,11318,10405,0.973,199
RAW,364.4,11332,10418,0.978,200
RAW,364.5,11344,10419,1.046,214
RAW,364.6,11342,10423,0.973,199
RAW,364.8,11359,10426,0.973,199
RAW,364.9,11361,10429,1.046,214
RAW,365.1,11388,10442,1.046,214
RAW,365.2,11391,10454,0.978,200
RAW,365.4,11403,10452,0.973,199
RAW,365.5,11403,10458,1.051,215
RAW,365.6,11406,10452,0.978,200
RAW,365.8,11420,10462,0.973,199
RAW,365.9,11425,10459,1.051,215
RAW,366.1,11429,10464,1.046,214
RAW,366.2,11440,10472,0.978,200
RAW,366.4,11444,10478,0.973,199
RAW,366.5,11442,10476,1.046,214
RAW,366.7,11450,10483,1.051,215
RAW,366.8,11455,10479,0.978,200
RAW,367.0,11469,10482,0.978,200
RAW,367.1,11476,10488,1.046,214
RAW,367.2,11468,10483,0.978,200
RAW,367.4,11481,10482,0.973,199
RAW,367.5,11481,10493,1.051,215
RAW,367.7,11484,10493,1.051,215
RAW,367.8,11496,10489,0.978,200
RAW,368.0,11487,10494,0.978,200
RAW,368.1,11487,10482,1.051,215
RAW,368.2,11460,10477,0.978,200
RAW,368.4,11371,10431,0.978,200
RAW,368.5,11320,10397,1.056,216
RAW,368.7,11217,10358,1.051,215
RAW,368.8,11193,10338,0.982,201
RAW,369.0,11132,10317,0.978,200
RAW,369.1,11119,10311,1.056,216
RAW,369.2,11112,10307,0.982,201
RAW,369.4,11100,10304,0.982,201
RAW,369.5,11092,10298,1.056,216
RAW,369.7,11092,10294,1.051,215
RAW,369.8,11094,10289,0.982,201
RAW,370.0,11090,10299,0.978,200
RAW,370.1,11097,10299,1.056,216
RAW,370.3,11105,10309,1.056,216
RAW,370.5,11138,10308,1.056,216
RAW,370.6,11147,10323,0.978,200
RAW,370.9,11179,10336,1.056,216
RAW,371.0,11189,10346,0.978,200
RAW,371.2,11213,10360,0.982,201
RAW,371.3,11219,10358,1.051,215
RAW,371.4,11217,10353,0.982,201
RAW,371.6,11218,10355,0.982,201
RAW,371.7,11216,10353,1.056,216
RAW,371.9,11226,10357,1.056,216
RAW,372.0,11216,10355,0.982,201
RAW,372.2,11225,10361,0.982,201
RAW,372.3,11233,10365,1.056,216
RAW,372.5,11244,10363,1.056,216
RAW,372.6,11246,10362,0.982,201
RAW,372.7,11254,10378,1.061,217
RAW,372.9,11262,10384,1.056,216
RAW,373.0,11280,10380,0.982,201
RAW,373.2,11285,10388,0.982,201
RAW,373.3,11296,10394,1.051,215
RAW,373.5,11306,10404,1.056,216
RAW,373.6,11325,10407,0.978,200
RAW,373.7,11328,10409,1.061,217
RAW,373.9,11348,10416,1.056,216
RAW,374.0,11353,10424,0.982,201
RAW,374.2,11366,10424,0.982,201
RAW,374.3,11376,10424,1.056,216
RAW,374.5,11381,10435,1.056,216
RAW,374.6,11389,10437,0.987,202
RAW,374.8,11401,10446,0.982,201
RAW,374.9,11410,10448,1.061,217
RAW,375.0,11414,10450,0.982,201
RAW,375.2,11420,10449,0.982,201
RAW,375.3,11420,10454,1.061,217
RAW,375.5,11432,10450,1.056,216
RAW,375.6,11430,10452,0.982,201
RAW,375.8,11447,10456,0.982,201
RAW,375.9,11447,10469,1.056,216
RAW,376.0,11458,10467,0.982,201
RAW,376.2,11462,10469,0.982,201
RAW,376.3,11454,10473,1.056,216
RAW,376.5,11464,10471,1.056,216
RAW,376.6,11463,10473,0.982,201
RAW,376.8,11419,10444,0.982,201
RAW,376.9,11375,10420,1.056,216
RAW,377.1,11278,10371,1.056,216
RAW,377.2,11229,10352,0.982,201
RAW,377.3,11195,10336,1.061,217
RAW,377.5,11137,10318,1.061,217
RAW,377.6,11127,10301,0.982,201
RAW,377.8,11111,10297,0.982,201
RAW,377.9,11107,10294,1.061,217
RAW,378.1,11102,10297,1.061,217
RAW,378.2,11100,10290,0.982,201
RAW,378.3,11105,10295,1.061,217
RAW,378.5,11101,10296,1.061,217
RAW,378.6,11107,10307,0.987,202
RAW,378.8,11123,10307,0.987,202
RAW,378.9,11142,10314,1.065,218
RAW,379.1,11176,10330,1.056,216
RAW,379.2,11189,10345,0.982,201
RAW,379.4,11218,10350,0.982,201
RAW,379.5,11235,10365,1.061,217
RAW,379.6,11241,10363,0.982,201
RAW,379.8,11248,10366,0.982,201
RAW,379.9,11254,10375,1.061,217
RAW,380.1,11256,10373,1.061,217
RAW,380.2,11250,10367,0.982,201
RAW,380.4,11250,10365,0.987,202
RAW,380.5,11251,10371,1.061,217
RAW,380.6,11259,10368,0.987,202
RAW,380.8,11260,10376,0.987,202
RAW,380.9,11260,10373,1.065,218
RAW,381.1,11274,10385,1.061,217
RAW,381.2,11275,10386,0.992,203
RAW,381.4,11290,10392,0.982,201
RAW,381.5,11297,10392,1.061,217
RAW,381.7,11312,10392,1.061,217
RAW,381.8,11325,10401,0.987,202
RAW,381.9,11324,10403,1.061,217
RAW,382.1,11339,10414,1.065,218
RAW,382.2,11357,10413,0.982,201
RAW,382.4,11360,10425,0.987,202
RAW,382.5,11367,10422,1.061,217
RAW,382.7,11387,10429,1.061,217
RAW,382.8,11388,10438,0.987,202
RAW,382.9,11398,10436,1.065,218
RAW,383.1,11407,10444,1.061,217
RAW,383.2,11419,10447,0.987,202
RAW,383.4,11420,10448,0.987,202
RAW,383.5,11424,10451,1.065,218
RAW,383.7,11430,10455,1.061,217
RAW,383.8,11436,10451,0.987,202
RAW,384.0,11439,10463,0.987,202
RAW,384.1,11449,10467,1.061,217
RAW,384.2,11450,10462,0.987,202
RAW,384.4,11457,10467,0.987,202
RAW,384.5,11463,10470,1.061,217
RAW,384.7,11468,10475,1.061,217
RAW,384.8,11460,10472,0.987,202
RAW,385.0,11452,10460,0.987,202
RAW,385.1,11441,10451,1.061,217
RAW,385.2,11403,10436,0.987,202
RAW,385.4,11302,10383,0.982,201
RAW,385.5,11244,10361,1.065,218
RAW,385.7,11171,10328,1.065,218
RAW,385.8,11145,10311,0.987,202
RAW,386.0,11104,10291,0.992,203
RAW,386.1,11103,10289,1.070,219
RAW,386.2,11087,10283,0.992,203
RAW,386.4,11081,10278,0.992,203
RAW,386.5,11083,10280,1.065,218
RAW,386.7,11077,10277,1.065,218
RAW,386.8,11076,10278,0.987,202
RAW,387.0,11089,10284,0.992,203
RAW,387.1,11101,10289,1.070,219
RAW,387.3,11111,10297,1.065,218
RAW,387.5,11146,10314,1.061,217
RAW,387.6,11162,10318,0.992,203
RAW,387.8,11188,10332,0.987,202
RAW,387.9,11201,10337,1.065,218
RAW,388.1,11216,10347,1.065,218
RAW,388.3,11217,10347,1.061,217
RAW,388.4,11227,10348,0.987,202
RAW,388.5,11227,10346,1.065,218
RAW,388.7,11226,10346,1.065,218
RAW,388.8,11224,10352,0.987,202
RAW,389.0,11235,10356,0.992,203
RAW,389.1,11234,10359,1.061,217
RAW,389.3,11235,10350,1.061,217
RAW,389.4,11244,10361,0.987,202
RAW,389.6,11258,10365,0.982,201
RAW,389.7,11270,10370,1.061,217
RAW,389.8,11272,10376,0.987,202
RAW,390.0,11292,10383,0.987,202
RAW,390.1,11297,10381,1.056,216
RAW,390.3,11306,10397,1.046,214
RAW,390.4,11318,10394,0.982,201
RAW,390.6,11327,10403,0.973,199
RAW,390.7,11337,10406,1.026,210
RAW,390.8,11350,10414,0.973,199
RAW,391.0,11368,10421,0.978,200
RAW,391.1,11373,10428,1.017,208
RAW,391.3,11399,10429,1.007,206
RAW,391.4,11396,10432,0.968,198
RAW,391.6,11412,10439,0.963,197
RAW,391.7,11421,10435,1.002,205
RAW,391.9,11427,10446,0.997,204
RAW,392.0,11431,10447,0.968,198
RAW,392.1,11422,10445,0.992,203
RAW,392.3,11432,10454,0.992,203
RAW,392.4,11441,10461,0.963,197
RAW,392.6,11447,10459,0.958,196
RAW,392.7,11461,10457,0.992,203
RAW,392.9,11463,10466,0.987,202
RAW,393.0,11462,10461,0.958,196
RAW,393.2,11462,10457,0.953,195
RAW,393.3,11450,10450,0.982,201
RAW,393.4,11432,10439,0.953,195
RAW,393.6,11356,10406,0.953,195
RAW,393.7,11315,10379,0.982,201
RAW,393.9,11213,10331,0.978,200
RAW,394.0,11182,10315,0.953,195
RAW,394.2,11134,10294,0.948,194
RAW,394.3,11124,10285,0.973,199
RAW,394.5,11111,10283,0.973,199
RAW,394.6,11105,10276,0.948,194
RAW,394.7,11099,10274,0.968,198
RAW,394.9,11102,10284,0.968,198
RAW,395.0,11094,10278,0.943,193
RAW,395.2,11105,10277,0.943,193
RAW,395.3,11111,10284,0.963,197
RAW,395.5,11127,10297,0.963,197
RAW,395.6,11134,10301,0.938,192
RAW,395.8,11181,10318,0.934,191
RAW,395.9,11194,10324,0.958,196
RAW,396.0,11203,10333,0.934,191
RAW,396.2,11227,10346,0.929,190
RAW,396.3,11233,10346,0.958,196
RAW,396.5,11244,10348,0.953,195
RAW,396.6,11244,10344,0.929,190
RAW,396.8,11243,10350,0.924,189
RAW,396.9,11244,10349,0.948,194
RAW,397.1,11242,10354,0.943,193
RAW,397.2,11242,10349,0.924,189
RAW,397.3,11244,10350,0.948,194
RAW,397.5,11242,10352,0.948,194
RAW,397.6,11256,10357,0.924,189
RAW,397.8,11258,10361,0.919,188
RAW,397.9,11263,10361,0.943,193
RAW,398.0,11273,10364,0.919,188
RAW,398.2,11279,10372,0.914,187
RAW,398.3,11284,10377,0.938,192
RAW,398.5,11300,10376,0.938,192
RAW,398.6,11308,10379,0.914,187
RAW,398.8,11321,10382,0.914,187
RAW,398.9,11329,10391,0.934,191
RAW,399.1,11348,10402,0.938,192
RAW,399.2,11347,10407,0.909,186
RAW,399.3,11353,10404,0.934,191
RAW,399.5,11362,10409,0.934,191
RAW,399.6,11362,10417,0.909,186
RAW,399.8,11370,10421,0.909,186
RAW,399.9,11378,10418,0.934,191
RAW,400.1,11386,10424,0.929,190
RAW,400.2,11394,10431,0.904,185
RAW,400.4,11396,10426,0.904,185
RAW,400.5,11397,10435,0.929,190
RAW,400.7,11399,10426,0.929,190
RAW,400.8,11398,10432,0.904,185
RAW,400.9,11390,10421,0.929,190
RAW,401.1,11361,10404,0.934,191
RAW,401.2,11311,10382,0.904,185
RAW,401.4,11214,10334,0.904,185
RAW,401.5,11166,10305,0.929,190
RAW,401.7,11113,10280,0.924,189
RAW,401.8,11100,10277,0.904,185
RAW,402.0,11062,10267,0.899,184
RAW,402.1,11045,10252,0.924,189
RAW,402.2,11047,10255,0.899,184
RAW,402.4,11039,10249,0.904,185
RAW,402.5,11030,10255,0.924,189
RAW,402.7,11027,10250,0.929,190
RAW,402.8,11032,10247,0.899,184
RAW,402.9,11031,10247,0.929,190
RAW,403.1,11038,10261,0.924,189
RAW,403.3,11048,10255,0.924,189
RAW,403.4,11070,10265,0.899,184
RAW,403.6,11086,10281,0.899,184
RAW,403.8,11111,10285,0.899,184
RAW,403.9,11120,10292,0.924,189
RAW,404.1,11128,10293,0.929,190
RAW,404.2,11124,10293,0.894,183
RAW,404.4,11119,10293,0.894,183
RAW,404.5,11120,10295,0.929,190
RAW,404.6,11119,10291,0.890,182
RAW,404.8,11135,10285,0.894,183
RAW,404.9,11128,10290,0.934,191
RAW,405.1,11119,10295,0.934,191
RAW,405.2,11127,10299,0.885,181
RAW,405.4,11127,10303,0.885,181
RAW,405.5,11131,10296,0.938,192
RAW,405.7,11146,10301,0.938,192
RAW,405.8,11150,10310,0.880,180
RAW,406.0,11158,10322,0.890,182
RAW,406.1,11167,10318,0.943,193
RAW,406.2,11188,10321,0.885,181
RAW,406.4,11194,10320,0.885,181
RAW,406.5,11204,10332,0.948,194
RAW,406.7,11217,10339,0.948,194
RAW,406.8,11223,10344,0.885,181
RAW,407.0,11242,10349,0.890,182
RAW,407.1,11251,10352,0.953,195
RAW,407.3,11261,10358,0.953,195
RAW,407.4,11265,10363,0.890,182
RAW,407.5,11274,10365,0.953,195
RAW,407.7,11290,10375,0.958,196
RAW,407.8,11298,10371,0.894,183
RAW,408.0,11310,10387,0.894,183
RAW,408.1,11315,10383,0.958,196
RAW,408.3,11315,10393,0.968,198
RAW,408.4,11318,10380,0.894,183
RAW,408.5,11311,10373,0.963,197
RAW,408.7,11248,10339,0.963,197
RAW,408.8,11207,10327,0.904,185
RAW,409.0,11117,10281,0.899,184
RAW,409.1,11092,10267,0.968,198
RAW,409.3,11046,10254,0.968,198
RAW,409.4,11040,10247,0.904,185
RAW,409.6,11014,10229,0.904,185
RAW,409.7,11002,10240,0.973,199
RAW,409.9,10998,10229,0.973,199
RAW,410.0,10988,10227,0.914,187
RAW,410.1,10995,10231,0.978,200
RAW,410.3,10986,10226,0.978,200
RAW,410.4,10986,10222,0.914,187
RAW,410.6,10990,10240,0.909,186
RAW,410.7,10999,10238,0.978,200
RAW,410.9,11009,10238,0.987,202
RAW,411.0,11030,10246,0.914,187
RAW,411.2,11054,10259,0.914,187
RAW,411.3,11065,10260,0.982,201
RAW,411.4,11068,10268,0.919,188
RAW,411.6,11081,10273,0.914,187
RAW,411.7,11083,10273,0.987,202
RAW,411.9,11097,10282,0.987,202
RAW,412.0,11087,10276,0.924,189
RAW,412.2,11086,10274,0.919,188
RAW,412.3,11084,10282,0.992,203
RAW,412.4,11096,10273,0.924,189
RAW,412.6,11094,10277,0.929,190
RAW,412.7,11104,10286,0.992,203
RAW,412.9,11102,10289,0.992,203
RAW,413.0,11106,10286,0.924,189
RAW,413.1,11119,10288,0.997,204
RAW,413.3,11130,10291,1.002,205
RAW,413.4,11140,10295,0.929,190
RAW,413.6,11148,10302,0.924,189
RAW,413.7,11159,10310,1.002,205
RAW,413.9,11170,10309,0.997,204
RAW,414.0,11182,10318,0.934,191
RAW,414.1,11189,10324,0.997,204
RAW,414.3,11201,10333,1.007,206
RAW,414.4,11209,10332,0.934,191
RAW,414.6,11219,10341,0.934,191
RAW,414.7,11233,10341,1.002,205
RAW,414.9,11243,10351,1.007,206
RAW,415.0,11249,10352,0.934,191
RAW,415.2,11264,10355,0.934,191
RAW,415.3,11264,10364,1.007,206
RAW,415.4,11273,10359,0.943,193
RAW,415.6,11281,10361,0.938,192
RAW,415.7,11284,10371,1.007,206
RAW,415.9,11291,10361,1.012,207
RAW,416.0,11295,10372,0.938,192
RAW,416.2,11312,10374,0.938,192
RAW,416.3,11302,10382,1.012,207
RAW,416.5,11278,10353,1.012,207
RAW,416.6,11235,10337,0.943,193
RAW,416.7,11195,10313,1.012,207
RAW,416.9,11100,10272,1.017,208
RAW,417.0,11074,10257,0.943,193
RAW,417.2,11026,10236,0.943,193
RAW,417.3,11010,10230,1.012,207
RAW,417.5,10989,10221,1.017,208
RAW,417.6,10981,10217,0.948,194
RAW,417.7,10974,10215,1.017,208
RAW,417.9,10967,10207,1.022,209
RAW,418.0,10960,10210,0.948,194
RAW,418.2,10959,10204,0.948,194
RAW,418.3,10957,10209,1.022,209
RAW,418.5,10968,10208,1.022,209
RAW,418.6,10972,10211,0.948,194
RAW,418.7,10982,10217,1.022,209
RAW,418.9,10994,10229,1.022,209
RAW,419.0,11003,10234,0.953,195
RAW,419.2,11030,10241,0.948,194
RAW,419.3,11035,10249,1.022,209
RAW,419.5,11048,10254,1.022,209
RAW,419.6,11053,10249,0.953,195
RAW,419.8,11051,10254,0.953,195
RAW,419.9,11056,10249,1.031,211
RAW,420.1,11057,10255,1.031,211
RAW,420.2,11058,10261,0.953,195
RAW,420.3,11059,10247,1.031,211
RAW,420.5,11061,10259,1.026,210
RAW,420.6,11059,10259,0.958,196
RAW,420.8,11067,10262,0.953,195
RAW,420.9,11069,10258,1.026,210
RAW,421.1,11084,10263,1.031,211
RAW,421.2,11090,10270,0.958,196
RAW,421.4,11103,10273,0.958,196
RAW,421.5,11110,10281,1.031,211
RAW,421.6,11118,10280,0.963,197
RAW,421.8,11132,10286,0.958,196
RAW,421.8,11145,10296,1.031,211
RAW,422.1,11157,10297,1.036,212
RAW,422.2,11173,10303,0.968,198
RAW,422.4,11193,10309,0.963,197
RAW,422.5,11202,10316,1.031,211
RAW,422.7,11213,10327,1.031,211
RAW,422.8,11221,10332,0.963,197
RAW,422.9,11228,10328,1.036,212
RAW,423.1,11246,10332,1.036,212
RAW,423.1,11247,10341,0.963,197
RAW,423.4,11256,10348,0.968,198
RAW,423.5,11263,10350,1.036,212
RAW,423.5,11273,10351,0.968,198
RAW,423.8,11289,10359,0.968,198
RAW,423.9,11293,10360,1.036,212
RAW,424.1,11306,10371,1.036,212
RAW,424.3,11310,10372,1.036,212
RAW,424.5,11280,10350,1.036,212
RAW,424.7,11185,10297,1.041,213
RAW,424.8,11082,10261,1.036,212
RAW,425.1,11024,10238,1.041,213
RAW,425.3,10999,10221,1.036,212
RAW,425.4,10980,10210,0.968,198
RAW,425.6,10964,10212,0.973,199
RAW,425.8,10962,10206,0.968,198
RAW,426.0,10955,10197,0.973,199
RAW,426.1,10958,10207,0.978,200
RAW,426.5,10963,10205,1.041,213
RAW,426.5,10976,10210,0.973,199
RAW,426.9,11002,10227,1.041,213
RAW,427.0,11018,10229,0.978,200
RAW,427.2,11044,10236,0.973,199
RAW,427.3,11055,10246,1.041,213
RAW,427.5,11065,10250,1.046,214
RAW,427.6,11070,10254,0.973,199
RAW,427.7,11062,10254,1.046,214
RAW,427.9,11078,10258,1.046,214
RAW,428.0,11070,10260,0.978,200
RAW,428.2,11075,10251,0.982,201
RAW,428.2,11072,10258,1.046,214
RAW,428.5,11070,10253,1.046,214
RAW,428.6,11076,10259,0.978,200
RAW,428.8,11091,10266,0.978,200
RAW,428.9,11093,10263,1.051,215
RAW,429.0,11098,10273,0.978,200
RAW,429.1,11111,10275,0.978,200
RAW,429.3,11121,10280,1.051,215
RAW,429.5,11123,10290,1.051,215
RAW,429.5,11136,10289,0.978,200
RAW,429.8,11152,10293,0.978,200
RAW,429.9,11164,10303,1.046,214
RAW,430.0,11179,10307,0.978,200
RAW,430.2,11194,10311,0.978,200
RAW,430.3,11203,10319,1.046,214
RAW,430.5,11224,10336,1.051,215
RAW,430.6,11231,10326,0.982,201
RAW,430.8,11242,10342,0.978,200
RAW,430.8,11251,10342,1.056,216
RAW,431.1,11259,10350,1.051,215
RAW,431.2,11268,10354,0.982,201
RAW,431.4,11277,10352,0.982,201
RAW,431.5,11290,10355,1.051,215
RAW,431.7,11291,10357,1.056,216
RAW,431.8,11295,10360,0.982,201
RAW,432.0,11302,10361,0.987,202
RAW,432.1,11311,10370,1.051,215
RAW,432.2,11319,10377,0.987,202
RAW,432.4,11331,10375,0.982,201
RAW,432.5,11332,10381,1.051,215
RAW,432.7,11325,10374,1.051,215
RAW,432.8,11313,10364,0.987,202
RAW,433.0,11235,10325,0.987,202
RAW,433.1,11181,10296,1.051,215
RAW,433.3,11074,10250,1.051,215
RAW,433.4,11039,10241,0.987,202
RAW,433.5,11017,10228,1.051,215
RAW,433.7,10977,10215,1.056,216
RAW,433.7,10967,10207,0.987,202
RAW,434.0,10956,10193,0.982,201
RAW,434.1,10941,10198,1.056,216
RAW,434.2,10937,10190,1.061,217
RAW,434.4,10936,10188,0.987,202
RAW,434.6,10947,10184,0.987,202
RAW,434.6,10944,10191,1.056,216
RAW,434.9,10948,10194,1.056,216
RAW,435.0,10964,10205,0.992,203
RAW,435.2,10981,10213,0.987,202
RAW,435.4,11009,10220,0.987,202
RAW,435.5,11024,10229,1.056,216
RAW,435.7,11035,10236,1.056,216
RAW,435.8,11051,10239,0.987,202
RAW,436.0,11067,10248,0.987,202
RAW,436.1,11059,10246,1.051,215
RAW,436.3,11056,10245,1.056,216
RAW,436.3,11056,10252,0.987,202
RAW,436.6,11065,10243,0.987,202
RAW,436.7,11064,10245,1.056,216
RAW,436.9,11063,10248,1.056,216
RAW,437.0,11068,10245,0.987,202
RAW,437.2,11080,10255,0.987,202
RAW,437.2,11079,10254,1.056,216
RAW,437.5,11096,10264,1.056,216
RAW,437.6,11104,10272,0.987,202
RAW,437.8,11115,10274,0.987,202
RAW,437.9,11125,10278,1.056,216
RAW,438.0,11138,10278,0.987,202
RAW,438.2,11149,10289,0.987,202
RAW,438.3,11166,10295,1.056,216
RAW,438.5,11182,10303,1.061,217
RAW,438.6,11187,10306,0.992,203
RAW,438.8,11202,10323,0.987,202
RAW,438.9,11214,10318,1.056,216
RAW,439.0,11220,10323,0.987,202
RAW,439.2,11242,10332,0.992,203
RAW,439.3,11242,10332,1.061,217
RAW,439.5,11259,10338,1.056,216
RAW,439.6,11259,10344,0.992,203
RAW,439.8,11278,10349,0.997,204
RAW,439.9,11279,10355,1.056,216
RAW,440.1,11284,10352,1.061,217
RAW,440.2,11295,10358,0.992,203
RAW,440.3,11300,10353,1.056,216
RAW,440.5,11301,10366,1.061,217
RAW,440.6,11311,10372,0.992,203
RAW,440.8,11308,10366,0.992,203
RAW,440.9,11312,10374,1.061,217
RAW,441.1,11320,10371,1.061,217
RAW,441.2,11332,10370,0.992,203
RAW,441.4,11323,10372,0.992,203
RAW,441.5,11319,10370,1.061,217
RAW,441.7,11248,10334,1.061,217
RAW,441.8,11187,10296,0.987,202
RAW,441.8,11127,10268,1.056,216
RAW,442.1,11048,10235,1.061,217
RAW,442.2,11019,10227,0.992,203
RAW,442.3,10979,10209,0.992,203
RAW,442.5,10963,10195,1.056,216
RAW,442.7,10945,10195,1.061,217
RAW,442.7,10948,10201,0.992,203
RAW,442.9,10932,10196,1.061,217
RAW,443.1,10928,10192,1.056,216
RAW,443.1,10928,10198,0.997,204
RAW,443.4,10941,10197,0.992,203
RAW,443.5,10949,10195,1.056,216
RAW,443.6,10969,10203,1.056,216
RAW,443.8,10971,10212,0.992,203
RAW,444.0,11007,10223,0.997,204
RAW,444.2,11027,10236,0.992,203
RAW,444.4,11064,10246,0.992,203
RAW,444.5,11075,10249,1.056,216
RAW,444.7,11081,10257,1.056,216
RAW,444.8,11081,10262,0.992,203
RAW,445.0,11091,10261,0.987,202
RAW,445.1,11083,10261,1.056,216
RAW,445.2,11083,10254,0.992,203
RAW,445.3,11085,10266,0.992,203
RAW,445.5,11093,10260,1.061,217
RAW,445.7,11093,10259,1.056,216
RAW,445.7,11098,10274,0.992,203
RAW,446.0,11114,10274,0.992,203
RAW,446.1,11125,10275,1.061,217
RAW,446.3,11132,10284,1.061,217
RAW,446.4,11134,10282,0.997,204
RAW,446.5,11142,10287,1.056,216
RAW,446.7,11160,10299,1.061,217
RAW,446.8,11175,10307,0.997,204
RAW,447.0,11192,10309,0.997,204
RAW,447.0,11199,10312,1.061,217
RAW,447.3,11221,10322,1.061,217
RAW,447.4,11223,10328,0.997,204
RAW,447.6,11240,10337,0.992,203
RAW,447.7,11254,10341,1.061,217
RAW,447.8,11258,10343,0.992,203
RAW,448.0,11269,10353,0.992,203
RAW,448.1,11286,10357,1.056,216
RAW,448.3,11291,10352,1.061,217
RAW,448.3,11301,10361,0.992,203
RAW,448.6,11310,10362,0.992,203
RAW,448.7,11306,10363,1.061,217
RAW,448.9,11312,10368,1.061,217
RAW,449.0,11323,10370,0.997,204
RAW,449.1,11318,10375,1.056,216
RAW,449.3,11324,10374,1.056,216
RAW,449.4,11332,10380,0.997,204
RAW,449.6,11335,10384,0.997,204
RAW,449.7,11344,10383,1.061,217
RAW,449.9,11345,10387,1.056,216
RAW,450.0,11362,10391,0.997,204
RAW,450.0,11364,10393,1.056,216
RAW,450.3,11368,10398,1.065,218
RAW,450.3,11363,10390,0.997,204
RAW,450.6,11327,10370,0.992,203
RAW,450.7,11295,10356,1.056,216
RAW,450.9,11180,10292,1.061,217
RAW,451.0,11117,10265,0.992,203
RAW,451.2,11045,10237,0.997,204
RAW,451.2,11022,10219,1.061,217
RAW,451.4,11006,10217,0.997,204
RAW,451.6,10986,10208,0.997,204
RAW,451.6,10976,10203,1.061,217
RAW,451.9,10970,10199,1.056,216
RAW,452.0,10959,10205,0.997,204
RAW,452.1,10957,10200,0.997,204
RAW,452.3,10962,10206,1.061,217
RAW,452.4,10980,10203,0.997,204
RAW,452.5,10986,10206,0.997,204
RAW,452.8,10999,10214,0.997,204
RAW,452.9,11011,10231,1.061,217
RAW,453.1,11042,10232,1.056,216
RAW,453.2,11063,10251,0.997,204
RAW,453.3,11084,10261,0.997,204
RAW,453.6,11100,10265,1.002,205
RAW,453.7,11107,10264,1.056,216
RAW,453.8,11110,10267,1.061,217
RAW,454.0,11107,10266,0.997,204
RAW,454.1,11114,10267,1.056,216
RAW,454.2,11110,10267,1.056,216
RAW,454.4,11111,10267,0.997,204
RAW,454.6,11121,10268,0.997,204
RAW,454.6,11113,10273,1.061,217
RAW,454.9,11122,10274,1.061,217
RAW,455.0,11129,10272,0.997,204
RAW,455.1,11139,10281,1.002,205
RAW,455.3,11147,10279,1.061,217
RAW,455.4,11155,10296,0.997,204
RAW,455.5,11170,10297,1.002,205
RAW,455.7,11185,10297,1.061,217
RAW,455.9,11197,10318,1.056,216
RAW,456.0,11213,10312,1.002,205
RAW,456.2,11228,10322,0.997,204
RAW,456.3,11234,10322,1.056,216
RAW,456.3,11240,10322,1.002,205
RAW,456.6,11256,10344,1.002,205
RAW,456.7,11261,10341,1.061,217
RAW,456.8,11282,10353,1.061,217
RAW,457.0,11285,10349,1.002,205
RAW,457.2,11299,10359,1.002,205
RAW,457.2,11295,10359,1.061,217
RAW,457.5,11303,10359,1.061,217
RAW,457.6,11316,10364,1.002,205
RAW,457.6,11319,10368,1.061,217
RAW,457.9,11324,10370,1.061,217
RAW,458.0,11328,10370,1.002,205
RAW,458.1,11340,10381,1.002,205
RAW,458.3,11345,10380,1.061,217
RAW,458.5,11352,10383,1.061,217
RAW,458.5,11364,10380,1.002,205
RAW,458.7,11367,10384,1.061,217
RAW,458.9,11381,10391,1.056,216
RAW,459.0,11367,10382,1.002,205
RAW,459.2,11349,10371,1.002,205
RAW,459.3,11306,10352,1.061,217
RAW,459.5,11205,10295,1.061,217
RAW,459.6,11144,10270,1.002,205
RAW,459.8,11059,10232,1.007,206
RAW,459.8,11025,10219,1.061,217
RAW,460.0,11019,10214,1.002,205
RAW,460.2,10989,10201,1.002,205
RAW,460.2,10982,10197,1.061,217
RAW,460.5,10983,10195,1.065,218
RAW,460.6,10977,10199,1.007,206
RAW,460.8,10983,10197,1.002,205
RAW,460.9,10985,10205,1.061,217
RAW,461.0,10991,10200,1.002,205
RAW,461.1,11000,10205,1.007,206
RAW,461.3,11004,10212,1.061,217
RAW,461.5,11039,10221,1.061,217
RAW,461.7,11070,10243,1.065,218
RAW,461.8,11089,10245,1.002,205
RAW,462.0,11112,10257,1.007,206
RAW,462.1,11122,10270,1.061,217
RAW,462.2,11139,10274,1.007,206
RAW,462.3,11149,10274,1.002,205
RAW,462.5,11150,10277,1.061,217
RAW,462.7,11142,10278,1.061,217
RAW,462.7,11145,10270,1.007,206
RAW,462.8,11154,10273,1.065,218
RAW,463.1,11141,10279,1.065,218
RAW,463.1,11148,10279,1.007,206
RAW,463.4,11152,10287,1.007,206
RAW,463.5,11169,10287,1.061,217
RAW,463.6,11173,10293,1.061,217
RAW,463.8,11181,10294,1.007,206
RAW,463.9,11196,10296,1.061,217
RAW,464.0,11197,10298,1.061,217
RAW,464.2,11201,10303,1.007,206
RAW,464.4,11214,10314,1.007,206
RAW,464.5,11233,10320,1.061,217
RAW,464.7,11248,10327,1.061,217
RAW,464.8,11259,10323,1.007,206
RAW,464.8,11264,10333,1.061,217
RAW,465.1,11282,10339,1.061,217
RAW,465.2,11278,10340,1.007,206
RAW,465.3,11298,10351,1.012,207
RAW,465.5,11306,10347,1.061,217
RAW,465.7,11320,10348,1.065,218
RAW,465.7,11317,10358,1.007,206
RAW,466.0,11327,10361,1.007,206
RAW,466.1,11332,10365,1.061,217
RAW,466.1,11329,10367,1.007,206
RAW,466.4,11341,10367,1.012,207
RAW,466.5,11342,10363,1.065,218
RAW,466.6,11346,10369,1.065,218
RAW,466.8,11348,10374,1.012,207
RAW,467.0,11356,10374,1.012,207
RAW,467.0,11355,10374,1.061,217
RAW,467.3,11363,10382,1.065,218
RAW,467.4,11373,10382,1.017,208
RAW,467.5,11376,10387,1.061,217
RAW,467.7,11367,10379,1.061,217
RAW,467.8,11355,10377,1.012,207
RAW,468.0,11292,10340,1.012,207
RAW,468.1,11248,10318,1.061,217
RAW,468.3,11122,10252,1.065,218
RAW,468.3,11078,10233,1.012,207
RAW,468.5,11048,10220,1.065,218
RAW,468.7,10991,10200,1.065,218
RAW,468.7,10987,10199,1.012,207
RAW,469.0,10959,10194,1.012,207
RAW,469.1,10964,10190,1.061,217
RAW,469.2,10965,10189,1.065,218
RAW,469.4,10963,10184,1.012,207
RAW,469.5,10968,10182,1.061,217
RAW,469.6,10971,10183,1.065,218
RAW,469.9,10984,10196,1.061,217
RAW,470.0,10992,10201,1.017,208
RAW,470.2,11015,10214,1.017,208
RAW,470.5,11067,10230,1.065,218
RAW,470.6,11075,10240,1.012,207
RAW,470.7,11088,10242,1.061,217
RAW,470.8,11103,10256,1.061,217
RAW,471.0,11108,10248,1.012,207
RAW,471.2,11108,10257,1.012,207
RAW,471.2,11113,10255,1.065,218
RAW,471.5,11112,10257,1.070,219
RAW,471.6,11108,10249,1.017,208
RAW,471.6,11114,10257,1.061,217
RAW,471.9,11120,10253,1.065,218
RAW,472.0,11113,10263,1.017,208
RAW,472.1,11122,10260,1.012,207
RAW,472.3,11128,10264,1.061,217
RAW,472.5,11136,10266,1.070,219
RAW,472.5,11143,10269,1.012,207
RAW,472.6,11155,10271,1.061,217
RAW,472.9,11167,10283,1.070,219
RAW,473.0,11170,10284,1.017,208
RAW,473.2,11196,10292,1.017,208
RAW,473.3,11210,10294,1.061,217
RAW,473.5,11225,10309,1.061,217
RAW,473.6,11234,10307,1.017,208
RAW,473.7,11232,10314,1.061,217
RAW,473.8,11256,10318,1.065,218
RAW,474.0,11257,10321,1.017,208
RAW,474.2,11267,10324,1.017,208
RAW,474.2,11276,10330,1.065,218
RAW,474.5,11287,10338,1.065,218
RAW,474.6,11292,10336,1.017,208
RAW,474.7,11301,10347,1.012,207
RAW,474.9,11307,10348,1.061,217
RAW,475.0,11309,10346,1.012,207
RAW,475.1,11318,10346,1.017,208
RAW,475.3,11332,10353,1.056,216
RAW,475.5,11327,10353,1.061,217
RAW,475.5,11333,10359,1.017,208
RAW,475.8,11338,10362,1.012,207
RAW,475.8,11338,10364,1.056,216
RAW,476.0,11353,10366,1.061,217
RAW,476.2,11360,10368,1.012,207
RAW,476.2,11360,10373,1.051,215
RAW,476.5,11352,10365,1.061,217
RAW,476.6,11345,10359,1.012,207
RAW,476.7,11296,10325,1.012,207
RAW,476.8,11241,10305,1.056,216
RAW,477.1,11120,10251,1.056,216
RAW,477.1,11073,10230,1.007,206
RAW,477.3,11009,10198,1.012,207
RAW,477.5,10994,10191,1.056,216
RAW,477.5,10972,10189,1.012,207
RAW,477.7,10954,10181,1.007,206
RAW,477.9,10942,10173,1.056,216
RAW,478.0,10935,10172,1.056,216
RAW,478.1,10933,10165,1.007,206
RAW,478.4,10931,10176,1.007,206
RAW,478.5,10944,10172,1.051,215
RAW,478.5,10942,10172,1.007,206
RAW,478.8,10952,10179,1.007,206
RAW,479.0,10974,10193,1.002,205
RAW,479.0,10985,10201,1.046,214
RAW,479.3,11013,10217,1.051,215
RAW,479.3,11025,10220,1.007,206
RAW,479.6,11052,10228,1.007,206
RAW,479.6,11053,10229,1.046,214
RAW,479.8,11072,10237,1.046,214
RAW,480.0,11068,10235,1.007,206
RAW,480.2,11062,10237,1.007,206
RAW,480.2,11067,10237,1.046,214
RAW,480.5,11066,10234,1.046,214
RAW,480.5,11062,10227,1.007,206
RAW,480.6,11065,10234,1.041,213
RAW,480.9,11083,10238,1.046,214
RAW,481.0,11074,10235,1.002,205
RAW,481.1,11082,10243,1.002,205
RAW,481.3,11092,10247,1.041,213
RAW,481.5,11100,10251,1.046,214
RAW,481.5,11119,10256,1.002,205
RAW,481.8,11128,10266,1.002,205
RAW,481.8,11144,10263,1.041,213
RAW,482.0,11152,10271,1.046,214
RAW,482.2,11166,10283,1.002,205
RAW,482.2,11168,10282,1.041,213
RAW,482.5,11183,10291,1.041,213
RAW,482.6,11187,10298,1.002,205
RAW,482.7,11203,10304,0.997,204
RAW,482.8,11208,10306,1.041,213
RAW,483.1,11232,10311,1.041,213
RAW,483.1,11232,10314,1.002,205
RAW,483.2,11251,10321,1.036,212
RAW,483.5,11257,10322,1.041,213
RAW,483.5,11269,10330,1.002,205
RAW,483.7,11280,10329,1.002,205
RAW,483.9,11274,10330,1.041,213
RAW,484.0,11289,10337,1.041,213
RAW,484.1,11288,10339,1.002,205
RAW,484.4,11296,10333,1.002,205
RAW,484.5,11290,10340,1.036,212
RAW,484.7,11298,10346,1.046,214
RAW,484.8,11305,10350,1.002,205
RAW,484.8,11309,10348,1.041,213
RAW,485.1,11323,10351,1.041,213
RAW,485.2,11330,10355,1.007,206
RAW,485.3,11334,10355,1.002,205
RAW,485.5,11319,10349,1.041,213
RAW,485.7,11270,10317,1.046,214
RAW,485.7,11226,10295,1.002,205
RAW,486.0,11104,10242,1.002,205
RAW,486.1,11055,10223,1.041,213
RAW,486.1,11012,10200,1.002,205
RAW,486.4,10971,10189,1.002,205
RAW,486.5,10955,10177,1.041,213
RAW,486.6,10929,10179,1.041,213
RAW,486.7,10934,10170,1.007,206
RAW,487.0,10929,10164,1.002,205
RAW,487.0,10926,10164,1.036,212
RAW,487.3,10923,10164,1.041,213
RAW,487.4,10922,10160,1.007,206
RAW,487.5,10930,10164,1.041,213
RAW,487.7,10936,10172,1.036,212
RAW,487.7,10945,10177,1.007,206
RAW,488.0,10962,10188,1.002,205
RAW,488.2,10988,10198,1.007,206
RAW,488.2,11003,10200,1.041,213
RAW,488.5,11021,10207,1.041,213
RAW,488.6,11029,10216,1.007,206
RAW,488.7,11031,10219,1.007,206
RAW,488.8,11029,10211,1.041,213
RAW,489.0,11029,10215,1.007,206
RAW,489.1,11021,10210,1.002,205
RAW,489.2,11021,10210,1.041,213
RAW,489.5,11029,10212,1.041,213
RAW,489.5,11027,10213,1.007,206
RAW,489.8,11035,10224,1.002,205
RAW,489.9,11032,10221,1.036,212
RAW,490.0,11037,10224,1.041,213
RAW,490.1,11052,10225,1.012,207
RAW,490.3,11056,10229,1.036,212
RAW,490.5,11070,10229,1.041,213
RAW,490.5,11075,10236,1.007,206
RAW,490.8,11094,10247,1.007,206
RAW,490.8,11105,10249,1.036,212
RAW,491.1,11120,10249,1.046,214
RAW,491.2,11126,10258,1.007,206
RAW,491.2,11133,10265,1.041,213
RAW,491.5,11150,10269,1.041,213
RAW,491.5,11157,10273,1.007,206
RAW,491.7,11167,10286,1.002,205
RAW,491.8,11182,10276,1.041,213
RAW,492.1,11197,10289,1.046,214
RAW,492.1,11208,10291,1.007,206
RAW,492.4,11214,10298,1.007,206
RAW,492.5,11213,10298,1.041,213
RAW,492.5,11228,10302,1.012,207
RAW,492.8,11226,10299,1.007,206
RAW,492.8,11232,10305,1.041,213
RAW,493.0,11242,10310,1.046,214
RAW,493.1,11246,10311,1.012,207
RAW,493.2,11246,10318,1.041,213
RAW,493.5,11261,10315,1.041,213
RAW,493.5,11262,10317,1.007,206
RAW,493.7,11274,10322,1.007,206
RAW,493.8,11275,10327,1.041,213
RAW,494.1,11262,10315,1.046,214
RAW,494.1,11238,10311,1.012,207
RAW,494.3,11162,10270,1.012,207
RAW,494.5,11104,10237,1.041,213
RAW,494.5,11059,10218,1.012,207
RAW,494.7,10998,10187,1.012,207
RAW,494.8,10965,10174,1.046,214
RAW,495.0,10934,10160,1.046,214
RAW,495.1,10925,10164,1.012,207
RAW,495.4,10912,10151,1.012,207
RAW,495.5,10908,10150,1.046,214
RAW,495.5,10899,10144,1.017,208
RAW,495.8,10909,10145,1.012,207
RAW,495.8,10899,10145,1.046,214
RAW,496.0,10906,10153,1.046,214
RAW,496.2,10911,10159,1.012,207
RAW,496.3,10933,10164,1.017,208
RAW,496.5,10953,10170,1.041,213
RAW,496.7,10976,10182,1.046,214
RAW,496.8,10998,10189,1.041,213
RAW,497.1,11018,10205,1.046,214
RAW,497.1,11024,10207,1.017,208
RAW,497.3,11023,10200,1.012,207
RAW,497.5,11021,10204,1.046,214
RAW,497.6,11031,10199,1.046,214
RAW,497.7,11021,10200,1.017,208
RAW,497.9,11028,10202,1.041,213
RAW,498.0,11027,10200,1.046,214
RAW,498.1,11030,10209,1.022,209
RAW,498.4,11038,10215,1.017,208
RAW,498.5,11048,10213,1.041,213
RAW,498.6,11054,10220,1.051,215
RAW,498.8,11055,10219,1.017,208
RAW,499.0,11077,10228,1.017,208
RAW,499.0,11086,10233,1.046,214
RAW,499.2,11093,10244,1.022,209
RAW,499.3,11123,10243,1.022,209
RAW,499.5,11128,10244,1.041,213
RAW,499.7,11141,10252,1.046,214
RAW,499.7,11149,10263,1.022,209
RAW,500.0,11166,10268,1.017,208
RAW,500.1,11161,10273,1.046,214
RAW,500.2,11191,10285,1.046,214
RAW,500.3,11192,10283,1.022,209
RAW,500.5,11202,10292,1.046,214
RAW,500.6,11211,10294,1.046,214
RAW,500.7,11217,10289,1.022,209
RAW,501.0,11227,10299,1.022,209
RAW,501.0,11232,10301,1.041,213
RAW,501.2,11246,10302,1.046,214
RAW,501.3,11250,10307,1.022,209
RAW,501.5,11252,10307,1.046,214
RAW,501.6,11252,10310,1.046,214
RAW,501.7,11262,10310,1.022,209
RAW,502.0,11280,10323,1.022,209
RAW,502.0,11274,10318,1.041,213
RAW,502.2,11290,10324,1.046,214
RAW,502.3,11289,10326,1.022,209
RAW,502.6,11283,10320,1.022,209
RAW,502.6,11263,10305,1.046,214
RAW,502.8,11186,10264,1.046,214
RAW,503.0,11126,10230,1.022,209
RAW,503.0,11070,10205,1.041,213
RAW,503.2,10996,10178,1.046,214
RAW,503.3,10977,10164,1.022,209
RAW,503.5,10934,10154,1.022,209
RAW,503.6,10930,10147,1.041,213
RAW,503.9,10914,10143,1.046,214
RAW,504.0,10908,10141,1.022,209
RAW,504.0,10905,10141,1.046,214
RAW,504.3,10902,10140,1.046,214
RAW,504.3,10897,10140,1.022,209
RAW,504.5,10903,10138,1.026,210
RAW,504.6,10909,10147,1.046,214
RAW,504.8,10927,10151,1.046,214
RAW,505.0,10938,10159,1.026,210
RAW,505.2,10961,10168,1.022,209
RAW,505.3,10997,10182,1.026,210
RAW,505.5,11005,10194,1.041,213
RAW,505.6,11028,10198,1.051,215
RAW,505.7,11029,10204,1.026,210
RAW,506.0,11031,10206,1.026,210
RAW,506.0,11041,10196,1.046,214
RAW,506.1,11031,10199,1.026,210
RAW,506.3,11026,10201,1.031,211
RAW,506.5,11032,10195,1.051,215
RAW,506.6,11035,10203,1.051,215
RAW,506.7,11038,10207,1.026,210
RAW,507.0,11052,10204,1.022,209
RAW,507.0,11056,10209,1.046,214
RAW,507.3,11065,10221,1.046,214
RAW,507.3,11081,10221,1.026,210
RAW,507.5,11081,10225,1.041,213
RAW,507.6,11100,10232,1.051,215
RAW,507.7,11105,10228,1.026,210
RAW,508.0,11125,10243,1.026,210
RAW,508.0,11137,10245,1.041,213
RAW,508.2,11150,10256,1.051,215
RAW,508.3,11160,10252,1.031,211
RAW,508.5,11165,10265,1.046,214
RAW,508.6,11190,10270,1.046,214
RAW,508.7,11196,10277,1.026,210
RAW,509.0,11210,10288,1.026,210
RAW,509.0,11210,10283,1.041,213
RAW,509.2,11222,10295,1.051,215
RAW,509.3,11228,10294,1.026,210
RAW,509.5,11229,10297,1.041,213
RAW,509.6,11239,10306,1.046,214
RAW,509.7,11243,10303,1.026,210
RAW,510.0,11255,10307,1.026,210
RAW,510.0,11260,10312,1.046,214
RAW,510.3,11273,10313,1.046,214
RAW,510.3,11280,10313,1.031,211
RAW,510.5,11287,10314,1.026,210
RAW,510.7,11292,10319,1.041,213
RAW,510.8,11296,10319,1.051,215
RAW,511.0,11300,10325,1.031,211
RAW,511.0,11308,10329,1.046,214
RAW,511.2,11295,10320,1.046,214
RAW,511.3,11287,10308,1.031,211
RAW,511.6,11213,10281,1.031,211
RAW,511.6,11155,10241,1.046,214
RAW,511.8,11046,10196,1.046,214
RAW,512.0,11007,10175,1.031,211
RAW,512.0,10976,10169,1.041,213
RAW,512.2,10943,10148,1.046,214
RAW,512.3,10931,10143,1.031,211
RAW,512.5,10914,10133,1.026,210
RAW,512.7,10899,10134,1.041,213
RAW,512.9,10898,10131,1.046,214
RAW,513.0,10899,10135,1.026,210
RAW,513.0,10894,10143,1.041,213
RAW,513.2,10894,10134,1.041,213
RAW,513.5,10913,10134,1.046,214
RAW,513.5,10925,10145,1.031,211
RAW,513.7,10941,10158,1.031,211
RAW,514.0,10962,10165,1.026,210
RAW,514.0,10979,10171,1.041,213
RAW,514.2,11006,10182,1.046,214
RAW,514.3,11010,10189,1.036,212
RAW,514.6,11019,10188,1.031,211
RAW,514.7,11021,10195,1.046,214
RAW,514.7,11025,10197,1.036,212
RAW,515.0,11016,10184,1.036,212
RAW,515.0,11013,10191,1.046,214
RAW,515.2,11025,10190,1.046,214
RAW,515.4,11023,10189,1.031,211
RAW,515.5,11024,10197,1.031,211
RAW,515.7,11025,10197,1.046,214
RAW,515.7,11030,10192,1.041,213
RAW,516.0,11044,10207,1.036,212
RAW,516.0,11049,10205,1.041,213
RAW,516.3,11065,10218,1.046,214
RAW,516.3,11075,10220,1.031,211
RAW,516.5,11087,10219,1.031,211
RAW,516.7,11101,10231,1.041,213
RAW,516.8,11116,10244,1.046,214
RAW,517.0,11129,10237,1.031,211
RAW,517.0,11139,10243,1.041,213
RAW,517.2,11152,10253,1.046,214
RAW,517.3,11165,10256,1.036,212
RAW,517.5,11186,10264,1.031,211
RAW,517.7,11190,10269,1.041,213
RAW,517.8,11203,10281,1.046,214
RAW,518.0,11203,10285,1.036,212
RAW,518.0,11218,10289,1.041,213
RAW,518.2,11224,10284,1.046,214
RAW,518.3,11228,10290,1.036,212
RAW,518.5,11235,10298,1.031,211
RAW,518.7,11245,10294,1.041,213
RAW,518.8,11256,10298,1.041,213
RAW,519.0,11250,10296,1.036,212
RAW,519.0,11252,10303,1.036,212
RAW,519.2,11270,10300,1.046,214
RAW,519.3,11272,10298,1.041,213
RAW,519.5,11279,10302,1.036,212
RAW,519.7,11284,10315,1.036,212
RAW,519.8,11290,10318,1.041,213
RAW,520.0,11291,10315,1.041,213
RAW,520.0,11295,10318,1.041,213
RAW,520.2,11286,10310,1.041,213
RAW,520.3,11267,10302,1.041,213
RAW,520.5,11188,10263,1.031,211
RAW,520.7,11137,10231,1.041,213
RAW,520.8,11033,10183,1.041,213
RAW,521.0,10999,10171,1.036,212
RAW,521.2,10952,10145,1.031,211
RAW,521.2,10930,10137,1.041,213
RAW,521.3,10914,10138,1.041,213
RAW,521.5,10898,10136,1.036,212
RAW,521.7,10896,10126,1.041,213
RAW,521.8,10897,10131,1.041,213
RAW,522.0,10891,10127,1.036,212
RAW,522.2,10893,10129,1.036,212
RAW,522.2,10898,10133,1.041,213
RAW,522.5,10908,10136,1.041,213
RAW,522.5,10916,10134,1.036,212
RAW,522.7,10941,10154,1.036,212
RAW,522.8,10952,10157,1.036,212
RAW,523.2,11000,10180,1.036,212
RAW,523.2,11003,10177,1.031,211
RAW,523.5,11027,10191,1.041,213
RAW,523.5,11032,10184,1.036,212
RAW,523.7,11027,10188,1.036,212
RAW,523.8,11027,10185,1.041,213
RAW,524.0,11023,10189,1.036,212
RAW,524.2,11014,10182,1.036,212
RAW,524.2,11022,10188,1.036,212
RAW,524.5,11028,10190,1.041,213
RAW,524.5,11035,10193,1.041,213
RAW,524.7,11048,10195,1.036,212
RAW,524.8,11043,10195,1.036,212
RAW,525.0,11058,10209,1.036,212
RAW,525.1,11069,10209,1.046,214
RAW,525.2,11081,10211,1.036,212
RAW,525.5,11092,10221,1.036,212
RAW,525.5,11110,10228,1.036,212
RAW,525.7,11122,10226,1.041,213
RAW,525.8,11137,10239,1.041,213
RAW,526.0,11153,10247,1.041,213
RAW,526.2,11156,10253,1.041,213
RAW,526.3,11177,10255,1.041,213
RAW,526.5,11185,10260,1.041,213
RAW,526.5,11189,10263,1.046,214
RAW,526.7,11201,10276,1.046,214
RAW,526.8,11211,10275,1.036,212
RAW,527.0,11222,10284,1.041,213
RAW,527.2,11228,10280,1.041,213
RAW,527.3,11247,10287,1.041,213
RAW,527.5,11250,10294,1.036,212
RAW,527.7,11252,10297,1.036,212
RAW,527.7,11261,10299,1.041,213
RAW,528.0,11265,10307,1.036,212
RAW,528.0,11266,10303,1.041,213
RAW,528.2,11272,10307,1.041,213
RAW,528.3,11286,10306,1.036,212
RAW,528.5,11286,10310,1.036,212
RAW,528.7,11296,10315,1.041,213
RAW,528.7,11309,10316,1.041,213
RAW,529.0,11313,10324,1.036,212
RAW,529.0,11322,10316,1.036,212
RAW,529.2,11321,10318,1.046,214
RAW,529.3,11322,10329,1.041,213
RAW,529.5,11307,10315,1.031,211
RAW,529.7,11242,10279,1.031,211
RAW,529.7,11205,10260,1.046,214
RAW,530.0,11072,10207,1.041,213
RAW,530.0,11032,10185,1.036,212
RAW,530.2,10972,10161,1.036,212
RAW,530.3,10948,10146,1.046,214
RAW,530.5,10937,10148,1.031,211
RAW,530.7,10920,10140,1.041,213
RAW,530.7,10917,10132,1.041,213
RAW,531.0,10908,10135,1.036,212
RAW,531.0,10920,10135,1.031,211
RAW,531.2,10925,10132,1.041,213
RAW,531.3,10915,10132,1.041,213
RAW,531.4,10928,10138,1.036,212
RAW,531.7,10950,10151,1.031,211
RAW,531.8,10971,10163,1.031,211
RAW,531.9,10989,10165,1.041,213
RAW,532.2,11018,10190,1.041,213
RAW,532.2,11036,10194,1.026,210
RAW,532.5,11057,10201,1.031,211
RAW,532.5,11063,10204,1.041,213
RAW,532.7,11071,10204,1.041,213
RAW,532.8,11070,10205,1.026,210
RAW,533.0,11075,10203,1.031,211
RAW,533.2,11074,10202,1.046,214
RAW,533.2,11072,10209,1.022,209
RAW,533.5,11066,10210,1.026,210
RAW,533.5,11073,10210,1.041,213
RAW,533.7,11076,10207,1.036,212
RAW,533.8,11086,10210,1.026,210
RAW,534.0,11096,10221,1.031,211
RAW,534.2,11101,10216,1.041,213
RAW,534.3,11113,10226,1.036,212
RAW,534.5,11128,10230,1.026,210
RAW,534.5,11129,10237,1.041,213
RAW,534.7,11148,10241,1.041,213
RAW,534.8,11156,10250,1.022,209
RAW,535.0,11174,10261,1.026,210
RAW,535.2,11180,10259,1.036,212
RAW,535.3,11199,10271,1.036,212
RAW,535.5,11211,10267,1.022,209
RAW,535.5,11220,10271,1.041,213
RAW,535.7,11232,10285,1.041,213
RAW,535.8,11241,10286,1.022,209
RAW,536.0,11257,10295,1.026,210
RAW,536.1,11256,10289,1.041,213
RAW,536.3,11268,10295,1.036,212
RAW,536.5,11271,10303,1.022,209
RAW,536.6,11294,10301,1.026,210
RAW,536.7,11291,10306,1.036,212
RAW,536.8,11290,10308,1.022,209
RAW,537.0,11304,10317,1.026,210
RAW,537.2,11296,10316,1.041,213
RAW,537.3,11314,10317,1.041,213
RAW,537.4,11316,10317,1.022,209
RAW,537.7,11327,10322,1.026,210
RAW,537.7,11326,10327,1.036,212
RAW,537.8,11335,10325,1.022,209
RAW,538.0,11335,10325,1.026,210
RAW,538.2,11336,10331,1.041,213
RAW,538.3,11331,10326,1.041,213
RAW,538.5,11319,10323,1.022,209
RAW,538.7,11245,10276,1.022,209
RAW,538.7,11190,10251,1.041,213
RAW,538.8,11130,10223,1.017,208
RAW,539.0,11031,10177,1.022,209
RAW,539.1,11001,10167,1.041,213
RAW,539.3,10965,10147,1.041,213
RAW,539.5,10944,10148,1.022,209
RAW,539.6,10940,10139,1.022,209
RAW,539.7,10929,10137,1.041,213
RAW,539.8,10926,10145,1.022,209
RAW,540.0,10931,10140,1.017,208
RAW,540.2,10933,10137,1.041,213
RAW,540.3,10935,10140,1.041,213
RAW,540.4,10956,10143,1.017,208
RAW,540.7,10970,10157,1.017,208
RAW,540.8,11000,10169,1.017,208
RAW,541.0,11010,10177,1.041,213
RAW,541.2,11038,10193,1.041,213
RAW,541.2,11061,10186,1.017,208
RAW,541.5,11076,10203,1.017,208
RAW,541.5,11080,10208,1.041,213
RAW,541.7,11085,10202,1.041,213
RAW,541.8,11081,10212,1.017,208
RAW,542.0,11083,10209,1.022,209
RAW,542.1,11080,10202,1.041,213
RAW,542.3,11082,10206,1.041,213
RAW,542.5,11087,10209,1.017,208
RAW,542.5,11082,10212,1.046,214
RAW,542.7,11098,10223,1.041,213
RAW,542.8,11105,10218,1.017,208
RAW,543.0,11109,10227,1.017,208
RAW,543.2,11121,10233,1.046,214
RAW,543.2,11130,10231,1.017,208
RAW,543.4,11147,10240,1.017,208
RAW,543.5,11145,10248,1.041,213
RAW,543.7,11161,10256,1.041,213
RAW,543.8,11180,10262,1.017,208
RAW,544.0,11200,10261,1.017,208
RAW,544.2,11210,10268,1.041,213
RAW,544.3,11226,10278,1.041,213
RAW,544.5,11227,10280,1.017,208
RAW,544.5,11243,10283,1.046,214
RAW,544.7,11267,10292,1.046,214
RAW,544.8,11269,10295,1.012,207
RAW,545.0,11281,10302,1.022,209
RAW,545.1,11289,10303,1.046,214
RAW,545.3,11303,10319,1.046,214
RAW,545.5,11298,10315,1.017,208
RAW,545.7,11304,10313,1.022,209
RAW,545.7,11298,10315,1.046,214
RAW,545.8,11318,10317,1.017,208
RAW,546.0,11315,10319,1.017,208
RAW,546.2,11321,10321,1.051,215
RAW,546.3,11326,10325,1.046,214
RAW,546.4,11335,10327,1.012,207
RAW,546.7,11346,10325,1.022,209
RAW,546.7,11335,10330,1.046,214
RAW,547.0,11350,10342,1.046,214
RAW,547.0,11349,10336,1.017,208
RAW,547.1,11349,10333,1.051,215
RAW,547.3,11344,10336,1.046,214
RAW,547.5,11314,10316,1.017,208
RAW,547.6,11241,10275,1.017,208
RAW,547.7,11182,10244,1.051,215
RAW,548.0,11066,10194,1.051,215
RAW,548.0,11039,10175,1.017,208
RAW,548.1,11005,10165,1.051,215
RAW,548.3,10969,10155,1.051,215
RAW,548.4,10963,10148,1.017,208
RAW,548.7,10929,10138,1.017,208
RAW,548.7,10933,10144,1.051,215
RAW,548.9,10930,10137,1.051,215
RAW,549.0,10931,10136,1.017,208
RAW,549.2,10936,10140,1.022,209
RAW,549.3,10941,10147,1.051,215
RAW,549.5,10958,10151,1.051,215
RAW,549.7,10975,10162,1.056,216
RAW,549.8,10988,10175,1.017,208
RAW,550.2,11041,10191,1.051,215
RAW,550.2,11047,10203,1.017,208
RAW,550.5,11079,10207,1.022,209
RAW,550.5,11078,10207,1.056,216
RAW,550.7,11082,10208,1.051,215
RAW,550.8,11085,10203,1.017,208
RAW,550.9,11082,10205,1.056,216
RAW,551.1,11075,10209,1.056,216
RAW,551.2,11086,10213,1.012,207
RAW,551.5,11085,10206,1.017,208
RAW,551.5,11089,10207,1.056,216
RAW,551.7,11095,10212,1.056,216
RAW,551.8,11102,10218,1.017,208
RAW,551.9,11102,10218,1.056,216
RAW,552.2,11111,10226,1.056,216
RAW,552.2,11126,10224,1.017,208
RAW,552.4,11132,10235,1.017,208
RAW,552.5,11141,10235,1.056,216
RAW,552.7,11156,10249,1.056,216
RAW,552.8,11170,10250,1.017,208
RAW,553.0,11166,10248,1.056,216
RAW,553.1,11191,10259,1.056,216
RAW,553.2,11198,10254,1.012,207
RAW,553.5,11215,10269,1.022,209
RAW,553.5,11221,10276,1.056,216
RAW,553.7,11233,10274,1.051,215
RAW,553.8,11231,10280,1.017,208
RAW,554.0,11244,10286,1.022,209
RAW,554.1,11254,10282,1.056,216
RAW,554.2,11256,10290,1.017,208
RAW,554.4,11267,10290,1.017,208
RAW,554.5,11268,10294,1.061,217
RAW,554.7,11267,10298,1.061,217
RAW,554.8,11283,10303,1.017,208
RAW,555.0,11284,10303,1.017,208
RAW,555.2,11285,10301,1.061,217
RAW,555.2,11292,10310,1.012,207
RAW,555.4,11296,10310,1.017,208
RAW,555.5,11298,10313,1.056,216
RAW,555.7,11303,10316,1.061,217
RAW,555.8,11308,10309,1.017,208
RAW,556.0,11312,10319,1.017,208
RAW,556.1,11306,10317,1.065,218
RAW,556.3,11284,10304,1.056,216
RAW,556.5,11247,10288,1.017,208
RAW,556.6,11154,10230,1.022,209
RAW,556.7,11096,10200,1.061,217
RAW,556.8,11043,10190,1.012,207
RAW,557.0,10987,10149,1.012,207
RAW,557.1,10958,10147,1.061,217
RAW,557.3,10932,10132,1.061,217
RAW,557.4,10917,10129,1.017,208
RAW,557.7,10909,10118,1.017,208
RAW,557.7,10904,10120,1.061,217
RAW,557.9,10896,10120,1.056,216
RAW,558.0,10905,10118,1.017,208
RAW,558.2,10902,10127,1.065,218
RAW,558.3,10912,10122,1.065,218
RAW,558.5,10926,10140,1.061,217
RAW,558.6,10938,10142,1.017,208
RAW,558.8,10965,10150,1.017,208
RAW,559.0,10980,10155,1.061,217
RAW,559.1,11002,10159,1.061,217
RAW,559.3,11017,10172,1.061,217
RAW,559.4,11022,10172,1.017,208
RAW,559.6,11019,10172,1.017,208
RAW,559.7,11018,10174,1.061,217
RAW,560.0,11024,10173,1.061,217
RAW,560.0,11016,10174,1.017,208
RAW,560.2,11018,10178,1.065,218
RAW,560.3,11012,10171,1.061,217
RAW,560.4,11019,10175,1.012,207
RAW,560.7,11015,10177,1.017,208
RAW,560.7,11029,10180,1.065,218
RAW,560.9,11043,10191,1.061,217
RAW,561.0,11051,10188,1.017,208
RAW,561.2,11065,10190,1.017,208
RAW,561.3,11064,10197,1.065,218
RAW,561.5,11070,10199,1.017,208
RAW,561.6,11077,10205,1.017,208
RAW,561.7,11090,10207,1.065,218
RAW,562.0,11107,10222,1.065,218
RAW,562.0,11108,10218,1.012,207
RAW,562.2,11125,10233,1.022,209
RAW,562.3,11128,10228,1.065,218
RAW,562.4,11136,10234,1.017,208
RAW,562.6,11147,10234,1.017,208
RAW,562.7,11157,10237,1.070,219
RAW,562.9,11162,10246,1.065,218
RAW,563.0,11170,10250,1.012,207
RAW,563.2,11176,10241,1.017,208
RAW,563.3,11176,10242,1.070,219
RAW,563.4,11179,10252,1.017,208
RAW,563.7,11179,10255,1.012,207
RAW,563.7,11187,10256,1.070,219
RAW,563.9,11199,10261,1.065,218
RAW,564.0,11203,10260,1.017,208
RAW,564.2,11208,10267,1.012,207
RAW,564.3,11216,10267,1.065,218
RAW,564.5,11219,10266,1.017,208
RAW,564.6,11201,10259,1.017,208
RAW,564.7,11185,10250,1.070,219
RAW,565.0,11104,10211,1.070,219
RAW,565.0,11059,10181,1.017,208
RAW,565.2,10973,10146,1.012,207
RAW,565.3,10946,10129,1.070,219
RAW,565.5,10907,10121,1.065,218
RAW,565.6,10889,10118,1.012,207
RAW,565.8,10863,10102,1.012,207
RAW,565.9,10861,10096,1.070,219
RAW,566.0,10855,10097,1.012,207
RAW,566.2,10844,10086,1.012,207
RAW,566.3,10834,10089,1.070,219
RAW,566.5,10835,10088,1.070,219
RAW,566.7,10850,10093,1.012,207
RAW,566.8,10860,10090,1.017,208
RAW,567.0,10871,10105,1.017,208
RAW,567.1,10878,10116,1.070,219
RAW,567.3,10906,10117,1.075,220
RAW,567.5,10906,10128,1.017,208
RAW,567.6,10927,10131,1.012,207
RAW,567.8,10930,10140,1.012,207
RAW,567.9,10930,10140,1.070,219
RAW,568.1,10931,10137,1.070,219
RAW,568.2,10934,10129,1.012,207
RAW,568.3,10932,10136,1.070,219
RAW,568.5,10921,10129,1.070,219
RAW,568.6,10930,10129,1.012,207
RAW,568.8,10928,10132,1.012,207
RAW,568.9,10931,10137,1.075,220
RAW,569.2,10944,10139,1.070,219
RAW,569.2,10943,10136,1.017,208
RAW,569.4,10957,10143,1.017,208
RAW,569.5,10954,10144,1.075,220
RAW,569.7,10967,10149,1.075,220
RAW,569.8,10972,10156,1.017,208
RAW,569.9,10987,10158,1.075,220
RAW,570.1,11000,10174,1.070,219
RAW,570.2,11007,10171,1.012,207
RAW,570.5,11022,10176,1.012,207
RAW,570.5,11033,10185,1.070,219
RAW,570.7,11048,10191,1.075,220
RAW,570.8,11048,10188,1.012,207
RAW,570.9,11059,10194,1.075,220
RAW,571.1,11075,10199,1.075,220
RAW,571.2,11083,10208,1.017,208
RAW,571.4,11094,10216,1.017,208
RAW,571.5,11092,10220,1.075,220
RAW,571.7,11105,10217,1.070,219
RAW,571.8,11121,10224,1.012,207
RAW,572.0,11133,10233,1.017,208
RAW,572.2,11138,10232,1.075,220
RAW,572.2,11143,10230,1.012,207
RAW,572.4,11147,10237,1.012,207
RAW,572.5,11161,10237,1.075,220
RAW,572.7,11167,10236,1.070,219
RAW,572.8,11165,10238,1.012,207
RAW,573.0,11148,10223,1.012,207
RAW,573.1,11118,10210,1.075,220
RAW,573.2,11079,10186,1.017,208
RAW,573.5,10982,10146,1.012,207
RAW,573.5,10934,10128,1.080,221
RAW,573.7,10894,10098,1.075,220
RAW,573.8,10873,10099,1.017,208
RAW,574.0,10849,10083,1.017,208
RAW,574.1,10831,10087,1.075,220
RAW,574.2,10826,10085,1.017,208
RAW,574.4,10821,10079,1.017,208
RAW,574.5,10814,10069,1.080,221
RAW,574.7,10812,10078,1.080,221
RAW,574.8,10807,10071,1.017,208
RAW,575.0,10814,10077,1.012,207
RAW,575.2,10819,10075,1.075,220
RAW,575.3,10830,10079,1.080,221
RAW,575.4,10842,10084,1.017,208
RAW,575.5,10853,10097,1.080,221
RAW,575.7,10871,10109,1.080,221
RAW,575.8,10882,10113,1.022,209
RAW,576.0,10901,10118,1.017,208
RAW,576.1,10903,10122,1.080,221
RAW,576.3,10911,10122,1.080,221
RAW,576.5,10914,10127,1.017,208
RAW,576.5,10916,10120,1.085,222
RAW,576.7,10916,10123,1.080,221
RAW,576.8,10910,10125,1.017,208
RAW,577.0,10917,10135,1.017,208
RAW,577.1,10919,10127,1.080,221
RAW,577.3,10927,10132,1.080,221
RAW,577.4,10929,10133,1.017,208
RAW,577.5,10942,10132,1.080,221
RAW,577.7,10950,10141,1.080,221
RAW,577.8,10963,10140,1.017,208
RAW,578.0,10979,10152,1.017,208
RAW,578.2,10976,10155,1.080,221
RAW,578.3,10994,10164,1.080,221
RAW,578.4,11009,10166,1.017,208
RAW,578.5,11013,10174,1.085,222
RAW,578.7,11033,10175,1.080,221
RAW,578.8,11037,10177,1.017,208
RAW,579.0,11060,10190,1.017,208
RAW,579.1,11065,10191,1.085,222
RAW,579.3,11080,10197,1.080,221
RAW,579.5,11091,10201,1.012,207
RAW,579.5,11096,10203,1.090,223
RAW,579.7,11116,10216,1.080,221
RAW,579.8,11127,10210,1.022,209
RAW,580.0,11136,10217,1.017,208
RAW,580.1,11134,10219,1.085,222
RAW,580.3,11141,10222,1.080,221
RAW,580.4,11148,10222,1.022,209
RAW,580.5,11149,10228,1.085,222
RAW,580.7,11153,10227,1.085,222
RAW,580.8,11168,10239,1.017,208
RAW,581.0,11168,10239,1.017,208
RAW,581.1,11176,10244,1.085,222
RAW,581.3,11187,10251,1.085,222
RAW,581.4,11191,10246,1.017,208
RAW,581.6,11182,10249,1.022,209
RAW,581.7,11171,10233,1.085,222
RAW,581.8,11146,10214,1.017,208
RAW,582.0,11043,10165,1.017,208
RAW,582.1,11000,10141,1.085,222
RAW,582.3,10922,10111,1.085,222
RAW,582.4,10898,10099,1.017,208
RAW,582.6,10866,10090,1.017,208
RAW,582.7,10845,10079,1.085,222
RAW,582.8,10838,10075,1.022,209
RAW,583.0,10824,10072,1.017,208
RAW,583.1,10818,10067,1.085,222
RAW,583.3,10805,10067,1.085,222
RAW,583.4,10813,10061,1.017,208
RAW,583.7,10815,10067,1.017,208
RAW,583.7,10810,10068,1.085,222
RAW,583.9,10828,10069,1.085,222
RAW,584.0,10831,10075,1.017,208
RAW,584.2,10850,10088,1.017,208
RAW,584.3,10862,10092,1.090,223
RAW,584.6,10889,10102,1.017,208
RAW,584.7,10904,10110,1.085,222
RAW,585.0,10902,10115,1.090,223
RAW,585.0,10903,10107,1.017,208
RAW,585.2,10910,10109,1.017,208
RAW,585.3,10901,10117,1.085,222
RAW,585.5,10896,10111,1.085,222
RAW,585.6,10910,10109,1.012,207
RAW,585.8,10911,10109,1.017,208
RAW,585.9,10920,10109,1.085,222
RAW,586.0,10918,10114,1.017,208
RAW,586.2,10924,10125,1.012,207
RAW,586.3,10933,10125,1.090,223
RAW,586.5,10945,10132,1.085,222
RAW,586.7,10956,10139,1.017,208
RAW,586.8,10965,10144,1.012,207
RAW,586.9,10982,10145,1.080,221
RAW,587.0,10988,10143,1.012,207
RAW,587.2,11001,10158,1.012,207
RAW,587.3,11013,10158,1.085,222
RAW,587.5,11024,10171,1.085,222
RAW,587.6,11035,10170,1.012,207
RAW,587.8,11057,10176,1.012,207
RAW,587.9,11061,10185,1.075,220
RAW,588.0,11073,10182,1.007,206
RAW,588.2,11084,10200,1.007,206
RAW,588.3,11086,10202,1.080,221
RAW,588.5,11106,10201,1.080,221
RAW,588.6,11106,10204,1.007,206
RAW,588.8,11109,10209,1.007,206
RAW,588.9,11117,10213,1.075,220
RAW,589.1,11128,10215,1.075,220
RAW,589.2,11126,10221,1.002,205
RAW,589.4,11138,10219,1.007,206
RAW,589.5,11140,10224,1.080,221
RAW,589.6,11148,10225,1.007,206
RAW,589.8,11156,10226,1.002,205
RAW,589.9,11160,10236,1.070,219
RAW,590.1,11171,10233,1.070,219
RAW,590.2,11182,10230,0.997,204
RAW,590.5,11180,10236,0.997,204
RAW,590.5,11166,10233,1.070,219
RAW,590.6,11160,10219,0.997,204
RAW,590.8,11073,10177,0.997,204
RAW,590.9,11008,10150,1.070,219
RAW,591.1,10936,10113,1.065,218
RAW,591.2,10905,10100,0.992,203
RAW,591.4,10864,10085,0.992,203
RAW,591.5,10844,10071,1.065,218
RAW,591.6,10836,10071,0.987,202
RAW,591.8,10819,10057,0.992,203
RAW,591.9,10812,10061,1.061,217
RAW,592.2,10802,10060,1.056,216
RAW,592.2,10801,10053,0.987,202
RAW,592.4,10794,10057,0.982,201
RAW,592.5,10794,10057,1.061,217
RAW,592.6,10804,10047,0.982,201
RAW,592.8,10804,10067,0.982,201
RAW,593.0,10825,10074,0.982,201
RAW,593.1,10830,10072,1.051,215
RAW,593.3,10854,10086,1.051,215
RAW,593.4,10864,10088,0.978,200
RAW,593.6,10876,10104,0.978,200
RAW,593.8,10889,10095,0.982,201
RAW,593.9,10884,10102,1.051,215
RAW,594.1,10889,10097,1.051,215
RAW,594.2,10879,10101,0.978,200
RAW,594.4,10880,10093,0.978,200
RAW,594.5,10877,10103,1.051,215
RAW,594.7,10892,10098,1.046,214
RAW,594.8,10895,10105,0.973,199
RAW,594.9,10900,10100,1.046,214
RAW,595.2,10906,10105,1.041,213
RAW,595.2,10908,10112,0.973,199
RAW,595.4,10919,10111,0.973,199
RAW,595.5,10928,10117,1.046,214
RAW,595.7,10944,10126,1.041,213
RAW,595.8,10943,10119,0.973,199
RAW,596.0,10966,10130,0.968,198
RAW,596.1,10973,10135,1.041,213
RAW,596.2,10983,10152,0.968,198
RAW,596.5,10993,10143,0.968,198
RAW,596.5,11008,10159,1.041,213
RAW,596.7,11024,10171,1.041,213
RAW,596.8,11024,10173,0.968,198
RAW,597.0,11053,10173,0.963,197
RAW,597.1,11046,10171,1.036,212
RAW,597.3,11067,10180,1.036,212
RAW,597.4,11076,10182,0.963,197
RAW,597.5,11079,10187,1.041,213
RAW,597.7,11092,10192,1.036,212
RAW,597.8,11097,10198,0.963,197
RAW,598.0,11104,10202,0.963,197
RAW,598.1,11105,10203,1.041,213
RAW,598.3,11118,10213,1.036,212
RAW,598.4,11115,10211,0.963,197
RAW,598.5,11120,10208,1.041,213
RAW,598.7,11127,10213,1.036,212
RAW,598.8,11146,10220,0.963,197
RAW,599.0,11142,10221,0.963,197
RAW,599.1,11149,10227,1.036,212
RAW,599.3,11168,10225,1.036,212
RAW,599.4,11168,10229,0.963,197
RAW,599.6,11162,10222,0.963,197
RAW,599.7,11139,10215,1.036,212
RAW,599.8,11105,10193,0.963,197

------------------------------------------
PHASE 2 (600-1200 tenths of seconds): Processed BPM/SpO2 data
Format: PROC,Time_0.1s,BPM,SpO2,GSR_V,GSR_raw
------------------------------------------
PROC,605.2,54.6,97.0,1.017,208
PROC,606.2,54.6,97.0,1.065,218
PROC,607.2,54.6,97.0,1.065,218
PROC,608.2,54.6,97.0,1.031,211
PROC,609.2,54.6,97.0,1.017,208
PROC,610.2,54.6,97.0,0.963,197
PROC,611.3,54.6,97.0,0.958,196
PROC,612.3,54.6,97.0,1.036,212
PROC,613.3,54.6,97.0,1.007,206
PROC,614.3,54.6,97.0,1.041,213
PROC,615.3,54.6,97.0,1.036,212
PROC,616.4,54.6,97.0,1.022,209
PROC,617.4,54.6,97.0,1.056,216
PROC,618.4,54.6,97.0,0.987,202
PROC,619.4,54.6,97.0,0.973,199
PROC,620.4,54.6,97.0,0.968,198
PROC,621.5,54.6,97.0,0.953,195
PROC,622.5,54.6,97.0,0.953,195
PROC,623.5,54.6,97.0,1.002,205
PROC,624.5,54.6,97.0,1.065,218
PROC,625.5,54.6,97.0,1.041,213
PROC,626.5,54.6,97.0,1.051,215
PROC,627.6,54.6,97.0,1.046,214
PROC,628.6,54.6,97.0,1.090,223
PROC,629.6,54.6,97.0,1.056,216
PROC,630.6,54.6,97.0,1.002,205
PROC,631.6,54.6,97.0,0.987,202
PROC,632.7,54.6,97.0,0.982,201
PROC,633.7,54.6,97.0,0.987,202
PROC,634.7,54.6,97.0,1.070,219
PROC,635.7,54.6,97.0,1.051,215
PROC,636.7,54.6,97.0,1.070,219
PROC,637.8,54.6,97.0,1.119,229
PROC,638.8,54.6,97.0,1.105,226
PROC,639.8,54.6,97.0,1.080,221
PROC,640.8,54.6,97.0,1.031,211
PROC,641.8,54.6,97.0,1.002,205
PROC,642.9,54.6,97.0,1.031,211
PROC,643.9,54.6,97.0,1.065,218
PROC,644.9,54.6,97.0,1.002,205
PROC,645.9,54.6,97.0,1.065,218
PROC,646.9,54.6,97.0,1.046,214
PROC,647.9,54.6,97.0,1.075,220
PROC,649.0,54.6,97.0,1.070,219
PROC,650.0,54.6,97.0,1.051,215
PROC,651.0,54.6,97.0,1.012,207
PROC,652.0,54.6,97.0,1.056,216
PROC,653.0,54.6,97.0,0.953,195
PROC,654.0,54.6,97.0,0.938,192
PROC,655.1,54.6,97.0,0.924,189
PROC,656.1,54.6,97.0,0.997,204
PROC,657.1,54.6,97.0,0.929,190
PROC,658.1,54.6,97.0,0.948,194
PROC,659.1,54.6,97.0,0.943,193
PROC,660.2,54.6,97.0,0.963,197
PROC,661.2,54.6,97.0,1.026,210
PROC,662.2,54.6,97.0,0.958,196
PROC,663.2,54.6,97.0,0.963,197
PROC,664.2,54.6,97.0,0.938,192
PROC,665.3,54.6,97.0,0.938,192
PROC,666.3,54.6,97.0,0.938,192
PROC,667.3,54.6,97.0,0.978,200
PROC,668.3,54.6,97.0,0.938,192
PROC,669.3,54.6,97.0,0.953,195
PROC,670.4,54.6,97.0,1.031,211
PROC,671.4,54.6,97.0,1.002,205
PROC,672.4,54.6,97.0,1.002,205
PROC,673.4,54.6,97.0,0.938,192
PROC,674.5,54.6,97.0,0.938,192
PROC,675.5,54.6,97.0,0.997,204
PROC,676.5,54.6,97.0,0.958,196
PROC,677.5,54.6,97.0,0.982,201
PROC,678.5,54.6,97.0,0.938,192
PROC,679.6,54.6,97.0,0.953,195
PROC,680.6,54.6,97.0,1.022,209
PROC,681.6,54.6,97.0,0.963,197
PROC,682.6,54.6,97.0,1.007,206
PROC,683.6,54.6,97.0,0.948,194
PROC,684.7,54.6,97.0,0.938,192
PROC,685.7,54.6,97.0,0.934,191
PROC,686.7,54.6,97.0,0.938,192
PROC,687.7,54.6,97.0,0.978,200
PROC,688.7,54.6,97.0,0.924,189
PROC,689.8,54.6,97.0,0.943,193
PROC,690.8,54.6,97.0,1.012,207
PROC,691.8,54.6,97.0,0.987,202
PROC,692.8,54.6,97.0,0.948,194
PROC,693.8,54.6,97.0,0.938,192
PROC,694.9,54.6,97.0,0.987,202
PROC,695.9,54.6,97.0,0.938,192
PROC,696.9,54.6,97.0,0.978,200
PROC,697.9,54.6,97.0,0.924,189
PROC,699.0,54.6,97.0,0.924,189
PROC,700.0,54.6,97.0,1.002,205
PROC,701.0,54.6,97.0,1.012,207
PROC,702.0,54.6,97.0,0.987,202
PROC,703.0,54.6,97.0,0.958,196
PROC,704.0,54.6,97.0,0.948,194
PROC,705.1,54.6,97.0,0.943,193
PROC,706.1,54.6,97.0,0.997,204
PROC,707.1,54.6,97.0,0.943,193
PROC,708.1,54.6,97.0,0.982,201
PROC,709.1,54.6,97.0,0.934,191
PROC,710.2,54.6,97.0,0.934,191
PROC,711.2,54.6,97.0,1.002,205
PROC,712.2,54.6,97.0,0.987,202
PROC,713.2,54.6,97.0,0.963,197
PROC,714.2,54.6,97.0,0.968,198
PROC,715.3,54.6,97.0,0.953,195
PROC,716.3,54.6,97.0,0.953,195
PROC,717.3,54.6,97.0,0.992,203
PROC,718.3,54.6,97.0,0.938,192
PROC,719.3,54.6,97.0,0.934,191
PROC,720.4,54.6,97.0,0.997,204
PROC,721.4,54.6,97.0,0.958,196
PROC,722.4,54.6,97.0,1.017,208
PROC,723.4,54.6,97.0,0.968,198
PROC,724.5,54.6,97.0,0.963,197
PROC,725.5,54.6,97.0,1.012,207
PROC,726.5,54.6,97.0,0.948,194
PROC,727.5,54.6,97.0,0.997,204
PROC,728.5,54.6,97.0,0.938,192
PROC,729.5,54.6,97.0,0.938,192
PROC,730.6,54.6,97.0,0.938,192
PROC,731.6,54.6,97.0,0.948,194
PROC,732.6,54.6,97.0,0.948,194
PROC,733.6,54.6,97.0,0.968,198
PROC,734.6,54.6,97.0,0.973,199
PROC,735.7,54.6,97.0,1.022,209
PROC,736.7,54.6,97.0,0.948,194
PROC,737.7,54.6,97.0,0.997,204
PROC,738.7,54.6,97.0,0.938,192
PROC,739.7,54.6,97.0,0.938,192
PROC,740.8,54.6,97.0,0.973,199
PROC,741.8,54.6,97.0,0.987,202
PROC,742.8,54.6,97.0,0.997,204
PROC,743.8,54.6,97.0,0.963,197
PROC,744.8,54.6,97.0,0.968,198
PROC,745.9,54.6,97.0,0.968,198
PROC,746.9,54.6,97.0,0.973,199
PROC,747.9,54.6,97.0,0.958,196
PROC,748.9,54.6,97.0,0.948,194
PROC,749.9,54.6,97.0,0.943,193
PROC,751.0,54.6,97.0,0.943,193
PROC,752.0,54.6,97.0,0.953,195
PROC,753.0,54.6,97.0,0.992,203
PROC,754.0,54.6,97.0,0.953,195
PROC,755.0,54.6,97.0,0.963,197
PROC,756.1,54.6,97.0,1.012,207
PROC,757.1,54.6,97.0,0.968,198
PROC,758.1,54.6,97.0,0.997,204
PROC,759.1,54.6,97.0,0.938,192
PROC,760.2,54.6,97.0,0.934,191
PROC,761.2,54.6,97.0,0.934,191
PROC,762.2,54.6,97.0,0.938,192
PROC,763.2,54.6,97.0,0.978,200
PROC,764.2,54.6,97.0,0.934,191
PROC,765.2,54.6,97.0,0.948,194
PROC,766.3,54.6,97.0,0.953,195
PROC,767.3,54.6,97.0,1.022,209
PROC,768.3,54.6,97.0,1.002,205
PROC,769.3,54.6,97.0,1.007,206
PROC,770.3,54.6,97.0,0.943,193
PROC,771.3,54.6,97.0,0.934,191
PROC,772.4,54.6,97.0,1.002,205
PROC,773.4,54.6,97.0,0.973,199
PROC,774.4,54.6,97.0,0.987,202
PROC,775.4,54.6,97.0,0.938,192
PROC,776.5,54.6,97.0,0.953,195
PROC,777.5,54.6,97.0,0.968,198
PROC,778.5,54.6,97.0,1.012,207
PROC,779.5,54.6,97.0,0.948,194
PROC,780.5,54.6,97.0,0.938,192
PROC,781.6,54.6,97.0,0.992,203
PROC,782.6,54.6,97.0,0.953,195
PROC,783.6,54.6,97.0,0.919,188
PROC,784.6,54.6,97.0,0.914,187
PROC,785.7,54.6,97.0,0.924,189
PROC,786.7,54.6,97.0,0.948,194
PROC,787.7,54.6,97.0,0.943,193
PROC,788.7,54.6,97.0,0.948,194
PROC,789.7,54.6,97.0,0.938,192
PROC,790.7,54.6,97.0,0.929,190
PROC,791.8,54.6,97.0,0.934,191
PROC,792.8,54.6,97.0,0.924,189
PROC,793.8,54.6,97.0,0.919,188
PROC,794.8,54.6,97.0,0.914,187
PROC,795.8,54.6,97.0,0.919,188
PROC,796.9,54.6,97.0,0.992,203
PROC,797.9,54.6,97.0,0.943,193
PROC,798.9,54.6,97.0,1.002,205
PROC,799.9,54.6,97.0,0.948,194
PROC,800.9,54.6,97.0,0.948,194
PROC,802.0,54.6,97.0,1.002,205
PROC,803.0,54.6,97.0,0.938,192
PROC,804.0,54.6,97.0,0.978,200
PROC,805.0,54.6,97.0,0.929,190
PROC,806.0,54.6,97.0,0.929,190
PROC,807.0,54.6,97.0,0.929,190
PROC,808.1,54.6,97.0,0.997,204
PROC,809.1,54.6,97.0,0.943,193
PROC,810.1,54.6,97.0,0.963,197
PROC,811.1,54.6,97.0,0.958,196
PROC,812.1,54.6,97.0,0.958,196
PROC,813.2,54.6,97.0,1.017,208
PROC,814.2,54.6,97.0,0.987,202
PROC,815.2,54.6,97.0,0.934,191
PROC,816.2,54.6,97.0,0.934,191
PROC,817.2,54.6,97.0,0.938,192
PROC,818.3,54.6,97.0,0.943,193
PROC,819.3,54.6,97.0,1.007,206
PROC,820.3,54.6,97.0,0.958,196
PROC,821.3,54.6,97.0,0.963,197
PROC,822.3,54.6,97.0,0.963,197
PROC,823.4,54.6,97.0,0.963,197
PROC,824.4,54.6,97.0,0.958,196
PROC,825.4,54.6,97.0,0.953,195
PROC,826.4,54.6,97.0,0.938,192
PROC,827.4,54.6,97.0,0.934,191
PROC,828.5,54.6,97.0,1.002,205
PROC,829.5,54.6,97.0,0.943,193
PROC,830.5,54.6,97.0,0.997,204
PROC,831.5,54.6,97.0,0.953,195
PROC,832.5,54.6,97.0,0.958,196
PROC,833.5,54.6,97.0,1.017,208
PROC,834.6,54.6,97.0,1.036,212
PROC,835.6,54.6,97.0,1.012,207
PROC,836.6,54.6,97.0,0.948,194
PROC,837.6,54.6,97.0,0.943,193
PROC,838.7,54.6,97.0,1.007,206
PROC,839.7,54.6,97.0,0.948,194
PROC,840.7,54.6,97.0,0.953,195
PROC,841.7,54.6,97.0,0.958,196
PROC,842.7,54.6,97.0,0.968,198
PROC,843.8,54.6,97.0,0.982,201
PROC,844.8,54.6,97.0,0.978,200
PROC,845.8,54.6,97.0,1.017,208
PROC,846.8,54.6,97.0,0.953,195
PROC,847.8,54.6,97.0,0.948,194
PROC,848.8,54.6,97.0,0.987,202
PROC,849.9,54.6,97.0,1.012,207
PROC,850.9,54.6,97.0,0.992,203
PROC,851.9,54.6,97.0,0.948,194
PROC,852.9,54.6,97.0,0.948,194
PROC,853.9,54.6,97.0,0.963,197
PROC,855.0,54.6,97.0,1.007,206
PROC,856.0,54.6,97.0,1.026,210
PROC,857.0,54.6,97.0,0.968,198
PROC,858.0,54.6,97.0,0.963,197
PROC,859.0,54.6,97.0,0.958,196
PROC,860.0,54.6,97.0,1.012,207
PROC,861.1,54.6,97.0,0.958,196
PROC,862.1,54.6,97.0,1.002,205
PROC,863.1,54.6,97.0,0.953,195
PROC,864.1,54.6,97.0,0.948,194
PROC,865.2,54.6,97.0,1.026,210
PROC,866.2,54.6,97.0,1.022,209
PROC,867.2,54.6,97.0,1.017,208
PROC,868.2,54.6,97.0,0.978,200
PROC,869.2,54.6,97.0,0.968,198
PROC,870.2,54.6,97.0,0.963,197
PROC,871.3,54.6,97.0,1.022,209
PROC,872.3,54.6,97.0,0.953,195
PROC,873.3,54.6,97.0,0.958,196
PROC,874.3,54.6,97.0,0.948,194
PROC,875.3,54.6,97.0,1.022,209
PROC,876.4,54.6,97.0,0.973,199
PROC,877.4,54.6,97.0,1.031,211
PROC,878.4,54.6,97.0,0.982,201
PROC,879.4,54.6,97.0,0.978,200
PROC,880.5,54.6,97.0,1.022,209
PROC,881.5,54.6,97.0,0.982,201
PROC,882.5,54.6,97.0,0.997,204
PROC,883.5,54.6,97.0,0.953,195
PROC,884.5,54.6,97.0,0.953,195
PROC,885.5,54.6,97.0,0.958,196
PROC,886.6,54.6,97.0,1.022,209
PROC,887.6,54.6,97.0,0.997,204
PROC,888.6,54.6,97.0,0.987,202
PROC,889.6,54.6,97.0,0.987,202
PROC,890.6,54.6,97.0,0.982,201
PROC,891.7,54.6,97.0,0.978,200
PROC,892.7,54.6,97.0,1.012,207
PROC,893.7,54.6,97.0,0.958,196
PROC,894.7,54.6,97.0,0.953,195
PROC,895.7,54.6,97.0,1.017,208
PROC,896.8,54.6,97.0,0.968,198
PROC,897.8,54.6,97.0,0.982,201
PROC,898.8,54.6,97.0,0.982,201
PROC,899.8,54.6,97.0,0.992,203
PROC,900.9,54.6,97.0,1.002,205
PROC,901.9,54.6,97.0,1.017,208
PROC,902.9,54.6,97.0,0.958,196
PROC,903.9,54.6,97.0,0.958,196
PROC,905.0,54.6,97.0,1.012,207
PROC,906.0,54.6,97.0,0.958,196
PROC,907.0,54.6,97.0,0.973,199
PROC,908.0,54.6,97.0,0.973,199
PROC,909.0,54.6,97.0,0.982,201
PROC,910.0,54.6,97.0,0.987,202
PROC,911.1,54.6,97.0,1.061,217
PROC,912.1,54.6,97.0,1.026,210
PROC,913.1,54.6,97.0,0.978,200
PROC,914.1,54.6,97.0,0.958,196
PROC,915.1,54.6,97.0,0.953,195
PROC,916.2,54.6,97.0,1.022,209
PROC,917.2,54.6,97.0,0.953,195
PROC,918.2,54.6,97.0,0.997,204
PROC,919.2,54.6,97.0,0.963,197
PROC,920.2,54.6,97.0,0.978,200
PROC,921.3,54.6,97.0,1.012,207
PROC,922.3,54.6,97.0,1.022,209
PROC,923.3,54.6,97.0,0.968,198
PROC,924.3,54.6,97.0,0.938,192
PROC,925.3,54.6,97.0,0.987,202
PROC,926.4,54.6,97.0,0.992,203
PROC,927.4,54.6,97.0,0.973,199
PROC,928.4,54.6,97.0,0.924,189
PROC,929.4,54.6,97.0,0.914,187
PROC,930.4,54.6,97.0,0.978,200
PROC,931.5,54.6,97.0,1.007,206
PROC,932.5,54.6,97.0,0.997,204
PROC,933.5,54.6,97.0,0.963,197
PROC,934.5,54.6,97.0,0.934,191
PROC,935.5,54.6,97.0,0.919,188
PROC,936.5,54.6,97.0,0.973,199
PROC,937.6,54.6,97.0,0.909,186
PROC,938.6,54.6,97.0,0.914,187
PROC,939.6,54.6,97.0,0.904,185
PROC,940.6,54.6,97.0,0.978,200
PROC,941.7,54.6,97.0,1.007,206
PROC,942.7,54.6,97.0,1.007,206
PROC,943.7,54.6,97.0,0.953,195
PROC,944.7,54.6,97.0,0.943,193
PROC,945.7,54.6,97.0,0.997,204
PROC,946.8,54.6,97.0,0.934,191
PROC,947.8,54.6,97.0,0.929,190
PROC,948.8,54.6,97.0,0.924,189
PROC,949.8,54.6,97.0,0.924,189
PROC,950.8,54.6,97.0,1.002,205
PROC,951.9,54.6,97.0,0.948,194
PROC,952.9,54.6,97.0,0.997,204
PROC,953.9,54.6,97.0,0.973,199
PROC,954.9,54.6,97.0,0.968,198
PROC,956.0,54.6,97.0,1.022,209
PROC,957.0,54.6,97.0,0.953,195
PROC,958.0,54.6,97.0,0.992,203
PROC,959.0,54.6,97.0,0.934,191
PROC,960.0,54.6,97.0,0.934,191
PROC,961.0,54.6,97.0,0.958,196
PROC,962.1,54.6,97.0,0.943,193
PROC,963.1,54.6,97.0,0.987,202
PROC,964.1,54.6,97.0,0.987,202
PROC,965.1,54.6,97.0,0.982,201
PROC,966.2,54.6,97.0,1.041,213
PROC,967.2,54.6,97.0,0.997,204
PROC,968.2,54.6,97.0,0.948,194
PROC,969.2,54.6,97.0,0.938,192
PROC,970.2,54.6,97.0,0.938,192
PROC,971.3,54.6,97.0,0.943,193
PROC,972.3,54.6,97.0,1.012,207
PROC,973.3,54.6,97.0,0.987,202
PROC,974.3,54.6,97.0,0.992,203
PROC,975.3,54.6,97.0,1.051,215
PROC,976.4,54.6,97.0,0.987,202
PROC,977.4,54.6,97.0,0.963,197
PROC,978.4,54.6,97.0,0.953,195
PROC,979.4,54.6,97.0,0.948,194
PROC,980.5,54.6,97.0,1.002,205
PROC,981.5,54.6,97.0,0.943,193
PROC,982.5,54.6,97.0,0.958,196
PROC,983.5,54.6,97.0,0.968,198
PROC,984.5,54.6,97.0,0.982,201
PROC,985.5,54.6,97.0,0.997,204
PROC,986.6,54.6,97.0,1.002,205
PROC,987.6,54.6,97.0,1.036,212
PROC,988.6,54.6,97.0,0.978,200
PROC,989.6,54.6,97.0,0.958,196
PROC,990.6,54.6,97.0,1.017,208
PROC,991.7,54.6,97.0,0.948,194
PROC,992.7,54.6,97.0,0.948,194
PROC,993.7,54.6,97.0,0.958,196
PROC,994.7,54.6,97.0,0.987,202
PROC,995.7,54.6,97.0,1.022,209
PROC,996.8,54.6,97.0,1.051,215
PROC,997.8,54.6,97.0,0.982,201
PROC,998.8,54.6,97.0,0.978,200
PROC,999.8,54.6,97.0,1.022,209
PROC,1000.9,54.6,97.0,0.958,196
PROC,1001.9,54.6,97.0,1.002,205
PROC,1002.9,54.6,97.0,0.948,194
PROC,1003.9,54.6,97.0,0.953,195
PROC,1004.9,54.6,97.0,1.041,213
PROC,1006.0,54.6,97.0,1.012,207
PROC,1007.0,54.6,97.0,1.065,218
PROC,1008.0,54.6,97.0,1.002,205
PROC,1009.0,54.6,97.0,0.987,202
PROC,1010.0,54.6,97.0,1.012,207
PROC,1011.0,54.6,97.0,0.978,200
PROC,1012.1,54.6,97.0,0.968,198
PROC,1013.1,54.6,97.0,0.958,196
PROC,1014.1,54.6,97.0,0.953,195
PROC,1015.1,54.6,97.0,1.041,213
PROC,1016.2,54.6,97.0,1.007,206
PROC,1017.2,54.6,97.0,1.070,219
PROC,1018.2,54.6,97.0,1.017,208
PROC,1019.2,54.6,97.0,1.002,205
PROC,1020.2,54.6,97.0,1.002,205
PROC,1021.3,54.6,97.0,1.012,207
PROC,1022.3,54.6,97.0,0.963,197
PROC,1023.3,54.6,97.0,0.938,192
PROC,1024.3,54.6,97.0,0.934,191
PROC,1025.3,54.6,97.0,0.987,202
PROC,1026.4,54.6,97.0,0.953,195
PROC,1027.4,54.6,97.0,1.007,206
PROC,1028.4,54.6,97.0,0.963,197
PROC,1029.4,54.6,97.0,0.934,191
PROC,1030.4,54.6,97.0,0.953,195
PROC,1031.5,54.6,97.0,0.894,183
PROC,1032.5,54.6,97.0,0.934,191
PROC,1033.5,54.6,97.0,0.875,179
PROC,1034.5,54.6,97.0,0.870,178
PROC,1035.5,54.6,97.0,0.870,178
PROC,1036.6,54.6,97.0,0.880,180
PROC,1037.6,54.6,97.0,0.938,192
PROC,1038.6,54.6,97.0,0.890,182
PROC,1039.6,54.6,97.0,0.885,181
PROC,1040.6,54.6,97.0,0.938,192
PROC,1041.7,54.6,97.0,0.875,179
PROC,1042.7,54.6,97.0,0.870,178
PROC,1043.7,54.6,97.0,0.865,177
PROC,1044.7,54.6,97.0,0.870,178
PROC,1045.7,54.6,97.0,0.929,190
PROC,1046.8,54.6,97.0,0.880,180
PROC,1047.8,54.6,97.0,0.904,185
PROC,1048.8,54.6,97.0,0.909,186
PROC,1049.8,54.6,97.0,0.914,187
PROC,1050.8,54.6,97.0,0.963,197
PROC,1051.9,54.6,97.0,0.919,188
PROC,1052.9,54.6,97.0,0.948,194
PROC,1053.9,54.6,97.0,0.904,185
PROC,1054.9,54.6,97.0,0.894,183
PROC,1055.9,54.6,97.0,0.963,197
PROC,1057.0,54.6,97.0,0.899,184
PROC,1058.0,54.6,97.0,0.919,188
PROC,1059.0,54.6,97.0,0.919,188
PROC,1060.0,54.6,97.0,0.934,191
PROC,1061.0,54.6,97.0,0.997,204
PROC,1062.1,54.6,97.0,0.934,191
PROC,1063.1,54.6,97.0,0.924,189
PROC,1064.1,54.6,97.0,0.919,188
PROC,1065.1,54.6,97.0,0.914,187
PROC,1066.1,54.6,97.0,0.934,191
PROC,1067.2,54.6,97.0,0.919,188
PROC,1068.2,54.6,97.0,0.924,189
PROC,1069.2,54.6,97.0,0.924,189
PROC,1070.2,54.6,97.0,0.938,192
PROC,1071.2,54.6,97.0,1.022,209
PROC,1072.3,54.6,97.0,0.953,195
PROC,1073.3,54.6,97.0,0.948,194
PROC,1074.3,54.6,97.0,0.929,190
PROC,1075.3,54.6,97.0,0.929,190
PROC,1076.3,54.6,97.0,0.992,203
PROC,1077.4,54.6,97.0,0.934,191
PROC,1078.4,54.6,97.0,0.978,200
PROC,1079.4,54.6,97.0,0.924,189
PROC,1080.4,54.6,97.0,0.943,193
PROC,1081.4,54.6,97.0,0.963,197
PROC,1082.5,54.6,97.0,0.963,197
PROC,1083.5,54.6,97.0,0.958,196
PROC,1084.5,54.6,97.0,0.943,193
PROC,1085.5,54.6,97.0,0.997,204
PROC,1086.6,54.6,97.0,0.938,192
PROC,1087.6,54.6,97.0,0.938,192
PROC,1088.6,54.6,97.0,0.938,192
PROC,1089.6,54.6,97.0,0.934,191
PROC,1090.6,54.6,97.0,0.934,191
PROC,1091.6,54.6,97.0,1.022,209
PROC,1092.7,54.6,97.0,0.968,198
PROC,1093.7,54.6,97.0,1.017,208
PROC,1094.7,54.6,97.0,0.963,197
PROC,1095.7,54.6,97.0,0.958,196
PROC,1096.7,54.6,97.0,1.012,207
PROC,1097.8,54.6,97.0,0.948,194
PROC,1098.8,54.6,97.0,0.992,203
PROC,1099.8,54.6,97.0,0.938,192
PROC,1100.8,54.6,97.0,0.938,192
PROC,1101.8,54.6,97.0,1.007,206
PROC,1102.9,54.6,97.0,0.963,197
PROC,1103.9,54.6,97.0,0.973,199
PROC,1104.9,54.6,97.0,0.968,198
PROC,1105.9,54.6,97.0,0.963,197
PROC,1106.9,54.6,97.0,0.987,202
PROC,1108.0,54.6,97.0,1.002,205
PROC,1109.0,54.6,97.0,0.948,194
PROC,1110.0,54.6,97.0,0.948,194
PROC,1111.0,54.6,97.0,1.002,205
PROC,1112.1,54.6,97.0,0.958,196
PROC,1113.1,54.6,97.0,0.982,201
PROC,1114.1,54.6,97.0,0.978,200
PROC,1115.1,54.6,97.0,0.978,200
PROC,1116.1,54.6,97.0,1.002,205
PROC,1117.2,54.6,97.0,0.963,197
PROC,1118.2,54.6,97.0,0.963,197
PROC,1119.2,54.6,97.0,0.953,195
PROC,1120.2,54.6,97.0,0.948,194
PROC,1121.2,54.6,97.0,1.012,207
PROC,1122.3,54.6,97.0,0.953,195
PROC,1123.3,54.6,97.0,1.012,207
PROC,1124.3,54.6,97.0,0.978,200
PROC,1125.3,54.6,97.0,0.982,201
PROC,1126.3,54.6,97.0,1.036,212
PROC,1127.4,54.6,97.0,0.978,200
PROC,1128.4,54.6,97.0,0.963,197
PROC,1129.4,54.6,97.0,0.958,196
PROC,1130.4,54.6,97.0,0.953,195
PROC,1131.4,54.6,97.0,1.022,209
PROC,1132.5,54.6,97.0,1.012,207
PROC,1133.5,54.6,97.0,0.973,199
PROC,1134.5,54.6,97.0,0.973,199
PROC,1135.5,54.6,97.0,0.987,202
PROC,1136.5,54.6,97.0,1.056,216
PROC,1137.6,54.6,97.0,0.987,202
PROC,1138.6,54.6,97.0,0.992,203
PROC,1139.6,54.6,97.0,0.973,199
PROC,1140.6,54.6,97.0,0.963,197
PROC,1141.6,54.6,97.0,1.026,210
PROC,1142.6,54.6,97.0,0.987,202
PROC,1143.7,54.6,97.0,1.017,208
PROC,1144.7,54.6,97.0,0.973,199
PROC,1145.7,54.6,97.0,0.987,202
PROC,1146.7,54.6,97.0,1.061,217
PROC,1147.7,54.6,97.0,1.041,213
PROC,1148.8,54.6,97.0,1.041,213
PROC,1149.8,54.6,97.0,0.978,200
PROC,1150.8,54.6,97.0,0.963,197
PROC,1151.8,54.6,97.0,1.031,211
PROC,1152.9,54.6,97.0,0.963,197
PROC,1153.9,54.6,97.0,0.968,198
PROC,1154.9,54.6,97.0,0.963,197
PROC,1155.9,54.6,97.0,0.963,197
PROC,1156.9,54.6,97.0,1.041,213
PROC,1158.0,54.6,97.0,0.973,199
PROC,1159.0,54.6,97.0,0.963,197
PROC,1160.0,54.6,97.0,0.938,192
PROC,1161.0,54.6,97.0,0.924,189
PROC,1162.0,54.6,97.0,0.982,201
PROC,1163.0,54.6,97.0,0.929,190
PROC,1164.1,54.6,97.0,0.953,195
PROC,1165.1,54.6,97.0,0.899,184
PROC,1166.1,54.6,97.0,0.894,183
PROC,1167.1,54.6,97.0,0.963,197
PROC,1168.2,54.6,97.0,0.924,189
PROC,1169.2,54.6,97.0,0.924,189
PROC,1170.2,54.6,97.0,0.909,186
PROC,1171.2,54.6,97.0,0.904,185
PROC,1172.2,54.6,97.0,0.963,197
PROC,1173.3,54.6,97.0,0.943,193
PROC,1174.3,54.6,97.0,0.894,183
PROC,1175.3,54.6,97.0,0.894,183
PROC,1176.3,54.6,97.0,0.894,183
PROC,1177.3,54.6,97.0,0.968,198
PROC,1178.4,54.6,97.0,0.968,198
PROC,1179.4,54.6,97.0,0.943,193
PROC,1180.4,54.6,97.0,0.914,187
PROC,1181.4,54.6,97.0,0.909,186
PROC,1182.4,54.6,97.0,0.958,196
PROC,1183.4,54.6,97.0,0.894,183
PROC,1184.5,54.6,97.0,0.938,192
PROC,1185.5,54.6,97.0,0.890,182
PROC,1186.5,54.6,97.0,0.885,181
PROC,1187.5,54.6,97.0,0.938,192
PROC,1188.5,54.6,97.0,0.904,185
PROC,1189.6,54.6,97.0,0.963,197
PROC,1190.6,54.6,97.0,0.919,188
PROC,1191.6,54.6,97.0,0.919,188
PROC,1192.6,54.6,97.0,0.973,199
PROC,1193.7,54.6,97.0,0.948,194
PROC,1194.7,54.6,97.0,0.904,185
PROC,1195.7,54.6,97.0,0.899,184
PROC,1196.7,54.6,97.0,0.938,192
PROC,1197.7,54.6,97.0,0.914,187
PROC,1198.8,54.6,97.0,0.938,192
PROC,1199.8,54.6,97.0,0.929,190

==========================================
=== 2-MINUTE DATA COLLECTION COMPLETE ===

Data Summary:
- Minute 1 (0-600 tenths sec): RAW IR/Red values
- Minute 2 (600-1200 tenths sec): Processed BPM/SpO2
- Full 2 minutes: GSR data (0.1s resolution)

Format markers:
  RAW,Time_0.1s,IR,Red,GSR_V,GSR_raw
  PROC,Time_0.1s,BPM,SpO2,GSR_V,GSR_raw

Copy all data above and save to CSV file
Press 's' to run again
