=~=~=~=~=~=~=~=~=~=~=~= PuTTY log 2026.04.01 14:12:36 =~=~=~=~=~=~=~=~=~=~=~=
Initializing MAX30100 for raw data..SUCCESS
Initializing PulseOximeter..SUCCESS

==========================================
Press 's' to start 2-minute data collection
Minute 1: RAW IR/Red data (0.1s intervals)
Minute 2: Processed BPM/SpO2 data (0.1s intervals)
==========================================

==========================================
=== 2-MINUTE DATA COLLECTION STARTED ===
PHASE 1 (0-600 tenths of seconds): RAW IR/Red data
Format: RAW,Time_0.1s,IR_raw,Red_raw,GSR_V,GSR_raw
------------------------------------------
RAW,0.0,8958,7783,2.385,488
RAW,0.0,8954,7779,2.385,488
RAW,0.0,8958,7781,2.414,494
RAW,0.0,8957,7779,2.468,505
RAW,0.0,8949,7778,2.449,501
RAW,0.0,8948,7778,2.449,501
RAW,0.0,8947,7781,2.483,508
RAW,0.0,8949,7785,2.439,499
RAW,0.0,8949,7783,2.390,489
RAW,0.0,8951,7785,2.385,488
RAW,0.0,8954,7784,2.454,502
RAW,0.0,8950,7789,2.468,505
RAW,0.0,8951,7787,2.449,501
RAW,0.0,8958,7791,2.449,501
RAW,0.0,8965,7793,2.488,509
RAW,0.0,8961,7795,2.439,499
RAW,0.4,8961,7774,2.395,490
RAW,0.4,8958,7781,2.395,490
RAW,0.4,8964,7779,2.454,502
RAW,0.4,8958,7779,2.463,504
RAW,0.4,8960,7780,2.454,502
RAW,0.4,8951,7782,2.454,502
RAW,0.6,8959,7778,2.429,497
RAW,0.6,8960,7773,2.395,490
RAW,0.8,8951,7767,2.390,489
RAW,1.1,8958,7767,2.449,501
RAW,1.5,8959,7766,2.449,501
RAW,1.8,8960,7770,2.385,488
RAW,2.1,8969,7774,2.449,501
RAW,2.4,8976,7770,2.385,488
RAW,2.8,8976,7768,2.385,488
RAW,3.1,8984,7769,2.449,501
RAW,3.4,8981,7767,2.385,488
RAW,3.7,8988,7771,2.444,500
RAW,4.0,8993,7769,2.385,488
RAW,4.3,8997,7776,2.449,501
RAW,4.6,8981,7763,2.385,488
RAW,5.0,8942,7735,2.385,488
RAW,5.3,8915,7732,2.449,501
RAW,5.6,8904,7726,2.385,488
RAW,5.9,8900,7726,2.449,501
RAW,6.3,8897,7722,2.444,500
RAW,6.6,8896,7720,2.385,488
RAW,6.9,8904,7725,2.449,501
RAW,7.2,8906,7723,2.390,489
RAW,7.5,8909,7726,2.449,501
RAW,7.9,8907,7722,2.449,501
RAW,8.2,8900,7723,2.385,488
RAW,8.5,8905,7720,2.449,501
RAW,8.8,8901,7714,2.385,488
RAW,9.1,8909,7716,2.449,501
RAW,9.4,8911,7718,2.385,488
RAW,9.7,8913,7718,2.449,501
RAW,10.0,8919,7717,2.385,488
RAW,10.4,8918,7719,2.385,488
RAW,10.7,8931,7716,2.449,501
RAW,11.0,8930,7719,2.385,488
RAW,11.3,8929,7713,2.449,501
RAW,11.6,8926,7720,2.385,488
RAW,11.9,8930,7719,2.449,501
RAW,12.2,8921,7702,2.385,488
RAW,12.5,8883,7692,2.449,501
RAW,12.9,8846,7668,2.449,501
RAW,13.2,8832,7666,2.385,488
RAW,13.5,8821,7668,2.449,501
RAW,13.8,8822,7663,2.385,488
RAW,14.1,8819,7659,2.454,502
RAW,14.4,8817,7661,2.385,488
RAW,14.7,8814,7660,2.449,501
RAW,15.1,8818,7658,2.454,502
RAW,15.4,8830,7658,2.390,489
RAW,15.7,8818,7662,2.454,502
RAW,16.0,8821,7657,2.385,488
RAW,16.3,8826,7660,2.449,501
RAW,16.6,8831,7655,2.385,488
RAW,16.9,8828,7658,2.449,501
RAW,17.2,8836,7656,2.385,488
RAW,17.6,8841,7660,2.380,487
RAW,17.9,8844,7661,2.449,501
RAW,18.2,8855,7657,2.380,487
RAW,18.5,8848,7662,2.449,501
RAW,18.8,8851,7665,2.380,487
RAW,19.1,8863,7662,2.444,500
RAW,19.4,8867,7666,2.380,487
RAW,19.8,8861,7659,2.375,486
RAW,20.1,8841,7651,2.439,499
RAW,20.4,8805,7633,2.375,486
RAW,20.7,8774,7617,2.434,498
RAW,21.0,8767,7612,2.375,486
RAW,21.3,8747,7609,2.439,499
RAW,21.6,8744,7601,2.370,485
RAW,22.0,8735,7602,2.361,483
RAW,22.3,8738,7602,2.434,498
RAW,22.6,8755,7608,2.361,483
RAW,22.9,8748,7610,2.429,497
RAW,23.2,8750,7607,2.361,483
RAW,23.5,8749,7601,2.429,497
RAW,23.8,8754,7600,2.356,482
RAW,24.1,8746,7602,2.424,496
RAW,24.4,8757,7602,2.351,481
RAW,24.7,8757,7597,2.419,495
RAW,25.0,8762,7599,2.351,481
RAW,25.4,8762,7603,2.351,481
RAW,25.7,8771,7606,2.414,494
RAW,26.0,8774,7608,2.346,480
RAW,26.3,8775,7614,2.414,494
RAW,26.6,8781,7610,2.346,480
RAW,26.9,8785,7611,2.414,494
RAW,27.2,8784,7611,2.346,480
RAW,27.5,8789,7606,2.410,493
RAW,27.9,8800,7609,2.410,493
RAW,28.2,8775,7594,2.341,479
RAW,28.5,8743,7576,2.410,493
RAW,28.8,8711,7567,2.341,479
RAW,29.1,8699,7560,2.410,493
RAW,29.4,8684,7556,2.341,479
RAW,29.7,8683,7557,2.410,493
RAW,30.0,8683,7563,2.341,479
RAW,30.4,8685,7554,2.341,479
RAW,30.7,8689,7563,2.405,492
RAW,31.0,8697,7556,2.341,479
RAW,31.3,8691,7559,2.405,492
RAW,31.6,8697,7559,2.341,479
RAW,31.9,8691,7559,2.405,492
RAW,32.2,8699,7564,2.336,478
RAW,32.5,8698,7562,2.410,493
RAW,32.9,8705,7566,2.405,492
RAW,33.2,8711,7556,2.336,478
RAW,33.5,8719,7566,2.405,492
RAW,33.8,8723,7569,2.341,479
RAW,34.1,8724,7566,2.405,492
RAW,34.4,8722,7562,2.341,479
RAW,34.7,8723,7564,2.405,492
RAW,35.0,8734,7559,2.341,479
RAW,35.3,8733,7559,2.410,493
RAW,35.6,8742,7558,2.341,479
RAW,36.0,8740,7561,2.341,479
RAW,36.3,8717,7547,2.405,492
RAW,36.6,8685,7531,2.341,479
RAW,36.9,8657,7523,2.410,493
RAW,37.2,8658,7531,2.341,479
RAW,37.6,8653,7528,2.341,479
RAW,37.9,8639,7527,2.414,494
RAW,38.3,8639,7528,2.414,494
RAW,38.6,8642,7532,2.346,480
RAW,39.0,8647,7534,2.346,480
RAW,39.3,8640,7529,2.410,493
RAW,39.7,8634,7527,2.414,494
RAW,40.0,8640,7525,2.346,480
RAW,40.3,8646,7531,2.414,494
RAW,40.6,8651,7535,2.351,481
RAW,40.8,8667,7545,2.346,480
RAW,41.0,8672,7544,2.351,481
RAW,41.2,8673,7551,2.351,481
RAW,41.4,8671,7548,2.351,481
RAW,41.6,8673,7546,2.351,481
RAW,41.8,8674,7538,2.356,482
RAW,42.0,8669,7534,2.356,482
RAW,42.2,8668,7526,2.356,482
RAW,42.4,8665,7522,2.356,482
RAW,42.6,8668,7528,2.361,483
RAW,42.8,8676,7529,2.356,482
RAW,43.0,8681,7525,2.361,483
RAW,43.2,8691,7535,2.361,483
RAW,43.4,8696,7536,2.361,483
RAW,43.6,8701,7537,2.356,482
RAW,43.8,8702,7541,2.361,483
RAW,44.0,8710,7539,2.361,483
RAW,44.2,8701,7539,2.361,483
RAW,44.4,8686,7518,2.361,483
RAW,44.6,8659,7517,2.366,484
RAW,44.8,8636,7506,2.361,483
RAW,45.0,8620,7509,2.366,484
RAW,45.2,8600,7504,2.361,483
RAW,45.4,8607,7502,2.366,484
RAW,45.6,8599,7495,2.366,484
RAW,45.9,8588,7493,2.429,497
RAW,46.1,8591,7504,2.434,498
RAW,46.4,8593,7495,2.370,485
RAW,46.6,8614,7505,2.370,485
RAW,46.9,8639,7518,2.429,497
RAW,47.1,8639,7519,2.429,497
RAW,47.3,8641,7529,2.434,498
RAW,47.5,8645,7528,2.429,497
RAW,47.7,8646,7533,2.429,497
RAW,47.9,8642,7535,2.429,497
RAW,48.1,8651,7533,2.429,497
RAW,48.3,8653,7542,2.424,496
RAW,48.5,8656,7545,2.429,497
RAW,48.7,8667,7547,2.424,496
RAW,48.9,8671,7548,2.429,497
RAW,49.1,8678,7554,2.424,496
RAW,49.3,8688,7556,2.424,496
RAW,49.5,8690,7563,2.419,495
RAW,49.7,8693,7562,2.424,496
RAW,49.9,8695,7565,2.419,495
RAW,50.1,8698,7568,2.424,496
RAW,50.3,8708,7573,2.419,495
RAW,50.5,8717,7577,2.424,496
RAW,50.7,8722,7581,2.419,495
RAW,50.9,8726,7583,2.419,495
RAW,51.1,8727,7587,2.414,494
RAW,51.3,8738,7590,2.414,494
RAW,51.5,8743,7585,2.414,494
RAW,51.7,8743,7589,2.419,495
RAW,51.9,8764,7590,2.414,494
RAW,52.1,8760,7587,2.414,494
RAW,52.3,8747,7581,2.419,495
RAW,52.5,8726,7571,2.414,494
RAW,52.7,8713,7565,2.414,494
RAW,52.9,8688,7555,2.419,495
RAW,53.1,8667,7548,2.410,493
RAW,53.3,8670,7541,2.414,494
RAW,53.5,8672,7543,2.410,493
RAW,53.7,8680,7545,2.414,494
RAW,53.9,8681,7553,2.410,493
RAW,54.1,8701,7558,2.414,494
RAW,54.3,8699,7561,2.414,494
RAW,54.5,8691,7565,2.414,494
RAW,54.7,8707,7570,2.414,494
RAW,54.9,8718,7568,2.419,495
RAW,55.1,8719,7571,2.419,495
RAW,55.3,8719,7568,2.419,495
RAW,55.5,8720,7578,2.414,494
RAW,55.7,8727,7583,2.419,495
RAW,55.9,8735,7578,2.419,495
RAW,56.1,8733,7582,2.419,495
RAW,56.3,8747,7596,2.419,495
RAW,56.5,8749,7589,2.419,495
RAW,56.7,8756,7597,2.419,495
RAW,56.9,8770,7609,2.419,495
RAW,57.1,8788,7628,2.419,495
RAW,57.3,8792,7627,2.419,495
RAW,57.5,8792,7621,2.419,495
RAW,57.7,8785,7628,2.424,496
RAW,57.9,8794,7623,2.424,496
RAW,58.1,8791,7621,2.419,495
RAW,58.3,8787,7626,2.419,495
RAW,58.5,8784,7614,2.424,496
RAW,58.7,8780,7618,2.424,496
RAW,58.9,8781,7617,2.424,496
RAW,59.1,8786,7619,2.419,495
RAW,59.3,8780,7612,2.429,497
RAW,59.5,8785,7615,2.424,496
RAW,59.7,8797,7618,2.424,496
RAW,59.9,8801,7619,2.424,496
RAW,60.1,8806,7617,2.424,496
RAW,60.3,8786,7609,2.424,496
RAW,60.5,8759,7599,2.424,496
RAW,60.7,8741,7595,2.424,496
RAW,60.9,8724,7589,2.424,496
RAW,61.1,8717,7591,2.424,496
RAW,61.3,8706,7592,2.424,496
RAW,61.5,8692,7590,2.419,495
RAW,61.7,8694,7586,2.424,496
RAW,61.9,8687,7589,2.424,496
RAW,62.1,8683,7589,2.424,496
RAW,62.3,8690,7596,2.424,496
RAW,62.5,8691,7594,2.424,496
RAW,62.7,8700,7602,2.419,495
RAW,62.9,8704,7594,2.424,496
RAW,63.1,8700,7603,2.419,495
RAW,63.3,8701,7605,2.424,496
RAW,63.5,8709,7601,2.419,495
RAW,63.7,8707,7606,2.419,495
RAW,63.9,8712,7604,2.419,495
RAW,64.1,8707,7615,2.419,495
RAW,64.3,8695,7601,2.419,495
RAW,64.5,8691,7591,2.419,495
RAW,64.7,8691,7586,2.414,494
RAW,64.9,8691,7591,2.419,495
RAW,65.1,8695,7584,2.419,495
RAW,65.3,8705,7586,2.419,495
RAW,65.5,8704,7583,2.414,494
RAW,65.7,8720,7592,2.419,495
RAW,65.9,8726,7597,2.414,494
RAW,66.1,8741,7601,2.419,495
RAW,66.3,8751,7605,2.419,495
RAW,66.5,8752,7609,2.419,495
RAW,66.7,8753,7608,2.414,494
RAW,66.9,8759,7610,2.419,495
RAW,67.2,8762,7618,2.356,482
RAW,67.5,8757,7622,2.419,495
RAW,67.9,8734,7606,2.419,495
RAW,68.2,8698,7593,2.361,483
RAW,68.5,8675,7579,2.414,494
RAW,68.8,8655,7580,2.356,482
RAW,69.1,8641,7573,2.414,494
RAW,69.4,8630,7570,2.361,483
RAW,69.8,8620,7572,2.361,483
RAW,70.1,8623,7567,2.419,495
RAW,70.5,8631,7564,2.414,494
RAW,70.8,8639,7568,2.361,483
RAW,71.1,8645,7571,2.419,495
RAW,71.3,8644,7571,2.414,494
RAW,71.5,8644,7567,2.419,495
RAW,71.7,8651,7573,2.419,495
RAW,71.9,8642,7574,2.414,494
RAW,72.1,8656,7573,2.419,495
RAW,72.3,8652,7578,2.419,495
RAW,72.5,8662,7575,2.414,494
RAW,72.7,8669,7584,2.414,494
RAW,72.9,8671,7581,2.419,495
RAW,73.1,8679,7585,2.414,494
RAW,73.3,8682,7584,2.419,495
RAW,73.5,8691,7583,2.419,495
RAW,73.7,8700,7588,2.419,495
RAW,73.9,8705,7584,2.414,494
RAW,74.1,8702,7587,2.419,495
RAW,74.3,8715,7588,2.414,494
RAW,74.5,8718,7589,2.419,495
RAW,74.7,8721,7599,2.414,494
RAW,74.9,8729,7599,2.414,494
RAW,75.1,8717,7593,2.414,494
RAW,75.3,8708,7582,2.414,494
RAW,75.5,8684,7570,2.419,495
RAW,75.7,8672,7563,2.419,495
RAW,75.9,8648,7562,2.414,494
RAW,76.1,8651,7566,2.419,495
RAW,76.3,8648,7560,2.414,494
RAW,76.5,8653,7564,2.414,494
RAW,76.7,8659,7562,2.414,494
RAW,76.9,8651,7560,2.419,495
RAW,77.1,8641,7564,2.414,494
RAW,77.3,8651,7564,2.419,495
RAW,77.5,8653,7566,2.419,495
RAW,77.7,8654,7570,2.419,495
RAW,77.9,8657,7578,2.419,495
RAW,78.1,8670,7586,2.419,495
RAW,78.3,8674,7589,2.419,495
RAW,78.5,8673,7590,2.419,495
RAW,78.7,8674,7594,2.414,494
RAW,78.9,8681,7595,2.414,494
RAW,79.1,8688,7596,2.414,494
RAW,79.3,8695,7599,2.419,495
RAW,79.5,8681,7600,2.414,494
RAW,79.7,8702,7603,2.414,494
RAW,79.9,8704,7603,2.414,494
RAW,80.1,8707,7606,2.419,495
RAW,80.3,8711,7608,2.414,494
RAW,80.5,8723,7607,2.414,494
RAW,80.7,8718,7613,2.414,494
RAW,80.9,8725,7612,2.419,495
RAW,81.1,8728,7611,2.414,494
RAW,81.3,8730,7615,2.414,494
RAW,81.5,8725,7615,2.414,494
RAW,81.7,8731,7617,2.414,494
RAW,81.9,8734,7620,2.414,494
RAW,82.1,8743,7623,2.414,494
RAW,82.3,8744,7626,2.414,494
RAW,82.5,8752,7623,2.414,494
RAW,82.7,8758,7629,2.414,494
RAW,82.9,8743,7619,2.414,494
RAW,83.1,8726,7612,2.414,494
RAW,83.3,8707,7602,2.414,494
RAW,83.5,8684,7589,2.414,494
RAW,83.7,8665,7585,2.414,494
RAW,83.9,8654,7578,2.414,494
RAW,84.1,8644,7576,2.414,494
RAW,84.3,8637,7572,2.410,493
RAW,84.5,8627,7569,2.414,494
RAW,84.7,8629,7568,2.410,493
RAW,84.9,8627,7570,2.414,494
RAW,85.1,8624,7567,2.410,493
RAW,85.3,8626,7569,2.414,494
RAW,85.6,8644,7571,2.366,484
RAW,85.8,8636,7575,2.366,484
RAW,86.1,8643,7577,2.410,493
RAW,86.3,8647,7572,2.414,494
RAW,86.5,8654,7582,2.414,494
RAW,86.7,8655,7579,2.414,494
RAW,86.9,8658,7582,2.414,494
RAW,87.2,8665,7586,2.370,485
RAW,87.4,8680,7583,2.370,485
RAW,87.6,8688,7591,2.370,485
RAW,87.8,8691,7591,2.370,485
RAW,88.0,8701,7597,2.370,485
RAW,88.2,8705,7606,2.370,485
RAW,88.4,8713,7606,2.370,485
RAW,88.6,8721,7616,2.370,485
RAW,88.8,8722,7612,2.370,485
RAW,89.0,8732,7614,2.370,485
RAW,89.2,8733,7615,2.370,485
RAW,89.4,8741,7618,2.370,485
RAW,89.6,8750,7623,2.370,485
RAW,89.8,8753,7632,2.370,485
RAW,90.0,8760,7630,2.370,485
RAW,90.2,8763,7630,2.370,485
RAW,90.4,8774,7633,2.370,485
RAW,90.6,8773,7625,2.370,485
RAW,90.8,8766,7621,2.375,486
RAW,91.0,8754,7613,2.370,485
RAW,91.2,8726,7612,2.375,486
RAW,91.4,8717,7599,2.375,486
RAW,91.6,8698,7601,2.370,485
RAW,91.8,8693,7592,2.370,485
RAW,92.0,8693,7596,2.375,486
RAW,92.2,8685,7593,2.370,485
RAW,92.4,8681,7589,2.375,486
RAW,92.6,8684,7594,2.375,486
RAW,92.8,8677,7594,2.375,486
RAW,93.0,8685,7591,2.370,485
RAW,93.2,8679,7596,2.375,486
RAW,93.4,8689,7599,2.370,485
RAW,93.6,8682,7599,2.370,485
RAW,93.8,8700,7596,2.370,485
RAW,94.0,8702,7602,2.375,486
RAW,94.2,8708,7601,2.375,486
RAW,94.4,8702,7604,2.375,486
RAW,94.6,8708,7605,2.375,486
RAW,94.8,8713,7610,2.375,486
RAW,95.0,8711,7610,2.375,486
RAW,95.2,8713,7609,2.375,486
RAW,95.4,8718,7608,2.375,486
RAW,95.6,8720,7612,2.375,486
RAW,95.8,8722,7612,2.370,485
RAW,96.0,8731,7614,2.375,486
RAW,96.2,8736,7614,2.375,486
RAW,96.4,8745,7617,2.375,486
RAW,96.6,8756,7620,2.375,486
RAW,96.8,8761,7621,2.375,486
RAW,97.0,8768,7618,2.375,486
RAW,97.2,8768,7626,2.380,487
RAW,97.4,8769,7625,2.375,486
RAW,97.6,8776,7626,2.375,486
RAW,97.8,8786,7630,2.380,487
RAW,98.0,8791,7633,2.375,486
RAW,98.2,8790,7640,2.380,487
RAW,98.5,8781,7633,2.414,494
RAW,98.7,8763,7616,2.414,494
RAW,98.9,8745,7611,2.419,495
RAW,99.1,8730,7601,2.414,494
RAW,99.3,8723,7603,2.419,495
RAW,99.5,8711,7597,2.414,494
RAW,99.7,8713,7601,2.419,495
RAW,99.9,8715,7604,2.414,494
RAW,100.1,8711,7602,2.414,494
RAW,100.2,8716,7605,2.380,487
RAW,100.4,8712,7605,2.380,487
RAW,100.6,8713,7609,2.380,487
RAW,100.8,8710,7606,2.380,487
RAW,101.0,8723,7609,2.380,487
RAW,101.1,8724,7614,2.419,495
RAW,101.3,8726,7617,2.414,494
RAW,101.5,8732,7608,2.419,495
RAW,101.7,8728,7610,2.419,495
RAW,101.8,8728,7611,2.380,487
RAW,102.0,8727,7610,2.380,487
RAW,102.2,8731,7611,2.380,487
RAW,102.3,8726,7613,2.419,495
RAW,102.5,8732,7610,2.419,495
RAW,102.7,8730,7611,2.419,495
RAW,102.9,8739,7616,2.419,495
RAW,103.1,8751,7620,2.414,494
RAW,103.2,8752,7624,2.380,487
RAW,103.4,8761,7631,2.380,487
RAW,103.6,8771,7636,2.385,488
RAW,103.8,8776,7634,2.380,487
RAW,103.9,8779,7634,2.419,495
RAW,104.1,8783,7644,2.419,495
RAW,104.3,8784,7639,2.419,495
RAW,104.5,8778,7641,2.419,495
RAW,104.6,8777,7639,2.385,488
RAW,104.8,8779,7636,2.385,488
RAW,105.0,8777,7633,2.385,488
RAW,105.2,8775,7633,2.385,488
RAW,105.3,8768,7633,2.419,495
RAW,105.5,8761,7629,2.419,495
RAW,105.7,8769,7629,2.419,495
RAW,105.9,8766,7627,2.419,495
RAW,106.1,8759,7623,2.419,495
RAW,106.2,8749,7624,2.385,488
RAW,106.4,8734,7617,2.385,488
RAW,106.6,8712,7609,2.385,488
RAW,106.8,8713,7606,2.385,488
RAW,107.1,8703,7602,2.419,495
RAW,107.4,8693,7604,2.385,488
RAW,107.6,8686,7600,2.385,488
RAW,107.9,8684,7596,2.419,495
RAW,108.2,8681,7594,2.385,488
RAW,108.4,8680,7599,2.385,488
RAW,108.7,8683,7598,2.419,495
RAW,109.0,8682,7599,2.390,489
RAW,109.3,8693,7599,2.419,495
RAW,109.6,8690,7600,2.390,489
RAW,109.9,8690,7604,2.424,496
RAW,110.1,8700,7606,2.424,496
RAW,110.3,8699,7607,2.419,495
RAW,110.5,8698,7603,2.419,495
RAW,110.6,8700,7608,2.385,488
RAW,110.8,8709,7611,2.390,489
RAW,111.0,8715,7613,2.390,489
RAW,111.2,8714,7613,2.390,489
RAW,111.3,8714,7611,2.419,495
RAW,111.5,8726,7619,2.424,496
RAW,111.7,8737,7616,2.419,495
RAW,111.9,8735,7623,2.419,495
RAW,112.1,8743,7629,2.419,495
RAW,112.2,8751,7627,2.390,489
RAW,112.4,8747,7628,2.390,489
RAW,112.6,8756,7628,2.390,489
RAW,112.8,8762,7634,2.390,489
RAW,113.0,8767,7630,2.395,490
RAW,113.1,8765,7638,2.419,495
RAW,113.3,8777,7645,2.419,495
RAW,113.5,8782,7642,2.419,495
RAW,113.7,8782,7644,2.419,495
RAW,113.8,8781,7640,2.390,489
RAW,114.0,8761,7627,2.390,489
RAW,114.2,8743,7621,2.390,489
RAW,114.4,8733,7618,2.395,490
RAW,114.5,8724,7612,2.419,495
RAW,114.7,8712,7608,2.419,495
RAW,114.9,8698,7602,2.414,494
RAW,115.1,8695,7606,2.414,494
RAW,115.2,8686,7604,2.390,489
RAW,115.4,8685,7597,2.390,489
RAW,115.6,8672,7597,2.395,490
RAW,115.8,8667,7590,2.395,490
RAW,115.9,8668,7594,2.419,495
RAW,116.1,8658,7593,2.419,495
RAW,116.3,8663,7588,2.414,494
RAW,116.5,8659,7590,2.419,495
RAW,116.7,8668,7587,2.419,495
RAW,116.9,8679,7591,2.419,495
RAW,117.1,8675,7592,2.419,495
RAW,117.3,8681,7593,2.419,495
RAW,117.5,8685,7600,2.419,495
RAW,117.7,8686,7600,2.419,495
RAW,117.9,8687,7604,2.419,495
RAW,118.1,8693,7603,2.419,495
RAW,118.3,8693,7607,2.414,494
RAW,118.4,8697,7601,2.395,490
RAW,118.6,8705,7606,2.395,490
RAW,118.8,8713,7616,2.400,491
RAW,119.0,8706,7616,2.395,490
RAW,119.1,8713,7614,2.419,495
RAW,119.3,8718,7618,2.414,494
RAW,119.5,8721,7620,2.414,494
RAW,119.7,8726,7616,2.414,494
RAW,119.8,8729,7629,2.395,490
RAW,120.0,8740,7627,2.400,491
RAW,120.2,8739,7628,2.400,491
RAW,120.4,8755,7634,2.400,491
RAW,120.5,8755,7635,2.419,495
RAW,120.7,8760,7636,2.419,495
RAW,120.9,8762,7648,2.419,495
RAW,121.1,8769,7638,2.414,494
RAW,121.2,8765,7641,2.400,491
RAW,121.4,8774,7641,2.400,491
RAW,121.6,8764,7636,2.405,492
RAW,121.8,8752,7626,2.400,491
RAW,121.9,8747,7624,2.419,495
RAW,122.1,8711,7607,2.414,494
RAW,122.3,8685,7594,2.419,495
RAW,122.5,8662,7585,2.414,494
RAW,122.6,8660,7587,2.405,492
RAW,122.8,8655,7583,2.405,492
RAW,123.0,8664,7585,2.405,492
RAW,123.2,8657,7588,2.410,493
RAW,123.4,8654,7592,2.410,493
RAW,123.5,8656,7589,2.414,494
RAW,123.7,8656,7589,2.419,495
RAW,123.9,8667,7591,2.419,495
RAW,124.1,8661,7591,2.419,495
RAW,124.3,8678,7597,2.414,494
RAW,124.5,8674,7606,2.419,495
RAW,124.8,8685,7605,2.405,492
RAW,125.0,8689,7603,2.410,493
RAW,125.2,8690,7611,2.410,493
RAW,125.3,8688,7609,2.414,494
RAW,125.5,8692,7606,2.414,494
RAW,125.7,8688,7611,2.414,494
RAW,125.9,8684,7605,2.410,493
RAW,126.0,8687,7605,2.410,493
RAW,126.2,8684,7600,2.405,492
RAW,126.4,8684,7600,2.410,493
RAW,126.6,8691,7605,2.410,493
RAW,126.7,8686,7612,2.414,494
RAW,126.9,8692,7611,2.414,494
RAW,127.1,8688,7609,2.414,494
RAW,127.3,8685,7604,2.410,493
RAW,127.4,8685,7603,2.410,493
RAW,127.6,8686,7597,2.410,493
RAW,127.8,8686,7605,2.410,493
RAW,128.0,8698,7609,2.414,494
RAW,128.1,8708,7613,2.414,494
RAW,128.3,8706,7621,2.414,494
RAW,128.5,8719,7625,2.414,494
RAW,128.7,8736,7632,2.410,493
RAW,128.8,8738,7637,2.414,494
RAW,129.0,8751,7639,2.410,493
RAW,129.2,8760,7643,2.414,494
RAW,129.4,8763,7646,2.414,494
RAW,129.5,8767,7645,2.414,494
RAW,129.7,8783,7653,2.410,493
RAW,129.9,8770,7651,2.414,494
RAW,130.1,8760,7644,2.410,493
RAW,130.2,8752,7643,2.414,494
RAW,130.4,8731,7628,2.410,493
RAW,130.6,8709,7622,2.419,495
RAW,130.8,8693,7605,2.414,494
RAW,130.9,8688,7616,2.414,494
RAW,131.1,8679,7613,2.414,494
RAW,131.3,8670,7603,2.414,494
RAW,131.5,8655,7600,2.410,493
RAW,131.6,8663,7595,2.414,494
RAW,131.8,8647,7603,2.414,494
RAW,132.0,8651,7595,2.414,494
RAW,132.2,8643,7596,2.414,494
RAW,132.4,8643,7589,2.414,494
RAW,132.6,8650,7598,2.414,494
RAW,132.8,8646,7598,2.419,495
RAW,133.0,8656,7596,2.414,494
RAW,133.2,8662,7599,2.414,494
RAW,133.4,8661,7603,2.414,494
RAW,133.6,8662,7600,2.414,494
RAW,133.8,8664,7596,2.414,494
RAW,134.0,8665,7603,2.414,494
RAW,134.2,8667,7602,2.419,495
RAW,134.4,8678,7606,2.419,495
RAW,134.5,8684,7610,2.410,493
RAW,134.7,8690,7612,2.410,493
RAW,134.9,8698,7618,2.410,493
RAW,135.1,8709,7621,2.410,493
RAW,135.2,8721,7625,2.414,494
RAW,135.4,8728,7627,2.419,495
RAW,135.6,8723,7627,2.419,495
RAW,135.8,8721,7627,2.424,496
RAW,136.0,8724,7633,2.419,495
RAW,136.1,8729,7626,2.410,493
RAW,136.3,8730,7627,2.410,493
RAW,136.5,8733,7629,2.410,493
RAW,136.7,8747,7638,2.410,493
RAW,136.8,8745,7636,2.419,495
RAW,137.0,8752,7644,2.419,495
RAW,137.2,8757,7645,2.419,495
RAW,137.4,8760,7651,2.424,496
RAW,137.6,8776,7654,2.424,496
RAW,137.7,8773,7651,2.410,493
RAW,137.9,8773,7651,2.410,493
RAW,138.1,8758,7643,2.410,493
RAW,138.3,8738,7639,2.410,493
RAW,138.4,8728,7631,2.424,496
RAW,138.6,8706,7622,2.424,496
RAW,138.8,8690,7610,2.424,496
RAW,139.0,8673,7605,2.429,497
RAW,139.1,8672,7606,2.414,494
RAW,139.3,8654,7603,2.414,494
RAW,139.5,8646,7593,2.410,493
RAW,139.7,8635,7589,2.414,494
RAW,139.8,8637,7591,2.424,496
RAW,140.0,8633,7590,2.429,497
RAW,140.2,8627,7587,2.429,497
RAW,140.4,8639,7587,2.429,497
RAW,140.7,8637,7591,2.414,494
RAW,140.9,8640,7591,2.414,494
RAW,141.1,8641,7590,2.414,494
RAW,141.3,8646,7591,2.410,493
RAW,141.5,8650,7591,2.414,494
RAW,141.7,8653,7594,2.414,494
RAW,141.9,8651,7593,2.410,493
RAW,142.1,8650,7597,2.410,493
RAW,142.2,8650,7602,2.429,497
RAW,142.4,8657,7599,2.429,497
RAW,142.6,8667,7599,2.429,497
RAW,142.8,8669,7600,2.434,498
RAW,142.9,8675,7607,2.410,493
RAW,143.1,8686,7607,2.414,494
RAW,143.3,8684,7616,2.410,493
RAW,143.5,8696,7616,2.410,493
RAW,143.6,8703,7620,2.429,497
RAW,143.8,8712,7623,2.429,497
RAW,144.0,8715,7627,2.429,497
RAW,144.2,8722,7624,2.434,498
RAW,144.3,8719,7626,2.410,493
RAW,144.5,8722,7630,2.410,493
RAW,144.7,8728,7632,2.410,493
RAW,144.9,8736,7632,2.410,493
RAW,145.0,8738,7633,2.429,497
RAW,145.2,8741,7638,2.434,498
RAW,145.4,8747,7636,2.434,498
RAW,145.6,8748,7639,2.439,499
RAW,145.8,8751,7649,2.439,499
RAW,145.9,8757,7648,2.410,493
RAW,146.1,8763,7646,2.410,493
RAW,146.3,8751,7644,2.414,494
RAW,146.5,8731,7633,2.410,493
RAW,146.6,8714,7621,2.434,498
RAW,146.8,8709,7622,2.439,499
RAW,147.0,8703,7621,2.439,499
RAW,147.1,8694,7616,2.410,493
RAW,147.3,8691,7613,2.414,494
RAW,147.5,8688,7611,2.410,493
RAW,147.7,8679,7610,2.410,493
RAW,147.9,8681,7608,2.410,493
RAW,148.0,8677,7612,2.434,498
RAW,148.2,8670,7608,2.439,499
RAW,148.4,8678,7608,2.439,499
RAW,148.6,8680,7610,2.439,499
RAW,148.7,8684,7616,2.414,494
RAW,148.9,8683,7613,2.410,493
RAW,149.1,8690,7615,2.414,494
RAW,149.3,8692,7619,2.410,493
RAW,149.4,8694,7624,2.439,499
RAW,149.6,8696,7618,2.439,499
RAW,149.8,8690,7622,2.444,500
RAW,150.0,8701,7621,2.444,500
RAW,150.1,8701,7632,2.414,494
RAW,150.3,8700,7621,2.414,494
RAW,150.5,8696,7624,2.414,494
RAW,150.7,8703,7630,2.414,494
RAW,150.8,8705,7631,2.444,500
RAW,151.0,8709,7634,2.444,500
RAW,151.2,8709,7626,2.444,500
RAW,151.4,8716,7632,2.444,500
RAW,151.5,8717,7635,2.414,494
RAW,151.7,8725,7639,2.410,493
RAW,151.9,8731,7635,2.414,494
RAW,152.1,8733,7642,2.414,494
RAW,152.2,8739,7640,2.444,500
RAW,152.4,8743,7645,2.444,500
RAW,152.6,8744,7646,2.449,501
RAW,152.8,8752,7642,2.444,500
RAW,152.9,8757,7649,2.414,494
RAW,153.1,8757,7652,2.414,494
RAW,153.3,8770,7652,2.414,494
RAW,153.5,8776,7660,2.410,493
RAW,153.6,8782,7663,2.449,501
RAW,153.8,8768,7654,2.444,500
RAW,154.0,8758,7642,2.444,500
RAW,154.2,8725,7633,2.444,500
RAW,154.3,8719,7633,2.414,494
RAW,154.5,8703,7623,2.414,494
RAW,154.7,8685,7618,2.414,494
RAW,154.9,8671,7615,2.414,494
RAW,155.0,8671,7614,2.449,501
RAW,155.2,8657,7607,2.449,501
RAW,155.4,8647,7598,2.449,501
RAW,155.6,8628,7584,2.449,501
RAW,155.7,8624,7584,2.414,494
RAW,155.9,8617,7575,2.414,494
RAW,156.2,8631,7582,2.449,501
RAW,156.4,8647,7598,2.449,501
RAW,156.6,8654,7602,2.454,502
RAW,156.8,8668,7612,2.449,501
RAW,157.1,8682,7619,2.414,494
RAW,157.3,8695,7624,2.414,494
RAW,157.4,8697,7628,2.449,501
RAW,157.6,8702,7624,2.449,501
RAW,157.8,8709,7633,2.454,502
RAW,158.0,8713,7632,2.454,502
RAW,158.2,8712,7634,2.454,502
RAW,158.3,8712,7634,2.414,494
RAW,158.5,8720,7635,2.414,494
RAW,158.7,8722,7636,2.414,494
RAW,158.9,8723,7638,2.419,495
RAW,159.1,8738,7644,2.414,494
RAW,159.2,8742,7643,2.454,502
RAW,159.4,8749,7648,2.454,502
RAW,159.6,8762,7652,2.454,502
RAW,159.8,8762,7654,2.458,503
RAW,159.9,8771,7655,2.419,495
RAW,160.1,8774,7659,2.419,495
RAW,160.3,8786,7661,2.414,494
RAW,160.5,8783,7662,2.414,494
RAW,160.7,8791,7662,2.419,495
RAW,160.8,8792,7670,2.454,502
RAW,161.0,8797,7668,2.458,503
RAW,161.2,8795,7675,2.458,503
RAW,161.4,8796,7673,2.458,503
RAW,161.6,8783,7657,2.458,503
RAW,161.7,8775,7665,2.414,494
RAW,161.9,8748,7651,2.414,494
RAW,162.1,8728,7640,2.414,494
RAW,162.2,8714,7639,2.454,502
RAW,162.4,8703,7635,2.458,503
RAW,162.6,8699,7629,2.458,503
RAW,162.8,8683,7626,2.458,503
RAW,163.0,8685,7619,2.458,503
RAW,163.1,8682,7626,2.414,494
RAW,163.3,8671,7618,2.414,494
RAW,163.5,8672,7614,2.414,494
RAW,163.7,8671,7616,2.414,494
RAW,163.8,8671,7613,2.458,503
RAW,164.0,8665,7618,2.458,503
RAW,164.2,8675,7620,2.458,503
RAW,164.4,8682,7627,2.458,503
RAW,164.5,8679,7626,2.419,495
RAW,164.7,8692,7625,2.414,494
RAW,164.9,8692,7631,2.419,495
RAW,165.1,8691,7627,2.414,494
RAW,165.2,8691,7626,2.463,504
RAW,165.4,8691,7635,2.458,503
RAW,165.6,8691,7626,2.463,504
RAW,165.8,8703,7634,2.458,503
RAW,165.9,8706,7631,2.414,494
RAW,166.1,8710,7635,2.419,495
RAW,166.3,8708,7640,2.414,494
RAW,166.5,8722,7643,2.414,494
RAW,166.7,8727,7645,2.414,494
RAW,166.8,8731,7646,2.463,504
RAW,167.0,8734,7641,2.468,505
RAW,167.2,8734,7647,2.463,504
RAW,167.3,8744,7654,2.414,494
RAW,167.5,8741,7653,2.414,494
RAW,167.7,8756,7656,2.414,494
RAW,167.9,8748,7652,2.419,495
RAW,168.1,8761,7666,2.414,494
RAW,168.2,8763,7660,2.463,504
RAW,168.4,8770,7658,2.468,505
RAW,168.6,8774,7669,2.463,504
RAW,168.8,8780,7668,2.468,505
RAW,168.9,8782,7668,2.414,494
RAW,169.1,8787,7668,2.414,494
RAW,169.3,8770,7658,2.414,494
RAW,169.5,8752,7646,2.414,494
RAW,169.6,8735,7644,2.463,504
RAW,169.8,8722,7637,2.468,505
RAW,170.0,8697,7627,2.463,504
RAW,170.2,8683,7622,2.473,506
RAW,170.3,8684,7625,2.410,493
RAW,170.5,8669,7621,2.414,494
RAW,170.7,8662,7621,2.414,494
RAW,170.9,8658,7613,2.414,494
RAW,171.0,8659,7613,2.463,504
RAW,171.2,8657,7613,2.468,505
RAW,171.4,8660,7610,2.463,504
RAW,171.6,8654,7620,2.468,505
RAW,171.8,8664,7621,2.468,505
RAW,171.9,8667,7626,2.414,494
RAW,172.1,8675,7627,2.414,494
RAW,172.3,8684,7626,2.414,494
RAW,172.5,8684,7631,2.414,494
RAW,172.6,8685,7628,2.468,505
RAW,172.8,8685,7628,2.468,505
RAW,173.0,8703,7632,2.468,505
RAW,173.2,8701,7637,2.468,505
RAW,173.3,8699,7639,2.414,494
RAW,173.5,8712,7638,2.410,493
RAW,173.7,8714,7637,2.414,494
RAW,173.9,8719,7644,2.410,493
RAW,174.0,8724,7641,2.468,505
RAW,174.2,8723,7648,2.468,505
RAW,174.4,8738,7646,2.468,505
RAW,174.5,8734,7651,2.410,493
RAW,174.7,8740,7651,2.414,494
RAW,174.9,8744,7658,2.410,493
RAW,175.1,8749,7660,2.414,494
RAW,175.3,8758,7661,2.410,493
RAW,175.4,8765,7663,2.468,505
RAW,175.6,8770,7664,2.468,505
RAW,175.8,8770,7663,2.473,506
RAW,176.0,8777,7667,2.468,505
RAW,176.1,8783,7667,2.414,494
RAW,176.3,8790,7677,2.414,494
RAW,176.5,8793,7675,2.414,494
RAW,176.7,8794,7675,2.414,494
RAW,176.8,8793,7676,2.468,505
RAW,177.0,8782,7668,2.468,505
RAW,177.2,8761,7658,2.468,505
RAW,177.5,8741,7644,2.410,493
RAW,177.8,8708,7636,2.468,505
RAW,178.0,8696,7635,2.468,505
RAW,178.3,8685,7620,2.414,494
RAW,178.6,8676,7628,2.473,506
RAW,178.8,8668,7617,2.473,506
RAW,179.1,8680,7620,2.410,493
RAW,179.3,8685,7625,2.410,493
RAW,179.6,8691,7632,2.468,505
RAW,179.8,8691,7633,2.468,505
RAW,180.1,8695,7634,2.410,493
RAW,180.4,8702,7639,2.473,506
RAW,180.6,8700,7632,2.473,506
RAW,180.9,8708,7641,2.414,494
RAW,181.1,8706,7639,2.410,493
RAW,181.4,8710,7643,2.473,506
RAW,181.7,8724,7643,2.410,493
RAW,181.9,8717,7645,2.414,494
RAW,182.2,8729,7647,2.468,505
RAW,182.5,8738,7656,2.414,494
RAW,182.7,8734,7659,2.414,494
RAW,183.0,8749,7657,2.473,506
RAW,183.2,8758,7664,2.473,506
RAW,183.5,8760,7663,2.410,493
RAW,183.8,8767,7672,2.473,506
RAW,184.0,8777,7669,2.478,507
RAW,184.3,8760,7668,2.410,493
RAW,184.5,8744,7656,2.414,494
RAW,184.8,8705,7638,2.473,506
RAW,185.1,8687,7631,2.410,493
RAW,185.3,8663,7621,2.414,494
RAW,185.6,8649,7611,2.473,506
RAW,185.9,8631,7607,2.410,493
RAW,186.2,8624,7607,2.478,507
RAW,186.5,8627,7612,2.414,494
RAW,186.8,8638,7616,2.483,508
RAW,187.1,8647,7617,2.410,493
RAW,187.3,8663,7617,2.414,494
RAW,187.5,8656,7622,2.414,494
RAW,187.6,8657,7620,2.478,507
RAW,187.8,8666,7624,2.478,507
RAW,188.0,8662,7620,2.483,508
RAW,188.2,8665,7619,2.483,508
RAW,188.3,8667,7620,2.414,494
RAW,188.5,8679,7623,2.414,494
RAW,188.7,8675,7629,2.414,494
RAW,188.9,8676,7631,2.414,494
RAW,189.0,8679,7637,2.488,509
RAW,189.2,8690,7630,2.483,508
RAW,189.4,8690,7636,2.483,508
RAW,189.6,8695,7634,2.483,508
RAW,189.7,8701,7636,2.414,494
RAW,189.9,8707,7645,2.414,494
RAW,190.1,8714,7645,2.419,495
RAW,190.3,8712,7642,2.414,494
RAW,190.4,8715,7648,2.488,509
RAW,190.6,8721,7653,2.483,508
RAW,190.8,8724,7643,2.488,509
RAW,191.0,8731,7649,2.483,508
RAW,191.2,8731,7648,2.488,509
RAW,191.3,8739,7654,2.414,494
RAW,191.5,8736,7650,2.419,495
RAW,191.7,8722,7646,2.414,494
RAW,191.9,8706,7637,2.419,495
RAW,192.0,8697,7634,2.488,509
RAW,192.2,8669,7621,2.488,509
RAW,192.4,8643,7612,2.488,509
RAW,192.6,8620,7602,2.488,509
RAW,192.7,8614,7594,2.419,495
RAW,192.9,8596,7589,2.419,495
RAW,193.1,8581,7588,2.419,495
RAW,193.3,8570,7586,2.414,494
RAW,193.4,8570,7585,2.488,509
RAW,193.7,8549,7580,2.419,495
RAW,193.9,8555,7578,2.414,494
RAW,194.1,8558,7579,2.419,495
RAW,194.3,8566,7583,2.419,495
RAW,194.5,8570,7585,2.419,495
RAW,194.7,8578,7588,2.419,495
RAW,194.9,8583,7593,2.419,495
RAW,195.1,8583,7590,2.419,495
RAW,195.3,8591,7597,2.419,495
RAW,195.5,8596,7592,2.419,495
RAW,195.7,8599,7595,2.419,495
RAW,195.8,8597,7594,2.488,509
RAW,196.0,8612,7598,2.488,509
RAW,196.2,8613,7601,2.493,510
RAW,196.4,8614,7601,2.488,509
RAW,196.5,8620,7603,2.419,495
RAW,196.7,8633,7609,2.419,495
RAW,196.9,8636,7610,2.424,496
RAW,197.1,8643,7610,2.419,495
RAW,197.2,8646,7611,2.493,510
RAW,197.4,8656,7616,2.493,510
RAW,197.6,8659,7620,2.488,509
RAW,197.8,8669,7615,2.493,510
RAW,198.0,8667,7624,2.488,509
RAW,198.1,8669,7623,2.424,496
RAW,198.3,8674,7625,2.419,495
RAW,198.5,8680,7629,2.424,496
RAW,198.7,8677,7631,2.424,496
RAW,198.8,8678,7630,2.493,510
RAW,199.0,8692,7629,2.493,510
RAW,199.2,8689,7630,2.498,511
RAW,199.4,8682,7622,2.493,510
RAW,199.5,8671,7622,2.419,495
RAW,199.7,8647,7614,2.419,495
RAW,199.9,8619,7601,2.424,496
RAW,200.1,8591,7589,2.424,496
RAW,200.2,8589,7590,2.493,510
RAW,200.4,8566,7576,2.493,510
RAW,200.6,8554,7575,2.493,510
RAW,200.8,8534,7568,2.493,510
RAW,200.9,8534,7565,2.419,495
RAW,201.1,8527,7566,2.424,496
RAW,201.3,8527,7565,2.419,495
RAW,201.5,8523,7562,2.419,495
RAW,201.6,8522,7565,2.493,510
RAW,201.8,8533,7564,2.493,510
RAW,202.0,8541,7568,2.493,510
RAW,202.2,8550,7574,2.493,510
RAW,202.3,8548,7574,2.424,496
RAW,202.5,8554,7582,2.424,496
RAW,202.7,8568,7578,2.424,496
RAW,202.9,8577,7583,2.424,496
RAW,203.0,8573,7582,2.498,511
RAW,203.2,8575,7587,2.498,511
RAW,203.4,8584,7590,2.493,510
RAW,203.6,8588,7592,2.493,510
RAW,203.8,8597,7592,2.493,510
RAW,203.9,8591,7596,2.419,495
RAW,204.1,8602,7601,2.424,496
RAW,204.3,8608,7601,2.424,496
RAW,204.4,8612,7597,2.498,511
RAW,204.6,8613,7605,2.493,510
RAW,204.8,8623,7606,2.498,511
RAW,205.0,8627,7608,2.493,510
RAW,205.2,8627,7610,2.493,510
RAW,205.3,8632,7608,2.424,496
RAW,205.5,8635,7614,2.424,496
RAW,205.7,8652,7608,2.424,496
RAW,205.9,8644,7613,2.424,496
RAW,206.0,8647,7617,2.493,510
RAW,206.2,8652,7619,2.493,510
RAW,206.4,8659,7622,2.493,510
RAW,206.6,8659,7628,2.493,510
RAW,206.7,8667,7626,2.424,496
RAW,206.9,8666,7627,2.429,497
RAW,207.1,8663,7622,2.429,497
RAW,207.3,8645,7615,2.429,497
RAW,207.4,8630,7611,2.498,511
RAW,207.6,8597,7590,2.498,511
RAW,207.8,8574,7574,2.498,511
RAW,208.0,8542,7570,2.498,511
RAW,208.1,8538,7573,2.429,497
RAW,208.3,8514,7557,2.434,498
RAW,208.5,8503,7557,2.429,497
RAW,208.7,8488,7546,2.434,498
RAW,208.9,8481,7545,2.434,498
RAW,209.1,8468,7536,2.434,498
RAW,209.2,8465,7541,2.498,511
RAW,209.5,8463,7546,2.434,498
RAW,209.7,8457,7539,2.429,497
RAW,209.9,8462,7540,2.434,498
RAW,210.1,8467,7540,2.429,497
RAW,210.3,8473,7541,2.434,498
RAW,210.5,8490,7548,2.434,498
RAW,210.8,8507,7548,2.498,511
RAW,211.0,8524,7558,2.498,511
RAW,211.1,8533,7557,2.439,499
RAW,211.3,8547,7568,2.439,499
RAW,211.5,8572,7572,2.439,499
RAW,211.7,8585,7578,2.439,499
RAW,211.8,8589,7590,2.502,512
RAW,212.0,8604,7595,2.502,512
RAW,212.2,8612,7600,2.502,512
RAW,212.4,8611,7602,2.502,512
RAW,212.6,8607,7601,2.502,512
RAW,212.7,8613,7604,2.444,500
RAW,212.9,8617,7605,2.444,500
RAW,213.1,8623,7608,2.444,500
RAW,213.3,8627,7609,2.444,500
RAW,213.4,8630,7603,2.507,513
RAW,213.6,8630,7600,2.507,513
RAW,213.8,8633,7604,2.502,512
RAW,214.0,8636,7599,2.507,513
RAW,214.2,8627,7593,2.498,511
RAW,214.3,8630,7596,2.444,500
RAW,214.5,8639,7597,2.439,499
RAW,214.7,8641,7602,2.439,499
RAW,214.8,8648,7597,2.502,512
RAW,215.0,8653,7595,2.502,512
RAW,215.2,8649,7597,2.493,510
RAW,215.4,8634,7595,2.493,510
RAW,215.5,8621,7594,2.434,498
RAW,215.7,8626,7595,2.434,498
RAW,215.9,8616,7587,2.434,498
RAW,216.1,8605,7588,2.434,498
RAW,216.2,8598,7584,2.493,510
RAW,216.4,8586,7576,2.493,510
RAW,216.6,8573,7570,2.493,510
RAW,216.8,8569,7574,2.493,510
RAW,216.9,8568,7576,2.429,497
RAW,217.1,8573,7573,2.429,497
RAW,217.3,8574,7574,2.429,497
RAW,217.5,8579,7582,2.429,497
RAW,217.7,8584,7587,2.429,497
RAW,217.8,8595,7580,2.493,510
RAW,218.0,8597,7585,2.488,509
RAW,218.2,8614,7591,2.488,509
RAW,218.3,8609,7593,2.429,497
RAW,218.5,8617,7595,2.429,497
RAW,218.7,8616,7604,2.429,497
RAW,218.9,8616,7596,2.429,497
RAW,219.1,8620,7599,2.429,497
RAW,219.2,8623,7599,2.488,509
RAW,219.4,8627,7600,2.483,508
RAW,219.6,8629,7608,2.488,509
RAW,219.7,8624,7607,2.424,496
RAW,219.9,8628,7611,2.429,497
RAW,220.1,8634,7612,2.429,497
RAW,220.3,8640,7610,2.429,497
RAW,220.4,8645,7613,2.483,508
RAW,220.6,8650,7613,2.488,509
RAW,220.8,8649,7614,2.483,508
RAW,221.0,8655,7618,2.488,509
RAW,221.1,8657,7614,2.424,496
RAW,221.3,8660,7613,2.429,497
RAW,221.5,8665,7615,2.429,497
RAW,221.7,8671,7618,2.429,497
RAW,221.8,8673,7621,2.488,509
RAW,222.0,8685,7629,2.488,509
RAW,222.2,8679,7630,2.483,508
RAW,222.4,8691,7629,2.483,508
RAW,222.5,8691,7630,2.429,497
RAW,222.7,8701,7634,2.429,497
RAW,222.9,8698,7628,2.429,497
RAW,223.1,8683,7619,2.429,497
RAW,223.3,8672,7615,2.434,498
RAW,223.4,8652,7612,2.488,509
RAW,223.6,8637,7606,2.483,508
RAW,223.8,8613,7596,2.483,508
RAW,224.0,8604,7590,2.478,507
RAW,224.1,8596,7591,2.429,497
RAW,224.3,8582,7584,2.434,498
RAW,224.5,8569,7582,2.434,498
RAW,224.7,8561,7581,2.429,497
RAW,224.8,8559,7578,2.488,509
RAW,225.0,8551,7575,2.483,508
RAW,225.2,8551,7575,2.483,508
RAW,225.4,8546,7576,2.478,507
RAW,225.5,8549,7585,2.434,498
RAW,225.7,8557,7579,2.429,497
RAW,225.9,8566,7583,2.434,498
RAW,226.1,8572,7585,2.429,497
RAW,226.2,8577,7583,2.483,508
RAW,226.4,8578,7587,2.478,507
RAW,226.6,8592,7595,2.483,508
RAW,226.8,8587,7592,2.478,507
RAW,226.9,8592,7597,2.434,498
RAW,227.1,8597,7596,2.429,497
RAW,227.3,8600,7602,2.434,498
RAW,227.5,8609,7595,2.429,497
RAW,227.6,8608,7595,2.478,507
RAW,227.8,8608,7602,2.483,508
RAW,228.0,8623,7609,2.483,508
RAW,228.2,8624,7599,2.478,507
RAW,228.3,8627,7606,2.434,498
RAW,228.5,8632,7608,2.429,497
RAW,228.7,8635,7606,2.434,498
RAW,228.9,8639,7608,2.429,497
RAW,229.0,8647,7610,2.483,508
RAW,229.2,8645,7614,2.478,507
RAW,229.4,8653,7617,2.478,507
RAW,229.6,8653,7619,2.478,507
RAW,229.7,8667,7621,2.429,497
RAW,229.9,8674,7621,2.429,497
RAW,230.1,8676,7628,2.429,497
RAW,230.3,8687,7634,2.429,497
RAW,230.4,8685,7627,2.483,508
RAW,230.6,8696,7631,2.478,507
RAW,230.8,8702,7632,2.478,507
RAW,231.1,8689,7624,2.429,497
RAW,231.4,8644,7604,2.473,506
RAW,231.6,8619,7595,2.473,506
RAW,231.9,8589,7580,2.429,497
RAW,232.1,8571,7572,2.429,497
RAW,232.4,8555,7568,2.473,506
RAW,232.7,8546,7567,2.424,496
RAW,232.9,8533,7563,2.424,496
RAW,233.2,8535,7562,2.468,505
RAW,233.5,8548,7574,2.424,496
RAW,233.8,8557,7574,2.463,504
RAW,234.0,8565,7574,2.468,505
RAW,234.2,8570,7578,2.463,504
RAW,234.4,8571,7583,2.463,504
RAW,234.5,8575,7579,2.419,495
RAW,234.7,8578,7579,2.424,496
RAW,234.9,8581,7585,2.424,496
RAW,235.1,8590,7583,2.424,496
RAW,235.2,8585,7588,2.468,505
RAW,235.4,8585,7589,2.463,504
RAW,235.6,8598,7593,2.463,504
RAW,235.8,8605,7588,2.463,504
RAW,235.9,8601,7591,2.419,495
RAW,236.1,8609,7601,2.424,496
RAW,236.3,8621,7599,2.424,496
RAW,236.5,8622,7601,2.424,496
RAW,236.7,8639,7605,2.419,495
RAW,236.8,8640,7603,2.463,504
RAW,237.0,8642,7611,2.463,504
RAW,237.2,8645,7609,2.463,504
RAW,237.4,8649,7609,2.463,504
RAW,237.5,8654,7611,2.424,496
RAW,237.7,8654,7610,2.424,496
RAW,237.9,8664,7613,2.429,497
RAW,238.1,8668,7610,2.424,496
RAW,238.2,8679,7612,2.468,505
RAW,238.4,8684,7615,2.468,505
RAW,238.6,8696,7621,2.463,504
RAW,238.8,8696,7623,2.463,504
RAW,239.0,8688,7617,2.463,504
RAW,239.1,8683,7609,2.424,496
RAW,239.3,8659,7597,2.424,496
RAW,239.5,8638,7589,2.424,496
RAW,239.6,8629,7588,2.463,504
RAW,239.8,8620,7578,2.463,504
RAW,240.0,8607,7576,2.463,504
RAW,240.2,8595,7566,2.458,503
RAW,240.3,8590,7562,2.429,497
RAW,240.5,8585,7563,2.424,496
RAW,240.7,8588,7559,2.429,497
RAW,240.9,8589,7563,2.424,496
RAW,241.0,8593,7563,2.463,504
RAW,241.2,8593,7562,2.463,504
RAW,241.4,8615,7571,2.463,504
RAW,241.6,8619,7578,2.458,503
RAW,241.7,8620,7573,2.429,497
RAW,241.9,8630,7587,2.429,497
RAW,242.1,8638,7586,2.429,497
RAW,242.3,8649,7587,2.424,496
RAW,242.4,8647,7588,2.463,504
RAW,242.6,8652,7589,2.458,503
RAW,242.8,8663,7592,2.463,504
RAW,243.0,8668,7598,2.463,504
RAW,243.1,8672,7596,2.429,497
RAW,243.3,8678,7603,2.429,497
RAW,243.5,8684,7602,2.429,497
RAW,243.7,8704,7611,2.424,496
RAW,243.8,8700,7609,2.463,504
RAW,244.0,8714,7615,2.458,503
RAW,244.2,8721,7620,2.463,504
RAW,244.4,8727,7621,2.458,503
RAW,244.5,8733,7627,2.429,497
RAW,244.7,8747,7630,2.424,496
RAW,244.9,8747,7631,2.429,497
RAW,245.1,8755,7634,2.429,497
RAW,245.2,8756,7640,2.463,504
RAW,245.4,8760,7644,2.458,503
RAW,245.6,8760,7643,2.463,504
RAW,245.8,8766,7645,2.458,503
RAW,245.9,8770,7649,2.429,497
RAW,246.1,8782,7652,2.424,496
RAW,246.3,8789,7656,2.429,497
RAW,246.5,8795,7659,2.429,497
RAW,246.7,8804,7661,2.429,497
RAW,246.8,8799,7659,2.458,503
RAW,247.0,8808,7662,2.463,504
RAW,247.2,8785,7650,2.463,504
RAW,247.3,8766,7648,2.429,497
RAW,247.5,8755,7634,2.429,497
RAW,247.7,8733,7632,2.434,498
RAW,247.9,8712,7626,2.429,497
RAW,248.0,8711,7622,2.463,504
RAW,248.2,8694,7615,2.463,504
RAW,248.4,8679,7608,2.463,504
RAW,248.6,8675,7611,2.458,503
RAW,248.8,8664,7604,2.458,503
RAW,248.9,8669,7600,2.429,497
RAW,249.1,8651,7594,2.429,497
RAW,249.3,8645,7601,2.429,497
RAW,249.4,8653,7598,2.463,504
RAW,249.6,8649,7595,2.458,503
RAW,249.8,8650,7605,2.463,504
RAW,250.0,8651,7601,2.458,503
RAW,250.1,8656,7601,2.434,498
RAW,250.3,8669,7607,2.429,497
RAW,250.5,8664,7605,2.434,498
RAW,250.7,8665,7603,2.434,498
RAW,250.9,8665,7607,2.439,499
RAW,251.0,8670,7606,2.458,503
RAW,251.2,8673,7613,2.458,503
RAW,251.4,8683,7610,2.458,503
RAW,251.6,8681,7624,2.458,503
RAW,251.7,8687,7612,2.434,498
RAW,251.9,8691,7619,2.439,499
RAW,252.1,8694,7623,2.434,498
RAW,252.3,8704,7617,2.439,499
RAW,252.4,8706,7625,2.458,503
RAW,252.6,8715,7624,2.458,503
RAW,252.8,8715,7635,2.454,502
RAW,253.0,8731,7635,2.458,503
RAW,253.1,8731,7630,2.434,498
RAW,253.3,8739,7639,2.439,499
RAW,253.5,8735,7642,2.439,499
RAW,253.7,8747,7641,2.439,499
RAW,253.8,8746,7645,2.458,503
RAW,254.0,8748,7636,2.458,503
RAW,254.2,8751,7643,2.458,503
RAW,254.5,8754,7650,2.439,499
RAW,254.8,8763,7652,2.454,502
RAW,255.0,8763,7650,2.458,503
RAW,255.3,8763,7649,2.439,499
RAW,255.5,8752,7640,2.439,499
RAW,255.8,8721,7622,2.458,503
RAW,256.0,8696,7616,2.458,503
RAW,256.3,8664,7604,2.439,499
RAW,256.6,8630,7590,2.454,502
RAW,256.8,8624,7584,2.454,502
RAW,257.1,8605,7580,2.439,499
RAW,257.4,8593,7574,2.454,502
RAW,257.7,8590,7575,2.439,499
RAW,258.0,8596,7574,2.454,502
RAW,258.3,8592,7575,2.439,499
RAW,258.6,8610,7580,2.449,501
RAW,258.8,8606,7583,2.449,501
RAW,259.0,8615,7581,2.449,501
RAW,259.2,8612,7588,2.449,501
RAW,259.3,8614,7584,2.439,499
RAW,259.5,8627,7583,2.444,500
RAW,259.7,8624,7585,2.444,500
RAW,259.9,8631,7586,2.444,500
RAW,260.1,8640,7587,2.444,500
RAW,260.2,8630,7590,2.454,502
RAW,260.4,8646,7591,2.444,500
RAW,260.6,8644,7588,2.449,501
RAW,260.8,8655,7599,2.444,500
RAW,260.9,8654,7597,2.444,500
RAW,261.1,8667,7606,2.439,499
RAW,261.3,8665,7606,2.444,500
RAW,261.5,8673,7602,2.444,500
RAW,261.6,8677,7604,2.449,501
RAW,261.8,8684,7610,2.444,500
RAW,262.0,8688,7615,2.449,501
RAW,262.2,8687,7612,2.444,500
RAW,262.4,8694,7613,2.444,500
RAW,262.5,8699,7615,2.444,500
RAW,262.7,8703,7613,2.444,500
RAW,262.9,8702,7616,2.444,500
RAW,263.1,8710,7618,2.449,501
RAW,263.2,8710,7618,2.444,500
RAW,263.4,8715,7623,2.444,500
RAW,263.6,8712,7625,2.439,499
RAW,263.8,8711,7612,2.439,499
RAW,264.0,8686,7603,2.439,499
RAW,264.1,8674,7598,2.444,500
RAW,264.3,8650,7585,2.444,500
RAW,264.5,8612,7567,2.449,501
RAW,264.7,8590,7561,2.449,501
RAW,264.8,8588,7555,2.444,500
RAW,265.0,8582,7558,2.444,500
RAW,265.2,8567,7556,2.444,500
RAW,265.4,8568,7553,2.444,500
RAW,265.5,8560,7550,2.449,501
RAW,265.7,8562,7545,2.449,501
RAW,265.9,8556,7544,2.449,501
RAW,266.1,8561,7558,2.444,500
RAW,266.3,8561,7550,2.449,501
RAW,266.5,8572,7555,2.444,500
RAW,266.7,8569,7558,2.449,501
RAW,266.9,8582,7563,2.449,501
RAW,267.1,8585,7566,2.449,501
RAW,267.3,8591,7569,2.449,501
RAW,267.5,8593,7569,2.449,501
RAW,267.7,8594,7565,2.449,501
RAW,267.8,8592,7564,2.444,500
RAW,268.0,8604,7569,2.439,499
RAW,268.2,8603,7571,2.439,499
RAW,268.4,8606,7577,2.439,499
RAW,268.6,8611,7572,2.439,499
RAW,268.7,8612,7569,2.449,501
RAW,268.9,8619,7578,2.454,502
RAW,269.1,8625,7583,2.454,502
RAW,269.3,8627,7578,2.454,502
RAW,269.4,8634,7582,2.439,499
RAW,269.6,8635,7586,2.444,500
RAW,269.8,8646,7587,2.439,499
RAW,269.9,8650,7591,2.454,502
RAW,270.1,8663,7593,2.454,502
RAW,270.3,8670,7596,2.458,503
RAW,270.5,8671,7606,2.454,502
RAW,270.7,8676,7609,2.458,503
RAW,270.8,8682,7607,2.444,500
RAW,271.0,8696,7607,2.444,500
RAW,271.2,8698,7615,2.439,499
RAW,271.4,8703,7615,2.439,499
RAW,271.5,8706,7614,2.454,502
RAW,271.7,8713,7616,2.458,503
RAW,271.9,8718,7614,2.458,503
RAW,272.1,8699,7605,2.463,504
RAW,272.2,8688,7603,2.439,499
RAW,272.4,8662,7593,2.444,500
RAW,272.6,8647,7577,2.439,499
RAW,272.8,8619,7570,2.439,499
RAW,272.9,8606,7564,2.458,503
RAW,273.1,8589,7561,2.458,503
RAW,273.3,8580,7552,2.458,503
RAW,273.5,8563,7549,2.463,504
RAW,273.6,8563,7552,2.444,500
RAW,273.8,8558,7544,2.439,499
RAW,274.0,8550,7543,2.444,500
RAW,274.2,8555,7542,2.444,500
RAW,274.3,8554,7550,2.458,503
RAW,274.5,8561,7549,2.463,504
RAW,274.7,8568,7553,2.463,504
RAW,274.9,8580,7556,2.463,504
RAW,275.0,8581,7556,2.439,499
RAW,275.2,8586,7557,2.444,500
RAW,275.4,8587,7556,2.439,499
RAW,275.6,8594,7563,2.444,500
RAW,275.7,8590,7565,2.463,504
RAW,275.9,8606,7566,2.468,505
RAW,276.1,8604,7569,2.468,505
RAW,276.3,8615,7569,2.468,505
RAW,276.5,8628,7576,2.468,505
RAW,276.6,8626,7580,2.444,500
RAW,276.8,8629,7576,2.444,500
RAW,277.0,8643,7582,2.444,500
RAW,277.1,8649,7580,2.463,504
RAW,277.3,8654,7584,2.468,505
RAW,277.5,8657,7588,2.468,505
RAW,277.7,8665,7596,2.473,506
RAW,277.9,8671,7598,2.473,506
RAW,278.0,8679,7594,2.444,500
RAW,278.2,8683,7599,2.444,500
RAW,278.4,8692,7605,2.444,500
RAW,278.6,8694,7615,2.444,500
RAW,278.7,8695,7609,2.473,506
RAW,278.9,8707,7607,2.473,506
RAW,279.1,8709,7605,2.473,506
RAW,279.3,8709,7611,2.478,507
RAW,279.4,8717,7618,2.449,501
RAW,279.6,8714,7619,2.444,500
RAW,279.8,8720,7619,2.449,501
RAW,280.0,8726,7624,2.444,500
RAW,280.1,8734,7622,2.473,506
RAW,280.3,8731,7625,2.473,506
RAW,280.5,8724,7615,2.473,506
RAW,280.7,8697,7604,2.473,506
RAW,280.8,8689,7598,2.444,500
RAW,281.0,8655,7584,2.444,500
RAW,281.2,8638,7569,2.449,501
RAW,281.4,8619,7571,2.444,500
RAW,281.5,8611,7560,2.478,507
RAW,281.7,8605,7559,2.473,506
RAW,281.9,8596,7561,2.473,506
RAW,282.1,8583,7554,2.478,507
RAW,282.3,8579,7558,2.478,507
RAW,282.4,8575,7556,2.449,501
RAW,282.6,8582,7563,2.444,500
RAW,282.8,8585,7568,2.444,500
RAW,283.0,8586,7571,2.449,501
RAW,283.1,8588,7573,2.478,507
RAW,283.3,8591,7573,2.478,507
RAW,283.5,8574,7577,2.478,507
RAW,283.7,8568,7577,2.483,508
RAW,283.8,8556,7564,2.444,500
RAW,284.0,8549,7569,2.449,501
RAW,284.2,8540,7568,2.449,501
RAW,284.4,8529,7561,2.454,502
RAW,284.6,8541,7568,2.454,502
RAW,284.8,8544,7564,2.454,502
RAW,285.0,8562,7566,2.454,502
RAW,285.2,8576,7574,2.458,503
RAW,285.5,8589,7583,2.488,509
RAW,285.6,8596,7579,2.458,503
RAW,285.8,8598,7588,2.458,503
RAW,286.0,8602,7580,2.463,504
RAW,286.2,8598,7581,2.463,504
RAW,286.3,8609,7588,2.493,510
RAW,286.5,8648,7606,2.493,510
RAW,286.7,8666,7616,2.507,513
RAW,286.9,8665,7621,2.502,512
RAW,287.1,8676,7632,2.507,513
RAW,287.2,8680,7631,2.478,507
RAW,287.4,8682,7629,2.483,508
RAW,287.6,8668,7628,2.478,507
RAW,287.8,8671,7632,2.483,508
RAW,288.0,8656,7627,2.478,507
RAW,288.1,8651,7623,2.512,514
RAW,288.3,8655,7617,2.517,515
RAW,288.5,8654,7619,2.517,515
RAW,288.7,8649,7610,2.512,514
RAW,288.8,8648,7612,2.483,508
RAW,289.0,8632,7598,2.478,507
RAW,289.2,8604,7589,2.483,508
RAW,289.4,8584,7587,2.478,507
RAW,289.5,8574,7579,2.512,514
RAW,289.7,8548,7568,2.517,515
RAW,289.9,8551,7570,2.517,515
RAW,290.0,8551,7571,2.483,508
RAW,290.2,8539,7566,2.483,508
RAW,290.4,8552,7563,2.478,507
RAW,290.6,8543,7565,2.478,507
RAW,290.7,8550,7571,2.512,514
RAW,290.9,8561,7579,2.517,515
RAW,291.1,8575,7579,2.512,514
RAW,291.3,8578,7582,2.517,515
RAW,291.4,8580,7576,2.473,506
RAW,291.6,8585,7585,2.478,507
RAW,291.8,8586,7586,2.473,506
RAW,292.0,8580,7577,2.473,506
RAW,292.1,8581,7580,2.507,513
RAW,292.3,8576,7581,2.512,514
RAW,292.5,8576,7577,2.507,513
RAW,292.7,8578,7580,2.512,514
RAW,292.8,8585,7582,2.468,505
RAW,293.0,8585,7587,2.468,505
RAW,293.2,8592,7589,2.468,505
RAW,293.4,8586,7586,2.468,505
RAW,293.5,8580,7585,2.507,513
RAW,293.7,8576,7583,2.507,513
RAW,293.9,8588,7584,2.507,513
RAW,294.1,8584,7586,2.507,513
RAW,294.2,8586,7586,2.463,504
RAW,294.4,8596,7594,2.468,505
RAW,294.6,8604,7591,2.463,504
RAW,294.8,8620,7597,2.463,504
RAW,294.9,8615,7601,2.502,512
RAW,295.1,8633,7601,2.507,513
RAW,295.3,8624,7600,2.502,512
RAW,295.5,8634,7602,2.507,513
RAW,295.6,8640,7605,2.458,503
RAW,295.8,8646,7605,2.463,504
RAW,296.0,8654,7605,2.463,504
RAW,296.2,8659,7613,2.463,504
RAW,296.3,8661,7620,2.502,512
RAW,296.5,8661,7615,2.507,513
RAW,296.7,8650,7604,2.507,513
RAW,296.9,8626,7598,2.507,513
RAW,297.0,8614,7596,2.458,503
RAW,297.2,8591,7585,2.463,504
RAW,297.4,8576,7575,2.463,504
RAW,297.6,8559,7572,2.463,504
RAW,297.7,8546,7571,2.507,513
RAW,297.9,8529,7560,2.507,513
RAW,298.1,8510,7559,2.502,512
RAW,298.3,8498,7552,2.507,513
RAW,298.4,8482,7554,2.458,503
RAW,298.6,8478,7544,2.458,503
RAW,298.8,8465,7546,2.454,502
RAW,299.0,8468,7553,2.458,503
RAW,299.2,8479,7553,2.458,503
RAW,299.4,8487,7552,2.458,503
RAW,299.6,8495,7560,2.454,502
RAW,299.8,8494,7564,2.454,502
RAW,300.0,8507,7563,2.454,502
RAW,300.2,8511,7562,2.458,503
RAW,300.4,8511,7568,2.454,502
RAW,300.6,8517,7567,2.458,503
RAW,300.7,8520,7566,2.502,512
RAW,300.9,8515,7563,2.502,512
RAW,301.1,8514,7561,2.502,512
RAW,301.3,8517,7568,2.502,512
RAW,301.4,8519,7571,2.454,502
RAW,301.6,8515,7572,2.454,502
RAW,301.8,8513,7570,2.454,502
RAW,302.0,8515,7567,2.454,502
RAW,302.1,8520,7569,2.498,511
RAW,302.3,8515,7568,2.502,512
RAW,302.5,8520,7577,2.498,511
RAW,302.7,8523,7572,2.502,512
RAW,302.8,8522,7572,2.454,502
RAW,303.0,8518,7570,2.454,502
RAW,303.2,8514,7574,2.454,502
RAW,303.4,8523,7574,2.454,502
RAW,303.6,8528,7583,2.449,501
RAW,303.7,8535,7582,2.502,512
RAW,303.9,8555,7590,2.502,512
RAW,304.1,8565,7592,2.502,512
RAW,304.3,8565,7586,2.502,512
RAW,304.4,8571,7589,2.454,502
RAW,304.6,8570,7585,2.454,502
RAW,304.8,8554,7574,2.454,502
RAW,305.0,8540,7566,2.454,502
RAW,305.1,8525,7558,2.502,512
RAW,305.3,8524,7556,2.507,513
RAW,305.5,8509,7552,2.507,513
RAW,305.7,8505,7551,2.507,513
RAW,305.8,8506,7548,2.458,503
RAW,306.0,8500,7549,2.454,502
RAW,306.2,8496,7546,2.458,503
RAW,306.4,8498,7544,2.454,502
RAW,306.5,8492,7549,2.507,513
RAW,306.7,8503,7545,2.507,513
RAW,306.9,8505,7553,2.507,513
RAW,307.0,8505,7560,2.454,502
RAW,307.2,8517,7552,2.454,502
RAW,307.4,8523,7560,2.454,502
RAW,307.6,8522,7568,2.454,502
RAW,307.8,8527,7563,2.454,502
RAW,307.9,8529,7569,2.507,513
RAW,308.1,8535,7573,2.502,512
RAW,308.3,8533,7574,2.507,513
RAW,308.5,8527,7573,2.507,513
RAW,308.6,8535,7568,2.454,502
RAW,308.8,8536,7571,2.454,502
RAW,309.0,8533,7577,2.454,502
RAW,309.2,8538,7575,2.454,502
RAW,309.3,8538,7580,2.507,513
RAW,309.5,8546,7578,2.507,513
RAW,309.7,8548,7573,2.507,513
RAW,309.9,8548,7575,2.512,514
RAW,310.0,8555,7585,2.454,502
RAW,310.2,8564,7587,2.454,502
RAW,310.4,8563,7586,2.454,502
RAW,310.6,8566,7586,2.454,502
RAW,310.7,8571,7590,2.507,513
RAW,310.9,8575,7586,2.507,513
RAW,311.1,8579,7595,2.507,513
RAW,311.3,8580,7594,2.507,513
RAW,311.4,8576,7594,2.454,502
RAW,311.6,8570,7596,2.454,502
RAW,311.8,8575,7596,2.454,502
RAW,312.0,8575,7595,2.454,502
RAW,312.1,8572,7597,2.502,512
RAW,312.3,8567,7591,2.507,513
RAW,312.5,8566,7596,2.507,513
RAW,312.7,8559,7592,2.507,513
RAW,312.8,8548,7586,2.449,501
RAW,313.0,8518,7580,2.449,501
RAW,313.2,8479,7560,2.449,501
RAW,313.4,8443,7547,2.449,501
RAW,313.5,8426,7542,2.502,512
RAW,313.7,8405,7524,2.502,512
RAW,313.9,8380,7514,2.507,513
RAW,314.1,8370,7513,2.507,513
RAW,314.3,8355,7509,2.507,513
RAW,314.5,8350,7505,2.507,513
RAW,314.7,8344,7512,2.507,513
RAW,314.9,8353,7506,2.507,513
RAW,315.1,8357,7510,2.507,513
RAW,315.3,8359,7509,2.502,512
RAW,315.5,8374,7523,2.507,513
RAW,315.7,8393,7525,2.502,512
RAW,315.9,8397,7530,2.507,513
RAW,316.1,8412,7534,2.507,513
RAW,316.3,8414,7534,2.507,513
RAW,316.5,8424,7540,2.512,514
RAW,316.7,8438,7543,2.512,514
RAW,316.8,8438,7542,2.449,501
RAW,317.0,8448,7543,2.449,501
RAW,317.2,8460,7550,2.449,501
RAW,317.4,8476,7551,2.454,502
RAW,317.5,8486,7552,2.507,513
RAW,317.7,8495,7558,2.507,513
RAW,317.9,8510,7561,2.512,514
RAW,318.1,8527,7573,2.512,514
RAW,318.2,8534,7578,2.449,501
RAW,318.4,8547,7587,2.454,502
RAW,318.6,8565,7592,2.449,501
RAW,318.8,8566,7590,2.449,501
RAW,318.9,8571,7602,2.507,513
RAW,319.1,8592,7603,2.512,514
RAW,319.3,8589,7605,2.512,514
RAW,319.5,8598,7607,2.512,514
RAW,319.6,8602,7613,2.449,501
RAW,319.8,8610,7607,2.449,501
RAW,320.0,8611,7615,2.449,501
RAW,320.1,8621,7617,2.507,513
RAW,320.3,8627,7619,2.507,513
RAW,320.5,8633,7623,2.507,513
RAW,320.7,8640,7624,2.507,513
RAW,320.8,8654,7635,2.449,501
RAW,321.0,8649,7628,2.449,501
RAW,321.2,8651,7622,2.449,501
RAW,321.4,8619,7614,2.444,500
RAW,321.6,8596,7603,2.449,501
RAW,321.7,8579,7599,2.507,513
RAW,321.9,8569,7588,2.512,514
RAW,322.1,8558,7589,2.507,513
RAW,322.3,8543,7582,2.507,513
RAW,322.4,8538,7582,2.449,501
RAW,322.6,8524,7576,2.449,501
RAW,322.8,8520,7576,2.449,501
RAW,323.0,8523,7572,2.449,501
RAW,323.1,8519,7575,2.507,513
RAW,323.3,8529,7584,2.507,513
RAW,323.5,8530,7589,2.507,513
RAW,323.6,8536,7584,2.444,500
RAW,323.8,8545,7594,2.444,500
RAW,324.0,8550,7590,2.444,500
RAW,324.2,8557,7591,2.444,500
RAW,324.4,8558,7591,2.449,501
RAW,324.5,8563,7590,2.502,512
RAW,324.7,8565,7599,2.507,513
RAW,324.9,8579,7601,2.507,513
RAW,325.1,8575,7604,2.507,513
RAW,325.2,8573,7600,2.444,500
RAW,325.4,8589,7609,2.444,500
RAW,325.6,8592,7607,2.439,499
RAW,325.8,8597,7616,2.439,499
RAW,325.9,8609,7615,2.502,512
RAW,326.1,8617,7617,2.502,512
RAW,326.3,8604,7620,2.507,513
RAW,326.5,8613,7618,2.507,513
RAW,326.6,8615,7622,2.439,499
RAW,326.8,8622,7621,2.439,499
RAW,327.0,8629,7621,2.439,499
RAW,327.2,8630,7631,2.439,499
RAW,327.3,8633,7631,2.502,512
RAW,327.5,8637,7637,2.507,513
RAW,327.7,8637,7633,2.502,512
RAW,327.9,8642,7640,2.502,512
RAW,328.0,8638,7633,2.434,498
RAW,328.2,8645,7639,2.439,499
RAW,328.4,8646,7632,2.439,499
RAW,328.6,8654,7643,2.439,499
RAW,328.8,8648,7636,2.434,498
RAW,328.9,8644,7631,2.502,512
RAW,329.1,8619,7620,2.502,512
RAW,329.3,8596,7612,2.502,512
RAW,329.5,8579,7597,2.502,512
RAW,329.6,8565,7597,2.434,498
RAW,329.8,8547,7588,2.434,498
RAW,330.0,8536,7587,2.434,498
RAW,330.2,8525,7586,2.434,498
RAW,330.4,8524,7578,2.434,498
RAW,330.5,8526,7582,2.502,512
RAW,330.7,8523,7574,2.502,512
RAW,330.9,8520,7577,2.502,512
RAW,331.1,8518,7583,2.502,512
RAW,331.2,8518,7577,2.434,498
RAW,331.4,8529,7583,2.439,499
RAW,331.6,8547,7585,2.434,498
RAW,331.8,8549,7590,2.434,498
RAW,331.9,8542,7585,2.502,512
RAW,332.1,8557,7592,2.502,512
RAW,332.3,8561,7594,2.502,512
RAW,332.5,8561,7591,2.502,512
RAW,332.6,8556,7594,2.434,498
RAW,332.8,8565,7589,2.439,499
RAW,333.0,8566,7598,2.439,499
RAW,333.2,8568,7603,2.439,499
RAW,333.3,8574,7594,2.498,511
RAW,333.5,8576,7591,2.502,512
RAW,333.7,8580,7600,2.502,512
RAW,333.9,8592,7600,2.502,512
RAW,334.0,8589,7606,2.439,499
RAW,334.2,8591,7603,2.434,498
RAW,334.4,8600,7611,2.434,498
RAW,334.6,8607,7616,2.434,498
RAW,334.7,8612,7618,2.502,512
RAW,334.9,8614,7615,2.507,513
RAW,335.1,8618,7617,2.502,512
RAW,335.3,8621,7613,2.507,513
RAW,335.5,8621,7618,2.507,513
RAW,335.6,8619,7616,2.439,499
RAW,335.8,8628,7623,2.434,498
RAW,336.1,8628,7625,2.502,512
RAW,336.3,8634,7623,2.502,512
RAW,336.6,8632,7620,2.434,498
RAW,336.8,8623,7616,2.434,498
RAW,337.1,8576,7598,2.502,512
RAW,337.4,8540,7578,2.434,498
RAW,337.6,8519,7578,2.434,498
RAW,337.9,8487,7561,2.507,513
RAW,338.1,8486,7556,2.507,513
RAW,338.4,8467,7550,2.434,498
RAW,338.7,8470,7557,2.507,513
RAW,339.0,8470,7553,2.439,499
RAW,339.2,8464,7554,2.439,499
RAW,339.5,8469,7556,2.507,513
RAW,339.8,8492,7565,2.439,499
RAW,340.0,8496,7568,2.434,498
RAW,340.1,8486,7567,2.507,513
RAW,340.3,8490,7568,2.507,513
RAW,340.5,8499,7569,2.507,513
RAW,340.7,8503,7571,2.507,513
RAW,340.9,8508,7572,2.512,514
RAW,341.0,8514,7574,2.434,498
RAW,341.2,8517,7574,2.439,499
RAW,341.4,8524,7573,2.434,498
RAW,341.6,8534,7588,2.439,499
RAW,341.7,8529,7580,2.507,513
RAW,341.9,8535,7580,2.512,514
RAW,342.1,8538,7589,2.512,514
RAW,342.3,8543,7589,2.512,514
RAW,342.4,8537,7585,2.439,499
RAW,342.6,8539,7588,2.444,500
RAW,342.8,8543,7589,2.444,500
RAW,343.0,8551,7587,2.444,500
RAW,343.1,8550,7593,2.512,514
RAW,343.3,8556,7592,2.512,514
RAW,343.5,8563,7594,2.512,514
RAW,343.7,8565,7593,2.512,514
RAW,343.9,8575,7602,2.512,514
RAW,344.0,8583,7605,2.444,500
RAW,344.2,8580,7604,2.444,500
RAW,344.4,8584,7611,2.444,500
RAW,344.6,8595,7605,2.444,500
RAW,344.7,8591,7604,2.517,515
RAW,344.9,8579,7599,2.512,514
RAW,345.1,8549,7587,2.517,515
RAW,345.3,8530,7571,2.512,514
RAW,345.4,8507,7565,2.444,500
RAW,345.6,8485,7555,2.444,500
RAW,345.8,8475,7550,2.444,500
RAW,346.0,8460,7546,2.444,500
RAW,346.1,8456,7541,2.517,515
RAW,346.3,8446,7545,2.512,514
RAW,346.5,8444,7543,2.517,515
RAW,346.7,8434,7533,2.512,514
RAW,346.8,8439,7543,2.444,500
RAW,347.0,8441,7540,2.444,500
RAW,347.2,8434,7540,2.444,500
RAW,347.4,8443,7540,2.444,500
RAW,347.6,8446,7548,2.444,500
RAW,347.7,8451,7546,2.517,515
RAW,347.9,8464,7548,2.517,515
RAW,348.1,8459,7552,2.512,514
RAW,348.3,8461,7558,2.517,515
RAW,348.4,8464,7555,2.444,500
RAW,348.6,8468,7557,2.444,500
RAW,348.8,8475,7555,2.439,499
RAW,349.0,8480,7559,2.444,500
RAW,349.1,8475,7566,2.517,515
RAW,349.3,8477,7562,2.517,515
RAW,349.5,8483,7564,2.512,514
RAW,349.6,8496,7566,2.449,501
RAW,349.8,8496,7565,2.444,500
RAW,350.0,8507,7573,2.449,501
RAW,350.2,8506,7575,2.444,500
RAW,350.3,8508,7580,2.517,515
RAW,350.5,8522,7574,2.517,515
RAW,350.7,8519,7583,2.517,515
RAW,350.9,8524,7578,2.517,515
RAW,351.0,8526,7583,2.444,500
RAW,351.2,8530,7585,2.444,500
RAW,351.4,8535,7584,2.444,500
RAW,351.6,8537,7592,2.444,500
RAW,351.8,8538,7585,2.449,501
RAW,351.9,8537,7588,2.517,515
RAW,352.1,8535,7589,2.517,515
RAW,352.3,8543,7590,2.517,515
RAW,352.5,8550,7592,2.517,515
RAW,352.6,8550,7592,2.444,500
RAW,352.8,8550,7594,2.444,500
RAW,353.0,8540,7584,2.444,500
RAW,353.2,8520,7576,2.444,500
RAW,353.3,8504,7567,2.517,515
RAW,353.5,8484,7553,2.517,515
RAW,353.7,8452,7539,2.517,515
RAW,353.8,8443,7544,2.449,501
RAW,354.0,8427,7539,2.444,500
RAW,354.2,8413,7529,2.449,501
RAW,354.4,8405,7530,2.444,500
RAW,354.5,8402,7528,2.522,516
RAW,354.7,8402,7525,2.522,516
RAW,354.9,8401,7527,2.517,515
RAW,355.1,8391,7523,2.522,516
RAW,355.3,8398,7529,2.522,516
RAW,355.6,8411,7536,2.449,501
RAW,355.8,8414,7542,2.454,502
RAW,356.0,8417,7545,2.449,501
RAW,356.2,8431,7546,2.454,502
RAW,356.4,8429,7542,2.449,501
RAW,356.5,8431,7543,2.522,516
RAW,356.7,8428,7549,2.517,515
RAW,356.9,8434,7544,2.522,516
RAW,357.1,8443,7547,2.522,516
RAW,357.3,8451,7555,2.522,516
RAW,357.4,8450,7549,2.449,501
RAW,357.6,8454,7555,2.454,502
RAW,357.8,8461,7558,2.454,502
RAW,358.0,8459,7558,2.454,502
RAW,358.1,8460,7564,2.527,517
RAW,358.3,8471,7557,2.522,516
RAW,358.5,8474,7562,2.522,516
RAW,358.7,8482,7570,2.522,516
RAW,358.8,8485,7568,2.454,502
RAW,359.0,8491,7568,2.454,502
RAW,359.2,8494,7574,2.454,502
RAW,359.4,8507,7578,2.454,502
RAW,359.5,8506,7573,2.522,516
RAW,359.7,8512,7580,2.522,516
RAW,359.9,8509,7579,2.522,516
RAW,360.1,8522,7583,2.522,516
RAW,360.2,8524,7583,2.449,501
RAW,360.4,8533,7581,2.454,502
RAW,360.6,8531,7586,2.449,501
RAW,360.8,8544,7586,2.449,501
RAW,360.9,8545,7589,2.522,516
RAW,361.1,8552,7591,2.522,516
RAW,361.3,8547,7580,2.522,516
RAW,361.5,8520,7580,2.517,515
RAW,361.7,8493,7564,2.512,514
RAW,361.8,8477,7562,2.449,501
RAW,362.0,8468,7551,2.444,500
RAW,362.2,8449,7549,2.449,501
RAW,362.4,8447,7548,2.444,500
RAW,362.5,8442,7547,2.517,515
RAW,362.7,8435,7546,2.517,515
RAW,362.9,8427,7540,2.517,515
RAW,363.1,8425,7543,2.512,514
RAW,363.2,8424,7545,2.449,501
RAW,363.4,8426,7541,2.444,500
RAW,363.6,8438,7547,2.449,501
RAW,363.8,8450,7552,2.444,500
RAW,363.9,8453,7557,2.517,515
RAW,364.1,8464,7557,2.512,514
RAW,364.3,8473,7563,2.517,515
RAW,364.5,8474,7566,2.512,514
RAW,364.6,8483,7560,2.444,500
RAW,364.8,8489,7571,2.444,500
RAW,365.0,8499,7572,2.449,501
RAW,365.2,8502,7574,2.444,500
RAW,365.4,8509,7584,2.449,501
RAW,365.5,8512,7582,2.512,514
RAW,365.7,8517,7579,2.512,514
RAW,365.9,8521,7581,2.512,514
RAW,366.1,8534,7586,2.512,514
RAW,366.2,8536,7590,2.444,500
RAW,366.4,8544,7593,2.444,500
RAW,366.6,8558,7597,2.444,500
RAW,366.8,8561,7600,2.444,500
RAW,366.9,8561,7602,2.512,514
RAW,367.1,8571,7605,2.512,514
RAW,367.3,8575,7606,2.507,513
RAW,367.5,8584,7607,2.512,514
RAW,367.6,8591,7607,2.444,500
RAW,367.8,8599,7616,2.444,500
RAW,368.0,8605,7616,2.444,500
RAW,368.2,8609,7615,2.444,500
RAW,368.3,8613,7614,2.512,514
RAW,368.5,8614,7617,2.512,514
RAW,368.7,8624,7626,2.507,513
RAW,368.9,8628,7625,2.512,514
RAW,369.0,8629,7626,2.444,500
RAW,369.2,8625,7618,2.444,500
RAW,369.4,8612,7613,2.439,499
RAW,369.6,8588,7603,2.444,500
RAW,369.7,8572,7592,2.512,514
RAW,369.9,8538,7586,2.512,514
RAW,370.1,8534,7578,2.512,514
RAW,370.3,8519,7581,2.512,514
RAW,370.4,8521,7579,2.444,500
RAW,370.6,8515,7571,2.444,500
RAW,370.8,8509,7571,2.444,500
RAW,371.0,8515,7572,2.444,500
RAW,371.1,8519,7565,2.512,514
RAW,371.3,8513,7574,2.512,514
RAW,371.5,8525,7579,2.512,514
RAW,371.7,8529,7584,2.512,514
RAW,371.8,8537,7585,2.444,500
RAW,372.0,8542,7584,2.444,500
RAW,372.2,8555,7587,2.444,500
RAW,372.4,8548,7586,2.444,500
RAW,372.5,8553,7586,2.512,514
RAW,372.7,8555,7589,2.512,514
RAW,372.9,8560,7595,2.507,513
RAW,373.1,8563,7597,2.512,514
RAW,373.2,8559,7596,2.444,500
RAW,373.4,8566,7595,2.444,500
RAW,373.6,8559,7599,2.444,500
RAW,373.8,8564,7604,2.449,501
RAW,373.9,8566,7601,2.512,514
RAW,374.1,8575,7598,2.507,513
RAW,374.3,8575,7602,2.507,513
RAW,374.5,8581,7598,2.512,514
RAW,374.6,8580,7602,2.449,501
RAW,374.8,8581,7610,2.449,501
RAW,375.0,8579,7606,2.449,501
RAW,375.2,8592,7608,2.444,500
RAW,375.4,8600,7611,2.444,500
RAW,375.5,8607,7612,2.512,514
RAW,375.7,8604,7616,2.512,514
RAW,375.9,8611,7619,2.507,513
RAW,376.1,8617,7620,2.507,513
RAW,376.2,8622,7616,2.444,500
RAW,376.5,8618,7624,2.512,514
RAW,376.7,8626,7621,2.517,515
RAW,377.0,8611,7611,2.449,501
RAW,377.3,8576,7596,2.512,514
RAW,377.5,8546,7585,2.507,513
RAW,377.8,8514,7570,2.444,500
RAW,378.0,8498,7561,2.444,500
RAW,378.3,8484,7566,2.507,513
RAW,378.6,8480,7566,2.444,500
RAW,378.9,8477,7564,2.507,513
RAW,379.2,8485,7563,2.444,500
RAW,379.5,8487,7567,2.512,514
RAW,379.7,8502,7569,2.507,513
RAW,380.0,8504,7575,2.449,501
RAW,380.2,8506,7575,2.444,500
RAW,380.4,8512,7577,2.449,501
RAW,380.6,8521,7575,2.444,500
RAW,380.8,8525,7579,2.444,500
RAW,380.9,8525,7580,2.507,513
RAW,381.1,8532,7587,2.507,513
RAW,381.3,8532,7587,2.502,512
RAW,381.5,8543,7590,2.507,513
RAW,381.6,8542,7590,2.444,500
RAW,381.8,8546,7595,2.444,500
RAW,382.0,8554,7598,2.444,500
RAW,382.2,8555,7596,2.444,500
RAW,382.4,8558,7596,2.444,500
RAW,382.5,8561,7604,2.502,512
RAW,382.7,8568,7607,2.502,512
RAW,382.9,8569,7605,2.502,512
RAW,383.1,8578,7608,2.502,512
RAW,383.2,8576,7604,2.444,500
RAW,383.4,8584,7606,2.439,499
RAW,383.6,8583,7614,2.444,500
RAW,383.8,8590,7614,2.444,500
RAW,384.0,8589,7615,2.439,499
RAW,384.1,8594,7615,2.498,511
RAW,384.3,8602,7610,2.498,511
RAW,384.5,8607,7614,2.493,510
RAW,384.7,8591,7614,2.493,510
RAW,384.8,8582,7610,2.434,498
RAW,385.0,8555,7590,2.439,499
RAW,385.2,8523,7583,2.434,498
RAW,385.4,8497,7566,2.434,498
RAW,385.5,8479,7566,2.493,510
RAW,385.7,8469,7556,2.493,510
RAW,385.9,8453,7549,2.493,510
RAW,386.1,8445,7554,2.488,509
RAW,386.2,8436,7545,2.434,498
RAW,386.4,8433,7546,2.434,498
RAW,386.6,8429,7540,2.434,498
RAW,386.8,8434,7548,2.434,498
RAW,387.0,8436,7544,2.429,497
RAW,387.2,8436,7554,2.434,498
RAW,387.4,8447,7550,2.429,497
RAW,387.6,8449,7550,2.429,497
RAW,387.9,8452,7563,2.483,508
RAW,388.0,8463,7562,2.429,497
RAW,388.2,8471,7563,2.429,497
RAW,388.4,8466,7567,2.429,497
RAW,388.6,8467,7562,2.429,497
RAW,388.8,8467,7565,2.429,497
RAW,388.9,8461,7562,2.483,508
RAW,389.1,8470,7566,2.483,508
RAW,389.3,8476,7567,2.483,508
RAW,389.5,8476,7571,2.478,507
RAW,389.6,8485,7569,2.429,497
RAW,389.8,8480,7569,2.429,497
RAW,390.0,8495,7573,2.429,497
RAW,390.2,8496,7575,2.429,497
RAW,390.3,8493,7573,2.483,508
RAW,390.5,8499,7580,2.483,508
RAW,390.7,8507,7581,2.478,507
RAW,390.9,8514,7579,2.478,507
RAW,391.0,8514,7584,2.424,496
RAW,391.2,8518,7581,2.424,496
RAW,391.4,8520,7585,2.424,496
RAW,391.6,8517,7587,2.424,496
RAW,391.8,8523,7591,2.424,496
RAW,391.9,8525,7589,2.483,508
RAW,392.1,8532,7593,2.478,507
RAW,392.3,8534,7589,2.478,507
RAW,392.5,8539,7594,2.473,506
RAW,392.6,8527,7590,2.424,496
RAW,392.8,8508,7578,2.424,496
RAW,393.0,8483,7563,2.424,496
RAW,393.2,8456,7550,2.419,495
RAW,393.3,8443,7540,2.478,507
RAW,393.5,8419,7536,2.473,506
RAW,393.7,8404,7527,2.473,506
RAW,393.9,8388,7521,2.473,506
RAW,394.1,8377,7523,2.468,505
RAW,394.2,8383,7524,2.419,495
RAW,394.4,8367,7520,2.424,496
RAW,394.6,8363,7518,2.424,496
RAW,394.8,8367,7519,2.419,495
RAW,395.0,8366,7524,2.419,495
RAW,395.2,8377,7527,2.419,495
RAW,395.5,8385,7538,2.468,505
RAW,395.7,8390,7539,2.468,505
RAW,396.0,8401,7537,2.419,495
RAW,396.1,8406,7547,2.473,506
RAW,396.3,8410,7542,2.468,505
RAW,396.5,8409,7547,2.473,506
RAW,396.7,8418,7546,2.468,505
RAW,396.9,8422,7548,2.468,505
RAW,397.0,8425,7548,2.419,495
RAW,397.2,8431,7550,2.424,496
RAW,397.4,8441,7553,2.419,495
RAW,397.6,8439,7559,2.419,495
RAW,397.7,8452,7560,2.473,506
RAW,397.9,8452,7560,2.468,505
RAW,398.1,8464,7559,2.463,504
RAW,398.3,8470,7566,2.468,505
RAW,398.4,8477,7575,2.424,496
RAW,398.6,8483,7571,2.424,496
RAW,398.8,8489,7570,2.419,495
RAW,399.0,8490,7578,2.424,496
RAW,399.1,8491,7582,2.468,505
RAW,399.3,8497,7579,2.468,505
RAW,399.5,8505,7579,2.463,504
RAW,399.7,8508,7582,2.468,505
RAW,399.8,8509,7587,2.419,495
RAW,400.0,8518,7585,2.424,496
RAW,400.2,8525,7593,2.419,495
RAW,400.4,8529,7586,2.424,496
RAW,400.6,8523,7584,2.419,495
RAW,400.7,8515,7581,2.468,505
RAW,400.9,8500,7574,2.463,504
RAW,401.1,8467,7557,2.463,504
RAW,401.2,8454,7552,2.419,495
RAW,401.4,8432,7541,2.424,496
RAW,401.6,8416,7537,2.424,496
RAW,401.8,8401,7528,2.424,496
RAW,402.0,8393,7530,2.424,496
RAW,402.1,8390,7531,2.468,505
RAW,402.3,8382,7533,2.468,505
RAW,402.5,8386,7528,2.468,505
RAW,402.7,8388,7536,2.463,504
RAW,402.8,8398,7532,2.424,496
RAW,403.0,8400,7537,2.424,496
RAW,403.2,8406,7540,2.424,496
RAW,403.4,8430,7539,2.424,496
RAW,403.5,8427,7547,2.468,505
RAW,403.7,8432,7548,2.468,505
RAW,403.9,8446,7558,2.468,505
RAW,404.1,8445,7553,2.463,504
RAW,404.2,8452,7555,2.429,497
RAW,404.4,8458,7553,2.424,496
RAW,404.6,8467,7566,2.424,496
RAW,404.8,8475,7561,2.424,496
RAW,404.9,8480,7563,2.468,505
RAW,405.1,8490,7568,2.468,505
RAW,405.3,8489,7572,2.468,505
RAW,405.5,8499,7568,2.468,505
RAW,405.6,8500,7574,2.429,497
RAW,405.8,8503,7571,2.429,497
RAW,406.0,8507,7580,2.429,497
RAW,406.2,8517,7581,2.429,497
RAW,406.3,8517,7582,2.473,506
RAW,406.5,8516,7580,2.463,504
RAW,406.7,8536,7586,2.468,505
RAW,406.9,8533,7590,2.473,506
RAW,407.0,8545,7592,2.434,498
RAW,407.2,8545,7590,2.429,497
RAW,407.4,8558,7593,2.434,498
RAW,407.6,8562,7597,2.429,497
RAW,407.7,8564,7602,2.473,506
RAW,407.9,8574,7602,2.468,505
RAW,408.1,8567,7600,2.473,506
RAW,408.3,8579,7602,2.468,505
RAW,408.4,8575,7608,2.434,498
RAW,408.6,8585,7609,2.434,498
RAW,408.8,8589,7609,2.429,497
RAW,409.0,8580,7603,2.429,497
RAW,409.1,8566,7599,2.473,506
RAW,409.3,8544,7583,2.473,506
RAW,409.5,8515,7575,2.473,506
RAW,409.7,8490,7562,2.468,505
RAW,409.8,8485,7556,2.434,498
RAW,410.0,8467,7555,2.429,497
RAW,410.2,8454,7548,2.434,498
RAW,410.4,8449,7549,2.429,497
RAW,410.5,8436,7546,2.473,506
RAW,410.7,8442,7545,2.473,506
RAW,410.9,8435,7545,2.473,506
RAW,411.1,8443,7551,2.468,505
RAW,411.3,8442,7554,2.468,505
RAW,411.4,8453,7553,2.439,499
RAW,411.6,8465,7557,2.439,499
RAW,411.8,8467,7566,2.434,498
RAW,412.0,8470,7566,2.434,498
RAW,412.1,8478,7564,2.468,505
RAW,412.3,8482,7565,2.478,507
RAW,412.5,8484,7564,2.473,506
RAW,412.7,8490,7568,2.473,506
RAW,412.8,8491,7565,2.434,498
RAW,413.0,8494,7571,2.439,499
RAW,413.2,8499,7575,2.434,498
RAW,413.4,8508,7573,2.439,499
RAW,413.5,8511,7576,2.473,506
RAW,413.7,8515,7573,2.473,506
RAW,413.9,8520,7584,2.473,506
RAW,414.1,8529,7577,2.468,505
RAW,414.2,8529,7580,2.434,498
RAW,414.4,8539,7585,2.439,499
RAW,414.6,8537,7590,2.439,499
RAW,414.8,8541,7585,2.439,499
RAW,414.9,8545,7595,2.473,506
RAW,415.1,8551,7592,2.473,506
RAW,415.3,8558,7593,2.468,505
RAW,415.5,8564,7592,2.473,506
RAW,415.6,8555,7590,2.439,499
RAW,415.8,8564,7605,2.444,500
RAW,416.0,8572,7596,2.439,499
RAW,416.3,8579,7602,2.478,507
RAW,416.5,8586,7603,2.473,506
RAW,416.8,8582,7601,2.444,500
RAW,417.1,8552,7584,2.473,506
RAW,417.3,8522,7571,2.478,507
RAW,417.6,8484,7555,2.444,500
RAW,417.8,8460,7548,2.444,500
RAW,418.1,8431,7543,2.473,506
RAW,418.4,8421,7537,2.444,500
RAW,418.7,8409,7526,2.473,506
RAW,419.0,8401,7531,2.444,500
RAW,419.2,8405,7532,2.439,499
RAW,419.5,8422,7535,2.478,507
RAW,419.8,8429,7538,2.444,500
RAW,420.0,8437,7546,2.444,500
RAW,420.2,8439,7548,2.444,500
RAW,420.4,8444,7547,2.444,500
RAW,420.6,8451,7553,2.449,501
RAW,420.7,8454,7548,2.473,506
RAW,420.9,8462,7554,2.473,506
RAW,421.1,8468,7557,2.473,506
RAW,421.3,8472,7558,2.468,505
RAW,421.5,8477,7558,2.473,506
RAW,421.6,8480,7563,2.449,501
RAW,421.8,8488,7568,2.449,501
RAW,422.0,8492,7568,2.449,501
RAW,422.2,8499,7566,2.449,501
RAW,422.3,8497,7561,2.473,506
RAW,422.5,8495,7574,2.473,506
RAW,422.7,8503,7575,2.473,506
RAW,422.9,8517,7579,2.473,506
RAW,423.0,8514,7574,2.449,501
RAW,423.2,8536,7580,2.454,502
RAW,423.4,8540,7588,2.454,502
RAW,423.6,8544,7588,2.454,502
RAW,423.8,8552,7587,2.454,502
RAW,423.9,8557,7588,2.473,506
RAW,424.1,8561,7587,2.478,507
RAW,424.3,8574,7595,2.473,506
RAW,424.5,8582,7593,2.468,505
RAW,424.6,8582,7603,2.458,503
RAW,424.8,8590,7598,2.458,503
RAW,425.0,8580,7591,2.458,503
RAW,425.2,8561,7576,2.458,503
RAW,425.4,8535,7563,2.463,504
RAW,425.5,8519,7563,2.473,506
RAW,425.7,8505,7551,2.473,506
RAW,425.9,8493,7543,2.473,506
RAW,426.1,8484,7536,2.473,506
RAW,426.2,8476,7542,2.463,504
RAW,426.4,8483,7537,2.463,504
RAW,426.6,8490,7543,2.468,505
RAW,426.7,8483,7541,2.478,507
RAW,426.9,8492,7542,2.478,507
RAW,427.1,8496,7554,2.478,507
RAW,427.3,8507,7554,2.473,506
RAW,427.4,8508,7555,2.468,505
RAW,427.6,8524,7568,2.468,505
RAW,427.8,8534,7569,2.473,506
RAW,428.0,8542,7571,2.473,506
RAW,428.2,8547,7572,2.473,506
RAW,428.3,8553,7579,2.478,507
RAW,428.5,8559,7579,2.478,507
RAW,428.7,8559,7582,2.473,506
RAW,428.9,8567,7585,2.473,506
RAW,429.0,8572,7580,2.473,506
RAW,429.2,8573,7586,2.473,506
RAW,429.4,8578,7587,2.473,506
RAW,429.6,8577,7591,2.478,507
RAW,429.7,8583,7592,2.478,507
RAW,429.9,8585,7594,2.478,507
RAW,430.1,8586,7594,2.478,507
RAW,430.3,8594,7596,2.473,506
RAW,430.4,8600,7594,2.473,506
RAW,430.6,8601,7599,2.478,507
RAW,430.8,8603,7602,2.473,506
RAW,431.0,8608,7607,2.478,507
RAW,431.1,8614,7608,2.473,506
RAW,431.3,8619,7609,2.478,507
RAW,431.5,8624,7609,2.473,506
RAW,431.7,8626,7611,2.473,506
RAW,431.8,8636,7617,2.473,506
RAW,432.0,8646,7617,2.478,507
RAW,432.2,8645,7623,2.478,507
RAW,432.4,8645,7627,2.478,507
RAW,432.6,8657,7620,2.483,508
RAW,432.7,8659,7627,2.473,506
RAW,432.9,8657,7624,2.473,506
RAW,433.1,8665,7630,2.473,506
RAW,433.3,8666,7634,2.473,506
RAW,433.4,8671,7629,2.478,507
RAW,433.6,8665,7625,2.478,507
RAW,433.8,8637,7620,2.483,508
RAW,434.0,8617,7605,2.478,507
RAW,434.1,8602,7598,2.478,507
RAW,434.3,8578,7591,2.473,506
RAW,434.5,8556,7579,2.478,507
RAW,434.7,8537,7570,2.468,505
RAW,434.8,8529,7567,2.478,507
RAW,435.0,8521,7568,2.478,507
RAW,435.2,8515,7566,2.483,508
RAW,435.4,8512,7564,2.483,508
RAW,435.5,8515,7561,2.473,506
RAW,435.7,8511,7562,2.473,506
RAW,435.9,8506,7565,2.473,506
RAW,436.1,8519,7568,2.468,505
RAW,436.3,8523,7570,2.468,505
RAW,436.4,8527,7573,2.478,507
RAW,436.6,8535,7572,2.483,508
RAW,436.8,8537,7581,2.483,508
RAW,436.9,8542,7576,2.473,506
RAW,437.1,8552,7580,2.473,506
RAW,437.3,8551,7580,2.473,506
RAW,437.5,8556,7583,2.473,506
RAW,437.6,8562,7588,2.483,508
RAW,437.8,8565,7591,2.483,508
RAW,438.0,8568,7587,2.488,509
RAW,438.2,8574,7589,2.483,508
RAW,438.3,8576,7590,2.468,505
RAW,438.5,8584,7599,2.468,505
RAW,438.7,8585,7594,2.468,505
RAW,438.9,8595,7602,2.468,505
RAW,439.0,8592,7601,2.483,508
RAW,439.2,8609,7606,2.483,508
RAW,439.4,8611,7609,2.488,509
RAW,439.6,8617,7608,2.488,509
RAW,439.8,8620,7609,2.493,510
RAW,439.9,8632,7615,2.468,505
RAW,440.1,8633,7618,2.473,506
RAW,440.4,8638,7620,2.488,509
RAW,440.7,8648,7626,2.473,506
RAW,440.9,8656,7627,2.468,505
RAW,441.2,8661,7636,2.488,509
RAW,441.5,8670,7633,2.473,506
RAW,441.7,8671,7636,2.473,506
RAW,442.0,8678,7637,2.488,509
RAW,442.2,8681,7636,2.493,510
RAW,442.5,8664,7623,2.473,506
RAW,442.8,8623,7605,2.493,510
RAW,443.0,8597,7597,2.493,510
RAW,443.3,8572,7587,2.468,505
RAW,443.6,8546,7580,2.488,509
RAW,443.8,8532,7571,2.488,509
RAW,444.1,8530,7571,2.473,506
RAW,444.4,8532,7567,2.493,510
RAW,444.7,8538,7575,2.468,505
RAW,444.9,8545,7574,2.473,506
RAW,445.2,8560,7581,2.493,510
RAW,445.4,8561,7590,2.493,510
RAW,445.6,8569,7581,2.493,510
RAW,445.7,8575,7590,2.473,506
RAW,445.9,8573,7593,2.468,505
RAW,446.1,8579,7595,2.473,506
RAW,446.3,8581,7593,2.468,505
RAW,446.4,8590,7593,2.498,511
RAW,446.6,8588,7598,2.498,511
RAW,446.8,8591,7591,2.498,511
RAW,447.0,8594,7597,2.498,511
RAW,447.1,8596,7594,2.468,505
RAW,447.3,8609,7603,2.468,505
RAW,447.5,8610,7607,2.473,506
RAW,447.7,8619,7606,2.468,505
RAW,447.9,8630,7620,2.473,506
RAW,448.0,8625,7614,2.498,511
RAW,448.2,8639,7617,2.498,511
RAW,448.4,8633,7616,2.498,511
RAW,448.6,8647,7620,2.502,512
RAW,448.7,8646,7619,2.468,505
RAW,448.9,8654,7626,2.473,506
RAW,449.1,8659,7622,2.468,505
RAW,449.3,8668,7626,2.468,505
RAW,449.4,8664,7630,2.498,511
RAW,449.6,8664,7634,2.502,512
RAW,449.8,8673,7629,2.498,511
RAW,450.0,8671,7634,2.502,512
RAW,450.2,8685,7633,2.502,512
RAW,450.3,8683,7641,2.473,506
RAW,450.5,8686,7641,2.468,505
RAW,450.7,8686,7632,2.473,506
RAW,450.9,8663,7627,2.468,505
RAW,451.0,8648,7616,2.502,512
RAW,451.2,8628,7607,2.498,511
RAW,451.4,8596,7596,2.502,512
RAW,451.6,8583,7586,2.498,511
RAW,451.7,8571,7586,2.468,505
RAW,451.9,8557,7583,2.468,505
RAW,452.1,8549,7577,2.468,505
RAW,452.3,8543,7572,2.463,504
RAW,452.5,8539,7577,2.468,505
RAW,452.6,8539,7574,2.498,511
RAW,452.8,8542,7579,2.502,512
RAW,453.0,8551,7573,2.502,512
RAW,453.2,8554,7583,2.507,513
RAW,453.3,8562,7584,2.468,505
RAW,453.5,8559,7590,2.468,505
RAW,453.7,8576,7587,2.468,505
RAW,453.9,8587,7594,2.468,505
RAW,454.0,8581,7596,2.498,511
RAW,454.2,8584,7598,2.502,512
RAW,454.4,8592,7597,2.502,512
RAW,454.6,8598,7600,2.502,512
RAW,454.7,8595,7601,2.463,504
RAW,454.9,8592,7603,2.463,504
RAW,455.1,8603,7601,2.463,504
RAW,455.2,8608,7601,2.498,511
RAW,455.4,8614,7604,2.502,512
RAW,455.6,8617,7611,2.502,512
RAW,455.8,8627,7612,2.502,512
RAW,456.0,8637,7615,2.502,512
RAW,456.1,8633,7618,2.463,504
RAW,456.3,8642,7623,2.468,505
RAW,456.5,8644,7620,2.463,504
RAW,456.6,8647,7618,2.502,512
RAW,456.8,8656,7623,2.498,511
RAW,457.0,8662,7628,2.502,512
RAW,457.2,8666,7625,2.502,512
RAW,457.4,8667,7626,2.502,512
RAW,457.5,8669,7630,2.463,504
RAW,457.7,8679,7631,2.463,504
RAW,457.9,8687,7633,2.458,503
RAW,458.1,8691,7632,2.463,504
RAW,458.2,8690,7632,2.498,511
RAW,458.4,8690,7632,2.502,512
RAW,458.6,8671,7623,2.498,511
RAW,458.8,8646,7609,2.502,512
RAW,458.9,8638,7606,2.463,504
RAW,459.1,8620,7599,2.463,504
RAW,459.3,8604,7593,2.458,503
RAW,459.5,8583,7581,2.463,504
RAW,459.6,8584,7581,2.502,512
RAW,459.8,8571,7578,2.502,512
RAW,460.0,8570,7577,2.502,512
RAW,460.2,8567,7578,2.502,512
RAW,460.3,8568,7582,2.458,503
RAW,460.5,8565,7581,2.463,504
RAW,460.7,8569,7582,2.458,503
RAW,460.9,8580,7582,2.463,504
RAW,461.0,8588,7586,2.498,511
RAW,461.2,8595,7596,2.502,512
RAW,461.4,8599,7599,2.498,511
RAW,461.6,8608,7597,2.502,512
RAW,461.7,8613,7602,2.458,503
RAW,461.9,8613,7602,2.458,503
RAW,462.1,8623,7597,2.458,503
RAW,462.3,8623,7604,2.458,503
RAW,462.4,8628,7603,2.502,512
RAW,462.6,8630,7604,2.502,512
RAW,462.8,8637,7606,2.502,512
RAW,463.0,8649,7613,2.502,512
RAW,463.1,8651,7611,2.458,503
RAW,463.3,8655,7620,2.458,503
RAW,463.5,8661,7622,2.454,502
RAW,463.7,8659,7629,2.458,503
RAW,463.8,8674,7622,2.498,511
RAW,464.0,8681,7625,2.498,511
RAW,464.2,8681,7632,2.498,511
RAW,464.4,8694,7635,2.502,512
RAW,464.5,8696,7633,2.458,503
RAW,464.7,8702,7638,2.458,503
RAW,464.9,8712,7637,2.454,502
RAW,465.1,8715,7643,2.458,503
RAW,465.2,8718,7638,2.498,511
RAW,465.5,8726,7647,2.458,503
RAW,465.7,8731,7647,2.454,502
RAW,466.0,8741,7650,2.502,512
RAW,466.3,8748,7653,2.454,502
RAW,466.5,8738,7648,2.454,502
RAW,466.8,8704,7626,2.502,512
RAW,467.1,8663,7616,2.454,502
RAW,467.3,8643,7605,2.454,502
RAW,467.6,8604,7593,2.502,512
RAW,467.8,8580,7577,2.502,512
RAW,468.1,8563,7575,2.454,502
RAW,468.4,8555,7567,2.502,512
RAW,468.7,8558,7570,2.454,502
RAW,469.0,8558,7576,2.498,511
RAW,469.3,8573,7576,2.454,502
RAW,469.6,8581,7587,2.502,512
RAW,469.8,8589,7588,2.502,512
RAW,469.9,8587,7583,2.454,502
RAW,470.1,8601,7579,2.454,502
RAW,470.3,8592,7584,2.449,501
RAW,470.5,8603,7588,2.454,502
RAW,470.6,8601,7588,2.498,511
RAW,470.8,8608,7587,2.502,512
RAW,471.0,8614,7594,2.502,512
RAW,471.2,8620,7597,2.502,512
RAW,471.3,8618,7596,2.449,501
RAW,471.5,8633,7598,2.454,502
RAW,471.7,8635,7602,2.454,502
RAW,471.9,8632,7605,2.454,502
RAW,472.1,8642,7606,2.454,502
RAW,472.2,8649,7606,2.507,513
RAW,472.4,8655,7608,2.502,512
RAW,472.6,8653,7609,2.507,513
RAW,472.8,8657,7616,2.502,512
RAW,472.9,8662,7616,2.454,502
RAW,473.1,8661,7617,2.449,501
RAW,473.3,8671,7616,2.454,502
RAW,473.5,8681,7618,2.454,502
RAW,473.7,8686,7626,2.454,502
RAW,473.8,8687,7617,2.502,512
RAW,474.0,8677,7625,2.507,513
RAW,474.2,8671,7611,2.507,513
RAW,474.4,8659,7602,2.507,513
RAW,474.5,8641,7603,2.454,502
RAW,474.7,8604,7588,2.454,502
RAW,474.9,8584,7576,2.449,501
RAW,475.1,8562,7564,2.454,502
RAW,475.2,8543,7558,2.502,512
RAW,475.4,8535,7559,2.507,513
RAW,475.6,8527,7548,2.507,513
RAW,475.8,8514,7552,2.507,513
RAW,476.0,8514,7548,2.507,513
RAW,476.2,8515,7546,2.512,514
RAW,476.4,8511,7551,2.507,513
RAW,476.6,8520,7550,2.507,513
RAW,476.8,8526,7558,2.507,513
RAW,477.0,8542,7562,2.507,513
RAW,477.2,8546,7561,2.507,513
RAW,477.4,8550,7571,2.507,513
RAW,477.6,8557,7568,2.507,513
RAW,477.8,8559,7569,2.512,514
RAW,478.0,8569,7568,2.512,514
RAW,478.1,8568,7572,2.458,503
RAW,478.3,8577,7575,2.454,502
RAW,478.5,8585,7576,2.458,503
RAW,478.7,8592,7579,2.454,502
RAW,478.8,8590,7584,2.507,513
RAW,479.0,8601,7579,2.512,514
RAW,479.2,8609,7584,2.512,514
RAW,479.4,8608,7592,2.512,514
RAW,479.6,8619,7588,2.517,515
RAW,479.7,8622,7595,2.454,502
RAW,479.9,8622,7596,2.458,503
RAW,480.1,8625,7599,2.458,503
RAW,480.3,8637,7599,2.458,503
RAW,480.4,8635,7601,2.507,513
RAW,480.6,8641,7605,2.512,514
RAW,480.8,8647,7606,2.517,515
RAW,481.0,8652,7608,2.517,515
RAW,481.1,8653,7612,2.458,503
RAW,481.3,8651,7608,2.458,503
RAW,481.5,8654,7611,2.458,503
RAW,481.7,8662,7607,2.458,503
RAW,481.9,8662,7607,2.458,503
RAW,482.0,8663,7611,2.517,515
RAW,482.2,8646,7602,2.512,514
RAW,482.4,8620,7595,2.517,515
RAW,482.6,8599,7580,2.517,515
RAW,482.7,8589,7575,2.458,503
RAW,482.9,8563,7565,2.458,503
RAW,483.1,8543,7554,2.458,503
RAW,483.3,8523,7552,2.458,503
RAW,483.4,8517,7546,2.517,515
RAW,483.6,8506,7542,2.517,515
RAW,483.8,8502,7537,2.517,515
RAW,484.0,8498,7538,2.517,515
RAW,484.2,8500,7537,2.522,516
RAW,484.3,8501,7539,2.458,503
RAW,484.5,8499,7535,2.458,503
RAW,484.8,8519,7548,2.517,515
RAW,485.0,8527,7555,2.517,515
RAW,485.3,8536,7547,2.458,503
RAW,485.4,8534,7554,2.517,515
RAW,485.6,8545,7563,2.522,516
RAW,485.8,8553,7555,2.522,516
RAW,486.0,8568,7567,2.517,515
RAW,486.1,8565,7563,2.463,504
RAW,486.3,8582,7564,2.458,503
RAW,486.5,8585,7569,2.458,503
RAW,486.7,8593,7579,2.458,503
RAW,486.9,8596,7576,2.458,503
RAW,487.0,8599,7574,2.517,515
RAW,487.2,8608,7581,2.517,515
RAW,487.4,8611,7582,2.517,515
RAW,487.6,8618,7582,2.522,516
RAW,487.8,8629,7588,2.517,515
RAW,487.9,8630,7592,2.458,503
RAW,488.1,8639,7595,2.458,503
RAW,488.3,8652,7593,2.458,503
RAW,488.5,8661,7600,2.458,503
RAW,488.6,8657,7602,2.522,516
RAW,488.8,8666,7601,2.517,515
RAW,489.0,8664,7603,2.522,516
RAW,489.2,8678,7611,2.522,516
RAW,489.3,8678,7613,2.458,503
RAW,489.5,8676,7615,2.458,503
RAW,489.7,8685,7613,2.458,503
RAW,489.9,8692,7616,2.454,502
RAW,490.1,8692,7614,2.458,503
RAW,490.2,8691,7616,2.522,516
RAW,490.4,8673,7601,2.522,516
RAW,490.6,8644,7593,2.522,516
RAW,490.8,8611,7573,2.522,516
RAW,490.9,8605,7580,2.458,503
RAW,491.1,8574,7558,2.458,503
RAW,491.3,8549,7549,2.458,503
RAW,491.5,8533,7547,2.458,503
RAW,491.6,8524,7540,2.517,515
RAW,491.8,8513,7534,2.522,516
RAW,492.0,8499,7528,2.522,516
RAW,492.2,8495,7530,2.522,516
RAW,492.3,8496,7528,2.454,502
RAW,492.5,8496,7532,2.458,503
RAW,492.7,8498,7530,2.458,503
RAW,493.0,8505,7540,2.522,516
RAW,493.2,8516,7533,2.522,516
RAW,493.4,8519,7540,2.522,516
RAW,493.6,8523,7537,2.517,515
RAW,493.8,8529,7545,2.517,515
RAW,494.0,8521,7548,2.517,515
RAW,494.1,8526,7542,2.454,502
RAW,494.3,8533,7546,2.454,502
RAW,494.5,8535,7549,2.458,503
RAW,494.7,8543,7551,2.454,502
RAW,494.9,8550,7556,2.458,503
RAW,495.0,8552,7553,2.522,516
RAW,495.2,8558,7557,2.522,516
RAW,495.4,8573,7559,2.527,517
RAW,495.5,8574,7558,2.458,503
RAW,495.7,8573,7564,2.458,503
RAW,495.9,8582,7572,2.458,503
RAW,496.1,8583,7567,2.458,503
RAW,496.3,8599,7572,2.458,503
RAW,496.4,8598,7575,2.522,516
RAW,496.6,8609,7577,2.527,517
RAW,496.8,8608,7574,2.522,516
RAW,497.0,8620,7581,2.527,517
RAW,497.1,8621,7570,2.458,503
RAW,497.3,8625,7583,2.458,503
RAW,497.5,8625,7586,2.458,503
RAW,497.7,8631,7582,2.458,503
RAW,497.8,8637,7582,2.527,517
RAW,498.0,8645,7592,2.522,516
RAW,498.2,8641,7588,2.527,517
RAW,498.4,8628,7574,2.527,517
RAW,498.5,8613,7573,2.458,503
RAW,498.7,8587,7559,2.458,503
RAW,498.9,8559,7556,2.454,502
RAW,499.1,8526,7542,2.458,503
RAW,499.3,8513,7532,2.458,503
RAW,499.4,8503,7528,2.527,517
RAW,499.6,8498,7523,2.527,517
RAW,499.8,8485,7523,2.527,517
RAW,500.0,8485,7519,2.522,516
RAW,500.1,8479,7521,2.458,503
RAW,500.3,8482,7524,2.454,502
RAW,500.5,8486,7528,2.458,503
RAW,500.7,8483,7531,2.458,503
RAW,500.9,8500,7530,2.458,503
RAW,501.1,8507,7538,2.454,502
RAW,501.3,8514,7538,2.458,503
RAW,501.5,8524,7545,2.454,502
RAW,501.7,8527,7546,2.458,503
RAW,501.8,8527,7543,2.522,516
RAW,502.0,8536,7545,2.522,516
RAW,502.2,8537,7548,2.522,516
RAW,502.4,8536,7547,2.522,516
RAW,502.6,8547,7558,2.522,516
RAW,502.7,8550,7554,2.454,502
RAW,502.9,8552,7547,2.454,502
RAW,503.1,8554,7559,2.454,502
RAW,503.3,8567,7558,2.454,502
RAW,503.4,8563,7558,2.522,516
RAW,503.6,8572,7566,2.522,516
RAW,503.8,8577,7575,2.522,516
RAW,504.0,8586,7566,2.517,515
RAW,504.1,8586,7567,2.449,501
RAW,504.3,8591,7566,2.454,502
RAW,504.5,8595,7578,2.449,501
RAW,504.7,8599,7580,2.449,501
RAW,504.8,8601,7579,2.517,515
RAW,505.0,8607,7576,2.517,515
RAW,505.2,8615,7583,2.517,515
RAW,505.4,8614,7579,2.512,514
RAW,505.6,8627,7584,2.517,515
RAW,505.7,8627,7587,2.449,501
RAW,505.9,8618,7583,2.444,500
RAW,506.1,8601,7571,2.444,500
RAW,506.3,8576,7562,2.444,500
RAW,506.4,8565,7555,2.517,515
RAW,506.6,8535,7545,2.512,514
RAW,506.8,8508,7533,2.517,515
RAW,507.0,8500,7525,2.517,515
RAW,507.1,8490,7526,2.444,500
RAW,507.3,8478,7522,2.449,501
RAW,507.5,8475,7516,2.444,500
RAW,507.7,8474,7526,2.444,500
RAW,507.8,8470,7519,2.512,514
RAW,508.0,8472,7522,2.512,514
RAW,508.3,8487,7524,2.444,500
RAW,508.5,8492,7533,2.444,500
RAW,508.7,8503,7533,2.444,500
RAW,508.9,8510,7544,2.444,500
RAW,509.2,8509,7537,2.512,514
RAW,509.3,8513,7543,2.444,500
RAW,509.5,8516,7546,2.439,499
RAW,509.7,8522,7544,2.444,500
RAW,509.9,8529,7537,2.439,499
RAW,510.0,8531,7542,2.512,514
RAW,510.2,8533,7550,2.512,514
RAW,510.4,8538,7547,2.512,514
RAW,510.6,8542,7553,2.512,514
RAW,510.7,8544,7548,2.444,500
RAW,510.9,8552,7551,2.444,500
RAW,511.1,8554,7560,2.444,500
RAW,511.3,8556,7561,2.439,499
RAW,511.5,8563,7560,2.444,500
RAW,511.6,8555,7563,2.512,514
RAW,511.8,8570,7566,2.512,514
RAW,512.0,8567,7562,2.512,514
RAW,512.2,8574,7565,2.512,514
RAW,512.3,8581,7568,2.439,499
RAW,512.5,8585,7571,2.439,499
RAW,512.7,8586,7571,2.439,499
RAW,512.9,8586,7580,2.439,499
RAW,513.0,8594,7577,2.507,513
RAW,513.2,8591,7572,2.512,514
RAW,513.4,8576,7558,2.512,514
RAW,513.6,8557,7553,2.512,514
RAW,513.8,8526,7539,2.512,514
RAW,513.9,8506,7535,2.444,500
RAW,514.1,8477,7514,2.439,499
RAW,514.3,8448,7507,2.439,499
RAW,514.4,8434,7501,2.507,513
RAW,514.6,8421,7493,2.512,514
RAW,514.8,8412,7492,2.507,513
RAW,515.0,8404,7485,2.512,514
RAW,515.2,8404,7492,2.507,513
RAW,515.4,8403,7495,2.512,514
RAW,515.6,8408,7493,2.507,513
RAW,515.9,8414,7493,2.439,499
RAW,516.1,8421,7498,2.434,498
RAW,516.3,8435,7500,2.439,499
RAW,516.5,8436,7505,2.439,499
RAW,516.7,8442,7503,2.439,499
RAW,516.8,8437,7507,2.512,514
RAW,517.0,8438,7500,2.512,514
RAW,517.2,8440,7505,2.512,514
RAW,517.4,8435,7496,2.512,514
RAW,517.6,8431,7506,2.507,513
RAW,517.7,8438,7507,2.444,500
RAW,517.9,8442,7509,2.439,499
RAW,518.1,8442,7504,2.444,500
RAW,518.3,8452,7509,2.439,499
RAW,518.4,8456,7511,2.512,514
RAW,518.6,8462,7506,2.512,514
RAW,518.8,8464,7516,2.512,514
RAW,519.0,8473,7516,2.512,514
RAW,519.1,8478,7517,2.444,500
RAW,519.3,8477,7518,2.439,499
RAW,519.5,8487,7524,2.444,500
RAW,519.6,8480,7521,2.512,514
RAW,519.8,8496,7522,2.512,514
RAW,520.0,8493,7523,2.507,513
RAW,520.2,8498,7525,2.512,514
RAW,520.3,8499,7528,2.444,500
RAW,520.5,8500,7526,2.439,499
RAW,520.7,8488,7516,2.439,499
RAW,520.9,8450,7502,2.444,500
RAW,521.0,8432,7495,2.512,514
RAW,521.2,8396,7479,2.512,514
RAW,521.4,8364,7462,2.507,513
RAW,521.6,8342,7459,2.512,514
RAW,521.7,8331,7448,2.439,499
RAW,521.9,8320,7449,2.444,500
RAW,522.1,8306,7440,2.444,500
RAW,522.3,8308,7443,2.439,499
RAW,522.5,8299,7438,2.439,499
RAW,522.7,8290,7442,2.444,500
RAW,522.9,8300,7441,2.439,499
RAW,523.1,8304,7445,2.444,500
RAW,523.3,8318,7450,2.439,499
RAW,523.5,8319,7451,2.444,500
RAW,523.7,8326,7456,2.439,499
RAW,523.9,8329,7453,2.444,500
RAW,524.1,8332,7452,2.444,500
RAW,524.3,8341,7463,2.444,500
RAW,524.4,8340,7457,2.512,514
RAW,524.6,8338,7461,2.512,514
RAW,524.8,8339,7457,2.512,514
RAW,525.0,8349,7463,2.512,514
RAW,525.1,8344,7464,2.444,500
RAW,525.3,8353,7463,2.444,500
RAW,525.5,8360,7467,2.444,500
RAW,525.7,8372,7474,2.444,500
RAW,525.9,8383,7476,2.444,500
RAW,526.0,8385,7473,2.512,514
RAW,526.2,8392,7484,2.512,514
RAW,526.4,8394,7487,2.517,515
RAW,526.6,8391,7487,2.512,514
RAW,526.7,8408,7487,2.444,500
RAW,526.9,8411,7496,2.444,500
RAW,527.1,8421,7497,2.444,500
RAW,527.3,8437,7498,2.444,500
RAW,527.4,8437,7491,2.517,515
RAW,527.6,8447,7504,2.512,514
RAW,527.8,8452,7505,2.517,515
RAW,528.0,8437,7494,2.512,514
RAW,528.1,8429,7491,2.449,501
RAW,528.3,8404,7479,2.444,500
RAW,528.5,8373,7474,2.449,501
RAW,528.7,8355,7460,2.444,500
RAW,528.8,8338,7460,2.517,515
RAW,529.0,8327,7449,2.512,514
RAW,529.2,8322,7445,2.512,514
RAW,529.4,8321,7442,2.512,514
RAW,529.5,8320,7451,2.449,501
RAW,529.7,8311,7447,2.449,501
RAW,529.9,8321,7451,2.444,500
RAW,530.0,8319,7450,2.517,515
RAW,530.2,8322,7452,2.517,515
RAW,530.4,8345,7461,2.517,515
RAW,530.6,8351,7465,2.512,514
RAW,530.7,8364,7473,2.449,501
RAW,530.9,8378,7477,2.449,501
RAW,531.1,8382,7483,2.444,500
RAW,531.3,8392,7480,2.449,501
RAW,531.4,8395,7487,2.517,515
RAW,531.6,8407,7489,2.517,515
RAW,531.8,8405,7490,2.517,515
RAW,532.0,8420,7492,2.512,514
RAW,532.1,8413,7497,2.444,500
RAW,532.3,8414,7499,2.449,501
RAW,532.5,8426,7506,2.449,501
RAW,532.7,8437,7506,2.449,501
RAW,532.8,8433,7506,2.512,514
RAW,533.0,8453,7505,2.517,515
RAW,533.2,8452,7508,2.517,515
RAW,533.4,8465,7513,2.517,515
RAW,533.5,8471,7517,2.449,501
RAW,533.7,8477,7522,2.449,501
RAW,533.9,8481,7520,2.444,500
RAW,534.1,8490,7521,2.449,501
RAW,534.2,8493,7529,2.517,515
RAW,534.4,8497,7529,2.517,515
RAW,534.6,8508,7536,2.517,515
RAW,534.8,8506,7540,2.517,515
RAW,534.9,8517,7538,2.444,500
RAW,535.1,8517,7548,2.449,501
RAW,535.3,8524,7543,2.444,500
RAW,535.4,8513,7542,2.517,515
RAW,535.6,8494,7530,2.517,515
RAW,535.8,8473,7515,2.517,515
RAW,536.0,8441,7500,2.512,514
RAW,536.1,8422,7499,2.449,501
RAW,536.3,8403,7481,2.444,500
RAW,536.5,8381,7483,2.449,501
RAW,536.7,8363,7471,2.449,501
RAW,536.8,8367,7472,2.517,515
RAW,537.0,8357,7475,2.512,514
RAW,537.2,8351,7466,2.512,514
RAW,537.4,8351,7468,2.512,514
RAW,537.5,8347,7475,2.449,501
RAW,537.7,8362,7475,2.449,501
RAW,537.9,8365,7482,2.449,501
RAW,538.1,8376,7481,2.449,501
RAW,538.2,8388,7486,2.517,515
RAW,538.4,8391,7488,2.517,515
RAW,538.6,8403,7493,2.517,515
RAW,538.8,8403,7498,2.512,514
RAW,538.9,8403,7494,2.454,502
RAW,539.1,8413,7493,2.449,501
RAW,539.3,8416,7500,2.449,501
RAW,539.4,8417,7497,2.517,515
RAW,539.6,8416,7502,2.517,515
RAW,539.8,8429,7500,2.517,515
RAW,540.0,8438,7508,2.517,515
RAW,540.1,8435,7512,2.449,501
RAW,540.3,8441,7509,2.454,502
RAW,540.5,8448,7517,2.454,502
RAW,540.7,8457,7521,2.449,501
RAW,540.8,8457,7517,2.517,515
RAW,541.0,8462,7520,2.517,515
RAW,541.2,8460,7526,2.517,515
RAW,541.4,8470,7523,2.517,515
RAW,541.5,8468,7521,2.454,502
RAW,541.7,8476,7525,2.454,502
RAW,541.9,8483,7529,2.449,501
RAW,542.1,8485,7526,2.449,501
RAW,542.2,8486,7530,2.517,515
RAW,542.4,8494,7530,2.517,515
RAW,542.6,8505,7543,2.512,514
RAW,542.8,8504,7534,2.517,515
RAW,542.9,8497,7531,2.449,501
RAW,543.1,8475,7523,2.449,501
RAW,543.3,8448,7511,2.449,501
RAW,543.5,8421,7505,2.454,502
RAW,543.6,8408,7493,2.517,515
RAW,543.8,8393,7485,2.517,515
RAW,544.0,8381,7484,2.512,514
RAW,544.3,8365,7484,2.449,501
RAW,544.5,8369,7479,2.449,501
RAW,544.8,8370,7483,2.517,515
RAW,545.0,8366,7484,2.517,515
RAW,545.3,8390,7490,2.449,501
RAW,545.6,8408,7502,2.512,514
RAW,545.8,8414,7496,2.512,514
RAW,546.1,8426,7506,2.449,501
RAW,546.3,8428,7504,2.449,501
RAW,546.6,8433,7503,2.512,514
RAW,546.9,8451,7516,2.449,501
RAW,547.1,8452,7509,2.444,500
RAW,547.4,8466,7520,2.512,514
RAW,547.6,8470,7529,2.512,514
RAW,547.9,8488,7534,2.444,500
RAW,548.2,8495,7540,2.507,513
RAW,548.4,8503,7540,2.517,515
RAW,548.7,8511,7551,2.449,501
RAW,549.0,8533,7550,2.512,514
RAW,549.2,8523,7557,2.512,514
RAW,549.5,8543,7563,2.454,502
RAW,549.8,8550,7561,2.512,514
RAW,550.0,8547,7564,2.512,514
RAW,550.3,8555,7561,2.449,501
RAW,550.5,8555,7554,2.449,501
RAW,550.8,8510,7538,2.512,514
RAW,551.1,8471,7520,2.454,502
RAW,551.3,8446,7507,2.449,501
RAW,551.6,8419,7496,2.512,514
RAW,551.8,8408,7501,2.512,514
RAW,552.1,8397,7495,2.449,501
RAW,552.4,8391,7496,2.507,513
RAW,552.7,8392,7488,2.449,501
RAW,553.0,8400,7497,2.507,513
RAW,553.3,8415,7508,2.449,501
RAW,553.5,8429,7513,2.444,500
RAW,553.7,8433,7513,2.449,501
RAW,553.9,8439,7516,2.444,500
RAW,554.0,8447,7518,2.507,513
RAW,554.2,8445,7525,2.507,513
RAW,554.4,8448,7515,2.507,513
RAW,554.6,8461,7522,2.502,512
RAW,554.8,8466,7530,2.502,512
RAW,554.9,8472,7529,2.444,500
RAW,555.1,8476,7533,2.449,501
RAW,555.3,8483,7534,2.444,500
RAW,555.5,8493,7537,2.444,500
RAW,555.6,8494,7538,2.507,513
RAW,555.8,8499,7547,2.502,512
RAW,556.0,8510,7549,2.502,512
RAW,556.2,8513,7549,2.502,512
RAW,556.3,8514,7553,2.444,500
RAW,556.5,8528,7562,2.444,500
RAW,556.7,8533,7559,2.444,500
RAW,556.9,8542,7557,2.444,500
RAW,557.1,8542,7559,2.444,500
RAW,557.2,8547,7559,2.507,513
RAW,557.4,8551,7571,2.498,511
RAW,557.6,8556,7571,2.502,512
RAW,557.8,8558,7567,2.498,511
RAW,557.9,8559,7568,2.449,501
RAW,558.1,8566,7575,2.444,500
RAW,558.3,8562,7561,2.444,500
RAW,558.5,8533,7555,2.444,500
RAW,558.6,8520,7549,2.507,513
RAW,558.8,8485,7529,2.502,512
RAW,559.0,8463,7523,2.502,512
RAW,559.2,8445,7515,2.498,511
RAW,559.3,8441,7508,2.449,501
RAW,559.5,8425,7509,2.444,500
RAW,559.7,8415,7500,2.449,501
RAW,559.9,8411,7506,2.449,501
RAW,560.0,8410,7501,2.507,513
RAW,560.2,8407,7502,2.502,512
RAW,560.4,8412,7498,2.502,512
RAW,560.6,8412,7504,2.498,511
RAW,560.7,8414,7509,2.444,500
RAW,560.9,8431,7511,2.449,501
RAW,561.1,8440,7514,2.444,500
RAW,561.3,8456,7512,2.449,501
RAW,561.4,8453,7522,2.502,512
RAW,561.6,8466,7521,2.502,512
RAW,561.8,8464,7524,2.502,512
RAW,561.9,8470,7529,2.449,501
RAW,562.1,8472,7526,2.444,500
RAW,562.3,8486,7531,2.444,500
RAW,562.5,8485,7532,2.449,501
RAW,562.6,8492,7528,2.498,511
RAW,562.8,8499,7534,2.502,512
RAW,563.0,8507,7542,2.502,512
RAW,563.2,8513,7539,2.502,512
RAW,563.3,8513,7546,2.444,500
RAW,563.5,8522,7545,2.444,500
RAW,563.7,8536,7552,2.449,501
RAW,563.9,8546,7556,2.449,501
RAW,564.1,8548,7558,2.444,500
RAW,564.2,8556,7559,2.502,512
RAW,564.4,8561,7563,2.498,511
RAW,564.6,8565,7567,2.498,511
RAW,564.8,8568,7570,2.498,511
RAW,564.9,8568,7564,2.449,501
RAW,565.1,8576,7568,2.449,501
RAW,565.3,8577,7576,2.454,502
RAW,565.5,8591,7576,2.449,501
RAW,565.6,8585,7573,2.507,513
RAW,565.8,8601,7578,2.502,512
RAW,566.0,8582,7567,2.502,512
RAW,566.2,8562,7558,2.498,511
RAW,566.4,8533,7553,2.502,512
RAW,566.5,8513,7545,2.454,502
RAW,566.7,8499,7530,2.454,502
RAW,566.9,8490,7522,2.454,502
RAW,567.1,8474,7525,2.454,502
RAW,567.2,8470,7523,2.507,513
RAW,567.4,8457,7519,2.507,513
RAW,567.6,8460,7518,2.502,512
RAW,567.8,8455,7523,2.502,512
RAW,567.9,8456,7521,2.454,502
RAW,568.1,8451,7518,2.458,503
RAW,568.3,8463,7527,2.454,502
RAW,568.5,8472,7531,2.454,502
RAW,568.6,8475,7537,2.507,513
RAW,568.8,8483,7536,2.507,513
RAW,569.0,8483,7538,2.507,513
RAW,569.2,8491,7542,2.502,512
RAW,569.3,8491,7544,2.454,502
RAW,569.5,8495,7536,2.449,501
RAW,569.7,8499,7539,2.449,501
RAW,569.9,8506,7543,2.454,502
RAW,570.1,8503,7540,2.454,502
RAW,570.2,8511,7545,2.502,512
RAW,570.4,8518,7550,2.498,511
RAW,570.6,8520,7550,2.502,512
RAW,570.7,8526,7547,2.449,501
RAW,570.9,8523,7554,2.449,501
RAW,571.1,8536,7557,2.449,501
RAW,571.3,8539,7560,2.449,501
RAW,571.4,8544,7551,2.498,511
RAW,571.6,8553,7560,2.502,512
RAW,571.8,8554,7564,2.498,511
RAW,572.0,8565,7571,2.498,511
RAW,572.2,8567,7566,2.498,511
RAW,572.3,8572,7571,2.449,501
RAW,572.5,8579,7584,2.449,501
RAW,572.7,8584,7576,2.449,501
RAW,572.9,8596,7582,2.449,501
RAW,573.0,8583,7581,2.502,512
RAW,573.2,8592,7580,2.498,511
RAW,573.4,8582,7576,2.502,512
RAW,573.6,8560,7563,2.498,511
RAW,573.9,8525,7549,2.449,501
RAW,574.1,8503,7537,2.449,501
RAW,574.4,8475,7528,2.498,511
RAW,574.6,8459,7517,2.498,511
RAW,574.9,8432,7516,2.449,501
RAW,575.2,8422,7503,2.498,511
RAW,575.5,8423,7512,2.454,502
RAW,575.7,8425,7507,2.449,501
RAW,576.0,8433,7512,2.498,511
RAW,576.3,8457,7518,2.444,500
RAW,576.5,8473,7529,2.449,501
RAW,576.7,8474,7528,2.449,501
RAW,576.8,8476,7534,2.502,512
RAW,577.0,8486,7537,2.498,511
RAW,577.2,8490,7531,2.498,511
RAW,577.4,8502,7537,2.498,511
RAW,577.5,8503,7535,2.454,502
RAW,577.7,8507,7544,2.454,502
RAW,577.9,8517,7543,2.449,501
RAW,578.1,8525,7543,2.449,501
RAW,578.2,8532,7542,2.502,512
RAW,578.4,8534,7552,2.498,511
RAW,578.6,8542,7559,2.502,512
RAW,578.8,8550,7557,2.498,511
RAW,579.0,8559,7557,2.493,510
RAW,579.1,8565,7563,2.449,501
RAW,579.3,8565,7567,2.454,502
RAW,579.5,8580,7567,2.449,501
RAW,579.7,8583,7576,2.449,501
RAW,579.8,8583,7568,2.498,511
RAW,580.0,8584,7577,2.502,512
RAW,580.2,8594,7579,2.498,511
RAW,580.4,8594,7578,2.498,511
RAW,580.5,8604,7576,2.454,502
RAW,580.7,8604,7581,2.454,502
RAW,580.9,8609,7588,2.449,501
RAW,581.1,8609,7581,2.454,502
RAW,581.2,8603,7579,2.498,511
RAW,581.4,8586,7567,2.498,511
RAW,581.6,8566,7561,2.498,511
RAW,581.8,8534,7544,2.498,511
RAW,582.0,8519,7542,2.498,511
RAW,582.1,8517,7533,2.454,502
RAW,582.3,8496,7526,2.449,501
RAW,582.5,8478,7528,2.454,502
RAW,582.6,8473,7524,2.498,511
RAW,582.8,8472,7520,2.502,512
RAW,583.0,8464,7518,2.493,510
RAW,583.2,8465,7514,2.493,510
RAW,583.3,8464,7518,2.449,501
RAW,583.5,8472,7525,2.454,502
RAW,583.7,8474,7526,2.454,502
RAW,583.9,8485,7530,2.454,502
RAW,584.0,8491,7532,2.498,511
RAW,584.2,8491,7532,2.502,512
RAW,584.4,8503,7537,2.498,511
RAW,584.6,8510,7533,2.493,510
RAW,584.7,8515,7540,2.454,502
RAW,584.9,8512,7548,2.454,502
RAW,585.1,8523,7550,2.449,501
RAW,585.3,8529,7545,2.454,502
RAW,585.4,8531,7544,2.498,511
RAW,585.6,8536,7549,2.498,511
RAW,585.8,8545,7556,2.493,510
RAW,586.0,8552,7554,2.493,510
RAW,586.1,8558,7555,2.454,502
RAW,586.3,8565,7560,2.454,502
RAW,586.5,8573,7558,2.454,502
RAW,586.7,8579,7571,2.454,502
RAW,586.9,8587,7572,2.454,502
RAW,587.0,8594,7571,2.498,511
RAW,587.2,8598,7577,2.493,510
RAW,587.4,8592,7577,2.498,511
RAW,587.6,8595,7579,2.498,511
RAW,587.7,8597,7576,2.454,502
RAW,587.9,8606,7583,2.454,502
RAW,588.1,8601,7578,2.454,502
RAW,588.3,8607,7580,2.454,502
RAW,588.4,8614,7585,2.498,511
RAW,588.6,8610,7581,2.498,511
RAW,588.8,8591,7574,2.498,511
RAW,589.0,8570,7566,2.498,511
RAW,589.1,8561,7556,2.454,502
RAW,589.3,8529,7545,2.449,501
RAW,589.5,8505,7535,2.454,502
RAW,589.7,8492,7525,2.449,501
RAW,589.8,8477,7525,2.498,511
RAW,590.0,8470,7520,2.493,510
RAW,590.2,8452,7516,2.493,510
RAW,590.4,8454,7511,2.493,510
RAW,590.5,8451,7510,2.449,501
RAW,590.8,8438,7508,2.493,510
RAW,591.0,8447,7514,2.493,510
RAW,591.2,8450,7523,2.493,510
RAW,591.4,8470,7523,2.493,510
RAW,591.6,8473,7523,2.488,509
RAW,591.8,8482,7530,2.488,509
RAW,592.0,8492,7536,2.488,509
RAW,592.1,8489,7533,2.444,500
RAW,592.3,8495,7535,2.444,500
RAW,592.5,8491,7540,2.444,500
RAW,592.7,8499,7537,2.444,500
RAW,592.8,8499,7541,2.488,509
RAW,593.0,8505,7538,2.488,509
RAW,593.2,8508,7539,2.488,509
RAW,593.4,8510,7543,2.483,508
RAW,593.5,8513,7542,2.444,500
RAW,593.7,8523,7552,2.444,500
RAW,593.9,8538,7548,2.444,500
RAW,594.1,8540,7553,2.444,500
RAW,594.2,8536,7552,2.488,509
RAW,594.4,8546,7558,2.483,508
RAW,594.6,8551,7559,2.483,508
RAW,594.8,8557,7559,2.478,507
RAW,594.9,8558,7560,2.439,499
RAW,595.1,8564,7562,2.439,499
RAW,595.3,8577,7566,2.439,499
RAW,595.5,8579,7573,2.439,499
RAW,595.6,8583,7576,2.478,507
RAW,595.8,8589,7577,2.473,506
RAW,596.0,8587,7573,2.478,507
RAW,596.2,8574,7568,2.473,506
RAW,596.3,8571,7560,2.434,498
RAW,596.5,8551,7548,2.434,498
RAW,596.7,8521,7543,2.434,498
RAW,596.9,8498,7525,2.434,498
RAW,597.0,8490,7527,2.478,507
RAW,597.2,8466,7520,2.473,506
RAW,597.4,8455,7511,2.473,506
RAW,597.6,8438,7510,2.473,506
RAW,597.7,8441,7508,2.434,498
RAW,597.9,8437,7506,2.434,498
RAW,598.1,8430,7507,2.434,498
RAW,598.3,8437,7505,2.434,498
RAW,598.5,8431,7513,2.434,498
RAW,598.7,8447,7516,2.434,498
RAW,598.9,8461,7525,2.434,498
RAW,599.1,8465,7528,2.434,498
RAW,599.3,8473,7528,2.429,497
RAW,599.6,8483,7531,2.468,505
RAW,599.8,8486,7538,2.473,506
RAW,599.9,8484,7533,2.429,497

------------------------------------------
PHASE 2 (600-1200 tenths of seconds): Processed BPM/SpO2 data
Format: PROC,Time_0.1s,BPM,SpO2,GSR_V,GSR_raw
------------------------------------------
PROC,605.2,57.0,98.0,2.444,500
PROC,606.2,57.0,98.0,2.434,498
PROC,607.2,57.0,98.0,2.434,498
PROC,608.2,57.0,98.0,2.468,505
PROC,609.3,57.0,98.0,2.429,497
PROC,610.3,57.0,98.0,2.429,497
PROC,611.3,57.0,98.0,2.512,514
PROC,612.3,57.0,98.0,2.488,509
PROC,613.3,57.0,98.0,2.468,505
PROC,614.4,57.0,98.0,2.444,500
PROC,615.4,57.0,98.0,2.414,494
PROC,616.4,57.0,98.0,2.458,503
PROC,617.4,57.0,98.0,2.444,500
PROC,618.5,57.0,98.0,2.400,491
PROC,619.5,57.0,98.0,2.405,492
PROC,620.5,57.0,98.0,2.473,506
PROC,621.5,57.0,98.0,2.468,505
PROC,622.5,57.0,98.0,2.507,513
PROC,623.6,57.0,98.0,2.439,499
PROC,624.6,57.0,98.0,2.419,495
PROC,625.6,57.0,98.0,2.400,491
PROC,626.6,57.0,98.0,2.429,497
PROC,627.6,57.0,98.0,2.400,491
PROC,628.7,57.0,98.0,2.405,492
PROC,629.7,57.0,98.0,2.400,491
PROC,630.7,57.0,98.0,2.424,496
PROC,631.7,57.0,98.0,2.517,515
PROC,632.7,57.0,98.0,2.473,506
PROC,633.7,57.0,98.0,2.507,513
PROC,634.8,57.0,98.0,2.434,498
PROC,635.8,57.0,98.0,2.410,493
PROC,636.8,57.0,98.0,2.454,502
PROC,637.8,57.0,98.0,2.458,503
PROC,638.8,57.0,98.0,2.444,500
PROC,639.9,57.0,98.0,2.405,492
PROC,640.9,57.0,98.0,2.414,494
PROC,641.9,57.0,98.0,2.498,511
PROC,642.9,57.0,98.0,2.522,516
PROC,643.9,57.0,98.0,2.473,506
PROC,645.0,57.0,98.0,2.444,500
PROC,646.0,57.0,98.0,2.429,497
PROC,647.0,57.0,98.0,2.400,491
PROC,648.0,57.0,98.0,2.449,501
PROC,649.0,57.0,98.0,2.405,492
PROC,650.0,57.0,98.0,2.439,499
PROC,651.1,57.0,98.0,2.400,491
PROC,652.1,57.0,98.0,2.424,496
PROC,653.1,57.0,98.0,2.512,514
PROC,654.1,57.0,98.0,2.473,506
PROC,655.2,57.0,98.0,2.444,500
PROC,656.2,57.0,98.0,2.429,497
PROC,657.2,57.0,98.0,2.400,491
PROC,658.2,57.0,98.0,2.434,498
PROC,659.2,57.0,98.0,2.400,491
PROC,660.2,57.0,98.0,2.444,500
PROC,661.3,57.0,98.0,2.400,491
PROC,662.3,57.0,98.0,2.419,495
PROC,663.3,57.0,98.0,2.507,513
PROC,664.3,57.0,98.0,2.463,504
PROC,665.3,57.0,98.0,2.488,509
PROC,666.4,57.0,98.0,2.434,498
PROC,667.4,57.0,98.0,2.400,491
PROC,668.4,57.0,98.0,2.390,489
PROC,669.4,57.0,98.0,2.439,499
PROC,670.4,57.0,98.0,2.414,494
PROC,671.5,57.0,98.0,2.380,487
PROC,672.5,57.0,98.0,2.410,493
PROC,673.5,57.0,98.0,2.498,511
PROC,674.5,57.0,98.0,2.454,502
PROC,675.5,57.0,98.0,2.468,505
PROC,676.6,57.0,98.0,2.385,488
PROC,677.6,57.0,98.0,2.370,485
PROC,678.6,57.0,98.0,2.419,495
PROC,679.6,57.0,98.0,2.375,486
PROC,680.6,57.0,98.0,2.405,492
PROC,681.7,57.0,98.0,2.366,484
PROC,682.7,57.0,98.0,2.385,488
PROC,683.7,57.0,98.0,2.468,505
PROC,684.7,57.0,98.0,2.468,505
PROC,685.7,57.0,98.0,2.439,499
PROC,686.7,57.0,98.0,2.375,486
PROC,687.8,57.0,98.0,2.356,482
PROC,688.8,57.0,98.0,2.341,479
PROC,689.8,57.0,98.0,2.351,481
PROC,690.8,57.0,98.0,2.385,488
PROC,691.9,57.0,98.0,2.351,481
PROC,692.9,57.0,98.0,2.366,484
PROC,693.9,57.0,98.0,2.454,502
PROC,694.9,57.0,98.0,2.410,493
PROC,696.0,57.0,98.0,2.380,487
PROC,697.0,57.0,98.0,2.346,480
PROC,698.0,57.0,98.0,2.341,479
PROC,699.0,57.0,98.0,2.395,490
PROC,700.0,57.0,98.0,2.385,488
PROC,701.0,57.0,98.0,2.351,481
PROC,702.1,57.0,98.0,2.366,484
PROC,703.1,57.0,98.0,2.385,488
PROC,704.1,57.0,98.0,2.468,505
PROC,705.1,57.0,98.0,2.439,499
PROC,706.2,57.0,98.0,2.385,488
PROC,707.2,57.0,98.0,2.346,480
PROC,708.2,57.0,98.0,2.341,479
PROC,709.2,57.0,98.0,2.395,490
PROC,710.2,57.0,98.0,2.346,480
PROC,711.2,57.0,98.0,2.385,488
PROC,712.3,57.0,98.0,2.351,481
PROC,713.3,57.0,98.0,2.390,489
PROC,714.3,57.0,98.0,2.439,499
PROC,715.3,57.0,98.0,2.439,499
PROC,716.3,57.0,98.0,2.439,499
PROC,717.4,57.0,98.0,2.361,483
PROC,718.4,57.0,98.0,2.346,480
PROC,719.4,57.0,98.0,2.400,491
PROC,720.4,57.0,98.0,2.385,488
PROC,721.5,57.0,98.0,2.351,481
PROC,722.5,57.0,98.0,2.370,485
PROC,723.5,57.0,98.0,2.410,493
PROC,724.5,57.0,98.0,2.473,506
PROC,725.5,57.0,98.0,2.449,501
PROC,726.5,57.0,98.0,2.439,499
PROC,727.6,57.0,98.0,2.370,485
PROC,728.6,57.0,98.0,2.356,482
PROC,729.6,57.0,98.0,2.400,491
PROC,730.6,57.0,98.0,2.356,482
PROC,731.6,57.0,98.0,2.400,491
PROC,732.7,57.0,98.0,2.366,484
PROC,733.7,57.0,98.0,2.400,491
PROC,734.7,57.0,98.0,2.473,506
PROC,735.7,57.0,98.0,2.439,499
PROC,736.7,57.0,98.0,2.458,503
PROC,737.8,57.0,98.0,2.385,488
PROC,738.8,57.0,98.0,2.361,483
PROC,739.8,57.0,98.0,2.410,493
PROC,740.8,57.0,98.0,2.366,484
PROC,741.8,57.0,98.0,2.375,486
PROC,742.9,57.0,98.0,2.375,486
PROC,743.9,57.0,98.0,2.410,493
PROC,744.9,57.0,98.0,2.439,499
PROC,745.9,57.0,98.0,2.444,500
PROC,746.9,57.0,98.0,2.419,495
PROC,748.0,57.0,98.0,2.405,492
PROC,749.0,57.0,98.0,2.370,485
PROC,750.0,57.0,98.0,2.414,494
PROC,751.0,57.0,98.0,2.370,485
PROC,752.0,57.0,98.0,2.410,493
PROC,753.0,57.0,98.0,2.370,485
PROC,754.1,57.0,98.0,2.375,486
PROC,755.1,57.0,98.0,2.414,494
PROC,756.1,57.0,98.0,2.493,510
PROC,757.1,57.0,98.0,2.444,500
PROC,758.1,57.0,98.0,2.468,505
PROC,759.2,57.0,98.0,2.395,490
PROC,760.2,57.0,98.0,2.375,486
PROC,761.2,57.0,98.0,2.419,495
PROC,762.2,57.0,98.0,2.375,486
PROC,763.2,57.0,98.0,2.419,495
PROC,764.2,57.0,98.0,2.380,487
PROC,765.3,57.0,98.0,2.385,488
PROC,766.3,57.0,98.0,2.400,491
PROC,767.3,57.0,98.0,2.478,507
PROC,768.3,57.0,98.0,2.444,500
PROC,769.3,57.0,98.0,2.419,495
PROC,770.4,57.0,98.0,2.380,487
PROC,771.4,57.0,98.0,2.375,486
PROC,772.4,57.0,98.0,2.429,497
PROC,773.4,57.0,98.0,2.414,494
PROC,774.5,57.0,98.0,2.375,486
PROC,775.5,57.0,98.0,2.405,492
PROC,776.5,57.0,98.0,2.458,503
PROC,777.5,57.0,98.0,2.444,500
PROC,778.5,57.0,98.0,2.429,497
PROC,779.6,57.0,98.0,2.395,490
PROC,780.6,57.0,98.0,2.405,492
PROC,781.6,57.0,98.0,2.429,497
PROC,782.6,57.0,98.0,2.414,494
PROC,783.7,57.0,98.0,2.375,486
PROC,784.7,57.0,98.0,2.380,487
PROC,785.7,57.0,98.0,2.414,494
PROC,786.7,57.0,98.0,2.488,509
PROC,787.7,57.0,98.0,2.483,508
PROC,788.7,57.0,98.0,2.419,495
PROC,789.8,57.0,98.0,2.405,492
PROC,790.8,57.0,98.0,2.380,487
PROC,791.8,57.0,98.0,2.429,497
PROC,792.8,57.0,98.0,2.380,487
PROC,793.8,57.0,98.0,2.385,488
PROC,794.9,57.0,98.0,2.380,487
PROC,795.9,57.0,98.0,2.395,490
PROC,796.9,57.0,98.0,2.488,509
PROC,797.9,57.0,98.0,2.488,509
PROC,799.0,57.0,98.0,2.424,496
PROC,800.0,57.0,98.0,2.414,494
PROC,801.0,57.0,98.0,2.380,487
PROC,802.0,57.0,98.0,2.380,487
PROC,803.0,57.0,98.0,2.419,495
PROC,804.1,57.0,98.0,2.375,486
PROC,805.1,57.0,98.0,2.375,486
PROC,806.1,57.0,98.0,2.458,503
PROC,807.1,57.0,98.0,2.434,498
PROC,808.1,57.0,98.0,2.478,507
PROC,809.2,57.0,98.0,2.405,492
PROC,810.2,57.0,98.0,2.390,489
PROC,811.2,57.0,98.0,2.356,482
PROC,812.2,57.0,98.0,2.356,482
PROC,813.2,57.0,98.0,2.380,487
PROC,814.2,57.0,98.0,2.346,480
PROC,815.3,57.0,98.0,2.346,480
PROC,816.3,57.0,98.0,2.361,483
PROC,817.3,57.0,98.0,2.400,491
PROC,818.3,57.0,98.0,2.405,492
PROC,819.3,57.0,98.0,2.429,497
PROC,820.4,57.0,98.0,2.385,488
PROC,821.4,57.0,98.0,2.356,482
PROC,822.4,57.0,98.0,2.356,482
PROC,823.4,57.0,98.0,2.351,481
PROC,824.4,57.0,98.0,2.390,489
PROC,825.5,57.0,98.0,2.341,479
PROC,826.5,57.0,98.0,2.341,479
PROC,827.5,57.0,98.0,2.400,491
PROC,828.5,57.0,98.0,2.419,495
PROC,829.5,57.0,98.0,2.439,499
PROC,830.5,57.0,98.0,2.400,491
PROC,831.6,57.0,98.0,2.385,488
PROC,832.6,57.0,98.0,2.366,484
PROC,833.6,57.0,98.0,2.395,490
PROC,834.6,57.0,98.0,2.336,478
PROC,835.6,57.0,98.0,2.336,478
PROC,836.7,57.0,98.0,2.331,477
PROC,837.7,57.0,98.0,2.331,477
PROC,838.7,57.0,98.0,2.414,494
PROC,839.7,57.0,98.0,2.434,498
PROC,840.7,57.0,98.0,2.405,492
PROC,841.8,57.0,98.0,2.395,490
PROC,842.8,57.0,98.0,2.405,492
PROC,843.8,57.0,98.0,2.346,480
PROC,844.8,57.0,98.0,2.380,487
PROC,845.8,57.0,98.0,2.341,479
PROC,846.9,57.0,98.0,2.341,479
PROC,847.9,57.0,98.0,2.346,480
PROC,848.9,57.0,98.0,2.375,486
PROC,849.9,57.0,98.0,2.429,497
PROC,851.0,57.0,98.0,2.419,495
PROC,852.0,57.0,98.0,2.414,494
PROC,853.0,57.0,98.0,2.400,491
PROC,854.0,57.0,98.0,2.434,498
PROC,855.0,57.0,98.0,2.361,483
PROC,856.0,57.0,98.0,2.361,483
PROC,857.1,57.0,98.0,2.356,482
PROC,858.1,57.0,98.0,2.370,485
PROC,859.1,57.0,98.0,2.375,486
PROC,860.1,57.0,98.0,2.434,498
PROC,861.2,57.0,98.0,2.419,495
PROC,862.2,57.0,98.0,2.424,496
PROC,863.2,57.0,98.0,2.449,501
PROC,864.2,57.0,98.0,2.405,492
PROC,865.2,57.0,98.0,2.405,492
PROC,866.3,57.0,98.0,2.356,482
PROC,867.3,57.0,98.0,2.361,483
PROC,868.3,57.0,98.0,2.414,494
PROC,869.3,57.0,98.0,2.414,494
PROC,870.3,57.0,98.0,2.439,499
PROC,871.4,57.0,98.0,2.424,496
PROC,872.4,57.0,98.0,2.424,496
PROC,873.4,57.0,98.0,2.468,505
PROC,874.4,57.0,98.0,2.380,487
PROC,875.4,57.0,98.0,2.410,493
PROC,876.5,57.0,98.0,2.366,484
PROC,877.5,57.0,98.0,2.366,484
PROC,878.5,57.0,98.0,2.370,485
PROC,879.5,57.0,98.0,2.375,486
PROC,880.5,57.0,98.0,2.439,499
PROC,881.6,57.0,98.0,2.424,496
PROC,882.6,57.0,98.0,2.439,499
PROC,883.6,57.0,98.0,2.478,507
PROC,884.6,57.0,98.0,2.429,497
PROC,885.6,57.0,98.0,2.370,485
PROC,886.7,57.0,98.0,2.366,484
PROC,887.7,57.0,98.0,2.414,494
PROC,888.7,57.0,98.0,2.424,496
PROC,889.7,57.0,98.0,2.390,489
PROC,890.7,57.0,98.0,2.405,492
PROC,891.8,57.0,98.0,2.419,495
PROC,892.8,57.0,98.0,2.449,501
PROC,893.8,57.0,98.0,2.502,512
PROC,894.8,57.0,98.0,2.429,497
PROC,895.8,57.0,98.0,2.419,495
PROC,896.8,57.0,98.0,2.385,488
PROC,897.9,57.0,98.0,2.380,487
PROC,898.9,57.0,98.0,2.380,487
PROC,899.9,57.0,98.0,2.385,488
PROC,900.9,57.0,98.0,2.429,497
PROC,902.0,57.0,98.0,2.405,492
PROC,903.0,57.0,98.0,2.424,496
PROC,904.0,57.0,98.0,2.483,508
PROC,905.0,57.0,98.0,2.449,501
PROC,906.0,57.0,98.0,2.463,504
PROC,907.0,57.0,98.0,2.434,498
PROC,908.1,57.0,98.0,2.380,487
PROC,909.1,57.0,98.0,2.380,487
PROC,910.1,57.0,98.0,2.434,498
PROC,911.1,57.0,98.0,2.380,487
PROC,912.1,57.0,98.0,2.419,495
PROC,913.2,57.0,98.0,2.400,491
PROC,914.2,57.0,98.0,2.429,497
PROC,915.2,57.0,98.0,2.478,507
PROC,916.2,57.0,98.0,2.444,500
PROC,917.2,57.0,98.0,2.419,495
PROC,918.3,57.0,98.0,2.380,487
PROC,919.3,57.0,98.0,2.410,493
PROC,920.3,57.0,98.0,2.439,499
PROC,921.3,57.0,98.0,2.424,496
PROC,922.3,57.0,98.0,2.390,489
PROC,923.4,57.0,98.0,2.414,494
PROC,924.4,57.0,98.0,2.439,499
PROC,925.4,57.0,98.0,2.507,513
PROC,926.4,57.0,98.0,2.483,508
PROC,927.4,57.0,98.0,2.419,495
PROC,928.5,57.0,98.0,2.400,491
PROC,929.5,57.0,98.0,2.390,489
PROC,930.5,57.0,98.0,2.444,500
PROC,931.5,57.0,98.0,2.395,490
PROC,932.5,57.0,98.0,2.395,490
PROC,933.5,57.0,98.0,2.390,489
PROC,934.6,57.0,98.0,2.419,495
PROC,935.6,57.0,98.0,2.439,499
PROC,936.6,57.0,98.0,2.458,503
PROC,937.6,57.0,98.0,2.488,509
PROC,938.7,57.0,98.0,2.429,497
PROC,939.7,57.0,98.0,2.395,490
PROC,940.7,57.0,98.0,2.444,500
PROC,941.7,57.0,98.0,2.424,496
PROC,942.7,57.0,98.0,2.390,489
PROC,943.8,57.0,98.0,2.390,489
PROC,944.8,57.0,98.0,2.424,496
PROC,945.8,57.0,98.0,2.458,503
PROC,946.8,57.0,98.0,2.493,510
PROC,947.8,57.0,98.0,2.424,496
PROC,948.9,57.0,98.0,2.400,491
PROC,949.9,57.0,98.0,2.444,500
PROC,950.9,57.0,98.0,2.395,490
PROC,951.9,57.0,98.0,2.439,499
PROC,953.0,57.0,98.0,2.400,491
PROC,954.0,57.0,98.0,2.405,492
PROC,955.0,57.0,98.0,2.429,497
PROC,956.0,57.0,98.0,2.458,503
PROC,957.0,57.0,98.0,2.468,505
PROC,958.0,57.0,98.0,2.444,500
PROC,959.1,57.0,98.0,2.429,497
PROC,960.1,57.0,98.0,2.400,491
PROC,961.1,57.0,98.0,2.400,491
PROC,962.1,57.0,98.0,2.395,490
PROC,963.1,57.0,98.0,2.439,499
PROC,964.2,57.0,98.0,2.400,491
PROC,965.2,57.0,98.0,2.419,495
PROC,966.2,57.0,98.0,2.493,510
PROC,967.2,57.0,98.0,2.449,501
PROC,968.2,57.0,98.0,2.502,512
PROC,969.2,57.0,98.0,2.434,498
PROC,970.3,57.0,98.0,2.424,496
PROC,971.3,57.0,98.0,2.444,500
PROC,972.3,57.0,98.0,2.395,490
PROC,973.3,57.0,98.0,2.424,496
PROC,974.3,57.0,98.0,2.395,490
PROC,975.4,57.0,98.0,2.395,490
PROC,976.4,57.0,98.0,2.410,493
PROC,977.4,57.0,98.0,2.483,508
PROC,978.4,57.0,98.0,2.488,509
PROC,979.4,57.0,98.0,2.463,504
PROC,980.5,57.0,98.0,2.449,501
PROC,981.5,57.0,98.0,2.414,494
PROC,982.5,57.0,98.0,2.405,492
PROC,983.5,57.0,98.0,2.434,498
PROC,984.5,57.0,98.0,2.390,489
PROC,985.6,57.0,98.0,2.390,489
PROC,986.6,57.0,98.0,2.458,503
PROC,987.6,57.0,98.0,2.439,499
PROC,988.6,57.0,98.0,2.463,504
PROC,989.7,57.0,98.0,2.434,498
PROC,990.7,57.0,98.0,2.424,496
PROC,991.7,57.0,98.0,2.405,492
PROC,992.7,57.0,98.0,2.434,498
PROC,993.7,57.0,98.0,2.395,490
PROC,994.8,57.0,98.0,2.390,489
PROC,995.8,57.0,98.0,2.390,489
PROC,996.8,57.0,98.0,2.473,506
PROC,997.8,57.0,98.0,2.493,510
PROC,998.8,57.0,98.0,2.463,504
PROC,999.9,57.0,98.0,2.454,502
PROC,1000.9,57.0,98.0,2.439,499
PROC,1001.9,57.0,98.0,2.473,506
PROC,1002.9,57.0,98.0,2.400,491
PROC,1003.9,57.0,98.0,2.439,499
PROC,1005.0,57.0,98.0,2.395,490
PROC,1006.0,57.0,98.0,2.395,490
PROC,1007.0,57.0,98.0,2.439,499
PROC,1008.0,57.0,98.0,2.473,506
PROC,1009.0,57.0,98.0,2.493,510
PROC,1010.0,57.0,98.0,2.463,504
PROC,1011.1,57.0,98.0,2.449,501
PROC,1012.1,57.0,98.0,2.478,507
PROC,1013.1,57.0,98.0,2.410,493
PROC,1014.1,57.0,98.0,2.444,500
PROC,1015.1,57.0,98.0,2.400,491
PROC,1016.2,57.0,98.0,2.395,490
PROC,1017.2,57.0,98.0,2.400,491
PROC,1018.2,57.0,98.0,2.424,496
PROC,1019.2,57.0,98.0,2.429,497
PROC,1020.2,57.0,98.0,2.463,504
PROC,1021.3,57.0,98.0,2.473,506
PROC,1022.3,57.0,98.0,2.458,503
PROC,1023.3,57.0,98.0,2.488,509
PROC,1024.3,57.0,98.0,2.449,501
PROC,1025.4,57.0,98.0,2.400,491
PROC,1026.4,57.0,98.0,2.405,492
PROC,1027.4,57.0,98.0,2.439,499
PROC,1028.4,57.0,98.0,2.419,495
PROC,1029.4,57.0,98.0,2.454,502
PROC,1030.5,57.0,98.0,2.473,506
PROC,1031.5,57.0,98.0,2.498,511
PROC,1032.5,57.0,98.0,2.507,513
PROC,1033.5,57.0,98.0,2.463,504
PROC,1034.5,57.0,98.0,2.414,494
PROC,1035.6,57.0,98.0,2.414,494
PROC,1036.6,57.0,98.0,2.463,504
PROC,1037.6,57.0,98.0,2.468,505
PROC,1038.6,57.0,98.0,2.463,504
PROC,1039.6,57.0,98.0,2.458,503
PROC,1040.7,57.0,98.0,2.473,506
PROC,1041.7,57.0,98.0,2.478,507
PROC,1042.7,57.0,98.0,2.517,515
PROC,1043.7,57.0,98.0,2.449,501
PROC,1044.7,57.0,98.0,2.414,494
PROC,1045.8,57.0,98.0,2.410,493
PROC,1046.8,57.0,98.0,2.405,492
PROC,1047.8,57.0,98.0,2.463,504
PROC,1048.8,57.0,98.0,2.458,503
PROC,1049.8,57.0,98.0,2.444,500
PROC,1050.9,57.0,98.0,2.444,500
PROC,1051.9,57.0,98.0,2.468,505
PROC,1052.9,57.0,98.0,2.517,515
PROC,1053.9,57.0,98.0,2.468,505
PROC,1054.9,57.0,98.0,2.405,492
PROC,1056.0,57.0,98.0,2.400,491
PROC,1057.0,57.0,98.0,2.400,491
PROC,1058.0,57.0,98.0,2.410,493
PROC,1059.0,57.0,98.0,2.400,491
PROC,1060.0,57.0,98.0,2.424,496
PROC,1061.1,57.0,98.0,2.434,498
PROC,1062.1,57.0,98.0,2.458,503
PROC,1063.1,57.0,98.0,2.458,503
PROC,1064.1,57.0,98.0,2.434,498
PROC,1065.1,57.0,98.0,2.400,491
PROC,1066.2,57.0,98.0,2.385,488
PROC,1067.2,57.0,98.0,2.380,487
PROC,1068.2,57.0,98.0,2.434,498
PROC,1069.2,57.0,98.0,2.380,487
PROC,1070.2,57.0,98.0,2.424,496
PROC,1071.3,57.0,98.0,2.405,492
PROC,1072.3,57.0,98.0,2.434,498
PROC,1073.3,57.0,98.0,2.449,501
PROC,1074.3,57.0,98.0,2.424,496
PROC,1075.3,57.0,98.0,2.400,491
PROC,1076.4,57.0,98.0,2.375,486
PROC,1077.4,57.0,98.0,2.424,496
PROC,1078.4,57.0,98.0,2.375,486
PROC,1079.4,57.0,98.0,2.419,495
PROC,1080.5,57.0,98.0,2.390,489
PROC,1081.5,57.0,98.0,2.424,496
PROC,1082.5,57.0,98.0,2.488,509
PROC,1083.5,57.0,98.0,2.449,501
PROC,1084.5,57.0,98.0,2.478,507
PROC,1085.6,57.0,98.0,2.405,492
PROC,1086.6,57.0,98.0,2.385,488
PROC,1087.6,57.0,98.0,2.414,494
PROC,1088.6,57.0,98.0,2.390,489
PROC,1089.6,57.0,98.0,2.424,496
PROC,1090.7,57.0,98.0,2.390,489
PROC,1091.7,57.0,98.0,2.419,495
PROC,1092.7,57.0,98.0,2.439,499
PROC,1093.7,57.0,98.0,2.478,507
PROC,1094.7,57.0,98.0,2.498,511
PROC,1095.8,57.0,98.0,2.424,496
PROC,1096.8,57.0,98.0,2.395,490
PROC,1097.8,57.0,98.0,2.434,498
PROC,1098.8,57.0,98.0,2.390,489
PROC,1099.8,57.0,98.0,2.429,497
PROC,1100.9,57.0,98.0,2.390,489
PROC,1101.9,57.0,98.0,2.405,492
PROC,1102.9,57.0,98.0,2.454,502
PROC,1103.9,57.0,98.0,2.449,501
PROC,1104.9,57.0,98.0,2.454,502
PROC,1106.0,57.0,98.0,2.434,498
PROC,1107.0,57.0,98.0,2.405,492
PROC,1108.0,57.0,98.0,2.390,489
PROC,1109.0,57.0,98.0,2.390,489
PROC,1110.0,57.0,98.0,2.429,497
PROC,1111.1,57.0,98.0,2.385,488
PROC,1112.1,57.0,98.0,2.390,489
PROC,1113.1,57.0,98.0,2.405,492
PROC,1114.1,57.0,98.0,2.483,508
PROC,1115.1,57.0,98.0,2.498,511
PROC,1116.1,57.0,98.0,2.458,503
PROC,1117.2,57.0,98.0,2.429,497
PROC,1118.2,57.0,98.0,2.429,497
PROC,1119.2,57.0,98.0,2.390,489
PROC,1120.2,57.0,98.0,2.424,496
PROC,1121.2,57.0,98.0,2.405,492
PROC,1122.3,57.0,98.0,2.380,487
PROC,1123.3,57.0,98.0,2.385,488
PROC,1124.3,57.0,98.0,2.454,502
PROC,1125.3,57.0,98.0,2.463,504
PROC,1126.3,57.0,98.0,2.483,508
PROC,1127.4,57.0,98.0,2.444,500
PROC,1128.4,57.0,98.0,2.414,494
PROC,1129.4,57.0,98.0,2.444,500
PROC,1130.4,57.0,98.0,2.366,484
PROC,1131.4,57.0,98.0,2.400,491
PROC,1132.5,57.0,98.0,2.346,480
PROC,1133.5,57.0,98.0,2.341,479
PROC,1134.5,57.0,98.0,2.341,479
PROC,1135.5,57.0,98.0,2.361,483
PROC,1136.5,57.0,98.0,2.410,493
PROC,1137.6,57.0,98.0,2.400,491
PROC,1138.6,57.0,98.0,2.370,485
PROC,1139.6,57.0,98.0,2.414,494
PROC,1140.6,57.0,98.0,2.361,483
PROC,1141.6,57.0,98.0,2.322,475
PROC,1142.7,57.0,98.0,2.317,474
PROC,1143.7,57.0,98.0,2.375,486
PROC,1144.7,57.0,98.0,2.317,474
PROC,1145.7,57.0,98.0,2.390,489
PROC,1146.8,57.0,98.0,2.375,486
PROC,1147.8,57.0,98.0,2.375,486
PROC,1148.8,57.0,98.0,2.410,493
PROC,1149.8,57.0,98.0,2.356,482
PROC,1150.8,57.0,98.0,2.361,483
PROC,1151.9,57.0,98.0,2.312,473
PROC,1152.9,57.0,98.0,2.312,473
PROC,1153.9,57.0,98.0,2.361,483
PROC,1154.9,57.0,98.0,2.317,474
PROC,1155.9,57.0,98.0,2.370,485
PROC,1156.9,57.0,98.0,2.361,483
PROC,1158.0,57.0,98.0,2.370,485
PROC,1159.0,57.0,98.0,2.385,488
PROC,1160.0,57.0,98.0,2.370,485
PROC,1161.0,57.0,98.0,2.375,486
PROC,1162.1,57.0,98.0,2.317,474
PROC,1163.1,57.0,98.0,2.317,474
PROC,1164.1,57.0,98.0,2.370,485
PROC,1165.1,57.0,98.0,2.326,476
PROC,1166.1,57.0,98.0,2.351,481
PROC,1167.2,57.0,98.0,2.375,486
PROC,1168.2,57.0,98.0,2.395,490
PROC,1169.2,57.0,98.0,2.410,493
PROC,1170.2,57.0,98.0,2.410,493
PROC,1171.2,57.0,98.0,2.414,494
PROC,1172.3,57.0,98.0,2.346,480
PROC,1173.3,57.0,98.0,2.341,479
PROC,1174.3,57.0,98.0,2.346,480
PROC,1175.3,57.0,98.0,2.351,481
PROC,1176.3,57.0,98.0,2.346,480
PROC,1177.3,57.0,98.0,2.356,482
PROC,1178.4,57.0,98.0,2.370,485
PROC,1179.4,57.0,98.0,2.410,493
PROC,1180.4,57.0,98.0,2.424,496
PROC,1181.4,57.0,98.0,2.410,493
PROC,1182.4,57.0,98.0,2.380,487
PROC,1183.5,57.0,98.0,2.346,480
PROC,1184.5,57.0,98.0,2.400,491
PROC,1185.5,57.0,98.0,2.351,481
PROC,1186.5,57.0,98.0,2.395,490
PROC,1187.6,57.0,98.0,2.356,482
PROC,1188.6,57.0,98.0,2.385,488
PROC,1189.6,57.0,98.0,2.468,505
PROC,1190.6,57.0,98.0,2.444,500
PROC,1191.6,57.0,98.0,2.395,490
PROC,1192.7,57.0,98.0,2.351,481
PROC,1193.7,57.0,98.0,2.375,486
PROC,1194.7,57.0,98.0,2.400,491
PROC,1195.7,57.0,98.0,2.380,487
PROC,1196.7,57.0,98.0,2.361,483
PROC,1197.8,57.0,98.0,2.351,481
PROC,1198.8,57.0,98.0,2.385,488
PROC,1199.8,57.0,98.0,2.454,502

==========================================
=== 2-MINUTE DATA COLLECTION COMPLETE ===

Data Summary:
- Minute 1 (0-600 tenths sec): RAW IR/Red values
- Minute 2 (600-1200 tenths sec): Processed BPM/SpO2
- Full 2 minutes: GSR data (0.1s resolution)

Format markers:
  RAW,Time_0.1s,IR,Red,GSR_V,GSR_raw
  PROC,Time_0.1s,BPM,SpO2,GSR_V,GSR_raw

Copy all data above and save to CSV file
Press 's' to run again
