=~=~=~=~=~=~=~=~=~=~=~= PuTTY log 2026.03.28 11:20:18 =~=~=~=~=~=~=~=~=~=~=~=
Initializing MAX30100 for raw data..SUCCESS
Initializing PulseOximeter..SUCCESS

==========================================
Press 's' to start 2-minute data collection
Minute 1: RAW IR/Red data (0.1s intervals)
Minute 2: Processed BPM/SpO2 data (0.1s intervals)
==========================================

==========================================
=== 2-MINUTE DATA COLLECTION STARTED ===
PHASE 1 (0-600 tenths of seconds): RAW IR/Red data
Format: RAW,Time_0.1s,IR_raw,Red_raw,GSR_V,GSR_raw
------------------------------------------
RAW,0.0,11780,11643,3.069,628
RAW,0.0,11787,11639,3.309,677
RAW,0.0,11782,11642,3.250,665
RAW,0.0,11779,11654,3.079,630
RAW,0.0,11780,11650,3.099,634
RAW,0.0,11768,11650,3.152,645
RAW,0.0,11778,11649,3.284,672
RAW,0.0,11768,11651,3.079,630
RAW,0.0,11746,11641,3.079,630
RAW,0.0,11752,11646,3.084,631
RAW,0.0,11734,11644,3.113,637
RAW,0.0,11728,11640,3.084,631
RAW,0.0,11721,11636,3.309,677
RAW,0.0,11716,11631,3.118,638
RAW,0.0,11703,11630,3.104,635
RAW,0.0,11687,11627,3.074,629
RAW,0.4,11796,11650,3.089,632
RAW,0.4,11791,11646,3.260,667
RAW,0.4,11784,11647,3.074,629
RAW,0.4,11773,11649,3.094,633
RAW,0.4,11785,11648,3.348,685
RAW,0.4,11778,11643,3.289,673
RAW,0.6,11793,11649,3.079,630
RAW,0.6,11788,11650,3.079,630
RAW,0.8,11792,11646,3.089,632
RAW,0.9,11796,11646,3.074,629
RAW,1.1,11803,11652,3.074,629
RAW,1.3,11801,11657,3.069,628
RAW,1.5,11818,11663,3.069,628
RAW,1.7,11826,11665,3.069,628
RAW,1.9,11827,11670,3.069,628
RAW,2.1,11836,11671,3.065,627
RAW,2.3,11846,11677,3.069,628
RAW,2.6,11852,11681,3.079,630
RAW,2.8,11858,11675,3.079,630
RAW,3.1,11862,11682,3.065,627
RAW,3.3,11871,11688,3.065,627
RAW,3.6,11861,11676,3.079,630
RAW,3.8,11866,11686,3.079,630
RAW,4.1,11873,11692,3.065,627
RAW,4.4,11886,11689,3.084,631
RAW,4.6,11880,11680,3.079,630
RAW,4.9,11839,11652,3.069,628
RAW,5.1,11739,11597,3.065,627
RAW,5.4,11577,11528,3.084,631
RAW,5.7,11526,11495,3.065,627
RAW,5.9,11529,11500,3.069,628
RAW,6.2,11587,11525,3.084,631
RAW,6.4,11619,11538,3.089,632
RAW,6.7,11688,11565,3.069,628
RAW,6.9,11710,11573,3.074,629
RAW,7.2,11737,11577,3.089,632
RAW,7.4,11755,11584,3.089,632
RAW,7.7,11756,11572,3.069,628
RAW,7.9,11751,11567,3.069,628
RAW,8.2,11749,11564,3.084,631
RAW,8.4,11745,11559,3.089,632
RAW,8.7,11766,11556,3.099,634
RAW,8.9,11754,11551,3.069,628
RAW,9.2,11756,11541,3.079,630
RAW,9.5,11767,11553,3.055,625
RAW,9.7,11776,11547,3.055,625
RAW,10.0,11782,11550,3.074,629
RAW,10.2,11781,11560,3.069,628
RAW,10.4,11785,11549,3.074,629
RAW,10.7,11792,11551,3.055,625
RAW,10.9,11796,11554,3.055,625
RAW,11.1,11793,11549,3.050,624
RAW,11.3,11806,11548,3.050,624
RAW,11.6,11798,11552,3.065,627
RAW,11.8,11802,11546,3.065,627
RAW,12.0,11796,11540,3.065,627
RAW,12.2,11792,11541,3.069,628
RAW,12.4,11811,11538,3.065,627
RAW,12.6,11799,11535,3.065,627
RAW,12.9,11792,11523,3.045,623
RAW,13.1,11726,11484,3.045,623
RAW,13.3,11618,11443,3.040,622
RAW,13.6,11537,11397,3.065,627
RAW,13.8,11531,11402,3.060,626
RAW,14.0,11552,11409,3.060,626
RAW,14.2,11578,11423,3.060,626
RAW,14.5,11627,11441,3.040,622
RAW,14.8,11678,11460,3.055,625
RAW,15.0,11688,11460,3.060,626
RAW,15.2,11701,11468,3.060,626
RAW,15.4,11711,11474,3.065,627
RAW,15.7,11714,11478,3.040,622
RAW,15.9,11718,11481,3.045,623
RAW,16.2,11716,11466,3.060,626
RAW,16.4,11717,11470,3.060,626
RAW,16.6,11718,11475,3.060,626
RAW,16.9,11723,11465,3.040,622
RAW,17.1,11725,11466,3.035,621
RAW,17.3,11721,11471,3.040,622
RAW,17.6,11731,11464,3.060,626
RAW,17.8,11744,11467,3.060,626
RAW,18.1,11735,11459,3.040,622
RAW,18.3,11746,11466,3.040,622
RAW,18.5,11748,11471,3.040,622
RAW,18.8,11753,11476,3.060,626
RAW,19.0,11756,11471,3.055,625
RAW,19.3,11763,11467,3.040,622
RAW,19.5,11762,11455,3.040,622
RAW,19.7,11748,11459,3.040,622
RAW,20.0,11754,11462,3.055,625
RAW,20.2,11759,11455,3.065,627
RAW,20.4,11761,11457,3.055,625
RAW,20.6,11756,11445,3.060,626
RAW,20.9,11700,11410,3.035,621
RAW,21.1,11596,11376,3.040,622
RAW,21.3,11498,11325,3.040,622
RAW,21.6,11446,11296,3.060,626
RAW,21.8,11428,11291,3.055,625
RAW,22.1,11461,11315,3.040,622
RAW,22.4,11499,11335,3.055,625
RAW,22.6,11524,11349,3.060,626
RAW,22.8,11548,11360,3.055,625
RAW,22.9,11570,11369,3.040,622
RAW,23.1,11587,11383,3.035,621
RAW,23.3,11613,11386,3.035,621
RAW,23.4,11630,11390,3.055,625
RAW,23.6,11642,11405,3.055,625
RAW,23.8,11638,11389,3.050,624
RAW,23.9,11639,11397,3.040,622
RAW,24.1,11630,11396,3.040,622
RAW,24.3,11626,11391,3.040,622
RAW,24.4,11626,11390,3.055,625
RAW,24.6,11614,11377,3.055,625
RAW,24.7,11612,11378,3.035,621
RAW,24.9,11634,11382,3.035,621
RAW,25.0,11634,11377,3.060,626
RAW,25.2,11640,11373,3.055,625
RAW,25.4,11648,11372,3.050,624
RAW,25.6,11663,11381,3.055,625
RAW,25.7,11656,11391,3.035,621
RAW,25.9,11665,11389,3.035,621
RAW,26.0,11669,11384,3.055,625
RAW,26.2,11678,11385,3.055,625
RAW,26.3,11678,11392,3.035,621
RAW,26.5,11688,11386,3.035,621
RAW,26.6,11684,11387,3.055,625
RAW,26.8,11687,11384,3.055,625
RAW,27.0,11698,11389,3.050,624
RAW,27.1,11691,11380,3.035,621
RAW,27.3,11699,11378,3.035,621
RAW,27.4,11698,11378,3.055,625
RAW,27.6,11695,11375,3.055,625
RAW,27.7,11693,11388,3.035,621
RAW,27.9,11700,11376,3.035,621
RAW,28.0,11705,11376,3.060,626
RAW,28.2,11711,11375,3.055,625
RAW,28.4,11710,11379,3.055,625
RAW,28.5,11714,11376,3.030,620
RAW,28.7,11704,11372,3.040,622
RAW,28.9,11679,11358,3.030,620
RAW,29.0,11651,11340,3.055,625
RAW,29.2,11535,11277,3.055,625
RAW,29.4,11429,11232,3.055,625
RAW,29.5,11409,11217,3.030,620
RAW,29.7,11377,11206,3.035,621
RAW,29.8,11374,11215,3.055,625
RAW,30.0,11386,11213,3.055,625
RAW,30.2,11406,11232,3.055,625
RAW,30.3,11427,11240,3.040,622
RAW,30.5,11469,11251,3.030,620
RAW,30.7,11500,11260,3.035,621
RAW,30.8,11520,11265,3.055,625
RAW,31.0,11533,11277,3.055,625
RAW,31.2,11561,11288,3.050,624
RAW,31.3,11568,11289,3.035,621
RAW,31.5,11578,11297,3.030,620
RAW,31.6,11589,11301,3.055,625
RAW,31.8,11598,11300,3.055,625
RAW,31.9,11597,11295,3.035,621
RAW,32.1,11599,11306,3.035,621
RAW,32.2,11597,11292,3.055,625
RAW,32.4,11591,11290,3.050,624
RAW,32.6,11586,11291,3.055,625
RAW,32.7,11587,11292,3.030,620
RAW,32.9,11590,11293,3.030,620
RAW,33.1,11592,11292,3.025,619
RAW,33.2,11602,11296,3.060,626
RAW,33.4,11607,11302,3.050,624
RAW,33.5,11608,11296,3.035,621
RAW,33.7,11620,11299,3.030,620
RAW,33.9,11624,11308,3.030,620
RAW,34.0,11628,11302,3.055,625
RAW,34.2,11636,11305,3.055,625
RAW,34.4,11644,11304,3.055,625
RAW,34.5,11635,11302,3.035,621
RAW,34.7,11646,11307,3.030,620
RAW,34.8,11644,11313,3.055,625
RAW,35.0,11651,11300,3.055,625
RAW,35.2,11649,11314,3.055,625
RAW,35.3,11653,11308,3.030,620
RAW,35.5,11655,11314,3.035,621
RAW,35.7,11661,11314,3.025,619
RAW,35.8,11664,11310,3.060,626
RAW,36.0,11667,11314,3.055,625
RAW,36.2,11659,11306,3.055,625
RAW,36.3,11670,11317,3.030,620
RAW,36.5,11676,11318,3.030,620
RAW,36.7,11675,11310,3.030,620
RAW,36.8,11664,11317,3.055,625
RAW,37.0,11686,11309,3.050,624
RAW,37.1,11680,11313,3.035,621
RAW,37.3,11651,11289,3.030,620
RAW,37.3,11619,11268,3.060,626
RAW,37.6,11502,11213,3.055,625
RAW,37.8,11399,11167,3.055,625
RAW,37.9,11381,11155,3.030,620
RAW,38.1,11333,11139,3.030,620
RAW,38.3,11331,11136,3.025,619
RAW,38.4,11335,11144,3.055,625
RAW,38.6,11373,11158,3.055,625
RAW,38.7,11386,11166,3.035,621
RAW,38.9,11417,11178,3.030,620
RAW,39.0,11458,11203,3.030,620
RAW,39.3,11481,11206,3.030,620
RAW,39.4,11500,11211,3.055,625
RAW,39.6,11524,11223,3.055,625
RAW,39.7,11536,11226,3.030,620
RAW,39.9,11549,11235,3.030,620
RAW,40.1,11562,11232,3.035,621
RAW,40.2,11571,11236,3.055,625
RAW,40.4,11562,11230,3.055,625
RAW,40.6,11568,11235,3.050,624
RAW,40.7,11567,11237,3.030,620
RAW,40.9,11564,11229,3.030,620
RAW,41.1,11565,11241,3.030,620
RAW,41.3,11563,11233,3.025,619
RAW,41.4,11562,11235,3.055,625
RAW,41.6,11572,11245,3.055,625
RAW,41.7,11575,11236,3.030,620
RAW,41.9,11591,11245,3.030,620
RAW,42.0,11592,11243,3.030,620
RAW,42.2,11589,11248,3.055,625
RAW,42.4,11600,11250,3.055,625
RAW,42.6,11597,11253,3.050,624
RAW,42.7,11603,11248,3.030,620
RAW,42.8,11607,11244,3.030,620
RAW,43.1,11607,11248,3.035,621
RAW,43.2,11621,11252,3.055,625
RAW,43.4,11613,11251,3.060,626
RAW,43.6,11627,11257,3.055,625
RAW,43.7,11622,11255,3.030,620
RAW,43.9,11632,11254,3.025,619
RAW,44.0,11624,11249,3.055,625
RAW,44.2,11631,11255,3.050,624
RAW,44.4,11636,11256,3.055,625
RAW,44.5,11637,11255,3.025,619
RAW,44.7,11650,11254,3.030,620
RAW,44.8,11644,11255,3.060,626
RAW,45.0,11640,11259,3.060,626
RAW,45.2,11645,11256,3.050,624
RAW,45.4,11642,11256,3.055,625
RAW,45.5,11645,11253,3.025,619
RAW,45.7,11648,11257,3.030,620
RAW,45.8,11624,11245,3.025,619
RAW,46.0,11597,11222,3.060,626
RAW,46.2,11469,11157,3.050,624
RAW,46.4,11373,11116,3.055,625
RAW,46.5,11346,11102,3.025,619
RAW,46.7,11297,11091,3.030,620
RAW,46.8,11289,11082,3.055,625
RAW,47.0,11297,11088,3.055,625
RAW,47.2,11314,11097,3.055,625
RAW,47.3,11340,11105,3.025,619
RAW,47.5,11365,11123,3.030,620
RAW,47.7,11399,11137,3.030,620
RAW,47.9,11431,11149,3.025,619
RAW,48.2,11469,11171,3.055,625
RAW,48.3,11487,11178,3.025,619
RAW,48.5,11513,11187,3.030,620
RAW,48.7,11517,11195,3.025,619
RAW,48.7,11519,11187,3.060,626
RAW,49.0,11520,11194,3.050,624
RAW,49.2,11521,11183,3.055,625
RAW,49.2,11516,11185,3.025,619
RAW,49.5,11508,11180,3.025,619
RAW,49.5,11507,11185,3.055,625
RAW,49.8,11513,11179,3.060,626
RAW,50.0,11512,11189,3.050,624
RAW,50.0,11510,11182,3.030,620
RAW,50.3,11528,11187,3.025,619
RAW,50.5,11543,11187,3.030,620
RAW,50.5,11548,11191,3.060,626
RAW,50.8,11555,11196,3.060,626
RAW,51.0,11570,11191,3.055,625
RAW,51.1,11564,11192,3.030,620
RAW,51.2,11569,11195,3.025,619
RAW,51.5,11581,11199,3.030,620
RAW,51.6,11580,11197,3.055,625
RAW,51.7,11584,11199,3.055,625
RAW,52.0,11589,11203,3.055,625
RAW,52.1,11591,11194,3.025,619
RAW,52.2,11595,11201,3.025,619
RAW,52.5,11588,11202,3.025,619
RAW,52.5,11603,11202,3.055,625
RAW,52.8,11601,11200,3.055,625
RAW,53.0,11609,11197,3.050,624
RAW,53.0,11597,11192,3.030,620
RAW,53.3,11604,11201,3.025,619
RAW,53.5,11601,11198,3.030,620
RAW,53.5,11601,11194,3.055,625
RAW,53.8,11614,11195,3.060,626
RAW,53.8,11612,11206,3.025,619
RAW,54.1,11589,11186,3.030,620
RAW,54.2,11516,11145,3.025,619
RAW,54.5,11381,11078,3.025,619
RAW,54.6,11334,11067,3.055,625
RAW,54.7,11275,11038,3.055,625
RAW,54.8,11264,11034,3.021,618
RAW,55.1,11261,11040,3.025,619
RAW,55.2,11267,11046,3.025,619
RAW,55.4,11275,11048,3.060,626
RAW,55.5,11300,11065,3.060,626
RAW,55.8,11336,11074,3.055,625
RAW,56.0,11363,11084,3.055,625
RAW,56.2,11394,11097,3.055,625
RAW,56.3,11419,11101,3.021,618
RAW,56.5,11435,11118,3.021,618
RAW,56.5,11450,11122,3.055,625
RAW,56.8,11469,11123,3.055,625
RAW,56.8,11477,11124,3.021,618
RAW,57.1,11487,11132,3.025,619
RAW,57.2,11481,11137,3.055,625
RAW,57.3,11482,11127,3.055,625
RAW,57.5,11474,11127,3.025,619
RAW,57.7,11484,11125,3.025,619
RAW,57.7,11482,11125,3.055,625
RAW,58.0,11477,11131,3.055,625
RAW,58.2,11487,11128,3.050,624
RAW,58.2,11484,11134,3.025,619
RAW,58.4,11489,11135,3.055,625
RAW,58.5,11507,11140,3.055,625
RAW,58.8,11520,11138,3.055,625
RAW,58.8,11523,11149,3.025,619
RAW,59.0,11531,11156,3.021,618
RAW,59.2,11527,11149,3.055,625
RAW,59.3,11533,11147,3.055,625
RAW,59.6,11544,11154,3.055,625
RAW,59.7,11544,11152,3.021,618
RAW,59.8,11555,11154,3.025,619
RAW,60.0,11555,11158,3.055,625
RAW,60.2,11560,11153,3.055,625
RAW,60.2,11559,11149,3.025,619
RAW,60.5,11565,11157,3.025,619
RAW,60.7,11567,11160,3.021,618
RAW,60.7,11578,11160,3.055,625
RAW,61.0,11572,11166,3.050,624
RAW,61.2,11575,11172,3.050,624
RAW,61.2,11570,11160,3.021,618
RAW,61.5,11579,11163,3.021,618
RAW,61.5,11581,11161,3.050,624
RAW,61.8,11584,11165,3.050,624
RAW,62.0,11587,11161,3.050,624
RAW,62.0,11583,11167,3.021,618
RAW,62.2,11570,11149,3.016,617
RAW,62.5,11510,11113,3.021,618
RAW,62.6,11452,11075,3.050,624
RAW,62.7,11329,11022,3.055,625
RAW,62.8,11293,11005,3.016,617
RAW,63.1,11242,10987,3.021,618
RAW,63.2,11236,10981,3.050,624
RAW,63.3,11240,10995,3.055,625
RAW,63.5,11254,10997,3.021,618
RAW,63.7,11276,11006,3.021,618
RAW,63.7,11295,11016,3.050,624
RAW,64.0,11337,11038,3.055,625
RAW,64.2,11379,11054,3.050,624
RAW,64.4,11401,11070,3.050,624
RAW,64.5,11423,11080,3.021,618
RAW,64.7,11438,11086,3.016,617
RAW,64.8,11454,11092,3.055,625
RAW,65.0,11470,11099,3.050,624
RAW,65.2,11481,11095,3.050,624
RAW,65.3,11478,11099,3.021,618
RAW,65.5,11478,11090,3.021,618
RAW,65.6,11476,11094,3.055,625
RAW,65.8,11454,11082,3.045,623
RAW,65.9,11476,11089,3.021,618
RAW,66.1,11466,11086,3.016,617
RAW,66.2,11462,11094,3.055,625
RAW,66.4,11473,11078,3.050,624
RAW,66.5,11476,11091,3.021,618
RAW,66.7,11480,11083,3.016,617
RAW,66.8,11491,11083,3.055,625
RAW,67.0,11500,11096,3.050,624
RAW,67.1,11495,11100,3.021,618
RAW,67.3,11509,11085,3.016,617
RAW,67.4,11512,11099,3.055,625
RAW,67.6,11509,11101,3.050,624
RAW,67.7,11520,11089,3.021,618
RAW,67.9,11525,11101,3.016,617
RAW,68.0,11518,11092,3.055,625
RAW,68.2,11526,11097,3.050,624
RAW,68.4,11529,11095,3.050,624
RAW,68.5,11528,11100,3.016,617
RAW,68.7,11524,11090,3.016,617
RAW,68.8,11531,11094,3.050,624
RAW,69.0,11536,11095,3.050,624
RAW,69.1,11540,11097,3.011,616
RAW,69.3,11535,11096,3.016,617
RAW,69.4,11533,11099,3.045,623
RAW,69.6,11547,11095,3.055,625
RAW,69.7,11537,11096,3.011,616
RAW,69.9,11541,11098,3.011,616
RAW,70.0,11522,11080,3.050,624
RAW,70.2,11445,11033,3.050,624
RAW,70.4,11328,10983,3.050,624
RAW,70.5,11289,10963,3.011,616
RAW,70.7,11249,10950,3.011,616
RAW,70.8,11238,10947,3.050,624
RAW,71.0,11233,10936,3.045,623
RAW,71.2,11270,10957,3.050,624
RAW,71.3,11286,10961,3.011,616
RAW,71.5,11332,10983,3.016,617
RAW,71.8,11380,11009,3.045,623
RAW,71.9,11384,11009,3.011,616
RAW,72.1,11422,11021,3.011,616
RAW,72.2,11419,11024,3.050,624
RAW,72.4,11434,11034,3.045,623
RAW,72.5,11454,11030,3.011,616
RAW,72.7,11465,11033,3.006,615
RAW,72.7,11456,11037,3.045,623
RAW,73.0,11451,11027,3.045,623
RAW,73.2,11455,11035,3.045,623
RAW,73.3,11450,11030,3.011,616
RAW,73.4,11453,11028,3.045,623
RAW,73.6,11452,11035,3.045,623
RAW,73.7,11444,11035,3.011,616
RAW,73.9,11458,11029,3.006,615
RAW,74.0,11460,11032,3.045,623
RAW,74.2,11462,11038,3.045,623
RAW,74.4,11467,11036,3.045,623
RAW,74.4,11462,11038,3.006,615
RAW,74.7,11469,11040,3.011,616
RAW,74.8,11477,11036,3.045,623
RAW,75.0,11477,11046,3.045,623
RAW,75.1,11487,11039,3.011,616
RAW,75.3,11489,11041,3.006,615
RAW,75.5,11491,11037,3.006,615
RAW,75.6,11492,11042,3.045,623
RAW,75.8,11488,11040,3.040,622
RAW,75.9,11496,11042,3.011,616
RAW,76.1,11497,11034,3.001,614
RAW,76.1,11504,11036,3.045,623
RAW,76.4,11503,11037,3.045,623
RAW,76.5,11509,11046,3.011,616
RAW,76.7,11506,11044,3.006,615
RAW,76.9,11497,11032,3.006,615
RAW,77.0,11477,11026,3.040,622
RAW,77.2,11400,10975,3.045,623
RAW,77.3,11340,10954,3.006,615
RAW,77.4,11240,10918,3.011,616
RAW,77.6,11221,10909,3.045,623
RAW,77.8,11221,10894,3.045,623
RAW,77.8,11215,10893,3.001,614
RAW,78.1,11231,10908,3.006,615
RAW,78.3,11255,10920,3.006,615
RAW,78.5,11294,10948,3.006,615
RAW,78.7,11324,10958,3.001,614
RAW,78.9,11364,10974,3.006,615
RAW,79.0,11379,10986,3.040,622
RAW,79.1,11397,10990,3.045,623
RAW,79.3,11405,10990,3.001,614
RAW,79.5,11422,10998,3.001,614
RAW,79.7,11417,11002,3.001,614
RAW,79.8,11427,10998,3.045,623
RAW,79.9,11424,10999,3.001,614
RAW,80.1,11417,10993,3.006,615
RAW,80.3,11407,10996,3.006,615
RAW,80.3,11410,10989,3.040,622
RAW,80.6,11407,10984,3.045,623
RAW,80.7,11404,10986,3.006,615
RAW,80.8,11414,10985,3.001,614
RAW,81.1,11420,10992,3.006,615
RAW,81.2,11422,10989,3.045,623
RAW,81.4,11433,10997,3.045,623
RAW,81.5,11452,10997,3.006,615
RAW,81.6,11451,10997,3.006,615
RAW,81.9,11459,11000,3.001,614
RAW,82.0,11449,10997,3.045,623
RAW,82.1,11455,11001,3.040,622
RAW,82.3,11455,11006,3.006,615
RAW,82.5,11469,11002,3.001,614
RAW,82.7,11458,11008,3.006,615
RAW,82.8,11464,10996,3.040,622
RAW,82.9,11465,10996,3.045,623
RAW,83.1,11477,11006,3.001,614
RAW,83.3,11478,10993,3.006,615
RAW,83.4,11473,10995,3.001,614
RAW,83.6,11453,10981,3.040,622
RAW,83.8,11378,10948,3.040,622
RAW,83.8,11321,10922,3.011,616
RAW,84.1,11216,10866,3.001,614
RAW,84.1,11191,10859,3.040,622
RAW,84.4,11160,10841,3.040,622
RAW,84.5,11150,10835,3.006,615
RAW,84.6,11162,10843,3.001,614
RAW,84.9,11189,10856,3.006,615
RAW,84.9,11201,10867,3.040,622
RAW,85.3,11263,10898,3.011,616
RAW,85.4,11283,10907,3.040,622
RAW,85.5,11316,10920,3.045,623
RAW,85.8,11338,10929,3.040,622
RAW,85.8,11361,10939,3.006,615
RAW,86.1,11371,10945,3.001,614
RAW,86.2,11375,10943,3.040,622
RAW,86.3,11384,10951,3.045,623
RAW,86.6,11379,10945,3.045,623
RAW,86.7,11380,10948,3.006,615
RAW,86.8,11374,10935,3.006,615
RAW,87.1,11358,10940,3.006,615
RAW,87.1,11358,10935,3.045,623
RAW,87.4,11364,10938,3.040,622
RAW,87.5,11357,10937,3.006,615
RAW,87.6,11361,10943,3.001,614
RAW,87.9,11369,10944,3.001,614
RAW,88.0,11380,10953,3.040,622
RAW,88.2,11393,10956,3.045,623
RAW,88.3,11402,10962,3.001,614
RAW,88.4,11402,10952,3.006,615
RAW,88.5,11401,10958,3.040,622
RAW,88.8,11406,10961,3.045,623
RAW,88.9,11417,10961,3.040,622
RAW,89.2,11431,10969,3.045,623
RAW,89.2,11437,10962,3.006,615
RAW,89.5,11435,10966,3.006,615
RAW,89.6,11443,10974,3.045,623
RAW,89.7,11440,10962,3.045,623
RAW,90.0,11445,10970,3.040,622
RAW,90.0,11443,10971,3.006,615
RAW,90.2,11442,10966,3.006,615
RAW,90.5,11447,10958,3.011,616
RAW,90.5,11454,10963,3.045,623
RAW,90.8,11438,10958,3.045,623
RAW,90.8,11414,10936,3.006,615
RAW,91.0,11301,10877,3.011,616
RAW,91.3,11173,10820,3.006,615
RAW,91.3,11148,10813,3.045,623
RAW,91.5,11104,10794,3.045,623
RAW,91.7,11094,10791,3.011,616
RAW,91.8,11106,10801,3.006,615
RAW,92.1,11119,10804,3.011,616
RAW,92.1,11126,10807,3.045,623
RAW,92.3,11162,10827,3.045,623
RAW,92.6,11191,10836,3.045,623
RAW,92.7,11225,10856,3.045,623
RAW,93.0,11257,10864,3.045,623
RAW,93.1,11275,10876,3.045,623
RAW,93.2,11278,10883,3.006,615
RAW,93.4,11314,10894,3.011,616
RAW,93.6,11322,10890,3.011,616
RAW,93.8,11331,10885,3.050,624
RAW,93.9,11323,10896,3.045,623
RAW,94.2,11315,10885,3.050,624
RAW,94.3,11324,10888,3.011,616
RAW,94.4,11314,10882,3.011,616
RAW,94.6,11310,10888,3.045,623
RAW,94.6,11317,10886,3.011,616
RAW,94.8,11323,10890,3.011,616
RAW,95.1,11335,10892,3.011,616
RAW,95.1,11332,10892,3.045,623
RAW,95.3,11348,10895,3.050,624
RAW,95.6,11358,10901,3.050,624
RAW,95.6,11365,10903,3.016,617
RAW,95.9,11379,10906,3.011,616
RAW,96.0,11371,10913,3.050,624
RAW,96.1,11382,10903,3.045,623
RAW,96.2,11380,10914,3.016,617
RAW,96.4,11388,10914,3.011,616
RAW,96.6,11393,10906,3.016,617
RAW,96.8,11401,10914,3.050,624
RAW,96.9,11405,10912,3.050,624
RAW,97.0,11397,10913,3.011,616
RAW,97.2,11403,10908,3.011,616
RAW,97.4,11401,10911,3.011,616
RAW,97.6,11405,10913,3.055,625
RAW,97.7,11404,10911,3.050,624
RAW,97.8,11409,10926,3.016,617
RAW,98.1,11413,10917,3.011,616
RAW,98.1,11412,10915,3.055,625
RAW,98.3,11415,10918,3.045,623
RAW,98.5,11418,10917,3.016,617
RAW,98.6,11390,10893,3.016,617
RAW,98.7,11354,10882,3.055,625
RAW,98.9,11221,10816,3.045,623
RAW,99.1,11122,10774,3.055,625
RAW,99.3,11093,10752,3.011,616
RAW,99.4,11068,10743,3.011,616
RAW,99.5,11070,10747,3.050,624
RAW,99.8,11081,10756,3.050,624
RAW,99.9,11101,10767,3.050,624
RAW,100.2,11135,10779,3.050,624
RAW,100.2,11153,10792,3.016,617
RAW,100.4,11185,10808,3.016,617
RAW,100.7,11219,10821,3.011,616
RAW,100.7,11222,10830,3.055,625
RAW,100.8,11242,10829,3.011,616
RAW,101.1,11255,10844,3.016,617
RAW,101.1,11273,10854,3.055,625
RAW,101.3,11285,10846,3.055,625
RAW,101.4,11291,10855,3.016,617
RAW,101.6,11298,10856,3.016,617
RAW,101.7,11293,10851,3.050,624
RAW,101.8,11293,10859,3.021,618
RAW,102.0,11282,10846,3.011,616
RAW,102.1,11289,10850,3.055,625
RAW,102.3,11278,10850,3.050,624
RAW,102.4,11285,10842,3.021,618
RAW,102.6,11291,10850,3.016,617
RAW,102.7,11294,10859,3.055,625
RAW,102.8,11297,10855,3.016,617
RAW,103.0,11305,10866,3.016,617
RAW,103.1,11317,10863,3.050,624
RAW,103.3,11331,10873,3.055,625
RAW,103.4,11337,10873,3.016,617
RAW,103.6,11345,10875,3.016,617
RAW,103.7,11349,10881,3.050,624
RAW,103.8,11345,10881,3.021,618
RAW,104.0,11357,10880,3.011,616
RAW,104.1,11357,10886,3.050,624
RAW,104.3,11368,10883,3.050,624
RAW,104.4,11368,10892,3.016,617
RAW,104.6,11380,10895,3.011,616
RAW,104.7,11380,10887,3.055,625
RAW,104.8,11374,10880,3.021,618
RAW,105.0,11382,10888,3.016,617
RAW,105.1,11385,10884,3.045,623
RAW,105.3,11382,10887,3.050,624
RAW,105.4,11381,10893,3.011,616
RAW,105.7,11395,10894,3.016,617
RAW,105.7,11393,10889,3.050,624
RAW,105.8,11392,10891,3.021,618
RAW,106.0,11394,10891,3.016,617
RAW,106.1,11403,10888,3.055,625
RAW,106.3,11400,10893,3.045,623
RAW,106.4,11402,10896,3.016,617
RAW,106.6,11408,10888,3.011,616
RAW,106.7,11402,10898,3.050,624
RAW,107.0,11380,10879,3.050,624
RAW,107.0,11353,10856,3.021,618
RAW,107.1,11287,10823,3.050,624
RAW,107.4,11153,10764,3.050,624
RAW,107.4,11112,10752,3.016,617
RAW,107.6,11067,10729,3.011,616
RAW,107.7,11059,10715,3.045,623
RAW,107.9,11054,10720,3.050,624
RAW,108.0,11069,10730,3.011,616
RAW,108.1,11075,10734,3.050,624
RAW,108.3,11111,10756,3.045,623
RAW,108.4,11129,10767,3.021,618
RAW,108.6,11180,10781,3.011,616
RAW,108.7,11188,10794,3.045,623
RAW,108.9,11217,10804,3.045,623
RAW,109.0,11228,10810,3.016,617
RAW,109.2,11252,10815,3.016,617
RAW,109.3,11260,10825,3.050,624
RAW,109.5,11280,10834,3.045,623
RAW,109.6,11289,10834,3.016,617
RAW,109.8,11287,10838,3.011,616
RAW,109.9,11285,10834,3.045,623
RAW,110.1,11280,10824,3.045,623
RAW,110.2,11278,10823,3.016,617
RAW,110.3,11283,10827,3.045,623
RAW,110.5,11278,10824,3.050,624
RAW,110.6,11275,10825,3.011,616
RAW,110.8,11274,10834,3.016,617
RAW,110.9,11286,10826,3.045,623
RAW,111.1,11293,10835,3.050,624
RAW,111.2,11300,10832,3.011,616
RAW,111.3,11307,10829,3.045,623
RAW,111.5,11317,10843,3.040,622
RAW,111.6,11319,10839,3.016,617
RAW,111.8,11328,10839,3.011,616
RAW,111.9,11339,10846,3.045,623
RAW,112.1,11340,10847,3.045,623
RAW,112.2,11341,10849,3.016,617
RAW,112.4,11354,10858,3.011,616
RAW,112.5,11356,10855,3.045,623
RAW,112.6,11355,10855,3.011,616
RAW,112.8,11360,10854,3.016,617
RAW,112.9,11359,10858,3.040,622
RAW,113.1,11362,10856,3.040,622
RAW,113.2,11377,10865,3.011,616
RAW,113.4,11377,10861,3.011,616
RAW,113.5,11369,10860,3.040,622
RAW,113.6,11363,10860,3.016,617
RAW,113.8,11377,10862,3.011,616
RAW,113.9,11372,10861,3.045,623
RAW,114.1,11388,10873,3.040,622
RAW,114.2,11389,10864,3.016,617
RAW,114.4,11395,10870,3.011,616
RAW,114.5,11391,10862,3.045,623
RAW,114.6,11389,10862,3.016,617
RAW,114.8,11396,10872,3.011,616
RAW,114.9,11400,10865,3.040,622
RAW,115.1,11394,10861,3.040,622
RAW,115.2,11372,10857,3.011,616
RAW,115.4,11269,10799,3.011,616
RAW,115.5,11198,10766,3.040,622
RAW,115.6,11146,10737,3.016,617
RAW,115.8,11091,10718,3.006,615
RAW,115.9,11063,10708,3.045,623
RAW,116.1,11061,10706,3.040,622
RAW,116.2,11062,10706,3.016,617
RAW,116.4,11092,10725,3.011,616
RAW,116.5,11101,10731,3.040,622
RAW,116.7,11142,10744,3.040,622
RAW,116.8,11168,10758,3.016,617
RAW,117.0,11201,10782,3.011,616
RAW,117.1,11219,10780,3.045,623
RAW,117.4,11256,10805,3.011,616
RAW,117.5,11262,10804,3.040,622
RAW,117.7,11286,10809,3.040,622
RAW,117.8,11291,10819,3.011,616
RAW,118.0,11297,10817,3.006,615
RAW,118.1,11303,10818,3.040,622
RAW,118.2,11309,10820,3.011,616
RAW,118.4,11302,10815,3.011,616
RAW,118.5,11302,10818,3.035,621
RAW,118.7,11297,10817,3.040,622
RAW,118.8,11294,10816,3.006,615
RAW,119.0,11297,10811,3.011,616
RAW,119.1,11307,10810,3.040,622
RAW,119.2,11303,10816,3.011,616
RAW,119.4,11317,10820,3.011,616
RAW,119.5,11326,10819,3.035,621
RAW,119.7,11328,10831,3.040,622
RAW,119.8,11330,10827,3.011,616
RAW,120.0,11336,10826,3.011,616
RAW,120.1,11336,10827,3.035,621
RAW,120.2,11350,10833,3.011,616
RAW,120.4,11350,10835,3.011,616
RAW,120.5,11347,10838,3.035,621
RAW,120.7,11354,10834,3.040,622
RAW,120.8,11360,10837,3.006,615
RAW,121.0,11366,10837,3.016,617
RAW,121.1,11371,10842,3.035,621
RAW,121.3,11379,10839,3.035,621
RAW,121.4,11373,10836,3.006,615
RAW,121.5,11375,10840,3.040,622
RAW,121.7,11390,10843,3.035,621
RAW,121.8,11383,10842,3.011,616
RAW,122.0,11382,10843,3.006,615
RAW,122.1,11381,10850,3.040,622
RAW,122.3,11391,10854,3.035,621
RAW,122.4,11387,10850,3.011,616
RAW,122.6,11396,10852,3.011,616
RAW,122.7,11391,10846,3.040,622
RAW,122.8,11390,10849,3.011,616
RAW,123.0,11395,10853,3.016,617
RAW,123.1,11393,10843,3.035,621
RAW,123.3,11362,10828,3.035,621
RAW,123.4,11328,10801,3.011,616
RAW,123.5,11268,10774,3.035,621
RAW,123.7,11145,10719,3.035,621
RAW,123.8,11107,10703,3.011,616
RAW,124.0,11075,10695,3.006,615
RAW,124.1,11070,10692,3.035,621
RAW,124.3,11077,10698,3.035,621
RAW,124.4,11094,10708,3.016,617
RAW,124.6,11128,10724,3.011,616
RAW,124.7,11149,10738,3.040,622
RAW,124.9,11190,10758,3.035,621
RAW,125.0,11206,10766,3.016,617
RAW,125.2,11240,10780,3.006,615
RAW,125.3,11249,10779,3.040,622
RAW,125.5,11280,10786,3.035,621
RAW,125.6,11296,10803,3.011,616
RAW,125.8,11305,10801,3.006,615
RAW,125.9,11311,10807,3.035,621
RAW,126.1,11312,10808,3.035,621
RAW,126.2,11321,10805,3.011,616
RAW,126.3,11321,10804,3.030,620
RAW,126.5,11304,10809,3.040,622
RAW,126.6,11309,10798,3.011,616
RAW,126.8,11298,10804,3.016,617
RAW,126.9,11299,10795,3.030,620
RAW,127.1,11311,10800,3.035,621
RAW,127.2,11314,10798,3.006,615
RAW,127.3,11315,10806,3.030,620
RAW,127.5,11318,10808,3.030,620
RAW,127.6,11322,10808,3.016,617
RAW,127.8,11334,10813,3.006,615
RAW,127.9,11350,10816,3.035,621
RAW,128.1,11346,10813,3.030,620
RAW,128.2,11354,10822,3.011,616
RAW,128.3,11352,10814,3.030,620
RAW,128.5,11354,10812,3.035,621
RAW,128.6,11352,10823,3.011,616
RAW,128.8,11363,10822,3.011,616
RAW,128.9,11367,10821,3.030,620
RAW,129.1,11367,10828,3.035,621
RAW,129.2,11375,10828,3.006,615
RAW,129.3,11372,10827,3.035,621
RAW,129.5,11372,10831,3.030,620
RAW,129.6,11371,10822,3.011,616
RAW,129.8,11381,10829,3.011,616
RAW,129.9,11379,10828,3.035,621
RAW,130.1,11382,10827,3.030,620
RAW,130.2,11387,10828,3.011,616
RAW,130.3,11381,10833,3.035,621
RAW,130.5,11394,10831,3.035,621
RAW,130.6,11389,10828,3.011,616
RAW,130.8,11365,10812,3.016,617
RAW,130.9,11325,10785,3.030,620
RAW,131.1,11200,10731,3.035,621
RAW,131.2,11140,10698,3.011,616
RAW,131.4,11096,10680,3.011,616
RAW,131.5,11059,10672,3.035,621
RAW,131.6,11058,10668,3.016,617
RAW,131.8,11058,10671,3.011,616
RAW,131.9,11066,10676,3.035,621
RAW,132.1,11092,10690,3.030,620
RAW,132.2,11114,10697,3.016,617
RAW,132.4,11149,10720,3.016,617
RAW,132.5,11176,10734,3.035,621
RAW,132.7,11208,10744,3.035,621
RAW,132.8,11225,10756,3.016,617
RAW,133.0,11240,10764,3.011,616
RAW,133.1,11259,10767,3.040,622
RAW,133.3,11283,10779,3.030,620
RAW,133.4,11279,10781,3.016,617
RAW,133.6,11292,10784,3.011,616
RAW,133.7,11298,10779,3.040,622
RAW,133.9,11293,10785,3.030,620
RAW,134.0,11291,10778,3.016,617
RAW,134.2,11286,10776,3.011,616
RAW,134.3,11289,10777,3.035,621
RAW,134.4,11282,10774,3.016,617
RAW,134.6,11287,10783,3.016,617
RAW,134.7,11288,10780,3.030,620
RAW,134.9,11292,10789,3.035,621
RAW,135.0,11304,10782,3.011,616
RAW,135.2,11300,10795,3.016,617
RAW,135.3,11311,10787,3.030,620
RAW,135.5,11318,10789,3.040,622
RAW,135.6,11323,10790,3.016,617
RAW,135.7,11327,10796,3.035,621
RAW,135.9,11328,10795,3.035,621
RAW,136.0,11345,10809,3.016,617
RAW,136.2,11343,10800,3.011,616
RAW,136.3,11342,10799,3.035,621
RAW,136.4,11347,10800,3.016,617
RAW,136.6,11353,10800,3.016,617
RAW,136.7,11357,10808,3.035,621
RAW,136.9,11361,10805,3.040,622
RAW,137.0,11355,10817,3.016,617
RAW,137.2,11359,10808,3.021,618
RAW,137.3,11363,10805,3.035,621
RAW,137.4,11370,10814,3.021,618
RAW,137.6,11364,10808,3.016,617
RAW,137.7,11371,10807,3.040,622
RAW,137.9,11366,10811,3.035,621
RAW,138.0,11373,10811,3.016,617
RAW,138.2,11372,10814,3.011,616
RAW,138.3,11366,10799,3.035,621
RAW,138.4,11334,10784,3.016,617
RAW,138.6,11207,10722,3.021,618
RAW,138.7,11139,10687,3.035,621
RAW,138.9,11062,10653,3.035,621
RAW,139.0,11033,10641,3.016,617
RAW,139.2,11024,10636,3.016,617
RAW,139.3,11023,10641,3.035,621
RAW,139.4,11022,10649,3.021,618
RAW,139.6,11042,10654,3.016,617
RAW,139.7,11060,10664,3.035,621
RAW,139.9,11101,10674,3.035,621
RAW,140.0,11110,10685,3.021,618
RAW,140.2,11147,10702,3.016,617
RAW,140.5,11186,10717,3.040,622
RAW,140.6,11193,10723,3.016,617
RAW,140.8,11226,10737,3.021,618
RAW,140.9,11234,10741,3.035,621
RAW,141.0,11248,10745,3.025,619
RAW,141.2,11253,10753,3.021,618
RAW,141.3,11261,10752,3.035,621
RAW,141.5,11259,10750,3.035,621
RAW,141.6,11262,10758,3.025,619
RAW,141.7,11255,10742,3.035,621
RAW,141.9,11246,10756,3.035,621
RAW,142.0,11237,10749,3.021,618
RAW,142.2,11236,10743,3.025,619
RAW,142.3,11235,10744,3.035,621
RAW,142.4,11240,10747,3.025,619
RAW,142.6,11255,10750,3.021,618
RAW,142.7,11261,10755,3.040,622
RAW,142.9,11270,10751,3.035,621
RAW,143.0,11269,10755,3.025,619
RAW,143.2,11291,10761,3.021,618
RAW,143.3,11295,10774,3.035,621
RAW,143.5,11300,10767,3.035,621
RAW,143.6,11310,10764,3.025,619
RAW,143.7,11307,10772,3.035,621
RAW,143.9,11319,10771,3.040,622
RAW,144.0,11313,10779,3.021,618
RAW,144.2,11327,10776,3.025,619
RAW,144.3,11326,10774,3.035,621
RAW,144.5,11330,10781,3.040,622
RAW,144.6,11334,10782,3.021,618
RAW,144.8,11331,10778,3.021,618
RAW,144.9,11336,10782,3.035,621
RAW,145.0,11338,10780,3.025,619
RAW,145.2,11343,10779,3.021,618
RAW,145.3,11335,10781,3.035,621
RAW,145.5,11338,10778,3.035,621
RAW,145.6,11349,10774,3.025,619
RAW,145.8,11341,10782,3.021,618
RAW,145.9,11347,10781,3.035,621
RAW,146.1,11344,10783,3.035,621
RAW,146.2,11341,10771,3.025,619
RAW,146.3,11340,10764,3.035,621
RAW,146.5,11231,10711,3.040,622
RAW,146.6,11154,10675,3.025,619
RAW,146.8,11049,10629,3.025,619
RAW,146.9,11023,10613,3.030,620
RAW,147.1,10988,10609,3.035,621
RAW,147.2,10983,10602,3.021,618
RAW,147.3,10988,10601,3.035,621
RAW,147.5,11004,10613,3.040,622
RAW,147.6,11018,10618,3.025,619
RAW,147.8,11034,10640,3.021,618
RAW,147.9,11054,10639,3.035,621
RAW,148.1,11072,10654,3.030,620
RAW,148.3,11095,10655,3.040,622
RAW,148.4,11109,10668,3.021,618
RAW,148.6,11139,10694,3.025,619
RAW,148.7,11150,10688,3.035,621
RAW,148.9,11177,10706,3.040,622
RAW,149.0,11189,10710,3.021,618
RAW,149.1,11196,10707,3.040,622
RAW,149.3,11201,10712,3.030,620
RAW,149.4,11206,10719,3.025,619
RAW,149.6,11214,10710,3.025,619
RAW,149.7,11198,10706,3.030,620
RAW,149.9,11190,10708,3.035,621
RAW,150.0,11193,10708,3.025,619
RAW,150.1,11190,10709,3.030,620
RAW,150.3,11197,10701,3.035,621
RAW,150.4,11192,10709,3.025,619
RAW,150.6,11213,10713,3.025,619
RAW,150.7,11212,10716,3.035,621
RAW,150.9,11229,10724,3.035,621
RAW,151.0,11241,10725,3.025,619
RAW,151.1,11247,10725,3.035,621
RAW,151.3,11257,10737,3.030,620
RAW,151.4,11262,10741,3.025,619
RAW,151.6,11277,10744,3.021,618
RAW,151.7,11280,10744,3.035,621
RAW,151.9,11287,10746,3.030,620
RAW,152.0,11286,10743,3.021,618
RAW,152.1,11290,10751,3.030,620
RAW,152.3,11303,10749,3.035,621
RAW,152.4,11300,10750,3.025,619
RAW,152.6,11307,10753,3.021,618
RAW,152.7,11308,10753,3.030,620
RAW,152.8,11307,10756,3.025,619
RAW,153.0,11317,10752,3.025,619
RAW,153.1,11313,10752,3.030,620
RAW,153.3,11321,10756,3.030,620
RAW,153.4,11315,10757,3.030,620
RAW,153.6,11329,10757,3.021,618
RAW,153.7,11326,10762,3.030,620
RAW,153.9,11322,10752,3.030,620
RAW,154.0,11337,10759,3.025,619
RAW,154.1,11331,10759,3.025,619
RAW,154.3,11333,10761,3.030,620
RAW,154.4,11341,10762,3.025,619
RAW,154.6,11325,10758,3.021,618
RAW,154.7,11297,10739,3.025,619
RAW,154.9,11173,10674,3.025,619
RAW,155.0,11098,10631,3.016,617
RAW,155.1,11060,10617,3.030,620
RAW,155.3,10999,10592,3.025,619
RAW,155.4,10981,10585,3.025,619
RAW,155.6,10979,10585,3.016,617
RAW,155.7,10984,10593,3.025,619
RAW,155.9,10999,10599,3.025,619
RAW,156.0,11016,10609,3.021,618
RAW,156.1,11027,10611,3.025,619
RAW,156.3,11061,10634,3.025,619
RAW,156.5,11083,10647,3.021,618
RAW,156.6,11097,10656,3.025,619
RAW,156.8,11121,10666,3.021,618
RAW,156.9,11143,10675,3.021,618
RAW,157.1,11171,10686,3.021,618
RAW,157.2,11179,10696,3.025,619
RAW,157.4,11198,10703,3.016,617
RAW,157.5,11207,10706,3.025,619
RAW,157.7,11215,10693,3.021,618
RAW,157.8,11211,10702,3.021,618
RAW,157.9,11218,10700,3.021,618
RAW,158.1,11197,10692,3.021,618
RAW,158.2,11200,10694,3.021,618
RAW,158.4,11201,10695,3.021,618
RAW,158.5,11199,10687,3.021,618
RAW,158.7,11207,10702,3.025,619
RAW,158.8,11211,10695,3.016,617
RAW,158.9,11217,10696,3.021,618
RAW,159.1,11232,10702,3.021,618
RAW,159.2,11230,10708,3.021,618
RAW,159.4,11248,10716,3.016,617
RAW,159.5,11253,10719,3.021,618
RAW,159.7,11268,10722,3.016,617
RAW,159.8,11275,10721,3.025,619
RAW,159.9,11277,10732,3.021,618
RAW,160.1,11277,10735,3.021,618
RAW,160.2,11279,10732,3.021,618
RAW,160.4,11293,10728,3.016,617
RAW,160.5,11294,10733,3.016,617
RAW,160.7,11303,10738,3.021,618
RAW,160.8,11303,10740,3.021,618
RAW,160.9,11302,10736,3.016,617
RAW,161.1,11310,10747,3.016,617
RAW,161.2,11305,10737,3.021,618
RAW,161.4,11314,10739,3.016,617
RAW,161.5,11317,10742,3.016,617
RAW,161.7,11318,10741,3.016,617
RAW,161.8,11318,10735,3.016,617
RAW,162.0,11322,10741,3.011,616
RAW,162.1,11322,10745,3.011,616
RAW,162.2,11325,10747,3.016,617
RAW,162.4,11333,10745,3.021,618
RAW,162.5,11322,10751,3.016,617
RAW,162.7,11330,10746,3.016,617
RAW,162.8,11326,10741,3.016,617
RAW,163.0,11290,10721,3.016,617
RAW,163.1,11244,10691,3.011,616
RAW,163.2,11171,10649,3.021,618
RAW,163.4,11064,10598,3.016,617
RAW,163.5,11036,10589,3.011,616
RAW,163.7,10995,10574,3.011,616
RAW,163.8,10989,10576,3.021,618
RAW,164.0,11000,10584,3.011,616
RAW,164.1,11015,10593,3.011,616
RAW,164.2,11037,10604,3.021,618
RAW,164.4,11069,10617,3.021,618
RAW,164.5,11088,10636,3.006,615
RAW,164.7,11134,10649,3.011,616
RAW,164.8,11149,10661,3.021,618
RAW,165.1,11186,10672,3.011,616
RAW,165.2,11192,10683,3.016,617
RAW,165.4,11213,10688,3.016,617
RAW,165.5,11225,10690,3.006,615
RAW,165.7,11246,10702,3.006,615
RAW,165.8,11227,10698,3.016,617
RAW,165.9,11237,10693,3.011,616
RAW,166.1,11227,10690,3.006,615
RAW,166.2,11228,10691,3.025,619
RAW,166.4,11217,10687,3.011,616
RAW,166.5,11223,10685,3.006,615
RAW,166.7,11215,10687,3.001,614
RAW,166.8,11220,10693,3.025,619
RAW,167.0,11225,10691,3.016,617
RAW,167.1,11232,10691,3.006,615
RAW,167.2,11237,10693,3.016,617
RAW,167.4,11236,10700,3.016,617
RAW,167.5,11246,10695,3.006,615
RAW,167.7,11265,10705,3.006,615
RAW,167.8,11258,10706,3.016,617
RAW,168.0,11271,10711,3.016,617
RAW,168.1,11271,10716,3.001,614
RAW,168.2,11276,10712,3.021,618
RAW,168.4,11281,10720,3.016,617
RAW,168.5,11284,10719,3.001,614
RAW,168.7,11285,10718,3.001,614
RAW,168.8,11294,10716,3.021,618
RAW,169.0,11295,10722,3.016,617
RAW,169.1,11305,10721,3.006,615
RAW,169.3,11298,10730,3.001,614
RAW,169.4,11303,10717,3.021,618
RAW,169.5,11300,10720,3.001,614
RAW,169.7,11305,10727,3.001,614
RAW,169.8,11309,10725,3.016,617
RAW,170.0,11313,10717,3.016,617
RAW,170.1,11314,10722,3.001,614
RAW,170.3,11321,10727,3.006,615
RAW,170.4,11317,10730,3.016,617
RAW,170.6,11278,10705,3.016,617
RAW,170.7,11234,10675,2.996,613
RAW,170.9,11088,10601,3.001,614
RAW,171.0,11053,10592,3.016,617
RAW,171.1,11017,10574,3.001,614
RAW,171.3,10977,10561,2.991,612
RAW,171.4,10976,10554,3.016,617
RAW,171.6,10986,10560,3.011,616
RAW,171.7,10995,10565,2.996,613
RAW,171.9,11019,10582,3.001,614
RAW,172.0,11030,10589,3.016,617
RAW,172.2,11068,10613,3.016,617
RAW,172.3,11093,10612,3.001,614
RAW,172.5,11113,10633,2.991,612
RAW,172.6,11138,10646,3.021,618
RAW,172.8,11169,10652,3.011,616
RAW,172.9,11176,10659,3.001,614
RAW,173.1,11206,10667,2.996,613
RAW,173.2,11208,10666,3.016,617
RAW,173.3,11221,10670,2.991,612
RAW,173.5,11213,10667,3.001,614
RAW,173.6,11213,10670,3.011,616
RAW,173.8,11222,10673,3.016,617
RAW,173.9,11215,10667,2.996,613
RAW,174.1,11199,10666,2.996,613
RAW,174.2,11202,10666,3.011,616
RAW,174.3,11206,10668,2.996,613
RAW,174.5,11210,10676,2.991,612
RAW,174.6,11211,10677,3.016,617
RAW,174.8,11225,10678,3.016,617
RAW,174.9,11235,10676,2.996,613
RAW,175.1,11249,10684,2.991,612
RAW,175.2,11258,10687,3.016,617
RAW,175.3,11259,10687,2.991,612
RAW,175.5,11275,10693,2.996,613
RAW,175.6,11268,10696,3.011,616
RAW,175.8,11276,10694,3.011,616
RAW,175.9,11288,10694,2.991,612
RAW,176.1,11289,10695,2.996,613
RAW,176.2,11288,10695,3.016,617
RAW,176.3,11291,10701,2.996,613
RAW,176.5,11302,10706,2.991,612
RAW,176.6,11300,10703,3.016,617
RAW,176.8,11300,10709,3.011,616
RAW,176.9,11301,10705,2.991,612
RAW,177.1,11299,10703,2.991,612
RAW,177.2,11305,10707,3.021,618
RAW,177.3,11307,10699,2.996,613
RAW,177.5,11313,10708,2.996,613
RAW,177.6,11311,10703,3.016,617
RAW,177.8,11320,10702,3.016,617
RAW,177.9,11313,10704,2.991,612
RAW,178.0,11316,10698,3.021,618
RAW,178.2,11227,10657,3.011,616
RAW,178.3,11164,10614,2.996,613
RAW,178.5,11029,10567,2.991,612
RAW,178.6,11008,10550,3.016,617
RAW,178.8,10972,10535,3.011,616
RAW,178.9,10960,10525,2.996,613
RAW,179.1,10967,10535,2.991,612
RAW,179.2,10980,10538,3.016,617
RAW,179.3,10982,10546,2.991,612
RAW,179.5,10995,10553,2.991,612
RAW,179.7,11029,10577,2.991,612
RAW,179.8,11039,10582,3.021,618
RAW,180.0,11062,10589,3.011,616
RAW,180.1,11079,10598,2.991,612
RAW,180.3,11099,10609,2.996,613
RAW,180.5,11131,10622,2.991,612
RAW,180.6,11141,10630,3.011,616
RAW,180.8,11164,10644,3.016,617
RAW,180.9,11165,10638,2.991,612
RAW,181.1,11167,10637,2.996,613
RAW,181.2,11170,10640,3.011,616
RAW,181.3,11170,10633,2.996,613
RAW,181.5,11161,10634,2.986,611
RAW,181.6,11157,10639,3.016,617
RAW,181.8,11154,10644,3.011,616
RAW,181.9,11155,10635,2.996,613
RAW,182.1,11158,10635,2.991,612
RAW,182.2,11168,10635,3.016,617
RAW,182.3,11172,10635,2.986,611
RAW,182.5,11184,10651,2.991,612
RAW,182.6,11194,10649,3.011,616
RAW,182.8,11206,10657,3.011,616
RAW,182.9,11220,10660,2.986,611
RAW,183.1,11230,10659,2.991,612
RAW,183.2,11231,10667,3.016,617
RAW,183.3,11240,10672,2.991,612
RAW,183.5,11245,10675,2.986,611
RAW,183.6,11255,10667,3.016,617
RAW,183.8,11260,10675,3.011,616
RAW,183.9,11260,10679,2.991,612
RAW,184.1,11274,10684,2.991,612
RAW,184.2,11277,10685,3.021,618
RAW,184.4,11278,10686,3.011,616
RAW,184.5,11288,10692,2.991,612
RAW,184.6,11285,10698,3.016,617
RAW,184.8,11289,10687,3.021,618
RAW,184.9,11295,10697,2.986,611
RAW,185.1,11298,10687,2.991,612
RAW,185.2,11293,10686,3.011,616
RAW,185.4,11293,10691,3.016,617
RAW,185.5,11283,10681,2.986,611
RAW,185.6,11253,10656,3.016,617
RAW,185.8,11104,10578,3.011,616
RAW,185.9,11045,10554,2.991,612
RAW,186.1,10972,10519,2.986,611
RAW,186.2,10954,10517,3.021,618
RAW,186.4,10942,10514,3.011,616
RAW,186.5,10937,10511,2.991,612
RAW,186.6,10935,10513,3.021,618
RAW,186.8,10946,10525,3.016,617
RAW,186.9,10962,10519,2.991,612
RAW,187.1,10984,10541,2.991,612
RAW,187.3,11005,10554,2.986,611
RAW,187.4,11017,10555,3.021,618
RAW,187.7,11060,10579,2.986,611
RAW,187.8,11085,10586,3.016,617
RAW,188.0,11104,10606,3.011,616
RAW,188.1,11115,10607,2.991,612
RAW,188.2,11139,10615,3.016,617
RAW,188.4,11143,10609,3.021,618
RAW,188.5,11152,10616,2.986,611
RAW,188.7,11158,10615,2.991,612
RAW,188.8,11163,10619,3.016,617
RAW,189.0,11155,10615,3.016,617
RAW,189.1,11145,10615,2.986,611
RAW,189.2,11153,10617,3.021,618
RAW,189.4,11147,10613,3.011,616
RAW,189.5,11158,10614,2.991,612
RAW,189.7,11166,10622,2.986,611
RAW,189.8,11169,10618,3.021,618
RAW,190.0,11188,10623,3.016,617
RAW,190.1,11189,10624,2.991,612
RAW,190.2,11192,10626,3.016,617
RAW,190.4,11206,10635,3.016,617
RAW,190.5,11214,10635,2.986,611
RAW,190.7,11224,10633,2.991,612
RAW,190.8,11218,10636,3.016,617
RAW,191.0,11231,10642,3.016,617
RAW,191.1,11232,10642,2.986,611
RAW,191.3,11249,10647,2.986,611
RAW,191.4,11243,10652,3.016,617
RAW,191.5,11245,10650,2.986,611
RAW,191.7,11246,10646,2.986,611
RAW,191.8,11254,10654,3.016,617
RAW,192.0,11267,10651,3.011,616
RAW,192.1,11261,10653,2.986,611
RAW,192.3,11265,10653,2.981,610
RAW,192.4,11270,10660,3.016,617
RAW,192.5,11275,10663,2.981,610
RAW,192.7,11274,10665,2.981,610
RAW,192.8,11281,10664,3.011,616
RAW,193.0,11278,10653,3.016,617
RAW,193.1,11268,10650,2.981,610
RAW,193.2,11246,10643,3.011,616
RAW,193.4,11137,10590,3.006,615
RAW,193.5,11094,10561,2.981,610
RAW,193.7,11005,10528,2.977,609
RAW,193.8,10995,10515,3.011,616
RAW,194.0,10970,10504,3.006,615
RAW,194.1,10963,10510,2.981,610
RAW,194.2,10964,10511,3.011,616
RAW,194.4,10989,10528,3.011,616
RAW,194.5,11014,10530,2.977,609
RAW,194.7,11050,10559,2.981,610
RAW,194.8,11071,10560,3.006,615
RAW,195.0,11101,10577,3.006,615
RAW,195.1,11108,10581,2.981,610
RAW,195.2,11117,10587,3.011,616
RAW,195.4,11138,10598,3.006,615
RAW,195.5,11157,10602,2.981,610
RAW,195.7,11172,10615,2.977,609
RAW,195.8,11182,10617,3.011,616
RAW,196.0,11182,10620,3.006,615
RAW,196.1,11181,10616,2.977,609
RAW,196.3,11184,10617,2.977,609
RAW,196.4,11172,10615,3.011,616
RAW,196.5,11179,10610,2.977,609
RAW,196.7,11174,10608,2.977,609
RAW,196.8,11175,10609,3.011,616
RAW,197.0,11173,10611,3.006,615
RAW,197.1,11176,10617,2.977,609
RAW,197.3,11181,10617,2.977,609
RAW,197.4,11184,10615,3.006,615
RAW,197.5,11191,10624,2.981,610
RAW,197.7,11209,10624,2.977,609
RAW,197.8,11207,10631,3.011,616
RAW,198.0,11217,10633,3.006,615
RAW,198.1,11227,10643,2.977,609
RAW,198.3,11241,10652,2.977,609
RAW,198.4,11236,10653,3.011,616
RAW,198.5,11251,10647,2.977,609
RAW,198.7,11259,10657,2.977,609
RAW,198.8,11255,10656,3.006,615
RAW,199.0,11266,10663,3.011,616
RAW,199.1,11269,10662,2.977,609
RAW,199.3,11287,10669,2.977,609
RAW,199.4,11295,10671,3.006,615
RAW,199.5,11292,10676,2.981,610
RAW,199.7,11302,10673,2.977,609
RAW,199.8,11296,10670,3.011,616
RAW,200.0,11303,10679,3.006,615
RAW,200.1,11303,10682,2.981,610
RAW,200.3,11304,10681,2.972,608
RAW,200.4,11314,10688,3.016,617
RAW,200.5,11311,10684,2.977,609
RAW,200.7,11308,10689,2.977,609
RAW,200.8,11311,10684,3.011,616
RAW,201.0,11273,10652,3.011,616
RAW,201.1,11218,10629,2.972,608
RAW,201.3,11151,10592,2.977,609
RAW,201.4,11129,10583,3.006,615
RAW,201.5,11090,10559,2.977,609
RAW,201.7,11062,10547,2.972,608
RAW,201.8,11057,10550,3.011,616
RAW,202.0,11072,10554,3.006,615
RAW,202.1,11083,10561,2.977,609
RAW,202.3,11115,10578,2.972,608
RAW,202.4,11123,10582,3.011,616
RAW,202.5,11139,10595,2.972,608
RAW,202.7,11153,10604,2.977,609
RAW,202.8,11167,10601,3.006,615
RAW,203.0,11184,10612,3.011,616
RAW,203.1,11191,10619,2.977,609
RAW,203.3,11211,10625,2.977,609
RAW,203.4,11215,10627,3.006,615
RAW,203.5,11221,10634,2.977,609
RAW,203.7,11224,10640,2.972,608
RAW,203.8,11220,10631,3.011,616
RAW,204.0,11215,10630,3.006,615
RAW,204.1,11207,10624,2.977,609
RAW,204.3,11195,10629,2.972,608
RAW,204.4,11199,10622,3.011,616
RAW,204.5,11201,10622,2.972,608
RAW,204.7,11198,10617,2.977,609
RAW,204.8,11198,10625,3.006,615
RAW,205.0,11206,10639,3.006,615
RAW,205.1,11208,10633,2.972,608
RAW,205.3,11221,10635,2.977,609
RAW,205.4,11220,10640,3.006,615
RAW,205.5,11225,10638,2.977,609
RAW,205.7,11227,10647,2.972,608
RAW,205.8,11238,10648,3.016,617
RAW,206.0,11247,10646,3.006,615
RAW,206.1,11249,10646,2.972,608
RAW,206.3,11262,10651,2.967,607
RAW,206.4,11265,10658,3.011,616
RAW,206.5,11266,10658,2.977,609
RAW,206.7,11280,10667,2.972,608
RAW,206.8,11270,10668,3.011,616
RAW,207.0,11291,10662,3.006,615
RAW,207.1,11289,10670,2.972,608
RAW,207.3,11295,10670,2.972,608
RAW,207.4,11294,10674,3.006,615
RAW,207.5,11306,10673,2.972,608
RAW,207.7,11314,10671,2.967,607
RAW,207.9,11253,10640,2.977,609
RAW,208.1,11160,10590,2.972,608
RAW,208.3,11084,10559,2.977,609
RAW,208.5,11044,10548,2.972,608
RAW,208.7,11023,10529,2.972,608
RAW,208.9,11021,10537,2.967,607
RAW,209.1,11040,10548,2.972,608
RAW,209.3,11075,10562,2.967,607
RAW,209.5,11104,10579,2.967,607
RAW,209.6,11126,10579,3.001,614
RAW,209.8,11151,10596,3.006,615
RAW,209.9,11161,10603,2.967,607
RAW,210.1,11180,10612,2.967,607
RAW,210.2,11190,10620,3.001,614
RAW,210.4,11198,10623,3.006,615
RAW,210.5,11194,10619,2.967,607
RAW,210.6,11197,10617,3.011,616
RAW,210.8,11196,10621,3.001,614
RAW,210.9,11199,10617,2.967,607
RAW,211.1,11196,10616,2.967,607
RAW,211.2,11191,10622,3.006,615
RAW,211.4,11191,10608,3.001,614
RAW,211.5,11188,10611,2.972,608
RAW,211.7,11195,10612,2.967,607
RAW,211.8,11197,10619,3.011,616
RAW,211.9,11199,10620,2.967,607
RAW,212.1,11218,10626,2.967,607
RAW,212.2,11215,10625,3.006,615
RAW,212.4,11225,10627,3.006,615
RAW,212.5,11227,10634,2.962,606
RAW,212.7,11242,10635,2.967,607
RAW,212.8,11253,10636,3.001,614
RAW,213.0,11250,10645,3.006,615
RAW,213.1,11256,10647,2.962,606
RAW,213.2,11259,10646,3.006,615
RAW,213.4,11267,10645,3.006,615
RAW,213.5,11267,10651,2.967,607
RAW,213.7,11288,10654,2.962,606
RAW,213.8,11282,10658,3.006,615
RAW,214.0,11293,10659,3.001,614
RAW,214.1,11290,10660,2.967,607
RAW,214.2,11294,10662,3.006,615
RAW,214.4,11301,10660,3.006,615
RAW,214.5,11309,10664,2.967,607
RAW,214.7,11308,10662,2.967,607
RAW,214.8,11310,10664,3.006,615
RAW,215.0,11284,10645,3.006,615
RAW,215.1,11228,10616,2.967,607
RAW,215.3,11123,10564,2.967,607
RAW,215.4,11058,10541,3.006,615
RAW,215.6,11017,10517,3.001,614
RAW,215.7,10991,10505,2.962,606
RAW,215.8,10978,10507,3.006,615
RAW,216.0,10975,10502,3.001,614
RAW,216.1,10986,10502,2.972,608
RAW,216.3,11006,10523,2.962,606
RAW,216.4,11030,10529,3.006,615
RAW,216.6,11063,10553,3.001,614
RAW,216.7,11082,10560,2.972,608
RAW,216.9,11114,10570,2.962,606
RAW,217.1,11124,10579,2.967,607
RAW,217.2,11127,10581,3.001,614
RAW,217.4,11160,10594,3.001,614
RAW,217.5,11162,10604,2.962,606
RAW,217.7,11175,10600,2.967,607
RAW,217.8,11171,10601,3.006,615
RAW,217.9,11186,10605,2.962,606
RAW,218.1,11174,10597,2.962,606
RAW,218.2,11171,10603,3.006,615
RAW,218.4,11164,10592,3.001,614
RAW,218.5,11177,10599,2.967,607
RAW,218.7,11170,10603,2.962,606
RAW,218.8,11171,10599,3.006,615
RAW,219.0,11177,10597,3.001,614
RAW,219.1,11181,10603,2.962,606
RAW,219.2,11171,10606,3.001,614
RAW,219.4,11196,10616,3.001,614
RAW,219.5,11194,10618,2.962,606
RAW,219.7,11211,10624,2.962,606
RAW,219.8,11214,10627,3.001,614
RAW,220.0,11223,10623,3.001,614
RAW,220.1,11230,10625,2.962,606
RAW,220.3,11238,10624,2.962,606
RAW,220.4,11241,10639,3.001,614
RAW,220.5,11257,10630,2.962,606
RAW,220.7,11256,10638,2.962,606
RAW,220.8,11265,10647,3.001,614
RAW,221.0,11271,10641,3.001,614
RAW,221.1,11275,10646,2.962,606
RAW,221.3,11279,10648,2.962,606
RAW,221.4,11281,10650,3.001,614
RAW,221.5,11283,10657,2.962,606
RAW,221.7,11297,10655,2.967,607
RAW,221.8,11289,10664,2.996,613
RAW,222.0,11295,10652,3.001,614
RAW,222.1,11303,10661,2.962,606
RAW,222.3,11302,10658,2.967,607
RAW,222.4,11290,10658,3.001,614
RAW,222.6,11210,10595,3.001,614
RAW,222.7,11155,10574,2.962,606
RAW,222.8,11106,10547,3.006,615
RAW,223.0,11026,10510,2.996,613
RAW,223.1,11005,10507,2.962,606
RAW,223.3,10972,10486,2.962,606
RAW,223.4,10966,10493,3.001,614
RAW,223.6,10983,10496,2.996,613
RAW,223.7,10991,10501,2.962,606
RAW,223.8,11005,10509,3.001,614
RAW,224.0,11044,10524,3.001,614
RAW,224.1,11056,10539,2.957,605
RAW,224.3,11083,10555,2.962,606
RAW,224.5,11108,10564,2.962,606
RAW,224.7,11134,10585,2.962,606
RAW,224.8,11142,10578,3.001,614
RAW,225.0,11165,10593,3.001,614
RAW,225.1,11160,10590,2.957,605
RAW,225.3,11177,10589,2.967,607
RAW,225.4,11173,10594,3.001,614
RAW,225.6,11167,10587,3.006,615
RAW,225.7,11173,10586,2.957,605
RAW,225.8,11169,10590,3.001,614
RAW,226.0,11162,10587,3.006,615
RAW,226.1,11155,10579,2.967,607
RAW,226.3,11155,10588,2.962,606
RAW,226.4,11159,10586,3.006,615
RAW,226.6,11168,10582,3.001,614
RAW,226.7,11177,10588,2.967,607
RAW,226.8,11184,10593,3.001,614
RAW,227.0,11185,10599,3.006,615
RAW,227.1,11197,10601,2.962,606
RAW,227.3,11200,10609,2.967,607
RAW,227.4,11205,10605,3.001,614
RAW,227.6,11215,10620,3.001,614
RAW,227.7,11228,10610,2.962,606
RAW,227.9,11225,10618,2.962,606
RAW,228.0,11238,10626,3.001,614
RAW,228.1,11238,10623,2.967,607
RAW,228.3,11247,10628,2.962,606
RAW,228.4,11253,10628,3.006,615
RAW,228.6,11249,10630,3.001,614
RAW,228.7,11259,10633,2.967,607
RAW,228.9,11259,10636,2.962,606
RAW,229.0,11264,10637,3.011,616
RAW,229.2,11271,10635,3.001,614
RAW,229.3,11274,10640,2.962,606
RAW,229.5,11278,10649,2.967,607
RAW,229.6,11286,10649,3.006,615
RAW,229.7,11295,10644,2.962,606
RAW,229.9,11293,10650,2.967,607
RAW,230.0,11297,10652,3.006,615
RAW,230.2,11266,10632,3.006,615
RAW,230.3,11228,10600,2.967,607
RAW,230.5,11114,10548,2.962,606
RAW,230.6,11054,10523,3.006,615
RAW,230.7,11021,10509,2.967,607
RAW,230.9,10968,10481,2.962,606
RAW,231.0,10972,10478,3.011,616
RAW,231.2,10964,10476,3.006,615
RAW,231.3,10968,10481,2.967,607
RAW,231.5,10984,10490,2.967,607
RAW,231.6,11006,10498,3.006,615
RAW,231.8,11035,10517,3.001,614
RAW,231.9,11049,10527,2.967,607
RAW,232.1,11078,10539,2.967,607
RAW,232.3,11114,10560,2.967,607
RAW,232.4,11121,10558,3.006,615
RAW,232.6,11138,10567,3.006,615
RAW,232.7,11145,10573,2.962,606
RAW,232.8,11156,10575,3.011,616
RAW,233.0,11155,10569,3.006,615
RAW,233.1,11163,10576,2.972,608
RAW,233.3,11155,10575,2.967,607
RAW,233.4,11160,10573,3.006,615
RAW,233.6,11152,10574,3.006,615
RAW,233.7,11147,10566,2.967,607
RAW,233.8,11142,10569,3.006,615
RAW,234.0,11148,10570,3.011,616
RAW,234.1,11152,10568,2.967,607
RAW,234.3,11151,10571,2.967,607
RAW,234.4,11167,10576,3.006,615
RAW,234.6,11174,10577,3.011,616
RAW,234.7,11179,10586,2.967,607
RAW,234.8,11176,10585,3.006,615
RAW,235.0,11179,10584,3.006,615
RAW,235.1,11191,10589,2.967,607
RAW,235.3,11208,10595,2.967,607
RAW,235.4,11212,10599,3.006,615
RAW,235.6,11219,10604,3.006,615
RAW,235.7,11224,10599,2.972,608
RAW,235.8,11231,10604,3.011,616
RAW,236.0,11233,10613,3.011,616
RAW,236.1,11239,10609,2.967,607
RAW,236.3,11253,10616,2.972,608
RAW,236.4,11258,10620,3.011,616
RAW,236.6,11261,10627,3.011,616
RAW,236.7,11268,10627,2.967,607
RAW,236.8,11274,10633,3.011,616
RAW,237.0,11269,10627,3.006,615
RAW,237.1,11269,10633,2.977,609
RAW,237.3,11275,10627,2.967,607
RAW,237.4,11280,10634,3.011,616
RAW,237.5,11283,10632,2.967,607
RAW,237.7,11291,10639,2.972,608
RAW,237.8,11287,10634,3.011,616
RAW,238.0,11291,10631,3.011,616
RAW,238.1,11285,10624,2.967,607
RAW,238.3,11210,10575,2.972,608
RAW,238.4,11150,10553,3.006,615
RAW,238.5,11097,10528,2.972,608
RAW,238.7,11019,10484,2.972,608
RAW,238.8,10991,10474,3.011,616
RAW,239.0,10942,10458,3.006,615
RAW,239.1,10940,10457,2.977,609
RAW,239.3,10951,10464,2.972,608
RAW,239.4,10960,10471,3.016,617
RAW,239.6,10980,10487,3.011,616
RAW,239.7,11002,10490,2.977,609
RAW,239.9,11026,10505,2.972,608
RAW,240.0,11044,10513,3.016,617
RAW,240.2,11067,10522,3.011,616
RAW,240.3,11076,10534,2.977,609
RAW,240.5,11098,10540,2.972,608
RAW,240.6,11109,10551,3.016,617
RAW,240.8,11132,10556,3.011,616
RAW,240.9,11132,10560,2.977,609
RAW,241.1,11145,10562,2.972,608
RAW,241.2,11144,10555,3.016,617
RAW,241.4,11146,10564,3.011,616
RAW,241.5,11150,10563,2.981,610
RAW,241.6,11143,10553,3.006,615
RAW,241.8,11135,10554,3.016,617
RAW,241.9,11138,10557,2.972,608
RAW,242.1,11132,10550,2.972,608
RAW,242.2,11137,10558,3.016,617
RAW,242.4,11145,10552,3.016,617
RAW,242.5,11152,10562,2.977,609
RAW,242.6,11158,10570,3.021,618
RAW,242.8,11170,10569,3.016,617
RAW,242.9,11174,10568,2.977,609
RAW,243.0,11187,10575,3.016,617
RAW,243.2,11195,10576,3.016,617
RAW,243.3,11197,10584,2.977,609
RAW,243.5,11202,10586,2.977,609
RAW,243.6,11219,10585,3.016,617
RAW,243.8,11230,10598,3.016,617
RAW,243.9,11234,10599,2.972,608
RAW,244.1,11236,10601,2.981,610
RAW,244.2,11243,10598,3.016,617
RAW,244.3,11252,10603,2.977,609
RAW,244.5,11253,10602,2.972,608
RAW,244.6,11258,10611,3.021,618
RAW,244.8,11260,10607,3.016,617
RAW,244.9,11266,10603,2.981,610
RAW,245.1,11276,10613,2.977,609
RAW,245.2,11282,10609,3.021,618
RAW,245.4,11277,10614,3.016,617
RAW,245.5,11281,10618,2.981,610
RAW,245.6,11288,10618,3.016,617
RAW,245.8,11285,10615,3.021,618
RAW,245.9,11286,10619,2.977,609
RAW,246.1,11286,10619,2.981,610
RAW,246.2,11301,10617,3.016,617
RAW,246.4,11298,10616,3.021,618
RAW,246.5,11292,10624,2.977,609
RAW,246.7,11285,10609,2.981,610
RAW,246.8,11257,10600,3.016,617
RAW,246.9,11197,10559,2.986,611
RAW,247.1,11073,10506,2.977,609
RAW,247.2,11029,10483,3.021,618
RAW,247.4,10979,10462,3.016,617
RAW,247.5,10960,10450,2.981,610
RAW,247.6,10952,10448,3.016,617
RAW,247.8,10960,10458,3.021,618
RAW,247.9,10962,10465,2.981,610
RAW,248.1,10992,10477,2.981,610
RAW,248.2,11013,10481,3.016,617
RAW,248.4,11050,10502,3.021,618
RAW,248.5,11062,10514,2.977,609
RAW,248.7,11084,10526,2.981,610
RAW,248.9,11104,10534,2.977,609
RAW,249.1,11124,10542,2.981,610
RAW,249.2,11133,10546,3.016,617
RAW,249.4,11153,10553,3.016,617
RAW,249.5,11154,10556,2.977,609
RAW,249.7,11158,10554,2.981,610
RAW,249.8,11161,10553,3.016,617
RAW,250.0,11144,10548,3.016,617
RAW,250.1,11144,10544,2.977,609
RAW,250.3,11141,10543,2.977,609
RAW,250.4,11148,10546,3.016,617
RAW,250.5,11140,10545,2.981,610
RAW,250.7,11143,10546,2.977,609
RAW,250.8,11154,10549,3.021,618
RAW,251.0,11159,10552,3.016,617
RAW,251.1,11155,10560,2.981,610
RAW,251.3,11164,10564,2.977,609
RAW,251.4,11181,10558,3.016,617
RAW,251.5,11181,10565,2.981,610
RAW,251.7,11190,10569,2.977,609
RAW,251.8,11192,10570,3.016,617
RAW,252.0,11200,10579,3.021,618
RAW,252.1,11202,10577,2.977,609
RAW,252.3,11210,10581,2.981,610
RAW,252.4,11221,10580,3.011,616
RAW,252.5,11221,10592,2.981,610
RAW,252.7,11230,10589,2.977,609
RAW,252.8,11236,10593,3.016,617
RAW,253.0,11240,10597,3.016,617
RAW,253.1,11247,10600,2.981,610
RAW,253.3,11243,10598,2.977,609
RAW,253.4,11255,10599,3.016,617
RAW,253.5,11252,10594,2.981,610
RAW,253.7,11270,10603,2.981,610
RAW,253.8,11257,10597,3.016,617
RAW,254.0,11267,10602,3.016,617
RAW,254.1,11271,10604,2.977,609
RAW,254.3,11284,10607,2.977,609
RAW,254.4,11286,10607,3.011,616
RAW,254.6,11277,10599,3.016,617
RAW,254.7,11281,10612,2.977,609
RAW,254.9,11264,10593,2.977,609
RAW,255.0,11224,10573,3.016,617
RAW,255.1,11172,10535,2.981,610
RAW,255.3,11067,10491,2.981,610
RAW,255.4,11021,10471,3.016,617
RAW,255.6,10974,10448,3.011,616
RAW,255.7,10959,10442,2.981,610
RAW,255.9,10950,10442,2.977,609
RAW,256.0,10957,10445,3.016,617
RAW,256.2,10973,10457,3.011,616
RAW,256.3,10993,10466,2.977,609
RAW,256.4,11010,10471,3.011,616
RAW,256.6,11045,10486,3.016,617
RAW,256.8,11072,10511,3.011,616
RAW,257.0,11097,10513,3.011,616
RAW,257.1,11110,10518,2.981,610
RAW,257.3,11126,10525,2.977,609
RAW,257.4,11138,10529,3.011,616
RAW,257.5,11146,10541,2.981,610
RAW,257.7,11144,10539,2.981,610
RAW,257.8,11155,10537,3.011,616
RAW,258.0,11156,10537,3.006,615
RAW,258.1,11159,10538,2.981,610
RAW,258.3,11148,10525,2.981,610
RAW,258.4,11149,10539,3.016,617
RAW,258.5,11135,10536,2.981,610
RAW,258.7,11138,10531,2.981,610
RAW,258.8,11137,10531,3.011,616
RAW,259.0,11145,10534,3.011,616
RAW,259.1,11150,10536,2.977,609
RAW,259.3,11155,10549,2.977,609
RAW,259.4,11167,10547,3.006,615
RAW,259.5,11172,10549,2.981,610
RAW,259.7,11182,10559,2.977,609
RAW,259.8,11184,10558,3.016,617
RAW,260.0,11193,10557,3.006,615
RAW,260.1,11198,10561,2.981,610
RAW,260.3,11204,10570,2.977,609
RAW,260.4,11208,10574,3.011,616
RAW,260.5,11214,10577,2.981,610
RAW,260.7,11223,10577,2.977,609
RAW,260.8,11218,10570,3.006,615
RAW,261.0,11231,10578,3.011,616
RAW,261.1,11233,10583,2.977,609
RAW,261.3,11235,10585,2.977,609
RAW,261.4,11249,10580,3.011,616
RAW,261.6,11250,10583,3.006,615
RAW,261.7,11251,10584,2.977,609
RAW,261.8,11259,10583,3.011,616
RAW,262.0,11258,10585,3.006,615
RAW,262.1,11262,10590,2.981,610
RAW,262.3,11264,10588,2.981,610
RAW,262.4,11263,10588,3.011,616
RAW,262.6,11275,10593,3.006,615
RAW,262.7,11278,10588,2.977,609
RAW,262.8,11274,10597,3.006,615
RAW,263.0,11278,10586,3.016,617
RAW,263.1,11264,10581,2.977,609
RAW,263.3,11180,10530,2.977,609
RAW,263.4,11119,10496,3.006,615
RAW,263.6,11014,10454,3.011,616
RAW,263.7,10991,10442,2.977,609
RAW,263.9,10949,10425,2.977,609
RAW,264.0,10942,10421,3.006,615
RAW,264.2,10944,10423,3.006,615
RAW,264.3,10949,10423,2.977,609
RAW,264.4,10959,10435,3.011,616
RAW,264.6,10984,10452,3.006,615
RAW,264.7,10996,10466,2.981,610
RAW,264.9,11032,10475,2.977,609
RAW,265.0,11047,10484,3.006,615
RAW,265.2,11074,10492,3.011,616
RAW,265.4,11091,10503,3.006,615
RAW,265.5,11098,10509,2.977,609
RAW,265.6,11110,10512,3.011,616
RAW,265.8,11116,10504,3.001,614
RAW,265.9,11139,10516,2.981,610
RAW,266.1,11135,10524,2.972,608
RAW,266.2,11133,10516,3.006,615
RAW,266.4,11131,10511,3.006,615
RAW,266.5,11136,10510,2.977,609
RAW,266.6,11131,10513,3.006,615
RAW,266.8,11127,10515,3.006,615
RAW,266.9,11123,10503,2.977,609
RAW,267.1,11127,10508,2.981,610
RAW,267.2,11134,10512,3.006,615
RAW,267.4,11141,10512,3.006,615
RAW,267.5,11153,10522,2.972,608
RAW,267.6,11153,10522,3.011,616
RAW,267.8,11162,10519,3.001,614
RAW,267.9,11162,10522,2.981,610
RAW,268.1,11180,10530,2.977,609
RAW,268.2,11193,10532,3.011,616
RAW,268.3,11194,10540,2.977,609
RAW,268.5,11198,10540,2.977,609
RAW,268.6,11213,10539,3.006,615
RAW,268.8,11217,10547,3.006,615
RAW,268.9,11218,10547,2.977,609
RAW,269.1,11225,10555,2.977,609
RAW,269.2,11227,10556,3.001,614
RAW,269.3,11236,10555,2.977,609
RAW,269.5,11238,10561,2.977,609
RAW,269.6,11238,10563,3.006,615
RAW,269.8,11244,10568,3.001,614
RAW,269.9,11244,10565,2.977,609
RAW,270.1,11251,10563,2.972,608
RAW,270.2,11247,10566,3.006,615
RAW,270.3,11254,10561,2.972,608
RAW,270.5,11250,10555,2.977,609
RAW,270.6,11250,10562,3.006,615
RAW,270.8,11248,10562,3.011,616
RAW,270.9,11251,10557,2.981,610
RAW,271.1,11247,10566,2.981,610
RAW,271.2,11257,10562,3.001,614
RAW,271.3,11265,10565,2.977,609
RAW,271.5,11257,10555,2.972,608
RAW,271.6,11236,10548,3.006,615
RAW,271.8,11122,10500,3.001,614
RAW,271.9,11071,10465,2.981,610
RAW,272.1,10975,10420,2.972,608
RAW,272.2,10959,10420,3.001,614
RAW,272.4,10910,10392,3.001,614
RAW,272.5,10909,10390,2.981,610
RAW,272.6,10905,10398,3.001,614
RAW,272.8,10928,10406,3.001,614
RAW,272.9,10941,10413,2.977,609
RAW,273.1,10974,10429,2.977,609
RAW,273.2,10992,10439,3.001,614
RAW,273.4,11026,10450,3.001,614
RAW,273.7,11055,10471,2.972,608
RAW,273.8,11069,10470,3.001,614
RAW,274.0,11090,10485,3.001,614
RAW,274.1,11094,10485,2.977,609
RAW,274.2,11100,10485,2.996,613
RAW,274.4,11111,10494,3.006,615
RAW,274.5,11109,10494,2.977,609
RAW,274.7,11125,10504,2.977,609
RAW,274.8,11120,10492,2.996,613
RAW,275.0,11121,10495,3.001,614
RAW,275.1,11121,10488,2.972,608
RAW,275.2,11110,10488,3.006,615
RAW,275.4,11114,10487,2.996,613
RAW,275.5,11114,10493,2.977,609
RAW,275.7,11113,10496,2.977,609
RAW,275.8,11116,10494,3.001,614
RAW,276.0,11126,10499,3.001,614
RAW,276.1,11128,10499,2.977,609
RAW,276.3,11150,10508,2.977,609
RAW,276.4,11156,10507,3.006,615
RAW,276.5,11164,10516,2.972,608
RAW,276.7,11169,10518,2.977,609
RAW,276.8,11172,10517,3.001,614
RAW,277.0,11180,10522,3.001,614
RAW,277.1,11188,10530,2.977,609
RAW,277.3,11188,10533,2.977,609
RAW,277.4,11202,10528,2.996,613
RAW,277.5,11205,10535,2.981,610
RAW,277.7,11213,10539,2.977,609
RAW,277.8,11216,10537,3.001,614
RAW,278.0,11225,10539,3.001,614
RAW,278.1,11229,10537,2.977,609
RAW,278.3,11233,10540,2.977,609
RAW,278.4,11228,10544,3.006,615
RAW,278.5,11232,10541,2.977,609
RAW,278.7,11238,10542,2.977,609
RAW,278.8,11231,10550,3.001,614
RAW,279.0,11232,10544,3.006,615
RAW,279.1,11238,10546,2.977,609
RAW,279.3,11249,10547,2.977,609
RAW,279.4,11246,10543,3.001,614
RAW,279.6,11256,10544,3.006,615
RAW,279.7,11247,10544,2.972,608
RAW,279.9,11246,10542,2.977,609
RAW,280.0,11252,10541,2.996,613
RAW,280.1,11241,10538,2.981,610
RAW,280.3,11166,10492,2.977,609
RAW,280.4,11112,10462,3.006,615
RAW,280.6,11010,10426,3.001,614
RAW,280.7,10978,10406,2.981,610
RAW,280.9,10954,10398,2.981,610
RAW,281.0,10947,10389,3.001,614
RAW,281.1,10939,10393,2.981,610
RAW,281.3,10948,10401,2.981,610
RAW,281.4,10962,10411,3.001,614
RAW,281.6,10990,10427,3.001,614
RAW,281.7,11010,10442,2.977,609
RAW,281.9,11048,10454,2.981,610
RAW,282.0,11060,10459,3.001,614
RAW,282.1,11071,10474,2.981,610
RAW,282.3,11090,10477,2.977,609
RAW,282.4,11099,10480,3.006,615
RAW,282.6,11116,10485,2.996,613
RAW,282.7,11128,10492,2.981,610
RAW,282.8,11130,10495,2.996,613
RAW,283.0,11136,10489,3.006,615
RAW,283.1,11143,10495,2.981,610
RAW,283.3,11130,10486,2.981,610
RAW,283.4,11127,10487,2.996,613
RAW,283.6,11116,10477,3.006,615
RAW,283.7,11112,10485,2.977,609
RAW,283.8,11121,10476,3.001,614
RAW,284.0,11110,10476,2.996,613
RAW,284.1,11118,10487,2.981,610
RAW,284.3,11130,10487,2.977,609
RAW,284.4,11136,10487,3.001,614
RAW,284.6,11138,10495,3.001,614
RAW,284.7,11150,10492,2.981,610
RAW,284.8,11158,10496,3.001,614
RAW,285.0,11159,10497,3.001,614
RAW,285.1,11168,10510,2.981,610
RAW,285.3,11176,10506,2.981,610
RAW,285.4,11182,10505,3.001,614
RAW,285.6,11188,10507,3.001,614
RAW,285.7,11192,10506,2.981,610
RAW,285.8,11194,10508,3.001,614
RAW,286.0,11191,10508,3.001,614
RAW,286.1,11195,10505,2.981,610
RAW,286.3,11205,10506,2.981,610
RAW,286.4,11199,10503,3.001,614
RAW,286.6,11197,10499,3.001,614
RAW,286.7,11205,10497,2.981,610
RAW,286.9,11203,10502,2.977,609
RAW,287.0,11211,10502,3.001,614
RAW,287.1,11211,10510,2.981,610
RAW,287.3,11216,10510,2.981,610
RAW,287.4,11212,10512,3.001,614
RAW,287.6,11217,10514,3.001,614
RAW,287.7,11226,10514,2.981,610
RAW,287.9,11225,10516,2.986,611
RAW,288.0,11220,10504,3.001,614
RAW,288.1,11195,10493,2.981,610
RAW,288.3,11094,10447,2.981,610
RAW,288.4,11050,10425,3.001,614
RAW,288.6,10965,10383,3.001,614
RAW,288.7,10946,10383,2.986,611
RAW,288.9,10941,10379,2.981,610
RAW,289.0,10936,10381,3.006,615
RAW,289.2,10956,10386,3.001,614
RAW,289.3,10965,10398,2.986,611
RAW,289.4,10986,10405,3.001,614
RAW,289.6,11014,10420,3.001,614
RAW,289.8,11051,10432,3.001,614
RAW,289.9,11055,10438,2.986,611
RAW,290.1,11074,10444,2.981,610
RAW,290.2,11090,10453,3.001,614
RAW,290.4,11108,10464,3.001,614
RAW,290.5,11110,10464,2.986,611
RAW,290.7,11131,10472,2.986,611
RAW,290.8,11127,10477,3.006,615
RAW,291.0,11130,10467,3.001,614
RAW,291.1,11132,10469,2.986,611
RAW,291.2,11129,10472,3.001,614
RAW,291.4,11121,10468,3.006,615
RAW,291.5,11116,10468,2.981,610
RAW,291.7,11115,10463,2.981,610
RAW,291.8,11110,10458,3.001,614
RAW,292.0,11114,10466,3.001,614
RAW,292.1,11117,10457,2.986,611
RAW,292.3,11125,10463,2.986,611
RAW,292.4,11125,10472,3.001,614
RAW,292.5,11132,10468,2.991,612
RAW,292.7,11140,10476,2.981,610
RAW,292.8,11142,10478,3.006,615
RAW,293.0,11161,10480,3.001,614
RAW,293.1,11166,10486,2.991,612
RAW,293.3,11170,10495,2.981,610
RAW,293.4,11181,10499,3.006,615
RAW,293.5,11187,10494,2.986,611
RAW,293.7,11190,10496,2.991,612
RAW,293.8,11195,10497,3.006,615
RAW,294.0,11205,10501,3.001,614
RAW,294.1,11197,10507,2.986,611
RAW,294.3,11203,10505,2.986,611
RAW,294.4,11210,10508,3.001,614
RAW,294.6,11218,10503,3.006,615
RAW,294.7,11215,10506,2.986,611
RAW,294.8,11215,10508,3.006,615
RAW,295.0,11226,10506,3.001,614
RAW,295.1,11222,10508,2.991,612
RAW,295.3,11222,10511,2.986,611
RAW,295.4,11226,10511,3.001,614
RAW,295.6,11240,10512,3.001,614
RAW,295.7,11226,10513,2.986,611
RAW,295.9,11198,10503,2.981,610
RAW,296.0,11154,10468,3.006,615
RAW,296.1,11089,10435,2.986,611
RAW,296.3,10988,10384,2.986,611
RAW,296.4,10942,10367,3.001,614
RAW,296.6,10904,10351,3.001,614
RAW,296.7,10891,10348,2.986,611
RAW,296.9,10894,10348,2.986,611
RAW,297.0,10891,10350,3.001,614
RAW,297.1,10899,10355,2.991,612
RAW,297.3,10934,10373,2.986,611
RAW,297.5,10966,10397,2.986,611
RAW,297.6,10984,10403,3.001,614
RAW,297.8,11018,10417,3.006,615
RAW,298.0,11037,10424,3.001,614
RAW,298.1,11049,10427,2.991,612
RAW,298.3,11064,10440,2.986,611
RAW,298.4,11068,10447,3.006,615
RAW,298.6,11085,10452,2.996,613
RAW,298.7,11083,10444,2.991,612
RAW,298.9,11095,10454,2.986,611
RAW,299.0,11091,10453,3.006,615
RAW,299.1,11086,10455,2.991,612
RAW,299.3,11080,10449,2.991,612
RAW,299.4,11080,10436,3.001,614
RAW,299.6,11077,10439,3.006,615
RAW,299.7,11075,10446,2.986,611
RAW,299.9,11085,10452,2.991,612
RAW,300.0,11082,10448,3.001,614
RAW,300.1,11087,10445,2.991,612
RAW,300.3,11099,10453,2.986,611
RAW,300.4,11103,10455,3.006,615
RAW,300.6,11100,10462,2.996,613
RAW,300.7,11116,10465,2.991,612
RAW,300.9,11125,10461,2.986,611
RAW,301.0,11135,10465,3.006,615
RAW,301.2,11140,10472,3.006,615
RAW,301.3,11152,10474,2.991,612
RAW,301.4,11157,10479,3.001,614
RAW,301.6,11167,10478,3.006,615
RAW,301.7,11170,10485,2.991,612
RAW,301.9,11172,10485,2.991,612
RAW,302.0,11176,10496,3.001,614
RAW,302.2,11189,10493,3.001,614
RAW,302.3,11184,10490,2.986,611
RAW,302.4,11187,10490,3.001,614
RAW,302.6,11196,10489,3.001,614
RAW,302.7,11192,10496,2.996,613
RAW,302.9,11197,10500,2.986,611
RAW,303.0,11198,10500,3.006,615
RAW,303.2,11206,10499,3.001,614
RAW,303.3,11199,10503,2.991,612
RAW,303.4,11216,10510,3.001,614
RAW,303.6,11212,10500,3.006,615
RAW,303.7,11215,10496,2.991,612
RAW,303.9,11212,10498,2.991,612
RAW,304.0,11192,10486,2.996,613
RAW,304.2,11080,10433,3.001,614
RAW,304.3,11026,10408,2.991,612
RAW,304.4,10971,10379,3.006,615
RAW,304.6,10910,10353,2.996,613
RAW,304.7,10875,10336,2.991,612
RAW,304.9,10859,10333,2.986,611
RAW,305.0,10864,10341,3.001,614
RAW,305.2,10882,10345,3.001,614
RAW,305.3,10893,10351,2.991,612
RAW,305.5,10924,10370,2.991,612
RAW,305.6,10936,10377,3.001,614
RAW,305.8,10980,10394,2.996,613
RAW,306.0,11000,10402,3.001,614
RAW,306.2,11026,10412,3.001,614
RAW,306.3,11030,10420,2.991,612
RAW,306.5,11047,10425,2.991,612
RAW,306.6,11058,10428,3.001,614
RAW,306.8,11073,10434,2.996,613
RAW,306.9,11072,10431,2.991,612
RAW,307.1,11070,10432,2.986,611
RAW,307.2,11069,10429,3.001,614
RAW,307.3,11066,10429,2.991,612
RAW,307.5,11061,10427,2.991,612
RAW,307.6,11056,10426,2.996,613
RAW,307.8,11056,10426,2.996,613
RAW,307.9,11057,10423,2.986,611
RAW,308.0,11062,10422,3.001,614
RAW,308.2,11069,10426,2.996,613
RAW,308.3,11075,10428,2.991,612
RAW,308.5,11085,10432,2.991,612
RAW,308.6,11086,10440,2.996,613
RAW,308.8,11102,10447,2.996,613
RAW,308.9,11106,10452,2.991,612
RAW,309.0,11121,10451,2.991,612
RAW,309.2,11129,10459,2.996,613
RAW,309.3,11131,10461,2.986,611
RAW,309.5,11145,10460,2.991,612
RAW,309.6,11154,10467,2.991,612
RAW,309.8,11162,10469,2.996,613
RAW,309.9,11163,10470,2.986,611
RAW,310.0,11161,10469,2.996,613
RAW,310.2,11172,10477,2.991,612
RAW,310.3,11172,10479,2.991,612
RAW,310.5,11182,10477,2.986,611
RAW,310.6,11174,10475,2.991,612
RAW,310.8,11184,10480,2.986,611
RAW,310.9,11185,10481,2.991,612
RAW,311.1,11194,10480,2.986,611
RAW,311.2,11193,10476,2.996,613
RAW,311.4,11192,10484,2.991,612
RAW,311.5,11185,10485,2.991,612
RAW,311.6,11188,10494,2.986,611
RAW,311.8,11196,10491,2.991,612
RAW,311.9,11209,10498,2.986,611
RAW,312.1,11214,10485,2.986,611
RAW,312.2,11208,10489,2.986,611
RAW,312.4,11188,10476,2.991,612
RAW,312.5,11164,10457,2.986,611
RAW,312.6,11107,10430,2.991,612
RAW,312.8,10992,10377,2.986,611
RAW,312.9,10938,10348,2.991,612
RAW,313.1,10889,10331,2.986,611
RAW,313.2,10872,10327,2.991,612
RAW,313.4,10859,10324,2.991,612
RAW,313.5,10866,10334,2.991,612
RAW,313.7,10888,10342,2.986,611
RAW,313.8,10906,10344,2.991,612
RAW,313.9,10918,10350,2.991,612
RAW,314.1,10947,10376,2.986,611
RAW,314.3,10984,10387,2.986,611
RAW,314.4,11003,10392,2.986,611
RAW,314.6,11031,10406,2.986,611
RAW,314.7,11025,10417,2.986,611
RAW,314.9,11045,10419,2.981,610
RAW,315.0,11057,10423,2.986,611
RAW,315.2,11071,10423,2.986,611
RAW,315.3,11071,10428,2.991,612
RAW,315.5,11067,10425,2.986,611
RAW,315.6,11070,10426,2.986,611
RAW,315.7,11064,10421,2.986,611
RAW,315.9,11066,10424,2.986,611
RAW,316.0,11059,10426,2.981,610
RAW,316.2,11056,10417,2.986,611
RAW,316.3,11063,10423,2.986,611
RAW,316.5,11064,10426,2.986,611
RAW,316.6,11078,10423,2.981,610
RAW,316.7,11073,10431,2.986,611
RAW,316.9,11084,10435,2.986,611
RAW,317.0,11083,10435,2.986,611
RAW,317.2,11102,10440,2.981,610
RAW,317.3,11107,10443,2.986,611
RAW,317.5,11124,10447,2.981,610
RAW,317.6,11133,10453,2.986,611
RAW,317.7,11136,10449,2.986,611
RAW,317.9,11150,10456,2.986,611
RAW,318.0,11145,10461,2.977,609
RAW,318.2,11164,10463,2.981,610
RAW,318.3,11163,10465,2.981,610
RAW,318.5,11167,10462,2.981,610
RAW,318.6,11171,10474,2.981,610
RAW,318.7,11178,10466,2.991,612
RAW,318.9,11182,10479,2.986,611
RAW,319.0,11182,10477,2.981,610
RAW,319.2,11184,10469,2.977,609
RAW,319.3,11176,10475,2.986,611
RAW,319.5,11193,10477,2.981,610
RAW,319.6,11202,10480,2.981,610
RAW,319.8,11194,10473,2.977,609
RAW,319.9,11191,10472,2.986,611
RAW,320.0,11212,10475,2.977,609
RAW,320.2,11201,10479,2.981,610
RAW,320.3,11202,10478,2.981,610
RAW,320.5,11210,10484,2.981,610
RAW,320.6,11209,10479,2.977,609
RAW,320.8,11213,10487,2.981,610
RAW,320.9,11201,10481,2.981,610
RAW,321.0,11186,10457,2.981,610
RAW,321.2,11079,10418,2.972,608
RAW,321.3,11022,10392,2.986,611
RAW,321.5,10944,10349,2.981,610
RAW,321.6,10911,10340,2.977,609
RAW,321.8,10902,10331,2.977,609
RAW,321.9,10888,10324,2.986,611
RAW,322.0,10897,10328,2.972,608
RAW,322.2,10912,10344,2.981,610
RAW,322.3,10934,10351,2.981,610
RAW,322.5,10975,10375,2.981,610
RAW,322.6,10994,10391,2.977,609
RAW,322.8,11028,10397,2.977,609
RAW,322.9,11041,10405,2.981,610
RAW,323.1,11060,10414,2.981,610
RAW,323.2,11063,10417,2.972,608
RAW,323.3,11080,10424,2.986,611
RAW,323.5,11103,10434,2.981,610
RAW,323.6,11108,10430,2.977,609
RAW,323.8,11114,10435,2.972,608
RAW,323.9,11115,10435,2.986,611
RAW,324.1,11103,10435,2.977,609
RAW,324.2,11098,10427,2.977,609
RAW,324.4,11093,10429,2.972,608
RAW,324.5,11077,10419,2.981,610
RAW,324.6,11079,10423,2.972,608
RAW,324.8,11080,10424,2.972,608
RAW,324.9,11078,10423,2.981,610
RAW,325.1,11093,10430,2.981,610
RAW,325.2,11087,10427,2.972,608
RAW,325.4,11099,10436,2.972,608
RAW,325.5,11105,10436,2.977,609
RAW,325.6,11115,10436,2.972,608
RAW,325.8,11125,10439,2.967,607
RAW,325.9,11123,10442,2.986,611
RAW,326.1,11138,10446,2.981,610
RAW,326.2,11141,10451,2.972,608
RAW,326.4,11142,10453,2.967,607
RAW,326.5,11153,10452,2.981,610
RAW,326.7,11164,10458,2.977,609
RAW,326.8,11162,10465,2.972,608
RAW,326.9,11174,10465,2.986,611
RAW,327.1,11177,10468,2.981,610
RAW,327.2,11179,10464,2.967,607
RAW,327.4,11179,10468,2.967,607
RAW,327.5,11184,10469,2.981,610
RAW,327.7,11191,10477,2.981,610
RAW,327.8,11181,10469,2.967,607
RAW,327.9,11197,10471,2.986,611
RAW,328.1,11202,10474,2.981,610
RAW,328.2,11194,10470,2.967,607
RAW,328.4,11205,10475,2.962,606
RAW,328.5,11206,10475,2.986,611
RAW,328.7,11202,10472,2.981,610
RAW,328.8,11179,10454,2.967,607
RAW,329.0,11077,10405,2.962,606
RAW,329.1,11026,10377,2.986,611
RAW,329.2,10978,10353,2.962,606
RAW,329.4,10912,10326,2.967,607
RAW,329.5,10895,10321,2.986,611
RAW,329.7,10866,10320,2.981,610
RAW,329.8,10870,10318,2.962,606
RAW,330.0,10894,10327,2.967,607
RAW,330.1,10907,10328,2.981,610
RAW,330.3,10953,10360,2.986,611
RAW,330.4,10967,10361,2.962,606
RAW,330.6,11006,10380,2.962,606
RAW,330.8,11040,10391,2.957,605
RAW,330.9,11053,10400,2.981,610
RAW,331.1,11066,10415,2.977,609
RAW,331.2,11080,10412,2.967,607
RAW,331.4,11098,10428,2.962,606
RAW,331.5,11100,10417,2.981,610
RAW,331.6,11102,10420,2.962,606
RAW,331.8,11103,10427,2.962,606
RAW,331.9,11102,10417,2.977,609
RAW,332.1,11085,10421,2.981,610
RAW,332.2,11080,10413,2.957,605
RAW,332.4,11067,10403,2.962,606
RAW,332.5,11070,10407,2.981,610
RAW,332.7,11069,10414,2.977,609
RAW,332.8,11080,10413,2.957,605
RAW,332.9,11084,10415,2.981,610
RAW,333.1,11093,10417,2.977,609
RAW,333.2,11095,10422,2.962,606
RAW,333.4,11109,10422,2.957,605
RAW,333.5,11113,10431,2.981,610
RAW,333.6,11115,10429,2.957,605
RAW,333.8,11138,10438,2.962,606
RAW,333.9,11133,10433,2.981,610
RAW,334.1,11145,10437,2.981,610
RAW,334.2,11153,10448,2.962,606
RAW,334.4,11157,10441,2.962,606
RAW,334.5,11165,10441,2.977,609
RAW,334.7,11166,10451,2.981,610
RAW,334.8,11172,10450,2.957,605
RAW,335.0,11182,10452,2.957,605
RAW,335.1,11185,10450,2.977,609
RAW,335.2,11185,10458,2.957,605
RAW,335.4,11188,10451,2.957,605
RAW,335.5,11195,10458,2.986,611
RAW,335.7,11196,10460,2.977,609
RAW,335.8,11198,10471,2.957,605
RAW,336.0,11196,10456,2.957,605
RAW,336.1,11197,10465,2.981,610
RAW,336.3,11204,10465,2.977,609
RAW,336.4,11198,10461,2.957,605
RAW,336.6,11162,10442,2.957,605
RAW,336.7,11101,10400,2.981,610
RAW,336.8,11037,10375,2.957,605
RAW,337.0,10935,10325,2.957,605
RAW,337.1,10908,10317,2.981,610
RAW,337.3,10873,10296,2.981,610
RAW,337.4,10862,10288,2.952,604
RAW,337.6,10865,10294,2.957,605
RAW,337.7,10863,10300,2.977,609
RAW,337.8,10880,10306,2.962,606
RAW,338.0,10913,10324,2.957,605
RAW,338.1,10929,10335,2.981,610
RAW,338.3,10958,10352,2.981,610
RAW,338.4,10984,10363,2.957,605
RAW,338.7,11012,10376,2.977,609
RAW,338.8,11026,10385,2.957,605
RAW,339.0,11041,10387,2.952,604
RAW,339.1,11053,10397,2.981,610
RAW,339.3,11065,10395,2.977,609
RAW,339.4,11064,10398,2.957,605
RAW,339.6,11070,10397,2.952,604
RAW,339.7,11062,10406,2.986,611
RAW,339.8,11057,10394,2.952,604
RAW,340.0,11047,10384,2.957,605
RAW,340.1,11054,10386,2.981,610
RAW,340.3,11052,10388,2.977,609
RAW,340.4,11046,10388,2.952,604
RAW,340.6,11049,10393,2.952,604
RAW,340.7,11053,10391,2.972,608
RAW,340.9,11064,10401,2.977,609
RAW,341.0,11078,10401,2.952,604
RAW,341.2,11085,10406,2.952,604
RAW,341.3,11087,10413,2.972,608
RAW,341.4,11090,10414,2.957,605
RAW,341.6,11102,10414,2.952,604
RAW,341.7,11105,10419,2.981,610
RAW,341.9,11125,10419,2.977,609
RAW,342.0,11120,10420,2.957,605
RAW,342.2,11136,10433,2.957,605
RAW,342.3,11139,10434,2.981,610
RAW,342.4,11139,10430,2.957,605
RAW,342.6,11142,10435,2.957,605
RAW,342.7,11152,10429,2.981,610
RAW,342.9,11151,10443,2.977,609
RAW,343.0,11156,10438,2.952,604
RAW,343.2,11167,10436,2.952,604
RAW,343.3,11160,10444,2.977,609
RAW,343.4,11164,10441,2.957,605
RAW,343.6,11169,10444,2.952,604
RAW,343.7,11169,10444,2.981,610
RAW,343.9,11172,10450,2.972,608
RAW,344.0,11162,10448,2.952,604
RAW,344.2,11108,10406,2.952,604
RAW,344.3,11047,10379,2.981,610
RAW,344.4,10989,10346,2.952,604
RAW,344.6,10894,10309,2.952,604
RAW,344.7,10859,10296,2.981,610
RAW,344.9,10831,10283,2.977,609
RAW,345.0,10832,10292,2.952,604
RAW,345.2,10825,10288,2.952,604
RAW,345.3,10826,10293,2.977,609
RAW,345.5,10842,10299,2.981,610
RAW,345.6,10857,10306,2.947,603
RAW,345.8,10872,10316,2.952,604
RAW,346.0,10892,10328,2.947,603
RAW,346.1,10895,10332,2.981,610
RAW,346.3,10924,10342,2.977,609
RAW,346.4,10937,10346,2.952,604
RAW,346.6,10976,10367,2.947,603
RAW,346.7,10977,10366,2.977,609
RAW,346.9,11002,10385,2.972,608
RAW,347.0,11005,10381,2.952,604
RAW,347.2,11011,10382,2.952,604
RAW,347.3,11008,10379,2.981,610
RAW,347.5,11005,10381,2.977,609
RAW,347.6,11012,10377,2.947,603
RAW,347.7,11006,10382,2.977,609
RAW,347.9,10997,10369,2.977,609
RAW,348.0,11010,10374,2.952,604
RAW,348.2,11012,10374,2.957,605
RAW,348.3,11019,10379,2.977,609
RAW,348.4,11018,10376,2.952,604
RAW,348.6,11018,10390,2.947,603
RAW,348.7,11022,10386,2.981,610
RAW,348.9,11039,10390,2.977,609
RAW,349.0,11048,10406,2.952,604
RAW,349.2,11053,10405,2.952,604
RAW,349.3,11062,10404,2.981,610
RAW,349.5,11069,10410,2.977,609
RAW,349.6,11070,10413,2.952,604
RAW,349.7,11078,10417,2.981,610
RAW,349.9,11085,10415,2.981,610
RAW,350.0,11086,10425,2.952,604
RAW,350.2,11086,10423,2.952,604
RAW,350.3,11092,10418,2.981,610
RAW,350.5,11095,10416,2.977,609
RAW,350.6,11099,10429,2.947,603
RAW,350.8,11102,10429,2.947,603
RAW,350.9,11107,10433,2.977,609
RAW,351.0,11098,10432,2.952,604
RAW,351.2,11074,10403,2.947,603
RAW,351.3,11026,10382,2.977,609
RAW,351.5,10912,10321,2.977,609
RAW,351.6,10866,10300,2.957,605
RAW,351.8,10816,10280,2.947,603
RAW,351.9,10802,10276,2.981,610
RAW,352.0,10797,10277,2.947,603
RAW,352.2,10799,10281,2.947,603
RAW,352.3,10789,10279,2.981,610
RAW,352.5,10796,10284,2.981,610
RAW,352.6,10803,10279,2.947,603
RAW,352.8,10824,10282,2.947,603
RAW,352.9,10839,10290,2.977,609
RAW,353.0,10842,10287,2.947,603
RAW,353.2,10852,10304,2.947,603
RAW,353.4,10894,10320,2.947,603
RAW,353.5,10914,10327,2.981,610
RAW,353.7,10939,10342,2.977,609
RAW,353.8,10953,10340,2.947,603
RAW,354.0,10963,10348,2.947,603
RAW,354.1,10970,10347,2.977,609
RAW,354.2,10967,10347,2.952,604
RAW,354.4,10961,10342,2.947,603
RAW,354.5,10962,10346,2.981,610
RAW,354.7,10955,10338,2.977,609
RAW,354.8,10954,10336,2.952,604
RAW,355.0,10951,10345,2.947,603
RAW,355.1,10951,10342,2.981,610
RAW,355.2,10956,10342,2.947,603
RAW,355.4,10961,10341,2.952,604
RAW,355.5,10967,10346,2.981,610
RAW,355.7,10989,10354,2.981,610
RAW,355.8,10993,10358,2.947,603
RAW,356.0,10997,10364,2.952,604
RAW,356.1,11000,10369,2.981,610
RAW,356.2,11014,10372,2.952,604
RAW,356.4,11018,10374,2.952,604
RAW,356.5,11023,10370,2.986,611
RAW,356.7,11040,10379,2.977,609
RAW,356.8,11042,10380,2.952,604
RAW,357.0,11055,10385,2.947,603
RAW,357.1,11050,10382,2.986,611
RAW,357.3,11058,10388,2.977,609
RAW,357.4,11061,10387,2.952,604
RAW,357.6,11080,10390,2.952,604
RAW,357.7,11074,10398,2.986,611
RAW,357.8,11086,10399,2.947,603
RAW,358.0,11081,10391,2.952,604
RAW,358.1,11052,10369,2.977,609
RAW,358.3,10964,10322,2.981,610
RAW,358.4,10898,10292,2.952,604
RAW,358.5,10846,10268,2.986,611
RAW,358.7,10781,10241,2.981,610
RAW,358.8,10771,10239,2.957,605
RAW,359.0,10757,10237,2.947,603
RAW,359.1,10760,10232,2.986,611
RAW,359.3,10770,10248,2.977,609
RAW,359.4,10779,10246,2.952,604
RAW,359.5,10788,10247,2.981,610
RAW,359.7,10826,10265,2.986,611
RAW,359.8,10837,10277,2.952,604
RAW,360.0,10873,10285,2.952,604
RAW,360.1,10890,10299,2.981,610
RAW,360.4,10940,10316,2.952,604
RAW,360.5,10950,10325,2.986,611
RAW,360.7,10969,10330,2.986,611
RAW,360.8,10974,10322,2.952,604
RAW,361.0,10977,10330,2.952,604
RAW,361.1,10981,10331,2.986,611
RAW,361.3,10967,10329,2.986,611
RAW,361.4,10969,10322,2.947,603
RAW,361.5,10965,10318,2.986,611
RAW,361.7,10965,10314,2.981,610
RAW,361.8,10966,10316,2.952,604
RAW,362.0,10963,10320,2.947,603
RAW,362.1,10980,10324,2.991,612
RAW,362.3,10985,10324,2.981,610
RAW,362.4,10995,10328,2.952,604
RAW,362.6,11009,10333,2.947,603
RAW,362.7,11009,10333,2.981,610
RAW,362.8,11022,10344,2.952,604
RAW,363.0,11031,10345,2.952,604
RAW,363.1,11041,10343,2.981,610
RAW,363.3,11043,10350,2.986,611
RAW,363.4,11052,10352,2.947,603
RAW,363.6,11061,10354,2.952,604
RAW,363.7,11070,10356,2.981,610
RAW,363.9,11075,10351,2.986,611
RAW,364.0,11083,10359,2.947,603
RAW,364.1,11089,10359,2.986,611
RAW,364.3,11087,10362,2.986,611
RAW,364.4,11087,10359,2.952,604
RAW,364.6,11102,10359,2.947,603
RAW,364.7,11100,10363,2.981,610
RAW,364.9,11099,10358,2.981,610
RAW,365.0,11103,10365,2.952,604
RAW,365.1,11110,10362,2.981,610
RAW,365.3,11102,10370,2.986,611
RAW,365.4,11110,10362,2.947,603
RAW,365.6,11082,10356,2.952,604
RAW,365.7,11037,10317,2.986,611
RAW,365.9,10926,10270,2.981,610
RAW,366.0,10897,10261,2.947,603
RAW,366.2,10843,10236,2.947,603
RAW,366.3,10827,10230,2.981,610
RAW,366.4,10832,10231,2.947,603
RAW,366.6,10846,10241,2.942,602
RAW,366.7,10865,10246,2.986,611
RAW,366.9,10897,10262,2.986,611
RAW,367.0,10907,10265,2.952,604
RAW,367.2,10940,10279,2.947,603
RAW,367.3,10951,10287,2.986,611
RAW,367.5,10977,10296,2.981,610
RAW,367.6,10987,10303,2.952,604
RAW,367.7,10998,10310,2.981,610
RAW,367.9,11019,10318,2.986,611
RAW,368.0,11035,10324,2.947,603
RAW,368.2,11036,10323,2.947,603
RAW,368.3,11041,10321,2.981,610
RAW,368.5,11043,10316,2.986,611
RAW,368.6,11033,10321,2.942,602
RAW,368.7,11033,10315,2.986,611
RAW,368.9,11026,10318,2.981,610
RAW,369.0,11024,10319,2.947,603
RAW,369.2,11032,10308,2.947,603
RAW,369.3,11028,10312,2.986,611
RAW,369.4,11033,10309,2.947,603
RAW,369.6,11032,10316,2.947,603
RAW,369.7,11032,10315,2.981,610
RAW,369.9,11043,10313,2.981,610
RAW,370.0,11054,10313,2.947,603
RAW,370.2,11057,10319,2.947,603
RAW,370.3,11058,10320,2.977,609
RAW,370.4,11064,10327,2.947,603
RAW,370.6,11068,10322,2.942,602
RAW,370.7,11073,10322,2.986,611
RAW,370.9,11073,10325,2.977,609
RAW,371.0,11067,10322,2.952,604
RAW,371.2,11073,10328,2.942,602
RAW,371.3,11083,10322,2.981,610
RAW,371.4,11082,10318,2.947,603
RAW,371.6,11085,10321,2.947,603
RAW,371.7,11081,10327,2.981,610
RAW,371.9,11079,10320,2.981,610
RAW,372.0,11083,10321,2.942,602
RAW,372.2,11093,10314,2.942,602
RAW,372.3,11087,10321,2.977,609
RAW,372.5,11090,10319,2.981,610
RAW,372.6,11091,10318,2.947,603
RAW,372.7,11097,10316,2.986,611
RAW,372.9,11067,10300,2.981,610
RAW,373.0,11043,10290,2.947,603
RAW,373.2,10931,10233,2.942,602
RAW,373.3,10911,10227,2.981,610
RAW,373.4,10880,10217,2.947,603
RAW,373.6,10875,10209,2.942,602
RAW,373.7,10864,10206,2.981,610
RAW,373.9,10879,10219,2.981,610
RAW,374.0,10889,10228,2.942,602
RAW,374.2,10922,10240,2.947,603
RAW,374.3,10930,10236,2.981,610
RAW,374.4,10942,10250,2.942,602
RAW,374.6,10974,10265,2.937,601
RAW,374.7,10984,10263,2.981,610
RAW,374.9,11003,10273,2.977,609
RAW,375.0,11010,10280,2.947,603
RAW,375.2,11029,10287,2.942,602
RAW,375.3,11028,10289,2.981,610
RAW,375.4,11033,10285,2.942,602
RAW,375.6,11024,10278,2.947,603
RAW,375.7,11033,10283,2.981,610
RAW,375.9,11018,10276,2.986,611
RAW,376.0,11030,10279,2.942,602
RAW,376.2,11019,10282,2.942,602
RAW,376.3,11021,10274,2.981,610
RAW,376.5,11020,10280,2.981,610
RAW,376.6,11030,10272,2.942,602
RAW,376.8,11032,10280,2.942,602
RAW,376.9,11029,10278,2.981,610
RAW,377.0,11027,10278,2.942,602
RAW,377.2,11038,10287,2.937,601
RAW,377.3,11035,10284,2.981,610
RAW,377.5,11044,10284,2.981,610
RAW,377.6,11045,10288,2.942,602
RAW,377.8,11056,10290,2.937,601
RAW,377.9,11055,10293,2.981,610
RAW,378.0,11059,10284,2.942,602
RAW,378.2,11061,10290,2.947,603
RAW,378.3,11058,10286,2.981,610
RAW,378.5,11059,10284,2.981,610
RAW,378.6,11063,10292,2.942,602
RAW,378.8,11067,10284,2.937,601
RAW,378.9,11062,10285,2.981,610
RAW,379.1,11065,10288,2.981,610
RAW,379.2,11063,10283,2.937,601
RAW,379.3,11070,10281,2.981,610
RAW,379.5,11069,10284,2.977,609
RAW,379.6,11070,10287,2.942,602
RAW,379.8,11072,10287,2.937,601
RAW,379.9,11065,10285,2.981,610
RAW,380.1,11032,10259,2.977,609
RAW,380.2,10999,10242,2.942,602
RAW,380.3,10941,10215,2.981,610
RAW,380.5,10872,10188,2.981,610
RAW,380.7,10843,10179,2.981,610
RAW,380.9,10837,10177,2.981,610
RAW,381.1,10856,10182,2.981,610
RAW,381.3,10882,10188,2.986,611
RAW,381.5,10909,10206,2.977,609
RAW,381.7,10924,10224,2.981,610
RAW,381.9,10953,10235,2.977,609
RAW,382.0,10963,10227,2.942,602
RAW,382.2,10983,10233,2.937,601
RAW,382.3,10984,10240,2.981,610
RAW,382.5,10998,10241,2.977,609
RAW,382.6,11002,10244,2.942,602
RAW,382.8,11010,10244,2.937,601
RAW,382.9,11007,10243,2.981,610
RAW,383.0,11009,10239,2.937,601
RAW,383.2,11002,10235,2.937,601
RAW,383.3,10994,10241,2.981,610
RAW,383.5,10992,10237,2.981,610
RAW,383.6,10990,10238,2.937,601
RAW,383.8,10996,10235,2.937,601
RAW,383.9,10996,10235,2.981,610
RAW,384.0,10998,10236,2.942,602
RAW,384.2,11002,10236,2.937,601
RAW,384.3,11004,10242,2.981,610
RAW,384.5,11009,10242,2.977,609
RAW,384.6,11017,10249,2.942,602
RAW,384.8,11015,10248,2.937,601
RAW,384.9,11022,10240,2.981,610
RAW,385.1,11027,10249,2.981,610
RAW,385.2,11028,10246,2.942,602
RAW,385.3,11031,10250,2.977,609
RAW,385.5,11029,10254,2.981,610
RAW,385.6,11032,10249,2.942,602
RAW,385.8,11033,10257,2.937,601
RAW,385.9,11037,10252,2.981,610
RAW,386.1,11044,10253,2.981,610
RAW,386.2,11044,10257,2.937,601
RAW,386.3,11043,10262,2.981,610
RAW,386.5,11041,10255,2.977,609
RAW,386.6,11049,10254,2.942,602
RAW,386.8,11046,10254,2.937,601
RAW,386.9,11034,10253,2.981,610
RAW,387.1,11050,10259,2.977,609
RAW,387.2,11056,10255,2.942,602
RAW,387.4,11048,10257,2.937,601
RAW,387.5,11036,10249,2.986,611
RAW,387.6,11020,10241,2.937,601
RAW,387.8,10924,10189,2.942,602
RAW,387.9,10869,10167,2.981,610
RAW,388.1,10820,10143,2.981,610
RAW,388.2,10787,10134,2.937,601
RAW,388.4,10769,10130,2.937,601
RAW,388.5,10790,10135,2.977,609
RAW,388.6,10789,10143,2.942,602
RAW,388.8,10830,10152,2.937,601
RAW,388.9,10838,10161,2.981,610
RAW,389.1,10865,10171,2.981,610
RAW,389.2,10873,10179,2.942,602
RAW,389.4,10890,10183,2.937,601
RAW,389.6,10913,10195,2.937,601
RAW,389.7,10907,10195,2.977,609
RAW,389.9,10939,10206,2.981,610
RAW,390.0,10938,10209,2.937,601
RAW,390.2,10949,10213,2.937,601
RAW,390.3,10954,10216,2.977,609
RAW,390.5,10960,10222,2.981,610
RAW,390.6,10959,10215,2.937,601
RAW,390.7,10956,10215,2.981,610
RAW,390.9,10955,10215,2.981,610
RAW,391.0,10945,10208,2.942,602
RAW,391.2,10943,10207,2.937,601
RAW,391.3,10943,10213,2.981,610
RAW,391.5,10944,10221,2.981,610
RAW,391.6,10944,10219,2.942,602
RAW,391.8,10958,10221,2.937,601
RAW,391.9,10969,10216,2.981,610
RAW,392.0,10966,10228,2.937,601
RAW,392.2,10977,10220,2.942,602
RAW,392.3,10979,10227,2.981,610
RAW,392.5,10995,10233,2.977,609
RAW,392.6,10993,10229,2.937,601
RAW,392.8,11004,10237,2.942,602
RAW,392.9,11001,10232,2.977,609
RAW,393.0,11010,10236,2.947,603
RAW,393.2,11013,10238,2.937,601
RAW,393.3,11013,10233,2.981,610
RAW,393.5,11017,10233,2.981,610
RAW,393.6,11020,10235,2.937,601
RAW,393.8,11019,10243,2.937,601
RAW,393.9,11016,10242,2.981,610
RAW,394.0,11019,10241,2.937,601
RAW,394.2,11024,10240,2.942,602
RAW,394.3,11020,10237,2.981,610
RAW,394.5,11022,10240,2.981,610
RAW,394.6,11019,10245,2.942,602
RAW,394.8,11028,10231,2.942,602
RAW,394.9,11028,10235,2.981,610
RAW,395.1,11028,10245,2.981,610
RAW,395.2,11030,10240,2.937,601
RAW,395.3,11034,10238,2.986,611
RAW,395.5,10998,10217,2.977,609
RAW,395.6,10953,10190,2.947,603
RAW,395.8,10841,10143,2.937,601
RAW,395.9,10817,10131,2.986,611
RAW,396.1,10763,10112,2.981,610
RAW,396.2,10760,10115,2.947,603
RAW,396.3,10753,10118,2.981,610
RAW,396.5,10773,10125,2.981,610
RAW,396.6,10798,10136,2.942,602
RAW,396.8,10824,10146,2.942,602
RAW,396.9,10841,10154,2.981,610
RAW,397.1,10860,10166,2.986,611
RAW,397.2,10866,10170,2.942,602
RAW,397.5,10913,10188,2.986,611
RAW,397.6,10911,10183,2.942,602
RAW,397.8,10926,10190,2.947,603
RAW,397.9,10946,10198,2.981,610
RAW,398.1,10947,10202,2.981,610
RAW,398.2,10951,10203,2.937,601
RAW,398.3,10947,10202,2.986,611
RAW,398.5,10945,10200,2.981,610
RAW,398.6,10951,10205,2.947,603
RAW,398.8,10939,10200,2.942,602
RAW,398.9,10936,10198,2.986,611
RAW,399.1,10936,10197,2.986,611
RAW,399.2,10942,10194,2.947,603
RAW,399.3,10943,10196,2.981,610
RAW,399.5,10949,10204,2.986,611
RAW,399.6,10946,10203,2.947,603
RAW,399.8,10966,10215,2.947,603
RAW,399.9,10970,10207,2.981,610
RAW,400.1,10971,10220,2.986,611
RAW,400.2,10980,10213,2.942,602
RAW,400.3,10987,10213,2.991,612
RAW,400.5,10995,10222,2.986,611
RAW,400.6,10997,10223,2.947,603
RAW,400.8,10995,10222,2.942,602
RAW,400.9,10998,10225,2.991,612
RAW,401.1,11006,10223,2.981,610
RAW,401.2,11006,10228,2.947,603
RAW,401.3,11010,10228,2.986,611
RAW,401.5,11012,10229,2.986,611
RAW,401.6,11012,10227,2.947,603
RAW,401.8,11011,10228,2.947,603
RAW,401.9,11017,10231,2.986,611
RAW,402.1,11018,10231,2.986,611
RAW,402.2,11024,10229,2.947,603
RAW,402.4,11023,10233,2.952,604
RAW,402.5,11028,10237,2.986,611
RAW,402.7,11032,10232,2.986,611
RAW,402.8,11029,10230,2.947,603
RAW,402.9,11026,10230,2.986,611
RAW,403.1,11032,10238,2.986,611
RAW,403.2,11035,10234,2.947,603
RAW,403.4,11034,10234,2.942,602
RAW,403.5,11039,10230,2.986,611
RAW,403.6,11034,10232,2.947,603
RAW,403.8,11007,10214,2.952,604
RAW,403.9,10973,10190,2.986,611
RAW,404.1,10857,10145,2.991,612
RAW,404.2,10833,10137,2.952,604
RAW,404.4,10803,10120,2.947,603
RAW,404.5,10792,10114,2.991,612
RAW,404.7,10800,10127,2.991,612
RAW,404.8,10812,10126,2.947,603
RAW,404.9,10824,10131,2.991,612
RAW,405.1,10856,10152,2.991,612
RAW,405.2,10865,10155,2.952,604
RAW,405.4,10899,10173,2.947,603
RAW,405.5,10916,10177,2.991,612
RAW,405.7,10933,10183,2.991,612
RAW,405.8,10942,10190,2.952,604
RAW,406.0,10969,10196,2.947,603
RAW,406.1,10961,10194,2.991,612
RAW,406.2,10969,10208,2.952,604
RAW,406.4,10977,10197,2.957,605
RAW,406.5,10974,10203,2.991,612
RAW,406.7,10979,10196,2.991,612
RAW,406.8,10976,10197,2.952,604
RAW,407.0,10969,10199,2.952,604
RAW,407.1,10964,10190,2.986,611
RAW,407.2,10962,10197,2.957,605
RAW,407.4,10968,10193,2.947,603
RAW,407.5,10957,10200,2.996,613
RAW,407.7,10976,10200,2.986,611
RAW,407.8,10970,10198,2.957,605
RAW,407.9,10973,10210,2.991,612
RAW,408.1,10989,10212,2.996,613
RAW,408.2,10988,10208,2.952,604
RAW,408.4,10987,10210,2.957,605
RAW,408.5,11003,10207,2.991,612
RAW,408.7,11009,10218,2.996,613
RAW,408.8,11004,10214,2.957,605
RAW,408.9,11011,10217,2.996,613
RAW,409.1,11007,10210,2.991,612
RAW,409.2,11010,10214,2.957,605
RAW,409.4,11006,10216,2.952,604
RAW,409.5,11015,10211,2.996,613
RAW,409.7,11018,10210,2.991,612
RAW,409.8,11017,10219,2.962,606
RAW,410.0,11021,10214,2.952,604
RAW,410.1,11020,10215,2.996,613
RAW,410.2,11027,10217,2.957,605
RAW,410.4,11026,10218,2.957,605
RAW,410.5,11023,10210,2.996,613
RAW,410.7,11028,10212,3.001,614
RAW,410.8,11028,10216,2.952,604
RAW,411.0,11040,10222,2.957,605
RAW,411.1,11044,10223,2.991,612
RAW,411.3,11037,10212,2.991,612
RAW,411.4,11031,10221,2.957,605
RAW,411.5,11038,10221,2.996,613
RAW,411.7,11029,10219,2.991,612
RAW,411.8,11015,10206,2.962,606
RAW,412.0,10933,10161,2.957,605
RAW,412.1,10881,10142,2.996,613
RAW,412.3,10834,10122,2.996,613
RAW,412.4,10812,10123,2.957,605
RAW,412.5,10811,10109,2.991,612
RAW,412.7,10815,10120,2.996,613
RAW,412.8,10826,10128,2.962,606
RAW,413.0,10856,10140,2.957,605
RAW,413.1,10869,10139,2.996,613
RAW,413.3,10907,10161,3.001,614
RAW,413.4,10924,10162,2.957,605
RAW,413.5,10930,10165,2.996,613
RAW,413.7,10949,10175,2.996,613
RAW,413.8,10960,10190,2.962,606
RAW,414.0,10979,10182,2.957,605
RAW,414.1,10980,10189,3.001,614
RAW,414.3,10977,10192,2.991,612
RAW,414.4,10980,10191,2.962,606
RAW,414.5,10984,10191,2.996,613
RAW,414.7,10979,10187,2.996,613
RAW,414.8,10971,10188,2.957,605
RAW,415.0,10970,10192,2.957,605
RAW,415.1,10973,10185,2.996,613
RAW,415.3,10961,10182,3.001,614
RAW,415.4,10972,10190,2.962,606
RAW,415.5,10966,10181,2.996,613
RAW,415.7,10971,10188,2.991,612
RAW,415.8,10975,10186,2.962,606
RAW,416.0,10977,10189,2.962,606
RAW,416.1,10982,10193,2.996,613
RAW,416.3,10986,10193,2.996,613
RAW,416.4,10988,10190,2.962,606
RAW,416.5,10995,10190,2.996,613
RAW,416.7,10999,10194,2.996,613
RAW,416.8,10995,10194,2.962,606
RAW,417.0,11006,10199,2.957,605
RAW,417.1,11001,10197,2.996,613
RAW,417.3,11008,10195,2.996,613
RAW,417.4,11010,10199,2.957,605
RAW,417.5,11015,10201,2.996,613
RAW,417.7,11023,10202,2.996,613
RAW,417.9,11020,10199,2.996,613
RAW,418.1,11017,10208,2.991,612
RAW,418.3,11026,10204,3.001,614
RAW,418.5,11018,10208,2.991,612
RAW,418.7,11025,10202,2.996,613
RAW,418.9,11027,10206,2.996,613
RAW,419.1,11023,10203,2.996,613
RAW,419.3,11040,10209,2.991,612
RAW,419.4,11026,10201,2.967,607
RAW,419.6,11005,10188,2.962,606
RAW,419.8,10913,10136,2.962,606
RAW,420.0,10824,10105,2.957,605
RAW,420.2,10777,10085,2.962,606
RAW,420.4,10766,10086,2.957,605
RAW,420.6,10789,10093,2.957,605
RAW,420.9,10834,10112,2.991,612
RAW,421.1,10860,10130,2.991,612
RAW,421.2,10871,10139,2.962,606
RAW,421.4,10893,10140,2.962,606
RAW,421.5,10906,10155,2.991,612
RAW,421.7,10926,10151,2.996,613
RAW,421.8,10936,10162,2.957,605
RAW,421.9,10947,10161,2.996,613
RAW,422.1,10953,10163,2.991,612
RAW,422.2,10959,10174,2.962,606
RAW,422.4,10957,10168,2.952,604
RAW,422.5,10956,10167,2.991,612
RAW,422.7,10953,10170,2.991,612
RAW,422.8,10947,10163,2.957,605
RAW,423.0,10940,10167,2.957,605
RAW,423.1,10935,10164,2.996,613
RAW,423.2,10938,10164,2.957,605
RAW,423.4,10942,10160,2.957,605
RAW,423.5,10947,10169,2.991,612
RAW,423.7,10955,10173,2.996,613
RAW,423.8,10955,10168,2.957,605
RAW,424.0,10964,10183,2.957,605
RAW,424.1,10966,10177,2.991,612
RAW,424.2,10966,10170,2.957,605
RAW,424.4,10980,10178,2.957,605
RAW,424.5,10981,10184,2.996,613
RAW,424.7,10986,10182,2.991,612
RAW,424.8,10988,10187,2.962,606
RAW,425.0,10996,10188,2.957,605
RAW,425.1,10998,10182,2.991,612
RAW,425.2,10996,10186,2.957,605
RAW,425.4,10993,10191,2.957,605
RAW,425.5,11007,10189,2.991,612
RAW,425.7,11008,10190,2.991,612
RAW,425.8,11005,10188,2.957,605
RAW,426.0,11009,10193,2.957,605
RAW,426.1,11011,10187,2.986,611
RAW,426.2,11009,10195,2.962,606
RAW,426.4,11012,10190,2.957,605
RAW,426.5,11008,10191,2.991,612
RAW,426.7,11011,10192,2.991,612
RAW,426.8,11017,10190,2.962,606
RAW,427.0,11020,10198,2.957,605
RAW,427.1,11021,10194,2.991,612
RAW,427.2,11019,10191,2.957,605
RAW,427.4,11025,10192,2.962,606
RAW,427.5,11002,10181,2.986,611
RAW,427.7,10930,10149,2.991,612
RAW,427.8,10873,10109,2.957,605
RAW,428.0,10796,10083,2.957,605
RAW,428.1,10769,10072,2.986,611
RAW,428.3,10742,10062,2.991,612
RAW,428.4,10748,10069,2.957,605
RAW,428.5,10756,10072,2.991,612
RAW,428.7,10780,10087,2.986,611
RAW,428.8,10789,10092,2.962,606
RAW,429.0,10824,10106,2.952,604
RAW,429.1,10843,10114,2.991,612
RAW,429.3,10867,10120,2.986,611
RAW,429.4,10869,10130,2.957,605
RAW,429.6,10885,10138,2.957,605
RAW,429.7,10891,10139,2.991,612
RAW,429.8,10905,10145,2.957,605
RAW,430.0,10926,10149,2.957,605
RAW,430.1,10930,10150,2.991,612
RAW,430.3,10930,10160,2.986,611
RAW,430.4,10933,10151,2.952,604
RAW,430.6,10933,10155,2.957,605
RAW,430.7,10930,10151,2.991,612
RAW,430.8,10928,10146,2.957,605
RAW,431.0,10925,10140,2.952,604
RAW,431.1,10917,10153,2.986,611
RAW,431.3,10922,10149,2.986,611
RAW,431.4,10925,10148,2.957,605
RAW,431.6,10924,10146,2.952,604
RAW,431.7,10928,10157,2.991,612
RAW,431.8,10930,10154,2.962,606
RAW,432.0,10941,10153,2.957,605
RAW,432.1,10945,10161,2.986,611
RAW,432.3,10954,10157,2.991,612
RAW,432.4,10953,10160,2.957,605
RAW,432.6,10966,10166,2.962,606
RAW,432.7,10967,10166,2.986,611
RAW,432.8,10973,10177,2.962,606
RAW,433.0,10975,10169,2.957,605
RAW,433.1,10984,10178,2.991,612
RAW,433.3,10985,10172,2.986,611
RAW,433.4,10992,10176,2.962,606
RAW,433.6,10990,10179,2.957,605
RAW,433.7,10979,10175,2.986,611
RAW,433.9,10997,10170,2.986,611
RAW,434.0,10996,10173,2.957,605
RAW,434.1,10998,10176,2.981,610
RAW,434.3,10999,10176,2.991,612
RAW,434.4,11001,10185,2.957,605
RAW,434.6,11004,10172,2.962,606
RAW,434.7,11010,10180,2.986,611
RAW,434.9,11011,10181,2.986,611
RAW,435.0,11013,10184,2.957,605
RAW,435.2,11009,10186,2.957,605
RAW,435.3,11008,10176,2.981,610
RAW,435.4,11009,10178,2.957,605
RAW,435.6,11010,10185,2.952,604
RAW,435.7,11018,10181,2.991,612
RAW,435.9,10985,10160,2.981,610
RAW,436.0,10949,10140,2.957,605
RAW,436.1,10877,10111,2.981,610
RAW,436.3,10796,10078,2.981,610
RAW,436.4,10760,10062,2.957,605
RAW,436.6,10727,10048,2.957,605
RAW,436.7,10737,10064,2.981,610
RAW,436.9,10752,10066,2.981,610
RAW,437.0,10772,10062,2.957,605
RAW,437.2,10795,10087,2.957,605
RAW,437.3,10817,10096,2.981,610
RAW,437.5,10835,10104,2.986,611
RAW,437.6,10849,10114,2.957,605
RAW,437.8,10869,10117,2.962,606
RAW,437.9,10877,10123,2.981,610
RAW,438.1,10901,10132,2.986,611
RAW,438.2,10907,10134,2.957,605
RAW,438.4,10921,10143,2.957,605
RAW,438.5,10929,10140,2.981,610
RAW,438.7,10933,10152,2.986,611
RAW,438.8,10935,10145,2.957,605
RAW,439.0,10930,10143,2.957,605
RAW,439.1,10924,10137,2.981,610
RAW,439.2,10924,10138,2.962,606
RAW,439.4,10917,10140,2.952,604
RAW,439.5,10924,10130,2.981,610
RAW,439.7,10920,10141,2.981,610
RAW,439.8,10919,10143,2.957,605
RAW,440.0,10925,10146,2.957,605
RAW,440.1,10934,10141,2.986,611
RAW,440.3,10940,10142,2.981,610
RAW,440.4,10946,10145,2.957,605
RAW,440.5,10954,10145,2.981,610
RAW,440.7,10968,10152,2.986,611
RAW,440.8,10963,10160,2.952,604
RAW,441.0,10972,10159,2.957,605
RAW,441.1,10978,10160,2.981,610
RAW,441.2,10974,10165,2.962,606
RAW,441.4,10981,10165,2.952,604
RAW,441.5,10983,10161,2.986,611
RAW,441.7,10984,10165,2.981,610
RAW,441.8,10985,10163,2.962,606
RAW,442.0,10988,10164,2.957,605
RAW,442.1,10994,10164,2.981,610
RAW,442.3,10996,10170,2.981,610
RAW,442.4,10998,10158,2.962,606
RAW,442.5,11004,10165,2.981,610
RAW,442.7,11004,10169,2.981,610
RAW,442.8,11006,10169,2.957,605
RAW,443.0,11004,10169,2.957,605
RAW,443.1,11004,10171,2.977,609
RAW,443.3,11006,10168,2.981,610
RAW,443.4,11005,10175,2.957,605
RAW,443.5,11009,10170,2.981,610
RAW,443.7,11008,10172,2.981,610
RAW,443.8,11013,10173,2.957,605
RAW,444.0,11013,10172,2.952,604
RAW,444.1,11018,10174,2.981,610
RAW,444.3,11001,10165,2.981,610
RAW,444.4,10998,10157,2.957,605
RAW,444.5,10960,10135,2.981,610
RAW,444.7,10856,10090,2.981,610
RAW,444.8,10813,10077,2.957,605
RAW,445.0,10766,10049,2.957,605
RAW,445.1,10757,10045,2.981,610
RAW,445.3,10759,10052,2.986,611
RAW,445.4,10765,10065,2.957,605
RAW,445.6,10801,10075,2.957,605
RAW,445.7,10817,10081,2.981,610
RAW,445.9,10831,10093,2.986,611
RAW,446.0,10853,10100,2.962,606
RAW,446.1,10873,10107,2.981,610
RAW,446.3,10895,10114,2.981,610
RAW,446.4,10909,10118,2.962,606
RAW,446.6,10908,10131,2.957,605
RAW,446.7,10923,10130,2.981,610
RAW,446.9,10934,10140,2.981,610
RAW,447.0,10946,10139,2.962,606
RAW,447.2,10943,10136,2.957,605
RAW,447.3,10940,10139,2.981,610
RAW,447.4,10941,10132,2.962,606
RAW,447.6,10938,10130,2.967,607
RAW,447.7,10929,10131,2.981,610
RAW,447.9,10936,10125,2.986,611
RAW,448.0,10936,10129,2.957,605
RAW,448.2,10926,10125,2.957,605
RAW,448.3,10924,10127,2.977,609
RAW,448.4,10929,10133,2.967,607
RAW,448.6,10939,10136,2.957,605
RAW,448.7,10942,10136,2.986,611
RAW,448.9,10953,10137,2.981,610
RAW,449.0,10957,10141,2.962,606
RAW,449.2,10971,10149,2.962,606
RAW,449.3,10963,10148,2.981,610
RAW,449.5,10967,10152,2.981,610
RAW,449.6,10975,10150,2.962,606
RAW,449.7,10983,10153,2.981,610
RAW,449.9,10987,10162,2.981,610
RAW,450.0,10993,10158,2.962,606
RAW,450.2,10990,10161,2.962,606
RAW,450.3,11002,10161,2.981,610
RAW,450.5,10990,10168,2.981,610
RAW,450.6,10996,10170,2.957,605
RAW,450.8,11000,10175,2.967,607
RAW,450.9,10994,10179,2.977,609
RAW,451.0,10995,10174,2.962,606
RAW,451.2,11007,10180,2.962,606
RAW,451.3,11013,10182,2.986,611
RAW,451.5,11012,10180,2.981,610
RAW,451.6,11018,10177,2.962,606
RAW,451.8,11016,10183,2.962,606
RAW,451.9,11019,10184,2.986,611
RAW,452.1,11009,10178,2.981,610
RAW,452.2,10996,10172,2.962,606
RAW,452.3,10965,10148,2.981,610
RAW,452.5,10847,10094,2.986,611
RAW,452.6,10810,10067,2.962,606
RAW,452.8,10738,10040,2.967,607
RAW,452.9,10717,10037,2.981,610
RAW,453.0,10717,10028,2.967,607
RAW,453.2,10718,10033,2.962,606
RAW,453.3,10734,10041,2.981,610
RAW,453.5,10764,10058,2.981,610
RAW,453.6,10777,10060,2.967,607
RAW,453.8,10813,10072,2.962,606
RAW,454.0,10835,10087,2.967,607
RAW,454.1,10841,10095,2.981,610
RAW,454.3,10858,10107,2.981,610
RAW,454.4,10869,10098,2.967,607
RAW,454.7,10888,10110,2.981,610
RAW,454.8,10904,10114,2.967,607
RAW,455.0,10904,10117,2.972,608
RAW,455.1,10904,10117,2.981,610
RAW,455.3,10899,10117,2.986,611
RAW,455.4,10892,10112,2.967,607
RAW,455.6,10885,10109,2.967,607
RAW,455.7,10886,10104,2.981,610
RAW,455.9,10871,10104,2.986,611
RAW,456.0,10871,10107,2.962,606
RAW,456.1,10870,10104,2.981,610
RAW,456.3,10871,10097,2.981,610
RAW,456.4,10882,10117,2.967,607
RAW,456.6,10891,10114,2.962,606
RAW,456.7,10897,10119,2.981,610
RAW,456.9,10911,10123,2.981,610
RAW,457.0,10922,10123,2.967,607
RAW,457.2,10935,10135,2.967,607
RAW,457.3,10936,10134,2.981,610
RAW,457.4,10943,10140,2.967,607
RAW,457.6,10955,10141,2.972,608
RAW,457.7,10949,10142,2.986,611
RAW,457.9,10960,10135,2.986,611
RAW,458.0,10968,10145,2.967,607
RAW,458.2,10970,10151,2.967,607
RAW,458.3,10973,10148,2.981,610
RAW,458.4,10974,10144,2.967,607
RAW,458.6,10985,10146,2.967,607
RAW,458.7,10974,10147,2.986,611
RAW,458.9,10973,10144,2.981,610
RAW,459.0,10966,10146,2.972,608
RAW,459.2,10974,10146,2.967,607
RAW,459.3,10969,10143,2.981,610
RAW,459.5,10973,10141,2.981,610
RAW,459.6,10977,10136,2.972,608
RAW,459.8,10970,10140,2.967,607
RAW,459.9,10964,10132,2.986,611
RAW,460.0,10965,10125,2.972,608
RAW,460.2,10917,10091,2.972,608
RAW,460.3,10868,10068,2.981,610
RAW,460.5,10779,10024,2.986,611
RAW,460.6,10754,10012,2.967,607
RAW,460.8,10735,10007,2.972,608
RAW,460.9,10732,10006,2.981,610
RAW,461.1,10743,10016,2.986,611
RAW,461.2,10760,10013,2.967,607
RAW,461.3,10760,10022,2.986,611
RAW,461.5,10787,10035,2.981,610
RAW,461.6,10805,10044,2.977,609
RAW,461.8,10820,10047,2.972,608
RAW,461.9,10835,10056,2.991,612
RAW,462.1,10852,10064,2.986,611
RAW,462.2,10854,10054,2.972,608
RAW,462.4,10870,10068,2.967,607
RAW,462.5,10865,10065,2.986,611
RAW,462.7,10878,10055,2.981,610
RAW,462.8,10875,10056,2.972,608
RAW,462.9,10882,10063,2.986,611
RAW,463.1,10874,10051,2.991,612
RAW,463.2,10877,10049,2.972,608
RAW,463.4,10869,10059,2.972,608
RAW,463.5,10868,10054,2.986,611
RAW,463.7,10870,10047,2.986,611
RAW,463.8,10872,10047,2.972,608
RAW,463.9,10876,10048,2.986,611
RAW,464.1,10878,10054,2.981,610
RAW,464.2,10871,10049,2.977,609
RAW,464.4,10885,10058,2.972,608
RAW,464.5,10904,10060,2.991,612
RAW,464.7,10898,10068,2.986,611
RAW,464.8,10896,10062,2.977,609
RAW,464.9,10904,10065,2.986,611
RAW,465.1,10911,10066,2.991,612
RAW,465.2,10907,10069,2.977,609
RAW,465.4,10911,10078,2.972,608
RAW,465.5,10923,10081,2.986,611
RAW,465.7,10918,10083,2.991,612
RAW,465.8,10934,10083,2.972,608
RAW,465.9,10931,10090,2.986,611
RAW,466.1,10930,10088,2.981,610
RAW,466.2,10939,10091,2.977,609
RAW,466.4,10938,10089,2.977,609
RAW,466.5,10943,10089,2.991,612
RAW,466.7,10937,10088,2.986,611
RAW,466.8,10939,10092,2.977,609
RAW,466.9,10941,10089,2.986,611
RAW,467.1,10943,10104,2.986,611
RAW,467.2,10950,10095,2.977,609
RAW,467.4,10948,10098,2.981,610
RAW,467.5,10937,10092,2.986,611
RAW,467.7,10954,10093,2.991,612
RAW,467.8,10948,10092,2.972,608
RAW,468.0,10956,10089,2.981,610
RAW,468.1,10949,10090,2.986,611
RAW,468.2,10940,10091,2.981,610
RAW,468.4,10906,10067,2.977,609
RAW,468.5,10851,10044,2.986,611
RAW,468.7,10760,9998,2.986,611
RAW,468.9,10714,9980,2.986,611
RAW,469.0,10700,9972,2.977,609
RAW,469.2,10692,9977,2.981,610
RAW,469.3,10694,9987,2.986,611
RAW,469.5,10718,10000,2.986,611
RAW,469.6,10743,10005,2.972,608
RAW,469.8,10768,10016,2.977,609
RAW,469.9,10783,10021,2.986,611
RAW,470.1,10799,10034,2.986,611
RAW,470.2,10809,10032,2.977,609
RAW,470.4,10825,10040,2.977,609
RAW,470.5,10834,10039,2.981,610
RAW,470.7,10856,10051,2.986,611
RAW,470.8,10857,10053,2.977,609
RAW,471.0,10870,10054,2.972,608
RAW,471.1,10875,10064,2.986,611
RAW,471.2,10872,10063,2.977,609
RAW,471.4,10875,10058,2.972,608
RAW,471.5,10877,10062,2.986,611
RAW,471.7,10874,10055,2.981,610
RAW,471.8,10868,10056,2.977,609
RAW,472.0,10868,10058,2.972,608
RAW,472.1,10880,10062,2.981,610
RAW,472.2,10875,10055,2.977,609
RAW,472.4,10873,10064,2.977,609
RAW,472.5,10880,10059,2.981,610
RAW,472.7,10882,10073,2.981,610
RAW,472.8,10898,10069,2.977,609
RAW,473.0,10903,10070,2.977,609
RAW,473.1,10908,10078,2.981,610
RAW,473.2,10910,10079,2.977,609
RAW,473.4,10912,10077,2.972,608
RAW,473.5,10924,10083,2.981,610
RAW,473.7,10930,10090,2.981,610
RAW,473.8,10938,10084,2.977,609
RAW,474.0,10934,10091,2.972,608
RAW,474.1,10939,10091,2.981,610
RAW,474.2,10939,10088,2.981,610
RAW,474.4,10947,10097,2.972,608
RAW,474.5,10951,10107,2.977,609
RAW,474.7,10951,10100,2.977,609
RAW,474.8,10943,10102,2.972,608
RAW,475.0,10957,10107,2.977,609
RAW,475.1,10959,10106,2.977,609
RAW,475.3,10965,10098,2.981,610
RAW,475.4,10948,10101,2.972,608
RAW,475.5,10960,10105,2.981,610
RAW,475.7,10971,10110,2.972,608
RAW,475.8,10963,10109,2.977,609
RAW,476.0,10969,10107,2.972,608
RAW,476.1,10961,10111,2.977,609
RAW,476.3,10966,10109,2.977,609
RAW,476.4,10962,10106,2.972,608
RAW,476.6,10924,10082,2.972,608
RAW,476.7,10870,10051,2.981,610
RAW,476.8,10802,10026,2.972,608
RAW,477.0,10752,10001,2.972,608
RAW,477.1,10734,9993,2.977,609
RAW,477.3,10709,9984,2.977,609
RAW,477.5,10728,10001,2.972,608
RAW,477.6,10742,10008,2.977,609
RAW,477.7,10759,10016,2.972,608
RAW,477.9,10791,10027,2.977,609
RAW,478.0,10802,10033,2.972,608
RAW,478.2,10825,10046,2.977,609
RAW,478.3,10846,10049,2.972,608
RAW,478.5,10860,10058,2.972,608
RAW,478.6,10867,10061,2.972,608
RAW,478.8,10899,10068,2.972,608
RAW,478.9,10897,10080,2.972,608
RAW,479.0,10903,10073,2.977,609
RAW,479.2,10909,10067,2.972,608
RAW,479.3,10912,10082,2.977,609
RAW,479.5,10916,10075,2.972,608
RAW,479.6,10908,10075,2.977,609
RAW,479.8,10904,10074,2.967,607
RAW,479.9,10911,10072,2.972,608
RAW,480.0,10903,10070,2.972,608
RAW,480.2,10896,10072,2.977,609
RAW,480.3,10914,10074,2.967,607
RAW,480.5,10912,10071,2.972,608
RAW,480.6,10909,10076,2.972,608
RAW,480.8,10921,10070,2.972,608
RAW,480.9,10921,10085,2.967,607
RAW,481.0,10922,10082,2.977,609
RAW,481.2,10933,10083,2.967,607
RAW,481.3,10930,10078,2.972,608
RAW,481.5,10939,10081,2.972,608
RAW,481.6,10943,10087,2.972,608
RAW,481.8,10948,10084,2.967,607
RAW,481.9,10937,10092,2.967,607
RAW,482.0,10951,10084,2.972,608
RAW,482.2,10955,10086,2.972,608
RAW,482.3,10951,10093,2.962,606
RAW,482.5,10957,10093,2.972,608
RAW,482.6,10959,10087,2.972,608
RAW,482.8,10967,10087,2.972,608
RAW,482.9,10963,10095,2.967,607
RAW,483.1,10962,10094,2.972,608
RAW,483.2,10968,10089,2.967,607
RAW,483.3,10966,10096,2.967,607
RAW,483.5,10975,10101,2.962,606
RAW,483.6,10968,10090,2.977,609
RAW,483.8,10979,10093,2.967,607
RAW,483.9,10978,10102,2.967,607
RAW,484.1,10974,10105,2.967,607
RAW,484.2,10973,10095,2.972,608
RAW,484.3,10950,10089,2.962,606
RAW,484.5,10857,10040,2.962,606
RAW,484.6,10808,10025,2.967,607
RAW,484.8,10749,9998,2.967,607
RAW,485.0,10720,9981,2.967,607
RAW,485.1,10716,9989,2.962,606
RAW,485.3,10742,10002,2.957,605
RAW,485.4,10755,10011,2.972,608
RAW,485.6,10787,10024,2.967,607
RAW,485.7,10796,10030,2.967,607
RAW,485.9,10832,10041,2.957,605
RAW,486.0,10838,10053,2.972,608
RAW,486.2,10859,10055,2.967,607
RAW,486.3,10873,10064,2.962,606
RAW,486.5,10889,10062,2.962,606
RAW,486.6,10904,10070,2.972,608
RAW,486.8,10917,10080,2.967,607
RAW,486.9,10915,10083,2.962,606
RAW,487.1,10921,10083,2.957,605
RAW,487.2,10923,10088,2.967,607
RAW,487.3,10918,10079,2.952,604
RAW,487.5,10918,10080,2.962,606
RAW,487.6,10908,10074,2.972,608
RAW,487.8,10909,10075,2.972,608
RAW,487.9,10906,10077,2.957,605
RAW,488.1,10909,10073,2.957,605
RAW,488.2,10910,10072,2.967,607
RAW,488.3,10908,10080,2.962,606
RAW,488.5,10921,10079,2.952,604
RAW,488.6,10929,10086,2.967,607
RAW,488.8,10932,10092,2.967,607
RAW,488.9,10943,10096,2.957,605
RAW,489.1,10944,10091,2.952,604
RAW,489.2,10946,10097,2.972,608
RAW,489.4,10956,10093,2.962,606
RAW,489.5,10959,10096,2.957,605
RAW,489.6,10955,10100,2.967,607
RAW,489.8,10954,10100,2.967,607
RAW,489.9,10965,10099,2.952,604
RAW,490.1,10968,10102,2.952,604
RAW,490.2,10964,10099,2.972,608
RAW,490.4,10970,10107,2.967,607
RAW,490.5,10969,10104,2.947,603
RAW,490.7,10973,10103,2.947,603
RAW,490.8,10973,10102,2.962,606
RAW,490.9,10974,10107,2.952,604
RAW,491.1,10981,10108,2.952,604
RAW,491.2,10988,10110,2.967,607
RAW,491.4,10988,10108,2.962,606
RAW,491.5,10993,10105,2.957,605
RAW,491.7,10967,10092,2.947,603
RAW,491.8,10937,10077,2.967,607
RAW,491.9,10884,10042,2.947,603
RAW,492.1,10778,10004,2.947,603
RAW,492.2,10735,9995,2.967,607
RAW,492.4,10711,9974,2.967,607
RAW,492.5,10699,9977,2.947,603
RAW,492.7,10720,9979,2.947,603
RAW,492.8,10733,9982,2.967,607
RAW,493.0,10762,9999,2.967,607
RAW,493.2,10787,10015,2.962,606
RAW,493.3,10810,10031,2.952,604
RAW,493.6,10839,10037,2.962,606
RAW,493.7,10852,10046,2.947,603
RAW,493.9,10869,10055,2.942,602
RAW,494.0,10877,10064,2.967,607
RAW,494.2,10888,10062,2.962,606
RAW,494.3,10897,10067,2.947,603
RAW,494.4,10893,10068,2.967,607
RAW,494.6,10897,10063,2.967,607
RAW,494.7,10891,10065,2.947,603
RAW,494.9,10893,10067,2.947,603
RAW,495.0,10879,10065,2.967,607
RAW,495.2,10877,10056,2.962,606
RAW,495.3,10877,10056,2.942,602
RAW,495.4,10874,10054,2.972,608
RAW,495.6,10884,10057,2.967,607
RAW,495.7,10883,10054,2.947,603
RAW,495.9,10891,10063,2.942,602
RAW,496.0,10893,10059,2.972,608
RAW,496.2,10908,10053,2.962,606
RAW,496.3,10911,10066,2.947,603
RAW,496.4,10914,10057,2.967,607
RAW,496.6,10922,10061,2.967,607
RAW,496.7,10928,10066,2.942,602
RAW,496.9,10929,10071,2.947,603
RAW,497.0,10926,10071,2.967,607
RAW,497.2,10939,10067,2.967,607
RAW,497.3,10936,10073,2.942,602
RAW,497.5,10949,10075,2.942,602
RAW,497.6,10952,10075,2.962,606
RAW,497.8,10955,10071,2.962,606
RAW,497.9,10953,10081,2.942,602
RAW,498.0,10956,10069,2.972,608
RAW,498.2,10958,10079,2.967,607
RAW,498.3,10954,10068,2.947,603
RAW,498.5,10958,10083,2.942,602
RAW,498.6,10963,10081,2.972,608
RAW,498.8,10958,10086,2.967,607
RAW,498.9,10959,10086,2.942,602
RAW,499.1,10957,10085,2.937,601
RAW,499.2,10941,10076,2.972,608
RAW,499.3,10898,10053,2.942,602
RAW,499.5,10778,9993,2.942,602
RAW,499.6,10734,9972,2.967,607
RAW,499.8,10666,9948,2.967,607
RAW,500.0,10646,9936,2.962,606
RAW,500.1,10655,9937,2.942,602
RAW,500.3,10665,9944,2.937,601
RAW,500.5,10701,9970,2.942,602
RAW,500.7,10745,9992,2.942,602
RAW,500.8,10766,10000,2.967,607
RAW,501.0,10801,10010,2.967,607
RAW,501.2,10813,10024,2.967,607
RAW,501.3,10827,10029,2.937,601
RAW,501.4,10838,10026,2.972,608
RAW,501.6,10848,10045,2.962,606
RAW,501.7,10867,10041,2.942,602
RAW,501.9,10866,10046,2.933,600
RAW,502.0,10871,10048,2.962,606
RAW,502.2,10874,10042,2.962,606
RAW,502.3,10867,10045,2.942,602
RAW,502.4,10862,10043,2.962,606
RAW,502.6,10863,10044,2.962,606
RAW,502.7,10859,10038,2.937,601
RAW,502.9,10856,10041,2.937,601
RAW,503.0,10863,10040,2.962,606
RAW,503.2,10866,10050,2.962,606
RAW,503.3,10876,10048,2.937,601
RAW,503.4,10874,10049,2.967,607
RAW,503.6,10888,10050,2.962,606
RAW,503.7,10891,10055,2.937,601
RAW,503.9,10912,10060,2.937,601
RAW,504.0,10912,10065,2.967,607
RAW,504.2,10924,10073,2.962,606
RAW,504.3,10924,10071,2.937,601
RAW,504.4,10929,10070,2.962,606
RAW,504.6,10934,10074,2.962,606
RAW,504.7,10933,10081,2.937,601
RAW,504.9,10938,10071,2.937,601
RAW,505.0,10942,10069,2.967,607
RAW,505.2,10949,10080,2.967,607
RAW,505.3,10950,10077,2.937,601
RAW,505.5,10953,10081,2.937,601
RAW,505.6,10950,10079,2.962,606
RAW,505.7,10954,10080,2.937,601
RAW,505.9,10965,10080,2.933,600
RAW,506.0,10969,10086,2.962,606
RAW,506.2,10976,10085,2.962,606
RAW,506.3,10966,10088,2.937,601
RAW,506.4,10973,10085,2.962,606
RAW,506.6,10974,10091,2.967,607
RAW,506.7,10973,10088,2.937,601
RAW,506.9,10971,10094,2.937,601
RAW,507.0,10965,10089,2.962,606
RAW,507.2,10947,10070,2.967,607
RAW,507.3,10901,10048,2.933,600
RAW,507.5,10791,10003,2.937,601
RAW,507.6,10771,9980,2.967,607
RAW,507.7,10725,9972,2.937,601
RAW,507.9,10707,9961,2.933,600
RAW,508.1,10718,9968,2.937,601
RAW,508.2,10727,9981,2.967,607
RAW,508.4,10769,9990,2.962,606
RAW,508.5,10784,10004,2.933,600
RAW,508.7,10816,10017,2.937,601
RAW,508.8,10825,10024,2.962,606
RAW,509.0,10856,10033,2.967,607
RAW,509.1,10865,10044,2.937,601
RAW,509.2,10879,10049,2.967,607
RAW,509.4,10896,10052,2.962,606
RAW,509.5,10905,10053,2.937,601
RAW,509.7,10921,10058,2.933,600
RAW,509.8,10923,10062,2.967,607
RAW,510.0,10922,10062,2.962,606
RAW,510.1,10920,10062,2.937,601
RAW,510.3,10925,10063,2.933,600
RAW,510.4,10915,10056,2.967,607
RAW,510.5,10910,10061,2.933,600
RAW,510.7,10901,10051,2.937,601
RAW,510.8,10912,10056,2.967,607
RAW,511.0,10907,10060,2.972,608
RAW,511.1,10912,10063,2.933,600
RAW,511.3,10915,10068,2.937,601
RAW,511.4,10924,10067,2.962,606
RAW,511.5,10928,10067,2.937,601
RAW,511.7,10934,10072,2.937,601
RAW,511.8,10946,10068,2.967,607
RAW,512.0,10949,10071,2.962,606
RAW,512.1,10944,10072,2.937,601
RAW,512.3,10950,10081,2.937,601
RAW,512.4,10953,10073,2.967,607
RAW,512.5,10963,10077,2.933,600
RAW,512.7,10974,10081,2.937,601
RAW,512.8,10964,10073,2.962,606
RAW,513.0,10965,10081,2.967,607
RAW,513.1,10971,10081,2.933,600
RAW,513.3,10968,10086,2.937,601
RAW,513.4,10980,10083,2.962,606
RAW,513.5,10973,10086,2.942,602
RAW,513.7,10970,10083,2.933,600
RAW,513.8,10973,10082,2.967,607
RAW,514.0,10972,10084,2.967,607
RAW,514.1,10978,10091,2.937,601
RAW,514.3,10982,10089,2.933,600
RAW,514.4,10988,10085,2.967,607
RAW,514.5,10981,10091,2.933,600
RAW,514.7,10976,10081,2.937,601
RAW,514.8,10957,10070,2.967,607
RAW,515.0,10865,10020,2.967,607
RAW,515.1,10820,10003,2.933,600
RAW,515.3,10767,9973,2.937,601
RAW,515.4,10749,9976,2.967,607
RAW,515.6,10736,9966,2.972,608
RAW,515.7,10740,9973,2.937,601
RAW,515.9,10760,9984,2.937,601
RAW,516.0,10780,9992,2.967,607
RAW,516.2,10812,10007,2.972,608
RAW,516.4,10845,10022,2.967,607
RAW,516.5,10851,10020,2.937,601
RAW,516.6,10872,10022,2.972,608
RAW,516.8,10878,10039,2.972,608
RAW,516.9,10895,10047,2.937,601
RAW,517.1,10910,10055,2.933,600
RAW,517.2,10917,10056,2.967,607
RAW,517.4,10929,10056,2.967,607
RAW,517.5,10930,10055,2.933,600
RAW,517.6,10924,10060,2.977,609
RAW,517.8,10929,10054,2.967,607
RAW,517.9,10920,10056,2.942,602
RAW,518.1,10915,10055,2.933,600
RAW,518.2,10915,10057,2.977,609
RAW,518.3,10917,10053,2.937,601
RAW,518.5,10914,10057,2.937,601
RAW,518.6,10921,10048,2.967,607
RAW,518.8,10919,10055,2.972,608
RAW,518.9,10925,10053,2.937,601
RAW,519.1,10928,10062,2.937,601
RAW,519.2,10934,10060,2.972,608
RAW,519.3,10941,10062,2.942,602
RAW,519.5,10937,10057,2.937,601
RAW,519.6,10936,10061,2.972,608
RAW,519.8,10951,10066,2.967,607
RAW,519.9,10952,10067,2.942,602
RAW,520.1,10960,10066,2.937,601
RAW,520.2,10960,10072,2.972,608
RAW,520.4,10956,10064,2.967,607
RAW,520.5,10972,10068,2.937,601
RAW,520.6,10964,10072,2.972,608
RAW,520.8,10978,10070,2.972,608
RAW,520.9,10975,10076,2.942,602
RAW,521.1,10981,10075,2.942,602
RAW,521.3,10987,10075,2.937,601
RAW,521.5,10984,10086,2.942,602
RAW,521.7,10990,10084,2.937,601
RAW,521.9,10990,10091,2.942,602
RAW,522.1,10996,10098,2.937,601
RAW,522.3,10977,10081,2.937,601
RAW,522.5,10881,10031,2.933,600
RAW,522.7,10787,9985,2.937,601
RAW,522.9,10711,9955,2.933,600
RAW,523.1,10702,9952,2.937,601
RAW,523.2,10704,9950,2.972,608
RAW,523.5,10740,9969,2.942,602
RAW,523.7,10775,9989,2.937,601
RAW,523.9,10802,9998,2.937,601
RAW,524.1,10835,10006,2.937,601
RAW,524.2,10850,10012,2.972,608
RAW,524.4,10871,10020,2.967,607
RAW,524.5,10878,10018,2.937,601
RAW,524.7,10886,10028,2.933,600
RAW,524.8,10898,10028,2.972,608
RAW,524.9,10903,10032,2.937,601
RAW,525.1,10911,10032,2.937,601
RAW,525.2,10906,10029,2.972,608
RAW,525.4,10906,10035,2.977,609
RAW,525.5,10909,10031,2.937,601
RAW,525.7,10911,10031,2.937,601
RAW,525.8,10909,10031,2.972,608
RAW,526.0,10899,10029,2.972,608
RAW,526.1,10905,10028,2.933,600
RAW,526.3,10900,10028,2.933,600
RAW,526.4,10900,10025,2.972,608
RAW,526.5,10912,10034,2.937,601
RAW,526.7,10917,10032,2.933,600
RAW,526.8,10915,10040,2.972,608
RAW,527.0,10923,10040,2.972,608
RAW,527.1,10926,10028,2.937,601
RAW,527.3,10939,10044,2.933,600
RAW,527.4,10935,10038,2.977,609
RAW,527.6,10939,10038,2.972,608
RAW,527.7,10945,10043,2.937,601
RAW,527.8,10942,10043,2.972,608
RAW,528.0,10938,10037,2.972,608
RAW,528.1,10951,10037,2.933,600
RAW,528.3,10951,10039,2.937,601
RAW,528.4,10950,10041,2.972,608
RAW,528.5,10954,10047,2.937,601
RAW,528.7,10960,10037,2.937,601
RAW,528.8,10958,10045,2.981,610
RAW,529.0,10968,10048,2.972,608
RAW,529.1,10964,10043,2.937,601
RAW,529.3,10962,10045,2.937,601
RAW,529.4,10960,10045,2.972,608
RAW,529.6,10961,10050,2.967,607
RAW,529.7,10966,10050,2.937,601
RAW,529.8,10967,10052,2.977,609
RAW,530.0,10962,10041,2.972,608
RAW,530.1,10938,10039,2.937,601
RAW,530.3,10851,9995,2.942,602
RAW,530.4,10798,9964,2.972,608
RAW,530.6,10740,9944,2.977,609
RAW,530.7,10740,9944,2.933,600
RAW,530.9,10734,9939,2.937,601
RAW,531.0,10733,9952,2.972,608
RAW,531.2,10746,9956,2.977,609
RAW,531.4,10793,9967,2.972,608
RAW,531.5,10802,9979,2.937,601
RAW,531.7,10834,9997,2.928,599
RAW,531.8,10840,9995,2.977,609
RAW,532.0,10857,10001,2.972,608
RAW,532.1,10865,10008,2.937,601
RAW,532.3,10874,10007,2.933,600
RAW,532.4,10880,10012,2.972,608
RAW,532.5,10892,10014,2.933,600
RAW,532.7,10899,10014,2.933,600
RAW,532.8,10902,10017,2.972,608
RAW,533.0,10898,10018,2.967,607
RAW,533.1,10897,10017,2.933,600
RAW,533.2,10890,10016,2.977,609
RAW,533.4,10887,10024,2.972,608
RAW,533.5,10891,10013,2.933,600
RAW,533.7,10887,10005,2.933,600
RAW,533.8,10894,10007,2.977,609
RAW,534.0,10898,10024,2.972,608
RAW,534.1,10894,10017,2.937,601
RAW,534.3,10898,10016,2.928,599
RAW,534.4,10908,10026,2.972,608
RAW,534.5,10912,10022,2.933,600
RAW,534.7,10918,10031,2.937,601
RAW,534.8,10919,10032,2.972,608
RAW,535.0,10925,10029,2.972,608
RAW,535.1,10929,10037,2.933,600
RAW,535.3,10929,10034,2.928,599
RAW,535.4,10932,10039,2.967,607
RAW,535.6,10936,10042,2.967,607
RAW,535.7,10938,10040,2.928,599
RAW,535.8,10935,10042,2.972,608
RAW,536.0,10937,10044,2.967,607
RAW,536.1,10951,10047,2.933,600
RAW,536.3,10946,10041,2.928,599
RAW,536.4,10943,10043,2.972,608
RAW,536.6,10949,10049,2.967,607
RAW,536.7,10952,10045,2.933,600
RAW,536.8,10953,10046,2.967,607
RAW,537.0,10961,10042,2.972,608
RAW,537.1,10960,10050,2.928,599
RAW,537.3,10956,10061,2.933,600
RAW,537.4,10966,10046,2.967,607
RAW,537.6,10946,10038,2.972,608
RAW,537.7,10925,10024,2.923,598
RAW,537.8,10866,10003,2.972,608
RAW,538.0,10764,9954,2.967,607
RAW,538.2,10694,9924,2.967,607
RAW,538.3,10683,9922,2.928,599
RAW,538.5,10683,9924,2.928,599
RAW,538.6,10682,9927,2.967,607
RAW,538.8,10711,9934,2.972,608
RAW,538.9,10729,9942,2.923,598
RAW,539.1,10750,9961,2.933,600
RAW,539.3,10787,9974,2.923,598
RAW,539.4,10794,9975,2.972,608
RAW,539.6,10816,9987,2.967,607
RAW,539.8,10829,9992,2.967,607
RAW,540.0,10852,9993,2.967,607
RAW,540.1,10859,10004,2.928,599
RAW,540.3,10869,10006,2.923,598
RAW,540.4,10873,10008,2.972,608
RAW,540.6,10871,10010,2.962,606
RAW,540.7,10867,10005,2.933,600
RAW,540.9,10860,10001,2.923,598
RAW,541.0,10857,10004,2.972,608
RAW,541.1,10853,10000,2.923,598
RAW,541.3,10852,9997,2.923,598
RAW,541.5,10848,10000,2.923,598
RAW,541.6,10851,9998,2.967,607
RAW,541.7,10856,10004,2.923,598
RAW,541.9,10872,10010,2.923,598
RAW,542.0,10877,10004,2.967,607
RAW,542.2,10880,10016,2.972,608
RAW,542.3,10892,10017,2.923,598
RAW,542.5,10904,10029,2.923,598
RAW,542.6,10905,10022,2.962,606
RAW,542.8,10916,10025,2.967,607
RAW,542.9,10918,10029,2.923,598
RAW,543.1,10918,10027,2.928,599
RAW,543.2,10912,10029,2.962,606
RAW,543.3,10923,10031,2.928,599
RAW,543.5,10938,10032,2.923,598
RAW,543.6,10926,10033,2.972,608
RAW,543.8,10933,10038,2.962,606
RAW,543.9,10939,10039,2.923,598
RAW,544.1,10932,10041,2.923,598
RAW,544.2,10936,10037,2.967,607
RAW,544.3,10941,10035,2.923,598
RAW,544.5,10941,10041,2.928,599
RAW,544.6,10946,10037,2.962,606
RAW,544.8,10942,10040,2.972,608
RAW,544.9,10947,10044,2.923,598
RAW,545.1,10945,10039,2.923,598
RAW,545.2,10944,10047,2.967,607
RAW,545.3,10943,10034,2.928,599
RAW,545.5,10920,10022,2.918,597
RAW,545.6,10867,9990,2.967,607
RAW,545.8,10762,9941,2.962,606
RAW,545.9,10718,9926,2.923,598
RAW,546.1,10663,9903,2.923,598
RAW,546.3,10662,9899,2.923,598
RAW,546.4,10666,9902,2.967,607
RAW,546.6,10680,9914,2.967,607
RAW,546.7,10699,9920,2.928,599
RAW,546.9,10739,9939,2.923,598
RAW,547.1,10765,9949,2.923,598
RAW,547.2,10778,9945,2.967,607
RAW,547.4,10796,9968,2.962,606
RAW,547.7,10832,9975,2.928,599
RAW,547.9,10845,9984,2.928,599
RAW,548.0,10848,9984,2.972,608
RAW,548.2,10864,9982,2.967,607
RAW,548.3,10857,9986,2.928,599
RAW,548.5,10862,9983,2.923,598
RAW,548.6,10859,9978,2.972,608
RAW,548.8,10854,9973,2.967,607
RAW,548.9,10846,9975,2.928,599
RAW,549.1,10849,9967,2.928,599
RAW,549.3,10850,9966,2.928,599
RAW,549.4,10842,9966,2.972,608
RAW,549.6,10854,9969,2.972,608
RAW,549.7,10858,9969,2.928,599
RAW,549.9,10857,9974,2.928,599
RAW,550.1,10869,9976,2.923,598
RAW,550.2,10876,9975,2.972,608
RAW,550.4,10877,9972,2.967,607
RAW,550.5,10881,9977,2.928,599
RAW,550.7,10882,9975,2.928,599
RAW,550.8,10888,9976,2.972,608
RAW,551.0,10893,9981,2.967,607
RAW,551.1,10899,9981,2.933,600
RAW,551.3,10907,9983,2.933,600
RAW,551.4,10907,9989,2.972,608
RAW,551.6,10911,9985,2.967,607
RAW,551.8,10912,9990,2.977,609
RAW,551.9,10915,9988,2.928,599
RAW,552.1,10913,9996,2.933,600
RAW,552.2,10910,9991,2.972,608
RAW,552.4,10915,9994,2.972,608
RAW,552.5,10917,9996,2.928,599
RAW,552.7,10926,9995,2.928,599
RAW,552.8,10924,9995,2.972,608
RAW,553.0,10922,9997,2.977,609
RAW,553.2,10899,9988,2.972,608
RAW,553.3,10867,9965,2.933,600
RAW,553.5,10758,9918,2.933,600
RAW,553.6,10723,9897,2.977,609
RAW,553.8,10679,9888,2.972,608
RAW,553.9,10672,9881,2.933,600
RAW,554.1,10676,9895,2.928,599
RAW,554.3,10704,9900,2.933,600
RAW,554.4,10719,9914,2.972,608
RAW,554.6,10750,9925,2.977,609
RAW,554.7,10763,9928,2.933,600
RAW,554.9,10785,9939,2.933,600
RAW,555.1,10814,9952,2.933,600
RAW,555.2,10825,9952,2.977,609
RAW,555.3,10829,9951,2.933,600
RAW,555.5,10842,9958,2.937,601
RAW,555.6,10860,9967,2.977,609
RAW,555.8,10857,9974,2.977,609
RAW,556.0,10857,9972,2.972,608
RAW,556.1,10861,9973,2.937,601
RAW,556.3,10853,9970,2.933,600
RAW,556.4,10857,9967,2.977,609
RAW,556.6,10849,9959,2.977,609
RAW,556.7,10851,9964,2.937,601
RAW,556.9,10851,9968,2.933,600
RAW,557.0,10853,9968,2.981,610
RAW,557.2,10855,9969,2.977,609
RAW,557.4,10864,9972,2.981,610
RAW,557.5,10872,9977,2.937,601
RAW,557.7,10879,9974,2.942,602
RAW,557.8,10879,9985,2.981,610
RAW,558.0,10891,9987,2.981,610
RAW,558.2,10894,9983,2.977,609
RAW,558.3,10896,9995,2.942,602
RAW,558.5,10901,9988,2.937,601
RAW,558.6,10900,9993,2.981,610
RAW,558.8,10907,9987,2.977,609
RAW,558.9,10899,9993,2.947,603
RAW,559.1,10905,9997,2.937,601
RAW,559.3,10910,9993,2.942,602
RAW,559.4,10915,9999,2.981,610
RAW,559.6,10913,9994,2.981,610
RAW,559.7,10913,9993,2.937,601
RAW,559.9,10918,9992,2.947,603
RAW,560.0,10918,9996,2.977,609
RAW,560.2,10928,9997,2.981,610
RAW,560.4,10909,9989,2.981,610
RAW,560.5,10889,9973,2.942,602
RAW,560.7,10791,9931,2.942,602
RAW,560.8,10751,9909,2.986,611
RAW,561.0,10699,9890,2.981,610
RAW,561.2,10691,9886,2.981,610
RAW,561.3,10690,9892,2.942,602
RAW,561.5,10711,9896,2.942,602
RAW,561.6,10721,9911,2.981,610
RAW,561.8,10754,9926,2.986,611
RAW,562.0,10787,9935,2.981,610
RAW,562.1,10794,9938,2.942,602
RAW,562.3,10823,9956,2.942,602
RAW,562.4,10822,9959,2.986,611
RAW,562.6,10845,9964,2.981,610
RAW,562.8,10868,9963,2.991,612
RAW,562.9,10869,9974,2.942,602
RAW,563.1,10873,9969,2.947,603
RAW,563.2,10870,9969,2.986,611
RAW,563.4,10863,9969,2.986,611
RAW,563.6,10874,9968,2.981,610
RAW,563.7,10867,9969,2.952,604
RAW,563.8,10862,9970,2.986,611
RAW,564.0,10860,9963,2.991,612
RAW,564.2,10864,9964,2.981,610
RAW,564.3,10865,9973,2.952,604
RAW,564.5,10867,9962,2.947,603
RAW,564.6,10876,9971,2.991,612
RAW,564.8,10886,9975,2.981,610
RAW,565.0,10885,9975,2.991,612
RAW,565.1,10889,9977,2.947,603
RAW,565.3,10888,9975,2.947,603
RAW,565.4,10894,9971,2.986,611
RAW,565.6,10902,9977,2.991,612
RAW,565.8,10905,9983,2.986,611
RAW,565.9,10901,9982,2.952,604
RAW,566.1,10904,9978,2.947,603
RAW,566.3,10918,9984,2.952,604
RAW,566.4,10906,9984,2.986,611
RAW,566.6,10912,9983,2.991,612
RAW,566.7,10911,9986,2.952,604
RAW,566.9,10920,9992,2.947,603
RAW,567.1,10924,9987,2.942,602
RAW,567.2,10905,9989,2.991,612
RAW,567.4,10838,9950,2.991,612
RAW,567.5,10785,9920,2.957,605
RAW,567.7,10717,9886,2.947,603
RAW,568.0,10660,9878,2.986,611
RAW,568.2,10683,9886,2.986,611
RAW,568.4,10702,9896,2.986,611
RAW,568.7,10756,9916,2.947,603
RAW,568.8,10764,9928,2.991,612
RAW,569.0,10791,9934,2.981,610
RAW,569.2,10818,9959,2.986,611
RAW,569.3,10828,9955,2.952,604
RAW,569.5,10848,9962,2.952,604
RAW,569.6,10857,9969,2.981,610
RAW,569.8,10864,9971,2.986,611
RAW,569.9,10859,9968,2.947,603
RAW,570.1,10862,9975,2.947,603
RAW,570.2,10858,9967,2.986,611
RAW,570.4,10856,9962,2.986,611
RAW,570.6,10839,9963,2.981,610
RAW,570.7,10840,9961,2.952,604
RAW,570.9,10843,9962,2.947,603
RAW,571.0,10844,9958,2.986,611
RAW,571.2,10846,9966,2.981,610
RAW,571.4,10856,9966,2.986,611
RAW,571.5,10861,9971,2.947,603
RAW,571.7,10873,9978,2.952,604
RAW,571.8,10879,9974,2.981,610
RAW,572.0,10870,9979,2.986,611
RAW,572.2,10888,9985,2.981,610
RAW,572.3,10890,9982,2.947,603
RAW,572.5,10902,9988,2.947,603
RAW,572.6,10894,9990,2.986,611
RAW,572.8,10908,9990,2.981,610
RAW,573.0,10914,9996,2.986,611
RAW,573.1,10911,9992,2.952,604
RAW,573.3,10914,9989,2.952,604
RAW,573.5,10908,10001,2.942,602
RAW,573.6,10913,9996,2.981,610
RAW,573.8,10920,9992,2.981,610
RAW,573.9,10922,9998,2.947,603
RAW,574.1,10927,9998,2.947,603
RAW,574.2,10918,9994,2.986,611
RAW,574.4,10911,9984,2.981,610
RAW,574.6,10821,9930,2.981,610
RAW,574.7,10757,9909,2.952,604
RAW,574.9,10656,9872,2.947,603
RAW,575.0,10638,9857,2.977,609
RAW,575.2,10620,9856,2.986,611
RAW,575.4,10622,9859,2.981,610
RAW,575.5,10632,9861,2.952,604
RAW,575.7,10672,9880,2.952,604
RAW,575.9,10708,9896,2.952,604
RAW,576.1,10742,9909,2.947,603
RAW,576.2,10753,9915,2.986,611
RAW,576.4,10773,9931,2.981,610
RAW,576.5,10780,9929,2.947,603
RAW,576.7,10795,9934,2.947,603
RAW,576.9,10815,9940,2.952,604
RAW,577.0,10814,9943,2.977,609
RAW,577.2,10828,9947,2.986,611
RAW,577.3,10824,9946,2.947,603
RAW,577.5,10821,9951,2.952,604
RAW,577.6,10823,9940,2.977,609
RAW,577.8,10807,9940,2.981,610
RAW,578.0,10808,9932,2.977,609
RAW,578.1,10803,9939,2.947,603
RAW,578.3,10813,9940,2.947,603
RAW,578.4,10813,9941,2.981,610
RAW,578.6,10828,9948,2.977,609
RAW,578.7,10834,9942,2.952,604
RAW,578.9,10849,9955,2.947,603
RAW,579.1,10850,9954,2.947,603
RAW,579.2,10861,9966,2.977,609
RAW,579.4,10872,9955,2.977,609
RAW,579.5,10874,9966,2.947,603
RAW,579.7,10880,9965,2.947,603
RAW,579.8,10886,9964,2.977,609
RAW,580.0,10887,9972,2.977,609
RAW,580.2,10888,9970,2.977,609
RAW,580.3,10895,9972,2.947,603
RAW,580.5,10901,9971,2.947,603
RAW,580.6,10899,9977,2.981,610
RAW,580.8,10904,9973,2.981,610
RAW,580.9,10905,9971,2.952,604
RAW,581.1,10906,9977,2.942,602
RAW,581.2,10901,9972,2.977,609
RAW,581.4,10905,9977,2.977,609
RAW,581.5,10917,9977,2.957,605
RAW,581.7,10916,9986,2.952,604
RAW,581.9,10916,9980,2.947,603
RAW,582.0,10918,9991,2.977,609
RAW,582.2,10899,9974,2.981,610
RAW,582.3,10874,9952,2.947,603
RAW,582.5,10755,9901,2.952,604
RAW,582.7,10669,9852,2.947,603
RAW,582.8,10642,9853,2.977,609
RAW,583.0,10633,9847,2.977,609
RAW,583.1,10627,9853,2.952,604
RAW,583.3,10656,9870,2.947,603
RAW,583.4,10673,9876,2.977,609
RAW,583.6,10707,9893,2.977,609
RAW,583.7,10716,9897,2.947,603
RAW,583.9,10747,9910,2.947,603
RAW,584.2,10772,9921,2.977,609
RAW,584.4,10785,9923,2.972,608
RAW,584.5,10795,9928,2.952,604
RAW,584.7,10815,9936,2.947,603
RAW,584.8,10817,9947,2.977,609
RAW,585.0,10821,9942,2.972,608
RAW,585.2,10826,9942,2.977,609
RAW,585.3,10830,9939,2.947,603
RAW,585.5,10817,9944,2.947,603
RAW,585.6,10814,9936,2.967,607
RAW,585.8,10801,9931,2.972,608
RAW,585.9,10805,9932,2.952,604
RAW,586.1,10810,9935,2.947,603
RAW,586.2,10810,9929,2.972,608
RAW,586.4,10815,9937,2.972,608
RAW,586.6,10830,9943,2.972,608
RAW,586.7,10845,9954,2.952,604
RAW,586.9,10853,9953,2.947,603
RAW,587.1,10864,9960,2.952,604
RAW,587.2,10870,9966,2.977,609
RAW,587.4,10878,9960,2.977,609
RAW,587.5,10881,9966,2.947,603
RAW,587.7,10877,9971,2.952,604
RAW,587.8,10876,9969,2.972,608
RAW,588.0,10887,9962,2.977,609
RAW,588.2,10900,9975,2.972,608
RAW,588.3,10900,9971,2.952,604
RAW,588.5,10899,9968,2.947,603
RAW,588.7,10915,9971,2.952,604
RAW,588.8,10906,9969,2.972,608
RAW,589.0,10902,9976,2.977,609
RAW,589.1,10912,9974,2.947,603
RAW,589.3,10906,9978,2.952,604
RAW,589.4,10907,9975,2.972,608
RAW,589.6,10915,9973,2.972,608
RAW,589.7,10914,9980,2.952,604
RAW,589.9,10922,9974,2.957,605
RAW,590.1,10907,9973,2.947,603
RAW,590.2,10872,9951,2.972,608
RAW,590.4,10750,9903,2.972,608
RAW,590.5,10706,9874,2.957,605
RAW,590.7,10631,9845,2.952,604
RAW,590.9,10614,9836,2.957,605
RAW,591.0,10602,9839,2.972,608
RAW,591.2,10614,9848,2.977,609
RAW,591.3,10631,9863,2.952,604
RAW,591.5,10665,9881,2.952,604
RAW,591.7,10714,9891,2.952,604
RAW,591.9,10746,9906,2.957,605
RAW,592.1,10767,9909,2.952,604
RAW,592.2,10779,9914,2.972,608
RAW,592.3,10783,9924,2.952,604
RAW,592.5,10795,9932,2.957,605
RAW,592.7,10811,9938,2.952,604
RAW,592.8,10820,9931,2.972,608
RAW,593.0,10827,9942,2.972,608
RAW,593.2,10824,9935,2.977,609
RAW,593.3,10823,9939,2.957,605
RAW,593.5,10821,9927,2.952,604
RAW,593.6,10815,9937,2.972,608
RAW,593.8,10823,9932,2.977,609
RAW,593.9,10815,9932,2.952,604
RAW,594.1,10834,9939,2.957,605
RAW,594.3,10831,9937,2.957,605
RAW,594.4,10842,9946,2.977,609
RAW,594.6,10850,9948,2.972,608
RAW,594.7,10857,9944,2.962,606
RAW,594.9,10856,9945,2.957,605
RAW,595.0,10866,9948,2.977,609
RAW,595.2,10868,9947,2.972,608
RAW,595.4,10880,9952,2.981,610
RAW,595.5,10875,9954,2.962,606
RAW,595.7,10879,9955,2.962,606
RAW,595.9,10880,9957,2.957,605
RAW,596.0,10879,9952,2.981,610
RAW,596.2,10890,9953,2.972,608
RAW,596.3,10890,9962,2.962,606
RAW,596.5,10894,9958,2.957,605
RAW,596.7,10893,9958,2.962,606
RAW,596.8,10904,9959,2.972,608
RAW,597.0,10905,9965,2.972,608
RAW,597.1,10904,9958,2.962,606
RAW,597.3,10906,9966,2.962,606
RAW,597.4,10907,9966,2.972,608
RAW,597.6,10905,9967,2.977,609
RAW,597.7,10908,9965,2.962,606
RAW,597.9,10917,9972,2.967,607
RAW,598.1,10912,9967,2.957,605
RAW,598.2,10908,9972,2.981,610
RAW,598.4,10863,9933,2.977,609
RAW,598.6,10746,9896,2.981,610
RAW,598.7,10712,9872,2.962,606
RAW,598.9,10645,9846,2.967,607
RAW,599.0,10635,9849,2.972,608
RAW,599.2,10641,9850,2.977,609
RAW,599.4,10669,9863,2.977,609
RAW,599.5,10684,9872,2.962,606
RAW,599.7,10717,9884,2.967,607
RAW,599.9,10743,9898,2.962,606
RAW,600.0,10754,9906,2.977,609

------------------------------------------
PHASE 2 (600-1200 tenths of seconds): Processed BPM/SpO2 data
Format: PROC,Time_0.1s,BPM,SpO2,GSR_V,GSR_raw
------------------------------------------
PROC,605.3,73.9,97.0,2.972,608
PROC,606.3,73.9,97.0,3.275,670
PROC,607.3,73.9,97.0,2.986,611
PROC,608.3,73.9,97.0,3.167,648
PROC,609.4,73.9,97.0,2.977,609
PROC,610.4,73.9,97.0,2.972,608
PROC,611.4,73.9,97.0,3.001,614
PROC,612.4,73.9,97.0,3.035,621
PROC,613.5,73.9,97.0,3.133,641
PROC,614.5,73.9,97.0,3.050,624
PROC,615.5,73.9,97.0,2.952,604
PROC,616.5,73.9,97.0,2.952,604
PROC,617.5,73.9,97.0,3.304,676
PROC,618.5,73.9,97.0,2.972,608
PROC,619.6,73.9,97.0,3.074,629
PROC,620.6,73.9,97.0,2.957,605
PROC,621.6,73.9,97.0,2.962,606
PROC,622.6,73.9,97.0,3.328,681
PROC,623.6,73.9,97.0,3.016,617
PROC,624.7,73.9,97.0,3.240,663
PROC,625.7,73.9,97.0,2.957,605
PROC,626.7,73.9,97.0,2.937,601
PROC,627.7,73.9,97.0,3.177,650
PROC,628.7,73.9,97.0,2.952,604
PROC,629.8,73.9,97.0,2.991,612
PROC,630.8,73.9,97.0,2.933,600
PROC,631.8,73.9,97.0,2.937,601
PROC,632.8,73.9,97.0,3.094,633
PROC,633.8,73.9,97.0,2.996,613
PROC,634.9,73.9,97.0,3.065,627
PROC,635.9,73.9,97.0,2.942,602
PROC,636.9,73.9,97.0,2.933,600
PROC,637.9,73.9,97.0,3.284,672
PROC,638.9,73.9,97.0,3.157,646
PROC,640.0,73.9,97.0,3.187,652
PROC,641.0,73.9,97.0,2.923,598
PROC,642.0,73.9,97.0,2.933,600
PROC,643.0,73.9,97.0,3.226,660
PROC,644.0,73.9,97.0,2.996,613
PROC,645.0,73.9,97.0,2.981,610
PROC,646.0,73.9,97.0,3.245,664
PROC,647.1,73.9,97.0,2.962,606
PROC,648.1,73.9,97.0,2.952,604
PROC,649.1,73.9,97.0,3.265,668
PROC,650.1,73.9,97.0,2.996,613
PROC,651.2,73.9,97.0,3.201,655
PROC,652.2,73.9,97.0,2.928,599
PROC,653.2,73.9,97.0,2.937,601
PROC,654.2,73.9,97.0,3.025,619
PROC,655.2,73.9,97.0,2.972,608
PROC,656.3,73.9,97.0,2.996,613
PROC,657.3,73.9,97.0,2.952,604
PROC,658.3,73.9,97.0,2.942,602
PROC,659.3,73.9,97.0,3.104,635
PROC,660.3,73.9,97.0,2.942,602
PROC,661.4,73.9,97.0,2.957,605
PROC,662.4,73.9,97.0,2.913,596
PROC,663.4,73.9,97.0,2.913,596
PROC,664.4,73.9,97.0,3.284,672
PROC,665.4,73.9,97.0,2.962,606
PROC,666.5,73.9,97.0,3.226,660
PROC,667.5,73.9,97.0,2.957,605
PROC,668.5,73.9,97.0,2.952,604
PROC,669.5,73.9,97.0,3.280,671
PROC,670.5,73.9,97.0,2.947,603
PROC,671.6,73.9,97.0,2.996,613
PROC,672.6,73.9,97.0,2.928,599
PROC,673.6,73.9,97.0,2.923,598
PROC,674.6,73.9,97.0,3.250,665
PROC,675.6,73.9,97.0,2.967,607
PROC,676.7,73.9,97.0,3.236,662
PROC,677.7,73.9,97.0,2.977,609
PROC,678.7,73.9,97.0,2.981,610
PROC,679.7,73.9,97.0,2.981,610
PROC,680.7,73.9,97.0,3.001,614
PROC,681.7,73.9,97.0,3.118,638
PROC,682.8,73.9,97.0,2.952,604
PROC,683.8,73.9,97.0,2.937,601
PROC,684.8,73.9,97.0,2.947,603
PROC,685.8,73.9,97.0,2.986,611
PROC,686.8,73.9,97.0,3.055,625
PROC,687.9,73.9,97.0,2.977,609
PROC,688.9,73.9,97.0,2.981,610
PROC,689.9,73.9,97.0,3.309,677
PROC,690.9,73.9,97.0,3.006,615
PROC,692.0,73.9,97.0,3.226,660
PROC,693.0,73.9,97.0,2.942,602
PROC,694.0,73.9,97.0,2.937,601
PROC,695.0,73.9,97.0,3.089,632
PROC,696.0,73.9,97.0,3.221,659
PROC,697.1,73.9,97.0,2.991,612
PROC,698.1,73.9,97.0,2.972,608
PROC,699.1,73.9,97.0,3.260,667
PROC,700.1,73.9,97.0,3.338,683
PROC,701.1,73.9,97.0,3.236,662
PROC,702.2,73.9,97.0,3.030,620
PROC,703.2,73.9,97.0,2.952,604
PROC,704.2,73.9,97.0,2.947,603
PROC,705.2,73.9,97.0,2.957,605
PROC,706.2,73.9,97.0,3.021,618
PROC,707.2,73.9,97.0,2.972,608
PROC,708.2,73.9,97.0,3.152,645
PROC,709.3,73.9,97.0,2.972,608
PROC,710.3,73.9,97.0,2.981,610
PROC,711.3,73.9,97.0,3.353,686
PROC,712.3,73.9,97.0,3.201,655
PROC,713.4,73.9,97.0,3.016,617
PROC,714.4,73.9,97.0,2.957,605
PROC,715.4,73.9,97.0,2.947,603
PROC,716.4,73.9,97.0,3.289,673
PROC,717.4,73.9,97.0,3.118,638
PROC,718.5,73.9,97.0,3.221,659
PROC,719.5,73.9,97.0,2.952,604
PROC,720.5,73.9,97.0,2.952,604
PROC,721.5,73.9,97.0,3.138,642
PROC,722.5,73.9,97.0,2.996,613
PROC,723.5,73.9,97.0,3.221,659
PROC,724.6,73.9,97.0,2.957,605
PROC,725.6,73.9,97.0,2.933,600
PROC,726.6,73.9,97.0,3.250,665
PROC,727.6,73.9,97.0,2.952,604
PROC,728.6,73.9,97.0,3.152,645
PROC,729.7,73.9,97.0,2.933,600
PROC,730.7,73.9,97.0,2.937,601
PROC,731.7,73.9,97.0,3.304,676
PROC,732.7,73.9,97.0,3.177,650
PROC,733.7,73.9,97.0,3.245,664
PROC,734.8,73.9,97.0,2.952,604
PROC,735.8,73.9,97.0,2.942,602
PROC,736.8,73.9,97.0,3.275,670
PROC,737.8,73.9,97.0,3.089,632
PROC,738.8,73.9,97.0,3.201,655
PROC,739.9,73.9,97.0,2.923,598
PROC,740.9,73.9,97.0,2.942,602
PROC,741.9,73.9,97.0,3.275,670
PROC,742.9,73.9,97.0,2.977,609
PROC,744.0,73.9,97.0,3.240,663
PROC,745.0,73.9,97.0,2.967,607
PROC,746.0,73.9,97.0,2.947,603
PROC,747.0,73.9,97.0,2.942,602
PROC,748.0,73.9,97.0,2.967,607
PROC,749.0,73.9,97.0,3.226,660
PROC,750.1,73.9,97.0,2.908,595
PROC,751.1,73.9,97.0,2.928,599
PROC,752.1,73.9,97.0,3.226,660
PROC,753.1,73.9,97.0,3.035,621
PROC,754.2,73.9,97.0,2.908,595
PROC,755.2,73.9,97.0,2.889,591
PROC,756.2,73.9,97.0,3.109,636
PROC,757.2,73.9,97.0,3.211,657
PROC,758.2,73.9,97.0,2.884,590
PROC,759.2,73.9,97.0,2.889,591
PROC,760.3,73.9,97.0,2.869,587
PROC,761.3,73.9,97.0,2.874,588
PROC,762.3,73.9,97.0,3.192,653
PROC,763.3,73.9,97.0,2.918,597
PROC,764.3,73.9,97.0,3.123,639
PROC,765.4,73.9,97.0,2.923,598
PROC,766.4,73.9,97.0,2.928,599
PROC,767.4,73.9,97.0,2.928,599
PROC,768.4,73.9,97.0,2.952,604
PROC,769.4,73.9,97.0,3.172,649
PROC,770.5,73.9,97.0,2.903,594
PROC,771.5,73.9,97.0,2.879,589
PROC,772.5,73.9,97.0,3.231,661
PROC,773.5,73.9,97.0,3.045,623
PROC,774.5,73.9,97.0,2.928,599
PROC,775.6,73.9,97.0,2.918,597
PROC,776.6,73.9,97.0,2.937,601
PROC,777.6,73.9,97.0,2.991,612
PROC,778.6,73.9,97.0,3.172,649
PROC,779.7,73.9,97.0,2.884,590
PROC,780.7,73.9,97.0,2.884,590
PROC,781.7,73.9,97.0,3.206,656
PROC,782.7,73.9,97.0,2.903,594
PROC,783.7,73.9,97.0,3.167,648
PROC,784.8,73.9,97.0,2.908,595
PROC,785.8,73.9,97.0,2.913,596
PROC,786.8,73.9,97.0,3.226,660
PROC,787.8,73.9,97.0,2.933,600
PROC,788.8,73.9,97.0,3.177,650
PROC,789.9,73.9,97.0,2.884,590
PROC,790.9,73.9,97.0,2.879,589
PROC,791.9,73.9,97.0,2.889,591
PROC,792.9,73.9,97.0,2.918,597
PROC,793.9,73.9,97.0,3.025,619
PROC,795.0,73.9,97.0,2.913,596
PROC,796.0,73.9,97.0,2.918,597
PROC,797.0,73.9,97.0,3.275,670
PROC,798.0,73.9,97.0,2.952,604
PROC,799.0,73.9,97.0,2.942,602
PROC,800.0,73.9,97.0,2.928,599
PROC,801.1,73.9,97.0,2.889,591
PROC,802.1,73.9,97.0,2.884,590
PROC,803.1,73.9,97.0,2.972,608
PROC,804.1,73.9,97.0,2.889,591
PROC,805.1,73.9,97.0,3.138,642
PROC,806.2,73.9,97.0,2.889,591
PROC,807.2,73.9,97.0,2.903,594
PROC,808.2,73.9,97.0,3.270,669
PROC,809.2,73.9,97.0,2.967,607
PROC,810.2,73.9,97.0,3.182,651
PROC,811.3,73.9,97.0,2.879,589
PROC,812.3,73.9,97.0,2.864,586
PROC,813.3,73.9,97.0,3.201,655
PROC,814.3,73.9,97.0,2.913,596
PROC,815.3,73.9,97.0,2.874,588
PROC,816.4,73.9,97.0,2.879,589
PROC,817.4,73.9,97.0,2.889,591
PROC,818.4,73.9,97.0,2.981,610
PROC,819.4,73.9,97.0,3.177,650
PROC,820.5,73.9,97.0,2.879,589
PROC,821.5,73.9,97.0,2.864,586
PROC,822.5,73.9,97.0,3.172,649
PROC,823.5,73.9,97.0,2.869,587
PROC,824.5,73.9,97.0,2.879,589
PROC,825.6,73.9,97.0,2.854,584
PROC,826.6,73.9,97.0,2.869,587
PROC,827.6,73.9,97.0,3.177,650
PROC,828.6,73.9,97.0,2.918,597
PROC,829.6,73.9,97.0,2.937,601
PROC,830.7,73.9,97.0,2.889,591
PROC,831.7,73.9,97.0,2.864,586
PROC,832.7,73.9,97.0,3.094,633
PROC,833.7,73.9,97.0,2.923,598
PROC,834.7,73.9,97.0,3.133,641
PROC,835.7,73.9,97.0,2.874,588
PROC,836.8,73.9,97.0,2.859,585
PROC,837.8,73.9,97.0,3.206,656
PROC,838.8,73.9,97.0,2.913,596
PROC,839.8,73.9,97.0,3.016,617
PROC,840.8,73.9,97.0,2.923,598
PROC,841.9,73.9,97.0,2.884,590
PROC,842.9,73.9,97.0,3.157,646
PROC,843.9,73.9,97.0,2.869,587
PROC,844.9,73.9,97.0,2.884,590
PROC,846.0,73.9,97.0,2.840,581
PROC,847.0,73.9,97.0,2.845,582
PROC,848.0,73.9,97.0,3.216,658
PROC,849.0,73.9,97.0,2.889,591
PROC,850.0,73.9,97.0,2.947,603
PROC,851.1,73.9,97.0,2.874,588
PROC,852.1,73.9,97.0,2.859,585
PROC,853.1,73.9,97.0,2.977,609
PROC,854.1,73.9,97.0,3.152,645
PROC,855.1,73.9,97.0,2.845,582
PROC,856.2,73.9,97.0,2.849,583
PROC,857.2,73.9,97.0,2.815,576
PROC,858.2,73.9,97.0,3.138,642
PROC,859.2,73.9,97.0,3.011,616
PROC,860.2,73.9,97.0,3.128,640
PROC,861.2,73.9,97.0,2.864,586
PROC,862.3,73.9,97.0,2.854,584
PROC,863.3,73.9,97.0,3.069,628
PROC,864.3,73.9,97.0,2.845,582
PROC,865.3,73.9,97.0,2.864,586
PROC,866.4,73.9,97.0,2.825,578
PROC,867.4,73.9,97.0,2.830,579
PROC,868.4,73.9,97.0,3.196,654
PROC,869.4,73.9,97.0,2.864,586
PROC,870.4,73.9,97.0,2.933,600
PROC,871.5,73.9,97.0,2.874,588
PROC,872.5,73.9,97.0,2.874,588
PROC,873.5,73.9,97.0,3.216,658
PROC,874.5,73.9,97.0,2.874,588
PROC,875.5,73.9,97.0,3.113,637
PROC,876.5,73.9,97.0,2.840,581
PROC,877.6,73.9,97.0,2.835,580
PROC,878.6,73.9,97.0,3.133,641
PROC,879.6,73.9,97.0,2.874,588
PROC,880.6,73.9,97.0,2.918,597
PROC,881.7,73.9,97.0,2.893,592
PROC,882.7,73.9,97.0,2.898,593
PROC,883.7,73.9,97.0,3.133,641
PROC,884.7,73.9,97.0,2.889,591
PROC,885.7,73.9,97.0,2.918,597
PROC,886.8,73.9,97.0,2.845,582
PROC,887.8,73.9,97.0,2.840,581
PROC,888.8,73.9,97.0,3.201,655
PROC,889.8,73.9,97.0,3.113,637
PROC,890.8,73.9,97.0,2.952,604
PROC,891.9,73.9,97.0,2.879,589
PROC,892.9,73.9,97.0,2.889,591
PROC,893.9,73.9,97.0,3.231,661
PROC,894.9,73.9,97.0,3.089,632
PROC,895.9,73.9,97.0,3.069,628
PROC,897.0,73.9,97.0,2.840,581
PROC,898.0,73.9,97.0,2.830,579
PROC,899.0,73.9,97.0,3.094,633
PROC,900.0,73.9,97.0,2.854,584
PROC,901.0,73.9,97.0,3.109,636
PROC,902.0,73.9,97.0,2.859,585
PROC,903.1,73.9,97.0,2.879,589
PROC,904.1,73.9,97.0,3.240,663
PROC,905.1,73.9,97.0,3.128,640
PROC,906.1,73.9,97.0,2.918,597
PROC,907.2,73.9,97.0,2.835,580
PROC,908.2,73.9,97.0,2.962,606
PROC,909.2,73.9,97.0,2.859,585
PROC,910.2,73.9,97.0,3.118,638
PROC,911.2,73.9,97.0,3.001,614
PROC,912.3,73.9,97.0,2.869,587
PROC,913.3,73.9,97.0,2.903,594
PROC,914.3,73.9,97.0,3.245,664
PROC,915.3,73.9,97.0,3.094,633
PROC,916.3,73.9,97.0,3.152,645
PROC,917.3,73.9,97.0,2.849,583
PROC,918.4,73.9,97.0,2.835,580
PROC,919.4,73.9,97.0,3.089,632
PROC,920.4,73.9,97.0,2.854,584
PROC,921.4,73.9,97.0,3.099,634
PROC,922.5,73.9,97.0,2.849,583
PROC,923.5,73.9,97.0,2.869,587
PROC,924.5,73.9,97.0,3.025,619
PROC,925.5,73.9,97.0,2.908,595
PROC,926.5,73.9,97.0,2.937,601
PROC,927.6,73.9,97.0,2.835,580
PROC,928.6,73.9,97.0,2.923,598
PROC,929.6,73.9,97.0,3.182,651
PROC,930.6,73.9,97.0,3.060,626
PROC,931.6,73.9,97.0,2.830,579
PROC,932.7,73.9,97.0,2.845,582
PROC,933.7,73.9,97.0,3.216,658
PROC,934.7,73.9,97.0,2.903,594
PROC,935.7,73.9,97.0,3.138,642
PROC,936.7,73.9,97.0,2.825,578
PROC,937.8,73.9,97.0,2.820,577
PROC,938.8,73.9,97.0,3.157,646
PROC,939.8,73.9,97.0,2.859,585
PROC,940.8,73.9,97.0,3.089,632
PROC,941.8,73.9,97.0,2.820,577
PROC,942.9,73.9,97.0,2.825,578
PROC,943.9,73.9,97.0,3.011,616
PROC,944.9,73.9,97.0,3.206,656
PROC,945.9,73.9,97.0,3.113,637
PROC,946.9,73.9,97.0,2.854,584
PROC,948.0,73.9,97.0,2.835,580
PROC,949.0,73.9,97.0,2.825,578
PROC,950.0,73.9,97.0,2.840,581
PROC,951.0,73.9,97.0,2.981,610
PROC,952.0,73.9,97.0,2.815,576
PROC,953.1,73.9,97.0,2.810,575
PROC,954.1,73.9,97.0,2.845,582
PROC,955.1,73.9,97.0,2.893,592
PROC,956.1,73.9,97.0,3.050,624
PROC,957.1,73.9,97.0,2.913,596
PROC,958.2,73.9,97.0,2.859,585
PROC,959.2,73.9,97.0,2.820,577
PROC,960.2,73.9,97.0,3.177,650
PROC,961.2,73.9,97.0,2.835,580
PROC,962.2,73.9,97.0,2.893,592
PROC,963.2,73.9,97.0,2.810,575
PROC,964.3,73.9,97.0,2.810,575
PROC,965.3,73.9,97.0,3.192,653
PROC,966.3,73.9,97.0,2.869,587
PROC,967.3,73.9,97.0,3.109,636
PROC,968.4,73.9,97.0,2.845,582
PROC,969.4,73.9,97.0,2.825,578
PROC,970.4,73.9,97.0,2.845,582
PROC,971.4,73.9,97.0,2.996,613
PROC,972.4,73.9,97.0,2.805,574
PROC,973.5,73.9,97.0,2.796,572
PROC,974.5,73.9,97.0,3.167,648
PROC,975.5,73.9,97.0,3.011,616
PROC,976.5,73.9,97.0,3.118,638
PROC,977.5,73.9,97.0,2.835,580
PROC,978.6,73.9,97.0,2.835,580
PROC,979.6,73.9,97.0,2.849,583
PROC,980.6,73.9,97.0,3.074,629
PROC,981.6,73.9,97.0,2.810,575
PROC,982.7,73.9,97.0,2.786,570
PROC,983.7,73.9,97.0,3.138,642
PROC,984.7,73.9,97.0,2.884,590
PROC,985.7,73.9,97.0,3.109,636
PROC,986.7,73.9,97.0,2.869,587
PROC,987.8,73.9,97.0,2.835,580
PROC,988.8,73.9,97.0,3.143,643
PROC,989.8,73.9,97.0,2.967,607
PROC,990.8,73.9,97.0,3.079,630
PROC,991.8,73.9,97.0,2.835,580
PROC,992.8,73.9,97.0,2.796,572
PROC,993.9,73.9,97.0,2.752,563
PROC,994.9,73.9,97.0,3.016,617
PROC,995.9,73.9,97.0,2.825,578
PROC,996.9,73.9,97.0,2.791,571
PROC,998.0,73.9,97.0,2.825,578
PROC,999.0,73.9,97.0,3.060,626
PROC,1000.0,73.9,97.0,3.172,649
PROC,1001.0,73.9,97.0,2.835,580
PROC,1002.0,73.9,97.0,2.835,580
PROC,1003.0,73.9,97.0,2.815,576
PROC,1004.1,73.9,97.0,2.815,576
PROC,1005.1,73.9,97.0,3.118,638
PROC,1006.1,73.9,97.0,2.859,585
PROC,1007.1,73.9,97.0,3.118,638
PROC,1008.1,73.9,97.0,2.864,586
PROC,1009.2,73.9,97.0,2.874,588
PROC,1010.2,73.9,97.0,2.879,589
PROC,1011.2,73.9,97.0,2.893,592
PROC,1012.2,73.9,97.0,3.109,636
PROC,1013.2,73.9,97.0,2.835,580
PROC,1014.3,73.9,97.0,2.820,577
PROC,1015.3,73.9,97.0,3.167,648
PROC,1016.3,73.9,97.0,2.967,607
PROC,1017.3,73.9,97.0,2.859,585
PROC,1018.3,73.9,97.0,2.864,586
PROC,1019.4,73.9,97.0,2.884,590
PROC,1020.4,73.9,97.0,2.937,601
PROC,1021.4,73.9,97.0,3.113,637
PROC,1022.4,73.9,97.0,2.825,578
PROC,1023.5,73.9,97.0,2.825,578
PROC,1024.5,73.9,97.0,2.825,578
PROC,1025.5,73.9,97.0,2.898,593
PROC,1026.5,73.9,97.0,2.835,580
PROC,1027.5,73.9,97.0,2.869,587
PROC,1028.6,73.9,97.0,2.849,583
PROC,1029.6,73.9,97.0,2.864,586
PROC,1030.6,73.9,97.0,3.221,659
PROC,1031.6,73.9,97.0,2.903,594
PROC,1032.6,73.9,97.0,3.128,640
PROC,1033.6,73.9,97.0,2.849,583
PROC,1034.7,73.9,97.0,2.815,576
PROC,1035.7,73.9,97.0,3.172,649
PROC,1036.7,73.9,97.0,2.864,586
PROC,1037.7,73.9,97.0,3.113,637
PROC,1038.7,73.9,97.0,2.849,583
PROC,1039.8,73.9,97.0,2.889,591
PROC,1040.8,73.9,97.0,2.918,597
PROC,1041.8,73.9,97.0,2.977,609
PROC,1042.8,73.9,97.0,2.859,585
PROC,1043.9,73.9,97.0,2.830,579
PROC,1044.9,73.9,97.0,3.162,647
PROC,1045.9,73.9,97.0,2.849,583
PROC,1046.9,73.9,97.0,2.840,581
PROC,1047.9,73.9,97.0,2.854,584
PROC,1049.0,73.9,97.0,2.849,583
PROC,1050.0,73.9,97.0,2.859,585
PROC,1051.0,73.9,97.0,3.030,620
PROC,1052.0,73.9,97.0,2.884,590
PROC,1053.0,73.9,97.0,3.138,642
PROC,1054.0,73.9,97.0,2.825,578
PROC,1055.1,73.9,97.0,2.810,575
PROC,1056.1,73.9,97.0,3.162,647
PROC,1057.1,73.9,97.0,2.981,610
PROC,1058.1,73.9,97.0,2.820,577
PROC,1059.1,73.9,97.0,2.820,577
PROC,1060.2,73.9,97.0,2.830,579
PROC,1061.2,73.9,97.0,3.182,651
PROC,1062.2,73.9,97.0,2.879,589
PROC,1063.2,73.9,97.0,2.859,585
PROC,1064.3,73.9,97.0,2.810,575
PROC,1065.3,73.9,97.0,2.810,575
PROC,1066.3,73.9,97.0,2.879,589
PROC,1067.3,73.9,97.0,3.079,630
PROC,1068.3,73.9,97.0,2.840,581
PROC,1069.4,73.9,97.0,2.810,575
PROC,1070.4,73.9,97.0,2.825,578
PROC,1071.4,73.9,97.0,3.035,621
PROC,1072.4,73.9,97.0,3.133,641
PROC,1073.4,73.9,97.0,2.884,590
PROC,1074.4,73.9,97.0,2.835,580
PROC,1075.5,73.9,97.0,2.815,576
PROC,1076.5,73.9,97.0,3.157,646
PROC,1077.5,73.9,97.0,2.952,604
PROC,1078.5,73.9,97.0,3.089,632
PROC,1079.5,73.9,97.0,2.801,573
PROC,1080.6,73.9,97.0,2.830,579
PROC,1081.6,73.9,97.0,2.893,592
PROC,1082.6,73.9,97.0,3.143,643
PROC,1083.6,73.9,97.0,2.854,584
PROC,1084.7,73.9,97.0,2.825,578
PROC,1085.7,73.9,97.0,3.152,645
PROC,1086.7,73.9,97.0,2.884,590
PROC,1087.7,73.9,97.0,2.869,587
PROC,1088.7,73.9,97.0,2.815,576
PROC,1089.8,73.9,97.0,2.781,569
PROC,1090.8,73.9,97.0,3.143,643
PROC,1091.8,73.9,97.0,2.898,593
PROC,1092.8,73.9,97.0,3.118,638
PROC,1093.8,73.9,97.0,2.869,587
PROC,1094.8,73.9,97.0,2.830,579
PROC,1095.9,73.9,97.0,2.815,576
PROC,1096.9,73.9,97.0,3.162,647
PROC,1097.9,73.9,97.0,2.977,609
PROC,1098.9,73.9,97.0,3.074,629
PROC,1099.9,73.9,97.0,2.786,570
PROC,1101.0,73.9,97.0,2.796,572
PROC,1102.0,73.9,97.0,3.143,643
PROC,1103.0,73.9,97.0,2.859,585
PROC,1104.0,73.9,97.0,2.854,584
PROC,1105.1,73.9,97.0,2.825,578
PROC,1106.1,73.9,97.0,3.148,644
PROC,1107.1,73.9,97.0,2.869,587
PROC,1108.1,73.9,97.0,3.079,630
PROC,1109.1,73.9,97.0,2.791,571
PROC,1110.2,73.9,97.0,2.796,572
PROC,1111.2,73.9,97.0,2.913,596
PROC,1112.2,73.9,97.0,2.840,581
PROC,1113.2,73.9,97.0,2.874,588
PROC,1114.2,73.9,97.0,2.845,582
PROC,1115.3,73.9,97.0,2.845,582
PROC,1116.3,73.9,97.0,3.113,637
PROC,1117.3,73.9,97.0,2.840,581
PROC,1118.3,73.9,97.0,2.859,585
PROC,1119.3,73.9,97.0,2.810,575
PROC,1120.4,73.9,97.0,2.805,574
PROC,1121.4,73.9,97.0,3.192,653
PROC,1122.4,73.9,97.0,2.854,584
PROC,1123.4,73.9,97.0,2.918,597
PROC,1124.4,73.9,97.0,2.869,587
PROC,1125.5,73.9,97.0,2.874,588
PROC,1126.5,73.9,97.0,3.201,655
PROC,1127.5,73.9,97.0,2.864,586
PROC,1128.5,73.9,97.0,3.040,622
PROC,1129.5,73.9,97.0,2.830,579
PROC,1130.6,73.9,97.0,2.825,578
PROC,1131.6,73.9,97.0,3.128,640
PROC,1132.6,73.9,97.0,2.854,584
PROC,1133.6,73.9,97.0,3.123,639
PROC,1134.6,73.9,97.0,2.869,587
PROC,1135.7,73.9,97.0,2.869,587
PROC,1136.7,73.9,97.0,3.118,638
PROC,1137.7,73.9,97.0,2.879,589
PROC,1138.7,73.9,97.0,3.113,637
PROC,1139.7,73.9,97.0,2.854,584
PROC,1140.7,73.9,97.0,2.830,579
PROC,1141.8,73.9,97.0,2.835,580
PROC,1142.8,73.9,97.0,2.903,594
PROC,1143.8,73.9,97.0,2.840,581
PROC,1144.8,73.9,97.0,2.874,588
PROC,1145.8,73.9,97.0,2.864,586
PROC,1146.9,73.9,97.0,3.201,655
PROC,1147.9,73.9,97.0,2.884,590
PROC,1148.9,73.9,97.0,3.138,642
PROC,1149.9,73.9,97.0,2.840,581
PROC,1151.0,73.9,97.0,2.825,578
PROC,1152.0,73.9,97.0,3.094,633
PROC,1153.0,73.9,97.0,3.025,619
PROC,1154.0,73.9,97.0,3.113,637
PROC,1155.0,73.9,97.0,2.854,584
PROC,1156.1,73.9,97.0,2.874,588
PROC,1157.1,73.9,97.0,3.109,636
PROC,1158.1,73.9,97.0,2.903,594
PROC,1159.1,73.9,97.0,3.138,642
PROC,1160.1,73.9,97.0,2.879,589
PROC,1161.1,73.9,97.0,2.830,579
PROC,1162.2,73.9,97.0,2.840,581
PROC,1163.2,73.9,97.0,2.937,601
PROC,1164.2,73.9,97.0,2.845,582
PROC,1165.2,73.9,97.0,2.869,587
PROC,1166.2,73.9,97.0,2.849,583
PROC,1167.3,73.9,97.0,2.859,585
PROC,1168.3,73.9,97.0,3.177,650
PROC,1169.3,73.9,97.0,3.148,644
PROC,1170.3,73.9,97.0,2.840,581
PROC,1171.4,73.9,97.0,2.820,577
PROC,1172.4,73.9,97.0,3.084,631
PROC,1173.4,73.9,97.0,2.830,579
PROC,1174.4,73.9,97.0,2.869,587
PROC,1175.4,73.9,97.0,2.825,578
PROC,1176.5,73.9,97.0,3.094,633
PROC,1177.5,73.9,97.0,3.231,661
PROC,1178.5,73.9,97.0,3.128,640
PROC,1179.5,73.9,97.0,2.840,581
PROC,1180.5,73.9,97.0,2.825,578
PROC,1181.6,73.9,97.0,2.937,601
PROC,1182.6,73.9,97.0,3.182,651
PROC,1183.6,73.9,97.0,3.060,626
PROC,1184.6,73.9,97.0,2.810,575
PROC,1185.6,73.9,97.0,2.815,576
PROC,1186.7,73.9,97.0,2.845,582
PROC,1187.7,73.9,97.0,3.216,658
PROC,1188.7,73.9,97.0,3.084,631
PROC,1189.7,73.9,97.0,2.859,585
PROC,1190.7,73.9,97.0,2.840,581
PROC,1191.8,73.9,97.0,2.820,577
PROC,1192.8,73.9,97.0,3.192,653
PROC,1193.8,73.9,97.0,3.089,632
PROC,1194.8,73.9,97.0,2.820,577
PROC,1195.8,73.9,97.0,2.815,576
PROC,1196.9,73.9,97.0,2.820,577
PROC,1197.9,73.9,97.0,3.216,658
PROC,1198.9,73.9,97.0,2.879,589
PROC,1199.9,73.9,97.0,2.947,603

==========================================
=== 2-MINUTE DATA COLLECTION COMPLETE ===

Data Summary:
- Minute 1 (0-600 tenths sec): RAW IR/Red values
- Minute 2 (600-1200 tenths sec): Processed BPM/SpO2
- Full 2 minutes: GSR data (0.1s resolution)

Format markers:
  RAW,Time_0.1s,IR,Red,GSR_V,GSR_raw
  PROC,Time_0.1s,BPM,SpO2,GSR_V,GSR_raw

Copy all data above and save to CSV file
Press 's' to run again
