=~=~=~=~=~=~=~=~=~=~=~= PuTTY log 2026.03.31 10:24:36 =~=~=~=~=~=~=~=~=~=~=~=
Initializing MAX30100 for raw data..SUCCESS
Initializing PulseOximeter..SUCCESS

==========================================
Press 's' to start 2-minute data collection
Minute 1: RAW IR/Red data (0.1s intervals)
Minute 2: Processed BPM/SpO2 data (0.1s intervals)
==========================================

==========================================
=== 2-MINUTE DATA COLLECTION STARTED ===
PHASE 1 (0-600 tenths of seconds): RAW IR/Red data
Format: RAW,Time_0.1s,IR_raw,Red_raw,GSR_V,GSR_raw
------------------------------------------
RAW,0.0,8269,20776,2.243,459
RAW,0.0,8272,20776,2.361,483
RAW,0.0,8273,20772,2.419,495
RAW,0.0,8263,20771,2.253,461
RAW,0.0,8261,20768,2.248,460
RAW,0.0,8261,20764,2.366,484
RAW,0.0,8267,20757,2.478,507
RAW,0.0,8260,20753,2.258,462
RAW,0.0,8264,20758,2.253,461
RAW,0.0,8263,20773,2.375,486
RAW,0.0,8265,20768,2.502,512
RAW,0.0,8269,20758,2.263,463
RAW,0.0,8271,20765,2.253,461
RAW,0.0,8263,20769,2.375,486
RAW,0.0,8267,23889,2.512,514
RAW,0.0,8267,23884,2.263,463
RAW,0.4,8243,20733,2.370,485
RAW,0.4,8254,20751,2.268,464
RAW,0.4,8262,20763,2.522,516
RAW,0.4,8275,20775,2.263,463
RAW,0.4,8279,20789,2.258,462
RAW,0.4,8272,20794,2.278,466
RAW,0.6,8229,20734,2.268,464
RAW,0.6,8223,20724,2.258,462
RAW,0.8,8220,20723,2.253,461
RAW,1.0,8214,20714,2.243,459
RAW,1.2,8217,20720,2.243,459
RAW,1.5,8218,20727,2.229,456
RAW,1.7,8221,20720,2.229,456
RAW,1.9,8223,20725,2.224,455
RAW,2.2,8223,20730,2.224,455
RAW,2.4,8230,20733,2.214,453
RAW,2.6,8229,20745,2.214,453
RAW,2.8,8228,20748,2.209,452
RAW,3.0,8239,17122,2.209,452
RAW,3.2,8241,17177,2.204,451
RAW,3.5,8243,17170,2.209,452
RAW,3.7,8233,17175,2.204,451
RAW,3.9,8236,17176,2.204,451
RAW,4.2,8234,17174,2.199,450
RAW,4.4,8235,17171,2.199,450
RAW,4.6,8246,17177,2.199,450
RAW,4.9,8246,17182,2.195,449
RAW,5.1,8242,17190,2.195,449
RAW,5.3,8253,17184,2.195,449
RAW,5.5,8253,17192,2.195,449
RAW,5.8,8259,17191,2.190,448
RAW,6.0,8262,17191,2.185,447
RAW,6.2,8269,17204,2.190,448
RAW,6.5,8271,17210,2.185,447
RAW,6.7,8265,17219,2.185,447
RAW,6.9,8271,17214,2.185,447
RAW,7.2,8268,17225,2.180,446
RAW,7.4,8265,17231,2.180,446
RAW,7.6,8275,17221,2.180,446
RAW,7.8,8267,17223,2.180,446
RAW,8.0,8269,14043,2.180,446
RAW,8.2,8259,14025,2.175,445
RAW,8.4,8241,14019,2.175,445
RAW,8.7,8221,14002,2.175,445
RAW,8.9,8211,13991,2.175,445
RAW,9.1,8211,13991,2.175,445
RAW,9.3,8213,13987,2.175,445
RAW,9.5,8216,13992,2.170,444
RAW,9.7,8222,13993,2.170,444
RAW,10.0,8218,13995,2.170,444
RAW,10.1,8224,13999,2.170,444
RAW,10.3,8223,14002,2.170,444
RAW,10.5,8233,14010,2.170,444
RAW,10.7,8233,14013,2.170,444
RAW,10.9,8227,14016,2.165,443
RAW,11.0,8236,14020,2.165,443
RAW,11.2,8232,14008,2.165,443
RAW,11.4,8234,14015,2.160,442
RAW,11.6,8230,14017,2.160,442
RAW,11.8,8228,14018,2.160,442
RAW,12.0,8235,14014,2.160,442
RAW,12.1,8221,14022,2.160,442
RAW,12.3,8233,14012,2.155,441
RAW,12.5,8230,14012,2.155,441
RAW,12.7,8229,14008,2.155,441
RAW,12.9,8235,14007,2.151,440
RAW,13.0,8233,10294,2.155,441
RAW,13.2,8235,10302,2.151,440
RAW,13.4,8241,10299,2.151,440
RAW,13.5,8245,10299,2.151,440
RAW,13.7,8251,10307,2.151,440
RAW,13.9,8249,10304,2.146,439
RAW,14.1,8254,10300,2.146,439
RAW,14.3,8249,10306,2.146,439
RAW,14.5,8254,10309,2.146,439
RAW,14.6,8256,10312,2.141,438
RAW,14.8,8262,10305,2.146,439
RAW,15.0,8254,10311,2.141,438
RAW,15.2,8257,10313,2.141,438
RAW,15.4,8253,10314,2.136,437
RAW,15.5,8264,10311,2.136,437
RAW,15.7,8268,10312,2.136,437
RAW,15.9,8260,10314,2.136,437
RAW,16.1,8247,10300,2.131,436
RAW,16.3,8236,10289,2.131,436
RAW,16.5,8220,10290,2.126,435
RAW,16.6,8215,10286,2.136,437
RAW,16.8,8220,10286,2.126,435
RAW,17.0,8213,10282,2.126,435
RAW,17.2,8227,10283,2.121,434
RAW,17.4,8224,10293,2.126,435
RAW,17.6,8227,10290,2.121,434
RAW,17.7,8232,10289,2.121,434
RAW,17.9,8232,10298,2.121,434
RAW,18.0,8238,8192,2.126,435
RAW,18.2,8239,7092,2.121,434
RAW,18.5,8246,7102,2.121,434
RAW,18.7,8248,7101,2.116,433
RAW,18.9,8244,7106,2.116,433
RAW,19.1,8246,7105,2.116,433
RAW,19.3,8247,7102,2.116,433
RAW,19.5,8248,7105,2.111,432
RAW,19.8,8243,7107,2.111,432
RAW,20.0,8245,7107,2.107,431
RAW,20.2,8252,7106,2.111,432
RAW,20.4,8259,7108,2.107,431
RAW,20.6,8263,7109,2.107,431
RAW,20.8,8265,7111,2.107,431
RAW,21.0,8269,7113,2.107,431
RAW,21.3,8277,7112,2.102,430
RAW,21.5,8270,7115,2.102,430
RAW,21.7,8263,7118,2.102,430
RAW,21.9,8272,7116,2.102,430
RAW,22.1,8276,7109,2.102,430
RAW,22.3,8280,7112,2.097,429
RAW,22.5,8281,7109,2.102,430
RAW,22.8,8280,7117,2.097,429
RAW,23.0,8289,7119,2.097,429
RAW,23.2,8289,7117,2.097,429
RAW,23.4,8287,7118,2.097,429
RAW,23.6,8279,7114,2.097,429
RAW,23.8,8264,7104,2.092,428
RAW,24.0,8247,7099,2.097,429
RAW,24.3,8229,7096,2.092,428
RAW,24.5,8233,7091,2.092,428
RAW,24.7,8230,7095,2.092,428
RAW,24.9,8229,7097,2.092,428
RAW,25.1,8224,7098,2.092,428
RAW,25.4,8228,7097,2.092,428
RAW,25.6,8232,7100,2.092,428
RAW,25.8,8230,7098,2.092,428
RAW,26.0,8248,7102,2.092,428
RAW,26.3,8237,7103,2.092,428
RAW,26.5,8245,7100,2.092,428
RAW,26.7,8239,7102,2.092,428
RAW,27.0,8232,7093,2.092,428
RAW,27.2,8239,7098,2.092,428
RAW,27.4,8238,7091,2.092,428
RAW,27.6,8236,7097,2.097,429
RAW,27.9,8238,7095,2.092,428
RAW,28.1,8237,7097,2.097,429
RAW,28.3,8233,7096,2.097,429
RAW,28.5,8238,7093,2.097,429
RAW,28.8,8238,7100,2.097,429
RAW,29.0,8238,7090,2.097,429
RAW,29.2,8238,7090,2.097,429
RAW,29.5,8239,7090,2.097,429
RAW,29.7,8240,7097,2.097,429
RAW,29.9,8244,7093,2.097,429
RAW,30.1,8245,7087,2.097,429
RAW,30.4,8249,7091,2.097,429
RAW,30.6,8245,7092,2.097,429
RAW,30.8,8236,7087,2.102,430
RAW,31.0,8216,7073,2.097,429
RAW,31.3,8208,7065,2.102,430
RAW,31.5,8202,7070,2.102,430
RAW,31.7,8191,7067,2.102,430
RAW,32.0,8193,7064,2.097,429
RAW,32.2,8200,7065,2.102,430
RAW,32.4,8199,7066,2.102,430
RAW,32.6,8207,7067,2.107,431
RAW,32.9,8209,7069,2.107,431
RAW,33.1,8207,7075,2.107,431
RAW,33.3,8218,7077,2.107,431
RAW,33.5,8216,7077,2.107,431
RAW,33.7,8219,7075,2.107,431
RAW,33.9,8225,7077,2.111,432
RAW,34.1,8215,7076,2.111,432
RAW,34.4,8225,7076,2.111,432
RAW,34.6,8221,7082,2.111,432
RAW,34.8,8232,7079,2.111,432
RAW,34.9,8231,7081,2.111,432
RAW,35.1,8229,7083,2.111,432
RAW,35.3,8239,7084,2.111,432
RAW,35.4,8235,7085,2.116,433
RAW,35.6,8241,7085,2.116,433
RAW,35.9,8246,7094,2.116,433
RAW,36.1,8256,7089,2.116,433
RAW,36.3,8260,7093,2.116,433
RAW,36.4,8261,7091,2.116,433
RAW,36.6,8258,7092,2.121,434
RAW,36.9,8262,7095,2.116,433
RAW,37.1,8265,7099,2.121,434
RAW,37.4,8266,7102,2.121,434
RAW,37.6,8271,7102,2.126,435
RAW,37.9,8252,7089,2.126,435
RAW,38.1,8239,7083,2.126,435
RAW,38.4,8220,7072,2.126,435
RAW,38.6,8221,7072,2.126,435
RAW,38.9,8213,7077,2.126,435
RAW,39.1,8217,7074,2.131,436
RAW,39.3,8211,7067,2.126,435
RAW,39.4,8210,7073,2.131,436
RAW,39.6,8210,7072,2.131,436
RAW,39.9,8211,7080,2.131,436
RAW,40.1,8222,7075,2.131,436
RAW,40.4,8219,7077,2.131,436
RAW,40.6,8231,7080,2.131,436
RAW,40.9,8231,7089,2.136,437
RAW,41.1,8232,7083,2.131,436
RAW,41.3,8231,7085,2.136,437
RAW,41.4,8231,7082,2.136,437
RAW,41.6,8224,7085,2.136,437
RAW,41.9,8232,7091,2.136,437
RAW,42.1,8230,7092,2.141,438
RAW,42.3,8235,7094,2.141,438
RAW,42.4,8236,7086,2.141,438
RAW,42.6,8238,7092,2.141,438
RAW,42.9,8236,7090,2.141,438
RAW,43.1,8232,7100,2.141,438
RAW,43.2,8241,7096,2.146,439
RAW,43.4,8241,7096,2.141,438
RAW,43.6,8244,7092,2.146,439
RAW,43.7,8239,7104,2.146,439
RAW,43.9,8239,7092,2.146,439
RAW,44.2,8243,7094,2.146,439
RAW,44.4,8253,7097,2.146,439
RAW,44.6,8256,7101,2.146,439
RAW,44.7,8258,7103,2.151,440
RAW,44.9,8259,7102,2.146,439
RAW,45.1,8245,7097,2.151,440
RAW,45.2,8240,7092,2.151,440
RAW,45.4,8224,7083,2.151,440
RAW,45.6,8209,7083,2.146,439
RAW,45.7,8195,7079,2.155,441
RAW,45.9,8187,7074,2.151,440
RAW,46.2,8185,7077,2.155,441
RAW,46.4,8187,7074,2.146,439
RAW,46.6,8182,7074,2.151,440
RAW,46.8,8189,7077,2.151,440
RAW,47.0,8185,7074,2.155,441
RAW,47.2,8183,7078,2.151,440
RAW,47.4,8192,7077,2.155,441
RAW,47.5,8187,7075,2.155,441
RAW,47.7,8198,7076,2.155,441
RAW,47.9,8196,7076,2.155,441
RAW,48.1,8194,7076,2.155,441
RAW,48.3,8196,7079,2.155,441
RAW,48.5,8202,7079,2.155,441
RAW,48.7,8206,7082,2.155,441
RAW,48.8,8212,7090,2.160,442
RAW,49.0,8216,7082,2.160,442
RAW,49.2,8209,7080,2.160,442
RAW,49.4,8215,7087,2.160,442
RAW,49.5,8214,7085,2.160,442
RAW,49.7,8217,7085,2.160,442
RAW,49.9,8219,7088,2.160,442
RAW,50.2,8218,7087,2.165,443
RAW,50.4,8217,7084,2.160,442
RAW,50.6,8215,7080,2.160,442
RAW,50.7,8218,7085,2.165,443
RAW,50.9,8221,7083,2.160,442
RAW,51.2,8222,7083,2.165,443
RAW,51.4,8227,7083,2.165,443
RAW,51.6,8230,7081,2.165,443
RAW,51.7,8229,7090,2.165,443
RAW,51.9,8225,7083,2.165,443
RAW,52.2,8222,7084,2.160,442
RAW,52.4,8224,7083,2.165,443
RAW,52.7,8205,7075,2.160,442
RAW,52.9,8192,7070,2.165,443
RAW,53.2,8187,7065,2.165,443
RAW,53.4,8183,7071,2.165,443
RAW,53.6,8182,7074,2.160,442
RAW,53.7,8184,7072,2.165,443
RAW,53.9,8186,7077,2.160,442
RAW,54.2,8185,7074,2.165,443
RAW,54.4,8188,7078,2.160,442
RAW,54.6,8186,7074,2.160,442
RAW,54.7,8190,7074,2.160,442
RAW,54.9,8196,7077,2.160,442
RAW,55.1,8190,7072,2.160,442
RAW,55.2,8189,7077,2.165,443
RAW,55.4,8188,7076,2.160,442
RAW,55.7,8197,7068,2.160,442
RAW,55.9,8192,7071,2.155,441
RAW,56.1,8191,7070,2.155,441
RAW,56.2,8196,7079,2.151,440
RAW,56.4,8191,7074,2.155,441
RAW,56.7,8203,7078,2.151,440
RAW,56.9,8200,7085,2.151,440
RAW,57.2,8212,7085,2.146,439
RAW,57.4,8209,7084,2.146,439
RAW,57.7,8219,7088,2.141,438
RAW,57.9,8227,7091,2.141,438
RAW,58.2,8221,7091,2.136,437
RAW,58.4,8229,7091,2.131,436
RAW,58.5,8225,7087,2.131,436
RAW,58.7,8225,7095,2.131,436
RAW,58.9,8234,7094,2.126,435
RAW,59.0,8226,7094,2.126,435
RAW,59.2,8229,7099,2.121,434
RAW,59.4,8230,7098,2.121,434
RAW,59.5,8233,7101,2.121,434
RAW,59.7,8226,7101,2.121,434
RAW,59.9,8213,7093,2.116,433
RAW,60.0,8204,7084,2.116,433
RAW,60.2,8183,7070,2.111,432
RAW,60.5,8153,7058,2.107,431
RAW,60.7,8148,7053,2.107,431
RAW,60.9,8141,7050,2.107,431
RAW,61.1,8155,7056,2.102,430
RAW,61.3,8152,7053,2.102,430
RAW,61.5,8161,7056,2.097,429
RAW,61.6,8168,7049,2.097,429
RAW,61.8,8172,7055,2.092,428
RAW,62.0,8182,7062,2.092,428
RAW,62.2,8194,7058,2.087,427
RAW,62.5,8203,7068,2.082,426
RAW,62.6,8201,7064,2.077,425
RAW,62.8,8204,7064,2.077,425
RAW,63.0,8206,7064,2.072,424
RAW,63.1,8204,7061,2.072,424
RAW,63.3,8206,7061,2.067,423
RAW,63.5,8207,7064,2.067,423
RAW,63.6,8209,7064,2.063,422
RAW,63.8,8217,7063,2.063,422
RAW,64.0,8217,7068,2.063,422
RAW,64.3,8228,7069,2.058,421
RAW,64.5,8226,7072,2.053,420
RAW,64.7,8229,7067,2.053,420
RAW,64.8,8227,7074,2.048,419
RAW,65.0,8224,7073,2.048,419
RAW,65.2,8224,7068,2.043,418
RAW,65.3,8224,7069,2.043,418
RAW,65.5,8223,7068,2.038,417
RAW,65.8,8224,7067,2.038,417
RAW,66.0,8227,7072,2.033,416
RAW,66.3,8229,7062,2.028,415
RAW,66.5,8232,7069,2.023,414
RAW,66.7,8232,7069,2.028,415
RAW,66.8,8238,7072,2.023,414
RAW,67.0,8239,7082,2.023,414
RAW,67.3,8240,7078,2.019,413
RAW,67.5,8225,7073,2.019,413
RAW,67.7,8214,7068,2.019,413
RAW,67.8,8214,7069,2.019,413
RAW,68.0,8220,7071,2.014,412
RAW,68.3,8225,7080,2.014,412
RAW,68.5,8228,7080,2.009,411
RAW,68.7,8224,7081,2.009,411
RAW,68.8,8235,7079,2.014,412
RAW,69.0,8240,7084,2.009,411
RAW,69.2,8235,7080,2.009,411
RAW,69.3,8235,7077,2.009,411
RAW,69.5,8238,7082,2.009,411
RAW,69.7,8252,7087,2.009,411
RAW,69.8,8251,7086,2.009,411
RAW,70.0,8255,7093,2.009,411
RAW,70.2,8250,7089,2.009,411
RAW,70.5,8253,7086,2.009,411
RAW,70.7,8263,7088,2.004,410
RAW,70.9,8261,7091,2.009,411
RAW,71.0,8255,7094,2.004,410
RAW,71.2,8261,7092,2.004,410
RAW,71.4,8260,7099,2.004,410
RAW,71.5,8265,7091,2.009,411
RAW,71.7,8271,7100,2.004,410
RAW,71.9,8266,7095,2.009,411
RAW,72.0,8276,7107,2.009,411
RAW,72.2,8269,7104,2.009,411
RAW,72.4,8269,7101,2.009,411
RAW,72.5,8272,7102,2.009,411
RAW,72.7,8279,7104,2.009,411
RAW,72.9,8274,7100,2.009,411
RAW,73.2,8280,7100,2.009,411
RAW,73.4,8282,7104,2.009,411
RAW,73.7,8286,7105,2.009,411
RAW,73.9,8283,7108,2.009,411
RAW,74.1,8287,7103,2.009,411
RAW,74.2,8289,7102,2.009,411
RAW,74.4,8283,7106,2.009,411
RAW,74.6,8278,7099,2.009,411
RAW,74.7,8267,7088,2.009,411
RAW,74.9,8237,7082,2.009,411
RAW,75.1,8226,7079,2.009,411
RAW,75.2,8223,7069,2.014,412
RAW,75.4,8205,7072,2.009,411
RAW,75.6,8212,7072,2.014,412
RAW,75.7,8210,7071,2.014,412
RAW,75.9,8214,7064,2.014,412
RAW,76.1,8208,7070,2.014,412
RAW,76.2,8213,7073,2.014,412
RAW,76.4,8213,7071,2.014,412
RAW,76.6,8221,7081,2.014,412
RAW,76.7,8225,7076,2.014,412
RAW,76.9,8233,7079,2.019,413
RAW,77.1,8236,7086,2.014,412
RAW,77.2,8238,7086,2.014,412
RAW,77.4,8244,7087,2.014,412
RAW,77.6,8243,7089,2.019,413
RAW,77.7,8247,7087,2.014,412
RAW,77.9,8252,7093,2.019,413
RAW,78.1,8241,7088,2.014,412
RAW,78.2,8250,7087,2.019,413
RAW,78.4,8240,7091,2.014,412
RAW,78.6,8247,7085,2.014,412
RAW,78.7,8248,7080,2.014,412
RAW,78.9,8247,7087,2.014,412
RAW,79.1,8253,7080,2.014,412
RAW,79.2,8246,7080,2.019,413
RAW,79.4,8245,7083,2.014,412
RAW,79.7,8246,7081,2.019,413
RAW,79.9,8258,7079,2.014,412
RAW,80.2,8263,7085,2.014,412
RAW,80.4,8267,7084,2.014,412
RAW,80.6,8266,7083,2.019,413
RAW,80.7,8271,7085,2.019,413
RAW,80.9,8275,7091,2.019,413
RAW,81.1,8270,7090,2.014,412
RAW,81.2,8271,7092,2.019,413
RAW,81.4,8272,7094,2.014,412
RAW,81.6,8262,7086,2.019,413
RAW,81.7,8249,7081,2.019,413
RAW,81.9,8224,7068,2.019,413
RAW,82.1,8211,7065,2.014,412
RAW,82.4,8201,7054,2.019,413
RAW,82.6,8192,7056,2.019,413
RAW,82.8,8193,7054,2.019,413
RAW,83.0,8196,7045,2.019,413
RAW,83.3,8189,7054,2.019,413
RAW,83.5,8198,7053,2.014,412
RAW,83.7,8203,7056,2.019,413
RAW,83.9,8205,7062,2.014,412
RAW,84.1,8215,7062,2.019,413
RAW,84.4,8222,7059,2.019,413
RAW,84.5,8224,7067,2.019,413
RAW,84.7,8228,7071,2.014,412
RAW,84.9,8228,7068,2.019,413
RAW,85.2,8238,7065,2.014,412
RAW,85.4,8233,7067,2.019,413
RAW,85.6,8240,7070,2.014,412
RAW,85.7,8242,7072,2.019,413
RAW,85.9,8240,7069,2.019,413
RAW,86.1,8249,7076,2.019,413
RAW,86.2,8246,7072,2.019,413
RAW,86.4,8254,7080,2.019,413
RAW,86.6,8248,7075,2.019,413
RAW,86.7,8255,7072,2.019,413
RAW,86.9,8249,7077,2.023,414
RAW,87.1,8254,7076,2.023,414
RAW,87.4,8259,7074,2.019,413
RAW,87.6,8257,7080,2.019,413
RAW,87.8,8258,7086,2.019,413
RAW,87.9,8263,7091,2.023,414
RAW,88.1,8266,7089,2.019,413
RAW,88.3,8268,7096,2.023,414
RAW,88.4,8266,7092,2.023,414
RAW,88.6,8260,7090,2.023,414
RAW,88.8,8254,7087,2.019,413
RAW,88.9,8235,7080,2.023,414
RAW,89.1,8223,7066,2.023,414
RAW,89.3,8195,7047,2.023,414
RAW,89.4,8192,7052,2.023,414
RAW,89.6,8186,7046,2.023,414
RAW,89.8,8186,7046,2.023,414
RAW,90.1,8190,7050,2.028,415
RAW,90.3,8195,7057,2.028,415
RAW,90.5,8192,7062,2.028,415
RAW,90.6,8199,7058,2.028,415
RAW,90.8,8206,7058,2.028,415
RAW,91.0,8207,7065,2.028,415
RAW,91.3,8212,7070,2.028,415
RAW,91.5,8221,7061,2.028,415
RAW,91.8,8228,7069,2.028,415
RAW,92.0,8226,7068,2.028,415
RAW,92.2,8228,7068,2.033,416
RAW,92.3,8233,7071,2.033,416
RAW,92.5,8236,7071,2.033,416
RAW,92.7,8242,7070,2.033,416
RAW,92.8,8236,7077,2.033,416
RAW,93.0,8235,7077,2.033,416
RAW,93.2,8246,7073,2.038,417
RAW,93.3,8244,7074,2.033,416
RAW,93.5,8244,7076,2.038,417
RAW,93.7,8247,7077,2.033,416
RAW,93.8,8251,7076,2.038,417
RAW,94.0,8259,7081,2.038,417
RAW,94.2,8256,7080,2.038,417
RAW,94.5,8252,7083,2.038,417
RAW,94.7,8257,7082,2.043,418
RAW,94.9,8253,7079,2.038,417
RAW,95.0,8261,7083,2.043,418
RAW,95.2,8260,7082,2.043,418
RAW,95.4,8264,7084,2.043,418
RAW,95.7,8264,7084,2.043,418
RAW,95.9,8266,7082,2.048,419
RAW,96.1,8263,7086,2.043,418
RAW,96.2,8264,7083,2.048,419
RAW,96.4,8248,7075,2.048,419
RAW,96.6,8235,7066,2.048,419
RAW,96.7,8231,7070,2.048,419
RAW,96.9,8225,7061,2.053,420
RAW,97.1,8221,7066,2.048,419
RAW,97.2,8224,7068,2.053,420
RAW,97.4,8223,7067,2.053,420
RAW,97.6,8222,7062,2.053,420
RAW,97.7,8228,7071,2.053,420
RAW,97.9,8225,7069,2.058,421
RAW,98.1,8223,7073,2.053,420
RAW,98.2,8222,7074,2.058,421
RAW,98.4,8227,7075,2.058,421
RAW,98.6,8219,7079,2.063,422
RAW,98.9,8230,7070,2.058,421
RAW,99.1,8226,7071,2.063,422
RAW,99.3,8234,7069,2.063,422
RAW,99.4,8231,7073,2.063,422
RAW,99.6,8231,7073,2.063,422
RAW,99.8,8235,7071,2.063,422
RAW,99.9,8231,7069,2.063,422
RAW,100.1,8233,7071,2.067,423
RAW,100.4,8239,7072,2.063,422
RAW,100.6,8241,7076,2.067,423
RAW,100.7,8244,7079,2.067,423
RAW,100.9,8247,7078,2.072,424
RAW,101.0,8255,7072,2.072,424
RAW,101.3,8253,7079,2.072,424
RAW,101.5,8259,7080,2.072,424
RAW,101.6,8261,7080,2.072,424
RAW,101.8,8259,7082,2.072,424
RAW,101.9,8256,7090,2.072,424
RAW,102.1,8257,7084,2.072,424
RAW,102.2,8254,7086,2.077,425
RAW,102.4,8256,7088,2.072,424
RAW,102.5,8257,7087,2.077,425
RAW,102.8,8259,7088,2.077,425
RAW,103.0,8253,7079,2.077,425
RAW,103.1,8253,7077,2.077,425
RAW,103.3,8239,7065,2.082,426
RAW,103.4,8227,7058,2.077,425
RAW,103.7,8204,7047,2.082,426
RAW,103.9,8202,7044,2.077,425
RAW,104.0,8195,7046,2.082,426
RAW,104.2,8199,7046,2.082,426
RAW,104.3,8200,7050,2.087,427
RAW,104.5,8193,7047,2.082,426
RAW,104.7,8196,7052,2.087,427
RAW,104.8,8199,7054,2.082,426
RAW,105.0,8200,7047,2.087,427
RAW,105.2,8206,7053,2.087,427
RAW,105.4,8208,7055,2.087,427
RAW,105.6,8213,7057,2.087,427
RAW,105.7,8213,7061,2.087,427
RAW,105.9,8214,7064,2.087,427
RAW,106.1,8226,7061,2.092,428
RAW,106.3,8227,7063,2.087,427
RAW,106.4,8220,7068,2.087,427
RAW,106.6,8229,7071,2.087,427
RAW,106.8,8237,7073,2.092,428
RAW,107.0,8232,7075,2.087,427
RAW,107.2,8230,7074,2.092,428
RAW,107.3,8237,7082,2.087,427
RAW,107.5,8238,7081,2.092,428
RAW,107.7,8237,7085,2.087,427
RAW,107.9,8238,7084,2.087,427
RAW,108.1,8238,7090,2.087,427
RAW,108.2,8237,7091,2.087,427
RAW,108.4,8243,7090,2.087,427
RAW,108.6,8247,7087,2.082,426
RAW,108.8,8251,7090,2.082,426
RAW,108.9,8256,7089,2.087,427
RAW,109.1,8255,7089,2.082,426
RAW,109.3,8255,7086,2.082,426
RAW,109.5,8266,7095,2.082,426
RAW,109.7,8272,7099,2.077,425
RAW,109.8,8263,7096,2.077,425
RAW,110.0,8270,7100,2.077,425
RAW,110.2,8269,7094,2.077,425
RAW,110.4,8258,7093,2.072,424
RAW,110.6,8236,7084,2.067,423
RAW,110.7,8225,7085,2.072,424
RAW,110.9,8212,7075,2.067,423
RAW,111.1,8209,7076,2.067,423
RAW,111.3,8210,7078,2.063,422
RAW,111.5,8214,7080,2.063,422
RAW,111.6,8211,7080,2.063,422
RAW,111.8,8214,7080,2.063,422
RAW,112.0,8220,7083,2.053,420
RAW,112.2,8219,7082,2.058,421
RAW,112.3,8219,7081,2.053,420
RAW,112.5,8215,7081,2.053,420
RAW,112.7,8223,7083,2.048,419
RAW,112.9,8226,7088,2.048,419
RAW,113.1,8228,7082,2.043,418
RAW,113.2,8227,7089,2.043,418
RAW,113.4,8231,7091,2.038,417
RAW,113.6,8234,7097,2.038,417
RAW,113.8,8231,7094,2.033,416
RAW,113.9,8227,7094,2.038,417
RAW,114.1,8241,7089,2.033,416
RAW,114.3,8229,7089,2.033,416
RAW,114.5,8234,7092,2.028,415
RAW,114.7,8230,7095,2.028,415
RAW,114.8,8233,7094,2.023,414
RAW,115.0,8230,7090,2.023,414
RAW,115.2,8232,7093,2.023,414
RAW,115.4,8239,7089,2.019,413
RAW,115.6,8238,7090,2.019,413
RAW,115.7,8247,7086,2.019,413
RAW,115.9,8242,7088,2.014,412
RAW,116.1,8252,7090,2.019,413
RAW,116.3,8250,7096,2.014,412
RAW,116.4,8255,7090,2.014,412
RAW,116.6,8258,7094,2.009,411
RAW,116.8,8265,7093,2.009,411
RAW,117.0,8262,7096,2.009,411
RAW,117.2,8263,7095,2.009,411
RAW,117.3,8266,7090,2.004,410
RAW,117.5,8245,7081,2.004,410
RAW,117.7,8221,7070,2.004,410
RAW,117.9,8212,7064,2.004,410
RAW,118.0,8195,7061,2.004,410
RAW,118.2,8201,7057,2.004,410
RAW,118.4,8194,7058,1.999,409
RAW,118.6,8190,7051,1.999,409
RAW,118.8,8188,7053,1.999,409
RAW,118.9,8189,7057,1.999,409
RAW,119.1,8191,7054,1.999,409
RAW,119.3,8197,7051,1.999,409
RAW,119.5,8195,7056,1.994,408
RAW,119.7,8189,7057,1.994,408
RAW,119.9,8206,7054,1.994,408
RAW,120.1,8208,7060,1.994,408
RAW,120.3,8202,7061,1.994,408
RAW,120.5,8214,7059,1.994,408
RAW,120.6,8209,7063,1.994,408
RAW,120.8,8221,7064,1.994,408
RAW,121.0,8210,7060,1.994,408
RAW,121.1,8216,7064,1.994,408
RAW,121.3,8215,7061,1.989,407
RAW,121.4,8228,7065,1.994,408
RAW,121.6,8219,7065,1.989,407
RAW,121.7,8224,7057,1.989,407
RAW,121.9,8229,7060,1.989,407
RAW,122.0,8222,7070,1.994,408
RAW,122.3,8229,7068,1.989,407
RAW,122.5,8225,7065,1.989,407
RAW,122.6,8231,7065,1.989,407
RAW,122.8,8230,7067,1.989,407
RAW,122.9,8233,7068,1.989,407
RAW,123.1,8233,7072,1.989,407
RAW,123.2,8235,7065,1.989,407
RAW,123.5,8233,7067,1.989,407
RAW,123.7,8238,7066,1.989,407
RAW,123.8,8254,7068,1.989,407
RAW,124.0,8254,7071,1.984,406
RAW,124.1,8256,7077,1.989,407
RAW,124.4,8261,7079,1.989,407
RAW,124.6,8251,7073,1.989,407
RAW,124.7,8244,7068,1.989,407
RAW,124.9,8224,7055,1.989,407
RAW,125.0,8217,7058,1.989,407
RAW,125.2,8209,7056,1.989,407
RAW,125.3,8207,7053,1.989,407
RAW,125.6,8210,7061,1.989,407
RAW,125.8,8212,7063,1.989,407
RAW,125.9,8218,7067,1.994,408
RAW,126.1,8223,7063,1.989,407
RAW,126.2,8226,7068,1.994,408
RAW,126.5,8233,7072,1.994,408
RAW,126.7,8236,7071,1.994,408
RAW,126.8,8234,7073,1.994,408
RAW,127.0,8240,7081,1.994,408
RAW,127.1,8240,7079,1.994,408
RAW,127.3,8248,7082,1.994,408
RAW,127.4,8245,7079,1.994,408
RAW,127.7,8239,7074,1.999,409
RAW,127.9,8235,7074,1.994,408
RAW,128.0,8230,7071,1.999,409
RAW,128.2,8235,7076,1.994,408
RAW,128.3,8235,7082,1.999,409
RAW,128.6,8237,7076,1.999,409
RAW,128.8,8244,7084,1.999,409
RAW,128.9,8247,7084,1.999,409
RAW,129.1,8249,7087,1.999,409
RAW,129.2,8245,7089,1.999,409
RAW,129.5,8253,7089,2.004,410
RAW,129.7,8252,7091,1.999,409
RAW,129.8,8259,7099,2.004,410
RAW,130.0,8256,7087,2.004,410
RAW,130.1,8260,7094,2.004,410
RAW,130.3,8264,7088,2.004,410
RAW,130.4,8263,7094,2.004,410
RAW,130.7,8257,7093,2.004,410
RAW,130.9,8261,7098,2.004,410
RAW,131.0,8258,7093,2.009,411
RAW,131.2,8258,7088,2.009,411
RAW,131.3,8249,7079,2.004,410
RAW,131.6,8220,7073,2.009,411
RAW,131.8,8215,7066,2.004,410
RAW,131.9,8206,7062,2.014,412
RAW,132.1,8207,7060,2.009,411
RAW,132.2,8205,7055,2.014,412
RAW,132.4,8205,7056,2.014,412
RAW,132.5,8204,7060,2.014,412
RAW,132.8,8208,7055,2.014,412
RAW,133.0,8202,7059,2.019,413
RAW,133.1,8210,7058,2.014,412
RAW,133.3,8213,7059,2.019,413
RAW,133.4,8212,7061,2.019,413
RAW,133.7,8228,7062,2.019,413
RAW,133.9,8227,7066,2.019,413
RAW,134.0,8231,7066,2.023,414
RAW,134.3,8242,7071,2.019,413
RAW,134.5,8238,7077,2.023,414
RAW,134.6,8241,7070,2.023,414
RAW,134.8,8235,7068,2.028,415
RAW,134.9,8240,7071,2.023,414
RAW,135.2,8244,7070,2.023,414
RAW,135.4,8244,7078,2.023,414
RAW,135.5,8254,7068,2.028,415
RAW,135.7,8250,7075,2.023,414
RAW,135.8,8246,7077,2.028,415
RAW,136.0,8249,7081,2.023,414
RAW,136.1,8256,7084,2.028,415
RAW,136.4,8261,7086,2.028,415
RAW,136.6,8266,7088,2.028,415
RAW,136.7,8263,7090,2.028,415
RAW,136.9,8269,7087,2.028,415
RAW,137.0,8272,7094,2.028,415
RAW,137.2,8268,7095,2.028,415
RAW,137.3,8275,7092,2.028,415
RAW,137.6,8275,7094,2.033,416
RAW,137.8,8272,7093,2.028,415
RAW,137.9,8268,7087,2.033,416
RAW,138.1,8254,7079,2.028,415
RAW,138.2,8246,7076,2.033,416
RAW,138.5,8206,7055,2.028,415
RAW,138.7,8209,7055,2.033,416
RAW,138.8,8201,7050,2.033,416
RAW,139.0,8203,7055,2.033,416
RAW,139.1,8197,7057,2.033,416
RAW,139.4,8210,7065,2.033,416
RAW,139.6,8214,7062,2.033,416
RAW,139.7,8212,7066,2.033,416
RAW,139.9,8225,7072,2.033,416
RAW,140.0,8228,7073,2.033,416
RAW,140.3,8227,7072,2.033,416
RAW,140.5,8233,7072,2.033,416
RAW,140.6,8233,7068,2.028,415
RAW,140.9,8243,7070,2.033,416
RAW,141.1,8237,7067,2.028,415
RAW,141.3,8234,7069,2.028,415
RAW,141.5,8229,7070,2.028,415
RAW,141.6,8231,7070,2.033,416
RAW,141.8,8228,7070,2.028,415
RAW,142.0,8234,7072,2.028,415
RAW,142.2,8225,7069,2.023,414
RAW,142.3,8230,7071,2.028,415
RAW,142.5,8230,7067,2.028,415
RAW,142.7,8238,7074,2.033,416
RAW,142.9,8242,7073,2.023,414
RAW,143.1,8239,7072,2.028,415
RAW,143.2,8238,7072,2.028,415
RAW,143.4,8243,7070,2.023,414
RAW,143.6,8241,7070,2.023,414
RAW,143.8,8245,7076,2.023,414
RAW,143.9,8250,7071,2.023,414
RAW,144.1,8256,7074,2.023,414
RAW,144.3,8257,7072,2.019,413
RAW,144.5,8258,7078,2.019,413
RAW,144.7,8256,7078,2.019,413
RAW,144.8,8262,7075,2.019,413
RAW,145.0,8241,7068,2.019,413
RAW,145.2,8228,7056,2.019,413
RAW,145.4,8212,7052,2.014,412
RAW,145.6,8199,7053,2.014,412
RAW,145.7,8200,7049,2.014,412
RAW,145.9,8201,7054,2.014,412
RAW,146.1,8200,7060,2.009,411
RAW,146.3,8204,7059,2.014,412
RAW,146.4,8201,7057,2.009,411
RAW,146.6,8209,7065,2.009,411
RAW,146.8,8197,7059,2.004,410
RAW,147.0,8207,7057,2.004,410
RAW,147.2,8203,7058,1.999,409
RAW,147.3,8206,7057,1.999,409
RAW,147.5,8213,7056,1.994,408
RAW,147.7,8217,7062,1.999,409
RAW,147.9,8215,7061,1.994,408
RAW,148.1,8226,7067,1.989,407
RAW,148.2,8218,7063,1.989,407
RAW,148.4,8214,7066,1.989,407
RAW,148.6,8222,7066,1.984,406
RAW,148.8,8224,7071,1.984,406
RAW,148.9,8227,7073,1.979,405
RAW,149.1,8225,7076,1.979,405
RAW,149.3,8233,7075,1.975,404
RAW,149.5,8230,7072,1.975,404
RAW,149.7,8238,7077,1.970,403
RAW,149.8,8237,7078,1.975,404
RAW,150.0,8241,7083,1.970,403
RAW,150.2,8251,7081,1.965,402
RAW,150.4,8258,7080,1.965,402
RAW,150.6,8259,7082,1.960,401
RAW,150.7,8261,7082,1.960,401
RAW,150.9,8264,7086,1.960,401
RAW,151.1,8265,7085,1.955,400
RAW,151.3,8267,7090,1.955,400
RAW,151.5,8264,7091,1.950,399
RAW,151.6,8264,7081,1.950,399
RAW,151.8,8249,7076,1.950,399
RAW,152.0,8223,7061,1.950,399
RAW,152.2,8207,7054,1.940,397
RAW,152.4,8203,7050,1.940,397
RAW,152.5,8205,7056,1.940,397
RAW,152.7,8210,7054,1.940,397
RAW,152.9,8224,7062,1.935,396
RAW,153.1,8228,7068,1.935,396
RAW,153.2,8231,7069,1.931,395
RAW,153.4,8238,7076,1.931,395
RAW,153.6,8233,7074,1.926,394
RAW,153.8,8244,7075,1.926,394
RAW,154.0,8237,7074,1.921,393
RAW,154.1,8242,7070,1.926,394
RAW,154.3,8247,7072,1.921,393
RAW,154.5,8253,7075,1.921,393
RAW,154.7,8255,7079,1.916,392
RAW,154.9,8257,7072,1.916,392
RAW,155.0,8262,7080,1.916,392
RAW,155.2,8265,7076,1.921,393
RAW,155.4,8261,7079,1.911,391
RAW,155.6,8272,7086,1.916,392
RAW,155.8,8270,7089,1.906,390
RAW,156.0,8275,7091,1.911,391
RAW,156.1,8274,7089,1.911,391
RAW,156.3,8277,7089,1.911,391
RAW,156.5,8273,7089,1.906,390
RAW,156.7,8276,7090,1.906,390
RAW,156.8,8280,7094,1.906,390
RAW,157.0,8274,7087,1.906,390
RAW,157.2,8275,7089,1.906,390
RAW,157.4,8279,7091,1.906,390
RAW,157.6,8278,7095,1.906,390
RAW,157.8,8288,7091,1.906,390
RAW,157.9,8291,7097,1.906,390
RAW,158.1,8288,7096,1.911,391
RAW,158.3,8293,7100,1.901,389
RAW,158.5,8290,7095,1.906,390
RAW,158.7,8276,7088,1.906,390
RAW,158.8,8263,7081,1.906,390
RAW,159.0,8244,7068,1.906,390
RAW,159.2,8223,7065,1.906,390
RAW,159.4,8215,7065,1.906,390
RAW,159.6,8220,7064,1.906,390
RAW,159.7,8223,7060,1.906,390
RAW,159.9,8214,7067,1.911,391
RAW,160.1,8218,7070,1.906,390
RAW,160.3,8213,7067,1.906,390
RAW,160.5,8209,7066,1.906,390
RAW,160.7,8202,7063,1.911,391
RAW,160.8,8210,7065,1.911,391
RAW,161.0,8211,7065,1.911,391
RAW,161.2,8209,7067,1.911,391
RAW,161.4,8214,7061,1.911,391
RAW,161.6,8211,7058,1.911,391
RAW,161.8,8203,7053,1.911,391
RAW,162.0,8195,7053,1.911,391
RAW,162.1,8203,7050,1.911,391
RAW,162.3,8201,7054,1.916,392
RAW,162.5,8200,7054,1.916,392
RAW,162.7,8208,7059,1.916,392
RAW,162.9,8210,7057,1.916,392
RAW,163.1,8209,7054,1.916,392
RAW,163.3,8215,7056,1.921,393
RAW,163.4,8219,7057,1.921,393
RAW,163.6,8225,7054,1.921,393
RAW,163.8,8215,7054,1.921,393
RAW,164.0,8221,7053,1.921,393
RAW,164.1,8232,7052,1.926,394
RAW,164.3,8224,7059,1.926,394
RAW,164.4,8236,7062,1.926,394
RAW,164.6,8246,7064,1.926,394
RAW,164.7,8254,7064,1.926,394
RAW,164.9,8252,7071,1.931,395
RAW,165.0,8252,7069,1.931,395
RAW,165.2,8243,7055,1.931,395
RAW,165.3,8229,7053,1.935,396
RAW,165.6,8204,7040,1.935,396
RAW,165.8,8185,7036,1.935,396
RAW,165.9,8195,7040,1.935,396
RAW,166.1,8196,7041,1.935,396
RAW,166.2,8198,7037,1.940,397
RAW,166.4,8195,7033,1.940,397
RAW,166.5,8195,7037,1.945,398
RAW,166.7,8191,7033,1.945,398
RAW,166.8,8196,7036,1.945,398
RAW,167.1,8196,7032,1.945,398
RAW,167.3,8190,7030,1.950,399
RAW,167.4,8195,7027,1.950,399
RAW,167.6,8195,7028,1.950,399
RAW,167.7,8192,7033,1.950,399
RAW,167.9,8202,7034,1.955,400
RAW,168.0,8204,7036,1.955,400
RAW,168.3,8208,7037,1.955,400
RAW,168.5,8205,7033,1.955,400
RAW,168.6,8199,7041,1.960,401
RAW,168.8,8204,7039,1.960,401
RAW,168.9,8212,7037,1.960,401
RAW,169.2,8219,7034,1.965,402
RAW,169.4,8219,7043,1.965,402
RAW,169.5,8218,7042,1.965,402
RAW,169.7,8215,7041,1.965,402
RAW,169.8,8221,7045,1.965,402
RAW,170.1,8218,7038,1.970,403
RAW,170.3,8220,7047,1.970,403
RAW,170.4,8214,7039,1.970,403
RAW,170.6,8222,7041,1.970,403
RAW,170.7,8223,7043,1.975,404
RAW,171.0,8217,7043,1.975,404
RAW,171.2,8223,7041,1.975,404
RAW,171.3,8231,7038,1.975,404
RAW,171.5,8228,7045,1.975,404
RAW,171.6,8233,7049,1.979,405
RAW,171.8,8223,7040,1.979,405
RAW,171.9,8231,7043,1.979,405
RAW,172.2,8206,7033,1.979,405
RAW,172.4,8188,7026,1.979,405
RAW,172.5,8190,7022,1.984,406
RAW,172.7,8183,7024,1.979,405
RAW,172.8,8192,7025,1.984,406
RAW,173.1,8195,7030,1.984,406
RAW,173.3,8207,7035,1.984,406
RAW,173.4,8206,7039,1.984,406
RAW,173.7,8217,7041,1.989,407
RAW,173.9,8222,7045,1.984,406
RAW,174.0,8229,7042,1.989,407
RAW,174.2,8231,7050,1.984,406
RAW,174.3,8231,7054,1.989,407
RAW,174.6,8232,7056,1.989,407
RAW,174.8,8230,7056,1.994,408
RAW,174.9,8241,7058,1.994,408
RAW,175.1,8228,7053,1.994,408
RAW,175.2,8230,7062,1.989,407
RAW,175.4,8232,7054,1.994,408
RAW,175.5,8230,7062,1.994,408
RAW,175.8,8234,7066,1.994,408
RAW,176.0,8235,7063,1.989,407
RAW,176.1,8242,7069,1.994,408
RAW,176.3,8244,7069,1.989,407
RAW,176.4,8242,7067,1.994,408
RAW,176.7,8248,7077,1.989,407
RAW,176.9,8242,7071,1.989,407
RAW,177.0,8246,7079,1.989,407
RAW,177.2,8253,7077,1.989,407
RAW,177.3,8256,7076,1.989,407
RAW,177.5,8250,7080,1.989,407
RAW,177.6,8244,7079,1.989,407
RAW,177.9,8254,7076,1.984,406
RAW,178.1,8256,7079,1.979,405
RAW,178.2,8252,7078,1.979,405
RAW,178.5,8246,7072,1.979,405
RAW,178.7,8232,7061,1.975,404
RAW,178.8,8230,7056,1.970,403
RAW,179.0,8199,7048,1.975,404
RAW,179.1,8201,7046,1.970,403
RAW,179.4,8184,7040,1.965,402
RAW,179.6,8180,7044,1.960,401
RAW,179.7,8183,7045,1.965,402
RAW,179.9,8178,7035,1.955,400
RAW,180.0,8179,7045,1.955,400
RAW,180.2,8179,7043,1.950,399
RAW,180.3,8186,7043,1.955,400
RAW,180.5,8188,7041,1.945,398
RAW,180.6,8186,7041,1.945,398
RAW,180.8,8193,7051,1.940,397
RAW,181.0,8205,7046,1.935,396
RAW,181.1,8203,7051,1.935,396
RAW,181.3,8208,7045,1.931,395
RAW,181.4,8212,7052,1.926,394
RAW,181.6,8215,7059,1.926,394
RAW,181.8,8217,7060,1.921,393
RAW,181.9,8221,7057,1.921,393
RAW,182.1,8219,7059,1.911,391
RAW,182.2,8226,7060,1.911,391
RAW,182.4,8227,7066,1.906,390
RAW,182.5,8225,7065,1.906,390
RAW,182.8,8240,7072,1.896,388
RAW,183.0,8239,7072,1.891,387
RAW,183.1,8246,7079,1.891,387
RAW,183.3,8250,7077,1.887,386
RAW,183.4,8248,7082,1.882,385
RAW,183.6,8254,7083,1.882,385
RAW,183.7,8256,7081,1.877,384
RAW,183.9,8260,7086,1.877,384
RAW,184.0,8267,7083,1.877,384
RAW,184.2,8265,7083,1.872,383
RAW,184.3,8265,7088,1.867,382
RAW,184.6,8264,7088,1.862,381
RAW,184.8,8266,7093,1.857,380
RAW,184.9,8266,7088,1.857,380
RAW,185.1,8270,7094,1.857,380
RAW,185.2,8269,7085,1.852,379
RAW,185.4,8256,7084,1.852,379
RAW,185.5,8244,7076,1.852,379
RAW,185.8,8216,7070,1.848,378
RAW,186.0,8202,7058,1.848,378
RAW,186.1,8189,7052,1.843,377
RAW,186.3,8185,7056,1.843,377
RAW,186.4,8190,7056,1.843,377
RAW,186.7,8189,7054,1.838,376
RAW,186.9,8197,7057,1.833,375
RAW,187.0,8196,7060,1.838,376
RAW,187.2,8201,7055,1.833,375
RAW,187.3,8201,7058,1.833,375
RAW,187.5,8205,7067,1.828,374
RAW,187.6,8204,7061,1.833,375
RAW,187.9,8214,7069,1.828,374
RAW,188.1,8213,7069,1.828,374
RAW,188.2,8219,7066,1.823,373
RAW,188.4,8220,7066,1.823,373
RAW,188.5,8215,7069,1.823,373
RAW,188.8,8224,7068,1.823,373
RAW,189.0,8223,7063,1.818,372
RAW,189.1,8220,7060,1.818,372
RAW,189.3,8219,7063,1.818,372
RAW,189.4,8219,7065,1.818,372
RAW,189.7,8222,7068,1.818,372
RAW,189.9,8232,7066,1.813,371
RAW,190.0,8230,7065,1.818,372
RAW,190.2,8230,7069,1.818,372
RAW,190.3,8235,7073,1.813,371
RAW,190.6,8241,7072,1.813,371
RAW,190.8,8246,7076,1.813,371
RAW,190.9,8250,7075,1.818,372
RAW,191.1,8246,7084,1.813,371
RAW,191.2,8251,7086,1.813,371
RAW,191.4,8257,7085,1.813,371
RAW,191.5,8250,7083,1.813,371
RAW,191.8,8266,7083,1.813,371
RAW,192.0,8265,7087,1.813,371
RAW,192.1,8261,7084,1.813,371
RAW,192.3,8242,7075,1.813,371
RAW,192.4,8236,7069,1.813,371
RAW,192.7,8207,7059,1.813,371
RAW,192.9,8194,7054,1.813,371
RAW,193.0,8193,7051,1.813,371
RAW,193.2,8189,7048,1.813,371
RAW,193.3,8187,7051,1.818,372
RAW,193.6,8188,7041,1.813,371
RAW,193.8,8197,7049,1.813,371
RAW,193.9,8200,7045,1.813,371
RAW,194.2,8199,7048,1.813,371
RAW,194.4,8197,7047,1.818,372
RAW,194.5,8205,7049,1.818,372
RAW,194.7,8209,7050,1.813,371
RAW,194.8,8211,7057,1.818,372
RAW,195.0,8216,7054,1.813,371
RAW,195.1,8216,7062,1.818,372
RAW,195.4,8227,7055,1.813,371
RAW,195.6,8221,7057,1.818,372
RAW,195.7,8223,7056,1.818,372
RAW,195.9,8220,7062,1.818,372
RAW,196.0,8226,7057,1.818,372
RAW,196.3,8230,7057,1.818,372
RAW,196.5,8230,7056,1.818,372
RAW,196.6,8232,7061,1.818,372
RAW,196.8,8240,7062,1.818,372
RAW,196.9,8243,7066,1.818,372
RAW,197.1,8248,7067,1.818,372
RAW,197.2,8243,7064,1.818,372
RAW,197.4,8253,7066,1.818,372
RAW,197.5,8253,7065,1.818,372
RAW,197.8,8254,7074,1.818,372
RAW,198.0,8263,7070,1.818,372
RAW,198.1,8259,7076,1.818,372
RAW,198.3,8263,7070,1.823,373
RAW,198.4,8267,7077,1.818,372
RAW,198.7,8273,7078,1.823,373
RAW,198.9,8272,7076,1.818,372
RAW,199.0,8272,7076,1.823,373
RAW,199.2,8270,7078,1.818,372
RAW,199.3,8271,7075,1.823,373
RAW,199.6,8242,7057,1.823,373
RAW,199.8,8220,7048,1.823,373
RAW,199.9,8219,7043,1.823,373
RAW,200.1,8212,7044,1.823,373
RAW,200.2,8203,7039,1.823,373
RAW,200.4,8204,7045,1.823,373
RAW,200.5,8201,7042,1.823,373
RAW,200.8,8215,7041,1.828,374
RAW,201.0,8211,7039,1.823,373
RAW,201.1,8213,7042,1.828,374
RAW,201.3,8207,7046,1.823,373
RAW,201.4,8213,7047,1.828,374
RAW,201.6,8222,7048,1.823,373
RAW,201.7,8229,7052,1.833,375
RAW,201.9,8224,7053,1.828,374
RAW,202.0,8232,7060,1.833,375
RAW,202.2,8240,7061,1.833,375
RAW,202.4,8239,7050,1.833,375
RAW,202.6,8234,7054,1.833,375
RAW,202.8,8240,7059,1.838,376
RAW,202.9,8248,7055,1.833,375
RAW,203.1,8238,7060,1.838,376
RAW,203.3,8247,7059,1.838,376
RAW,203.5,8251,7059,1.838,376
RAW,203.6,8247,7060,1.838,376
RAW,203.8,8251,7065,1.838,376
RAW,204.0,8252,7064,1.838,376
RAW,204.2,8264,7071,1.843,377
RAW,204.4,8261,7069,1.843,377
RAW,204.5,8262,7071,1.843,377
RAW,204.7,8273,7073,1.843,377
RAW,204.9,8270,7073,1.848,378
RAW,205.1,8273,7073,1.848,378
RAW,205.2,8278,7071,1.848,378
RAW,205.4,8275,7076,1.848,378
RAW,205.6,8276,7078,1.852,379
RAW,205.8,8276,7079,1.852,379
RAW,206.0,8273,7081,1.852,379
RAW,206.1,8278,7076,1.852,379
RAW,206.3,8277,7083,1.857,380
RAW,206.5,8285,7084,1.852,379
RAW,206.7,8276,7077,1.857,380
RAW,206.9,8245,7064,1.857,380
RAW,207.1,8220,7051,1.862,381
RAW,207.2,8216,7046,1.862,381
RAW,207.4,8205,7048,1.862,381
RAW,207.6,8201,7045,1.862,381
RAW,207.8,8206,7044,1.862,381
RAW,208.0,8199,7047,1.862,381
RAW,208.2,8209,7046,1.867,382
RAW,208.3,8207,7046,1.867,382
RAW,208.5,8207,7045,1.867,382
RAW,208.7,8212,7050,1.867,382
RAW,208.9,8208,7050,1.872,383
RAW,209.1,8222,7056,1.872,383
RAW,209.3,8223,7056,1.877,384
RAW,209.5,8226,7066,1.872,383
RAW,209.6,8227,7059,1.877,384
RAW,209.8,8228,7063,1.877,384
RAW,210.0,8228,7061,1.877,384
RAW,210.1,8228,7063,1.877,384
RAW,210.3,8227,7065,1.882,385
RAW,210.4,8224,7064,1.882,385
RAW,210.6,8229,7065,1.882,385
RAW,210.7,8223,7064,1.882,385
RAW,210.9,8232,7070,1.887,386
RAW,211.0,8233,7070,1.887,386
RAW,211.2,8241,7069,1.887,386
RAW,211.3,8234,7065,1.887,386
RAW,211.5,8238,7072,1.891,387
RAW,211.6,8239,7072,1.887,386
RAW,211.8,8244,7071,1.891,387
RAW,211.9,8246,7073,1.891,387
RAW,212.2,8251,7071,1.896,388
RAW,212.4,8254,7075,1.891,387
RAW,212.5,8256,7070,1.896,388
RAW,212.7,8250,7073,1.896,388
RAW,212.8,8254,7079,1.901,389
RAW,213.0,8257,7074,1.896,388
RAW,213.1,8262,7076,1.901,389
RAW,213.4,8263,7078,1.901,389
RAW,213.6,8260,7083,1.906,390
RAW,213.7,8263,7082,1.901,389
RAW,213.9,8272,7076,1.901,389
RAW,214.0,8271,7085,1.906,390
RAW,214.3,8259,7076,1.906,390
RAW,214.5,8236,7066,1.906,390
RAW,214.6,8227,7066,1.911,391
RAW,214.8,8213,7056,1.911,391
RAW,214.9,8205,7052,1.916,392
RAW,215.1,8200,7050,1.911,391
RAW,215.2,8196,7048,1.916,392
RAW,215.5,8187,7045,1.916,392
RAW,215.7,8199,7049,1.921,393
RAW,215.8,8197,7049,1.916,392
RAW,216.0,8199,7049,1.921,393
RAW,216.2,8200,7052,1.916,392
RAW,216.3,8202,7050,1.921,393
RAW,216.5,8206,7051,1.921,393
RAW,216.6,8209,7059,1.926,394
RAW,216.8,8210,7064,1.926,394
RAW,217.0,8224,7062,1.926,394
RAW,217.1,8227,7066,1.926,394
RAW,217.3,8232,7064,1.926,394
RAW,217.4,8233,7067,1.926,394
RAW,217.6,8234,7065,1.931,395
RAW,217.8,8231,7061,1.926,394
RAW,217.9,8229,7061,1.931,395
RAW,218.1,8229,7064,1.931,395
RAW,218.2,8231,7063,1.935,396
RAW,218.5,8229,7064,1.931,395
RAW,218.7,8233,7066,1.935,396
RAW,218.8,8241,7065,1.935,396
RAW,219.0,8239,7067,1.940,397
RAW,219.1,8240,7062,1.935,396
RAW,219.3,8246,7059,1.940,397
RAW,219.4,8251,7060,1.935,396
RAW,219.6,8243,7063,1.940,397
RAW,219.7,8256,7066,1.940,397
RAW,220.0,8254,7071,1.940,397
RAW,220.2,8254,7068,1.945,398
RAW,220.3,8257,7065,1.945,398
RAW,220.5,8253,7071,1.945,398
RAW,220.6,8254,7072,1.945,398
RAW,220.8,8255,7076,1.945,398
RAW,220.9,8262,7072,1.945,398
RAW,221.2,8261,7074,1.945,398
RAW,221.4,8260,7075,1.950,399
RAW,221.5,8263,7074,1.950,399
RAW,221.7,8258,7066,1.950,399
RAW,221.8,8249,7068,1.955,400
RAW,222.0,8239,7057,1.955,400
RAW,222.1,8228,7053,1.955,400
RAW,222.3,8208,7043,1.955,400
RAW,222.4,8196,7040,1.955,400
RAW,222.7,8184,7042,1.955,400
RAW,222.9,8183,7044,1.955,400
RAW,223.0,8182,7041,1.960,401
RAW,223.2,8193,7047,1.960,401
RAW,223.3,8189,7047,1.960,401
RAW,223.5,8183,7048,1.960,401
RAW,223.6,8197,7045,1.965,402
RAW,223.8,8190,7045,1.960,401
RAW,223.9,8195,7043,1.965,402
RAW,224.1,8193,7043,1.965,402
RAW,224.3,8200,7046,1.965,402
RAW,224.4,8202,7039,1.965,402
RAW,224.6,8207,7045,1.970,403
RAW,224.7,8215,7049,1.970,403
RAW,224.9,8222,7049,1.970,403
RAW,225.1,8213,7051,1.970,403
RAW,225.2,8221,7055,1.970,403
RAW,225.4,8216,7053,1.970,403
RAW,225.6,8232,7053,1.970,403
RAW,225.7,8229,7056,1.970,403
RAW,225.9,8228,7057,1.975,404
RAW,226.0,8233,7059,1.975,404
RAW,226.2,8243,7063,1.975,404
RAW,226.3,8247,7066,1.975,404
RAW,226.5,8243,7063,1.975,404
RAW,226.6,8245,7065,1.975,404
RAW,226.8,8249,7064,1.975,404
RAW,226.9,8255,7072,1.975,404
RAW,227.2,8263,7075,1.979,405
RAW,227.4,8265,7069,1.975,404
RAW,227.5,8265,7080,1.979,405
RAW,227.7,8262,7074,1.979,405
RAW,227.8,8262,7078,1.979,405
RAW,228.0,8271,7082,1.979,405
RAW,228.1,8264,7080,1.984,406
RAW,228.4,8275,7085,1.979,405
RAW,228.6,8280,7077,1.984,406
RAW,228.7,8275,7074,1.984,406
RAW,228.9,8280,7082,1.984,406
RAW,229.0,8282,7079,1.984,406
RAW,229.3,8279,7083,1.989,407
RAW,229.5,8269,7079,1.984,406
RAW,229.6,8264,7073,1.989,407
RAW,229.8,8238,7056,1.989,407
RAW,229.9,8230,7058,1.989,407
RAW,230.1,8210,7047,1.989,407
RAW,230.2,8206,7054,1.989,407
RAW,230.5,8202,7047,1.989,407
RAW,230.7,8201,7048,1.989,407
RAW,230.8,8204,7045,1.989,407
RAW,231.0,8196,7049,1.994,408
RAW,231.1,8207,7052,1.994,408
RAW,231.4,8212,7051,1.994,408
RAW,231.6,8212,7053,1.989,407
RAW,231.7,8211,7052,1.994,408
RAW,231.9,8217,7048,1.989,407
RAW,232.0,8221,7050,1.994,408
RAW,232.2,8226,7052,1.994,408
RAW,232.3,8221,7058,1.994,408
RAW,232.6,8230,7051,1.999,409
RAW,232.8,8229,7055,1.999,409
RAW,232.9,8231,7058,1.994,408
RAW,233.1,8231,7055,1.999,409
RAW,233.2,8227,7058,1.994,408
RAW,233.5,8225,7054,1.999,409
RAW,233.7,8239,7065,1.999,409
RAW,233.8,8246,7063,1.999,409
RAW,234.1,8248,7064,1.999,409
RAW,234.3,8248,7063,2.004,410
RAW,234.4,8254,7070,1.999,409
RAW,234.6,8256,7073,2.004,410
RAW,234.7,8263,7069,1.999,409
RAW,235.0,8264,7076,2.004,410
RAW,235.2,8262,7077,2.004,410
RAW,235.3,8268,7078,2.004,410
RAW,235.5,8272,7083,2.004,410
RAW,235.6,8277,7085,2.009,411
RAW,235.9,8279,7092,2.004,410
RAW,236.1,8282,7087,2.009,411
RAW,236.2,8287,7089,2.009,411
RAW,236.4,8283,7091,2.004,410
RAW,236.5,8290,7088,2.009,411
RAW,236.7,8291,7085,2.009,411
RAW,236.8,8290,7087,2.009,411
RAW,237.1,8286,7081,2.009,411
RAW,237.3,8259,7073,2.009,411
RAW,237.4,8249,7058,2.014,412
RAW,237.7,8219,7055,2.009,411
RAW,237.9,8216,7050,2.009,411
RAW,238.0,8206,7057,2.014,412
RAW,238.2,8214,7059,2.014,412
RAW,238.3,8223,7057,2.014,412
RAW,238.6,8223,7062,2.014,412
RAW,238.8,8226,7067,2.009,411
RAW,238.9,8223,7067,2.014,412
RAW,239.1,8226,7069,2.014,412
RAW,239.2,8229,7068,2.014,412
RAW,239.5,8230,7067,2.014,412
RAW,239.7,8242,7074,2.014,412
RAW,239.8,8241,7071,2.014,412
RAW,240.0,8241,7073,2.019,413
RAW,240.1,8245,7074,2.019,413
RAW,240.3,8237,7067,2.019,413
RAW,240.4,8239,7066,2.014,412
RAW,240.7,8236,7064,2.019,413
RAW,240.9,8242,7070,2.019,413
RAW,241.0,8238,7070,2.019,413
RAW,241.3,8245,7074,2.019,413
RAW,241.5,8249,7078,2.019,413
RAW,241.6,8250,7080,2.019,413
RAW,241.8,8259,7084,2.019,413
RAW,241.9,8256,7087,2.023,414
RAW,242.1,8275,7092,2.023,414
RAW,242.2,8275,7087,2.023,414
RAW,242.5,8278,7090,2.023,414
RAW,242.7,8281,7088,2.023,414
RAW,242.8,8273,7082,2.023,414
RAW,243.0,8274,7081,2.023,414
RAW,243.1,8276,7079,2.023,414
RAW,243.3,8268,7077,2.023,414
RAW,243.4,8270,7076,2.028,415
RAW,243.7,8262,7074,2.023,414
RAW,243.9,8260,7073,2.028,415
RAW,244.0,8265,7066,2.023,414
RAW,244.3,8255,7064,2.028,415
RAW,244.5,8240,7050,2.028,415
RAW,244.6,8226,7048,2.028,415
RAW,244.8,8215,7041,2.028,415
RAW,244.9,8204,7041,2.028,415
RAW,245.2,8195,7043,2.028,415
RAW,245.4,8193,7045,2.028,415
RAW,245.5,8196,7044,2.028,415
RAW,245.7,8191,7041,2.033,416
RAW,245.9,8189,7044,2.028,415
RAW,246.0,8190,7044,2.033,416
RAW,246.2,8189,7049,2.028,415
RAW,246.3,8201,7043,2.033,416
RAW,246.5,8199,7046,2.028,415
RAW,246.7,8204,7047,2.033,416
RAW,246.8,8210,7048,2.033,416
RAW,247.0,8215,7051,2.033,416
RAW,247.1,8216,7048,2.033,416
RAW,247.3,8223,7048,2.038,417
RAW,247.5,8227,7050,2.033,416
RAW,247.6,8226,7047,2.033,416
RAW,247.8,8223,7046,2.033,416
RAW,247.9,8231,7054,2.038,417
RAW,248.1,8227,7048,2.033,416
RAW,248.2,8229,7049,2.038,417
RAW,248.5,8235,7057,2.033,416
RAW,248.7,8241,7057,2.038,417
RAW,248.8,8235,7061,2.038,417
RAW,249.0,8237,7053,2.038,417
RAW,249.1,8242,7052,2.038,417
RAW,249.3,8242,7052,2.043,418
RAW,249.4,8248,7058,2.038,417
RAW,249.7,8253,7066,2.038,417
RAW,249.9,8264,7067,2.038,417
RAW,250.0,8259,7060,2.043,418
RAW,250.2,8264,7068,2.038,417
RAW,250.3,8269,7067,2.043,418
RAW,250.5,8269,7071,2.038,417
RAW,250.6,8273,7077,2.043,418
RAW,250.9,8281,7080,2.043,418
RAW,251.1,8279,7083,2.043,418
RAW,251.2,8284,7079,2.043,418
RAW,251.4,8273,7070,2.043,418
RAW,251.5,8269,7072,2.043,418
RAW,251.7,8249,7060,2.043,418
RAW,251.8,8240,7052,2.043,418
RAW,252.1,8213,7053,2.043,418
RAW,252.3,8203,7051,2.043,418
RAW,252.4,8204,7053,2.043,418
RAW,252.6,8202,7049,2.043,418
RAW,252.7,8200,7050,2.048,419
RAW,252.9,8204,7055,2.043,418
RAW,253.0,8196,7055,2.048,419
RAW,253.2,8207,7057,2.043,418
RAW,253.3,8209,7053,2.048,419
RAW,253.6,8215,7059,2.043,418
RAW,253.8,8219,7053,2.048,419
RAW,253.9,8219,7058,2.043,418
RAW,254.1,8214,7060,2.048,419
RAW,254.2,8220,7059,2.043,418
RAW,254.4,8223,7057,2.048,419
RAW,254.5,8219,7063,2.048,419
RAW,254.8,8225,7060,2.048,419
RAW,255.0,8228,7058,2.048,419
RAW,255.1,8228,7055,2.048,419
RAW,255.3,8226,7059,2.048,419
RAW,255.4,8232,7057,2.053,420
RAW,255.7,8234,7058,2.048,419
RAW,255.9,8233,7061,2.053,420
RAW,256.0,8240,7062,2.053,420
RAW,256.2,8237,7058,2.053,420
RAW,256.3,8245,7065,2.053,420
RAW,256.6,8245,7072,2.053,420
RAW,256.8,8248,7068,2.053,420
RAW,256.9,8249,7070,2.053,420
RAW,257.1,8242,7068,2.053,420
RAW,257.2,8248,7069,2.053,420
RAW,257.4,8251,7071,2.053,420
RAW,257.5,8254,7069,2.058,421
RAW,257.7,8252,7067,2.058,421
RAW,257.8,8257,7066,2.058,421
RAW,258.1,8253,7066,2.053,420
RAW,258.3,8265,7064,2.058,421
RAW,258.4,8264,7070,2.058,421
RAW,258.6,8269,7063,2.058,421
RAW,258.7,8258,7066,2.053,420
RAW,258.9,8244,7060,2.058,421
RAW,259.0,8239,7051,2.058,421
RAW,259.3,8210,7034,2.058,421
RAW,259.5,8206,7032,2.053,420
RAW,259.6,8198,7028,2.058,421
RAW,259.8,8196,7025,2.058,421
RAW,259.9,8196,7027,2.063,422
RAW,260.2,8194,7031,2.058,421
RAW,260.4,8194,7028,2.063,422
RAW,260.5,8190,7030,2.063,422
RAW,260.7,8192,7031,2.058,421
RAW,260.8,8194,7031,2.063,422
RAW,261.1,8204,7038,2.063,422
RAW,261.3,8208,7045,2.063,422
RAW,261.4,8204,7046,2.063,422
RAW,261.6,8215,7048,2.063,422
RAW,261.7,8212,7051,2.063,422
RAW,261.9,8216,7054,2.063,422
RAW,262.0,8213,7057,2.063,422
RAW,262.3,8211,7047,2.063,422
RAW,262.5,8207,7059,2.067,423
RAW,262.6,8215,7063,2.063,422
RAW,262.8,8218,7064,2.067,423
RAW,262.9,8219,7063,2.063,422
RAW,263.1,8220,7064,2.067,423
RAW,263.2,8222,7066,2.063,422
RAW,263.4,8230,7072,2.067,423
RAW,263.5,8241,7078,2.067,423
RAW,263.6,8236,7085,2.067,423
RAW,263.8,8243,7084,2.063,422
RAW,263.9,8246,7086,2.067,423
RAW,264.1,8247,7084,2.067,423
RAW,264.2,8247,7085,2.067,423
RAW,264.4,8241,7086,2.067,423
RAW,264.5,8236,7087,2.067,423
RAW,264.7,8236,7083,2.067,423
RAW,264.8,8237,7080,2.067,423
RAW,265.0,8231,7076,2.067,423
RAW,265.1,8228,7081,2.067,423
RAW,265.4,8224,7076,2.067,423
RAW,265.6,8220,7080,2.067,423
RAW,265.7,8223,7073,2.067,423
RAW,265.9,8227,7077,2.067,423
RAW,266.0,8230,7073,2.067,423
RAW,266.3,8227,7078,2.072,424
RAW,266.5,8209,7067,2.067,423
RAW,266.6,8202,7069,2.072,424
RAW,266.8,8175,7067,2.067,423
RAW,266.9,8158,7064,2.072,424
RAW,267.2,8094,7032,2.067,423
RAW,267.4,8081,7032,2.072,424
RAW,267.5,8088,7026,2.072,424
RAW,267.7,8095,7028,2.072,424
RAW,267.9,8101,7030,2.072,424
RAW,268.0,8106,7026,2.077,425
RAW,268.2,8119,7028,2.067,423
RAW,268.3,8121,7018,2.077,425
RAW,268.5,8142,7021,2.072,424
RAW,268.7,8151,7022,2.072,424
RAW,268.8,8158,7022,2.077,425
RAW,269.0,8160,7018,2.072,424
RAW,269.1,8169,7021,2.077,425
RAW,269.3,8166,7017,2.077,425
RAW,269.4,8168,7014,2.077,425
RAW,269.6,8170,7010,2.077,425
RAW,269.7,8168,7015,2.072,424
RAW,269.9,8173,7010,2.077,425
RAW,270.0,8175,7012,2.077,425
RAW,270.2,8184,7015,2.077,425
RAW,270.3,8192,7022,2.077,425
RAW,270.6,8199,7020,2.077,425
RAW,270.8,8212,7022,2.077,425
RAW,270.9,8213,7026,2.077,425
RAW,271.1,8221,7031,2.077,425
RAW,271.2,8222,7035,2.082,426
RAW,271.4,8231,7038,2.077,425
RAW,271.5,8232,7036,2.082,426
RAW,271.7,8232,7036,2.077,425
RAW,271.8,8232,7032,2.082,426
RAW,272.1,8230,7035,2.082,426
RAW,272.3,8232,7032,2.082,426
RAW,272.4,8234,7035,2.082,426
RAW,272.6,8228,7034,2.082,426
RAW,272.7,8235,7035,2.082,426
RAW,272.9,8235,7047,2.082,426
RAW,273.0,8239,7047,2.082,426
RAW,273.3,8236,7051,2.082,426
RAW,273.5,8234,7063,2.082,426
RAW,273.6,8213,7062,2.082,426
RAW,273.8,8185,7062,2.082,426
RAW,273.9,8150,7050,2.082,426
RAW,274.2,8097,7022,2.082,426
RAW,274.4,8091,7016,2.082,426
RAW,274.5,8094,7018,2.077,425
RAW,274.7,8111,7011,2.082,426
RAW,274.8,8100,7012,2.082,426
RAW,275.0,8128,7013,2.082,426
RAW,275.1,8132,7010,2.082,426
RAW,275.4,8142,7011,2.082,426
RAW,275.6,8165,7018,2.082,426
RAW,275.7,8177,7021,2.087,427
RAW,275.9,8202,7025,2.082,426
RAW,276.0,8212,7038,2.087,427
RAW,276.3,8222,7029,2.082,426
RAW,276.5,8209,7022,2.082,426
RAW,276.6,8198,7014,2.087,427
RAW,276.8,8195,7007,2.087,427
RAW,276.9,8191,7009,2.082,426
RAW,277.1,8185,7001,2.082,426
RAW,277.2,8179,7006,2.082,426
RAW,277.5,8175,7003,2.087,427
RAW,277.7,8173,7003,2.082,426
RAW,277.8,8170,7000,2.082,426
RAW,278.0,8171,6999,2.082,426
RAW,278.1,8171,6995,2.082,426
RAW,278.3,8172,6999,2.077,425
RAW,278.4,8175,6998,2.082,426
RAW,278.7,8182,6995,2.072,424
RAW,278.9,8188,7002,2.077,425
RAW,279.0,8184,7004,2.077,425
RAW,279.3,8189,7007,2.072,424
RAW,279.5,8197,7009,2.067,423
RAW,279.6,8203,7013,2.067,423
RAW,279.8,8211,7016,2.067,423
RAW,279.9,8217,7012,2.072,424
RAW,280.1,8211,7018,2.063,422
RAW,280.2,8204,7011,2.063,422
RAW,280.5,8200,7015,2.063,422
RAW,280.7,8187,7003,2.063,422
RAW,280.8,8186,7004,2.058,421
RAW,281.0,8164,6993,2.058,421
RAW,281.1,8157,6986,2.053,420
RAW,281.3,8144,6981,2.053,420
RAW,281.4,8141,6980,2.053,420
RAW,281.7,8135,6981,2.053,420
RAW,281.9,8129,6976,2.048,419
RAW,282.0,8132,6970,2.048,419
RAW,282.2,8127,6972,2.043,418
RAW,282.3,8127,6970,2.048,419
RAW,282.5,8126,6967,2.043,418
RAW,282.6,8122,6968,2.043,418
RAW,282.9,8121,6961,2.038,417
RAW,283.1,8126,6960,2.038,417
RAW,283.2,8122,6961,2.033,416
RAW,283.4,8121,6956,2.033,416
RAW,283.5,8125,6961,2.028,415
RAW,283.8,8114,6953,2.028,415
RAW,284.0,8116,6952,2.028,415
RAW,284.1,8114,6952,2.028,415
RAW,284.3,8121,6949,2.023,414
RAW,284.4,8118,6952,2.023,414
RAW,284.6,8121,6954,2.019,413
RAW,284.7,8124,6954,2.023,414
RAW,285.0,8126,6953,2.019,413
RAW,285.2,8127,6956,2.019,413
RAW,285.3,8124,6958,2.014,412
RAW,285.5,8130,6961,2.014,412
RAW,285.6,8133,6956,2.014,412
RAW,285.8,8138,6958,2.009,411
RAW,285.9,8144,6957,2.009,411
RAW,286.2,8149,6964,2.004,410
RAW,286.4,8142,6965,2.004,410
RAW,286.5,8138,6969,1.999,409
RAW,286.7,8144,6968,1.994,408
RAW,286.8,8144,6969,1.999,409
RAW,287.1,8151,6967,1.994,408
RAW,287.3,8148,6971,1.994,408
RAW,287.4,8149,6967,1.989,407
RAW,287.6,8155,6962,1.989,407
RAW,287.7,8150,6962,1.984,406
RAW,288.0,8134,6955,1.984,406
RAW,288.2,8123,6950,1.979,405
RAW,288.3,8118,6944,1.984,406
RAW,288.5,8112,6948,1.979,405
RAW,288.6,8116,6946,1.979,405
RAW,288.9,8111,6952,1.975,404
RAW,289.1,8120,6949,1.975,404
RAW,289.3,8121,6955,1.970,403
RAW,289.5,8117,6954,1.970,403
RAW,289.6,8125,6959,1.970,403
RAW,289.8,8127,6959,1.970,403
RAW,290.0,8135,6965,1.965,402
RAW,290.2,8133,6967,1.970,403
RAW,290.4,8137,6967,1.960,401
RAW,290.5,8137,6970,1.965,402
RAW,290.7,8141,6973,1.960,401
RAW,290.9,8145,6972,1.960,401
RAW,291.1,8149,6977,1.955,400
RAW,291.3,8149,6979,1.960,401
RAW,291.4,8157,6984,1.955,400
RAW,291.6,8153,6984,1.955,400
RAW,291.8,8157,6985,1.950,399
RAW,292.0,8165,6988,1.955,400
RAW,292.2,8169,6985,1.945,398
RAW,292.3,8175,6989,1.950,399
RAW,292.5,8178,6991,1.945,398
RAW,292.7,8184,6991,1.945,398
RAW,292.9,8187,6997,1.940,397
RAW,293.1,8189,6996,1.940,397
RAW,293.2,8190,6997,1.940,397
RAW,293.4,8185,6990,1.935,396
RAW,293.6,8176,6993,1.931,395
RAW,293.8,8172,6983,1.931,395
RAW,293.9,8164,6989,1.931,395
RAW,294.1,8165,6984,1.931,395
RAW,294.3,8151,6977,1.926,394
RAW,294.5,8153,6982,1.926,394
RAW,294.7,8151,6973,1.921,393
RAW,294.8,8145,6968,1.926,394
RAW,295.0,8130,6956,1.921,393
RAW,295.2,8112,6952,1.921,393
RAW,295.4,8094,6948,1.916,392
RAW,295.6,8093,6947,1.916,392
RAW,295.7,8093,6944,1.911,391
RAW,295.9,8097,6944,1.911,391
RAW,296.1,8106,6941,1.911,391
RAW,296.3,8097,6937,1.911,391
RAW,296.4,8102,6939,1.911,391
RAW,296.6,8098,6943,1.906,390
RAW,296.8,8096,6944,1.901,389
RAW,297.0,8102,6941,1.901,389
RAW,297.2,8105,6948,1.901,389
RAW,297.3,8115,6950,1.901,389
RAW,297.5,8120,6951,1.896,388
RAW,297.7,8119,6950,1.896,388
RAW,297.9,8127,6957,1.891,387
RAW,298.1,8125,6953,1.896,388
RAW,298.2,8126,6958,1.891,387
RAW,298.4,8120,6958,1.891,387
RAW,298.6,8129,6957,1.887,386
RAW,298.8,8129,6958,1.887,386
RAW,298.9,8127,6961,1.887,386
RAW,299.1,8135,6967,1.887,386
RAW,299.3,8144,6963,1.882,385
RAW,299.5,8143,6971,1.882,385
RAW,299.7,8145,6969,1.877,384
RAW,299.8,8148,6966,1.882,385
RAW,300.0,8142,6970,1.877,384
RAW,300.2,8151,6970,1.877,384
RAW,300.4,8148,6974,1.872,383
RAW,300.6,8159,6982,1.872,383
RAW,300.7,8154,6977,1.877,384
RAW,300.9,8160,6976,1.872,383
RAW,301.1,8162,6976,1.867,382
RAW,301.3,8160,6981,1.872,383
RAW,301.4,8162,6980,1.867,382
RAW,301.6,8157,6978,1.867,382
RAW,301.8,8145,6967,1.862,381
RAW,302.0,8129,6958,1.862,381
RAW,302.2,8114,6960,1.862,381
RAW,302.3,8115,6961,1.862,381
RAW,302.5,8118,6964,1.862,381
RAW,302.7,8117,6961,1.857,380
RAW,302.9,8120,6959,1.857,380
RAW,303.0,8117,6958,1.862,381
RAW,303.2,8119,6960,1.857,380
RAW,303.4,8122,6961,1.857,380
RAW,303.6,8123,6967,1.857,380
RAW,303.7,8126,6971,1.857,380
RAW,303.9,8139,6969,1.857,380
RAW,304.1,8138,6975,1.857,380
RAW,304.3,8138,6978,1.857,380
RAW,304.5,8141,6977,1.857,380
RAW,304.6,8137,6980,1.857,380
RAW,304.8,8139,6976,1.857,380
RAW,305.0,8132,6977,1.852,379
RAW,305.2,8138,6977,1.852,379
RAW,305.3,8141,6974,1.852,379
RAW,305.5,8139,6975,1.857,380
RAW,305.7,8141,6976,1.857,380
RAW,305.9,8147,6972,1.857,380
RAW,306.1,8155,6974,1.852,379
RAW,306.2,8157,6978,1.857,380
RAW,306.4,8158,6979,1.857,380
RAW,306.6,8160,6978,1.857,380
RAW,306.8,8162,6975,1.857,380
RAW,306.9,8153,6975,1.857,380
RAW,307.1,8158,6976,1.857,380
RAW,307.3,8164,6979,1.862,381
RAW,307.5,8166,6983,1.857,380
RAW,307.7,8167,6982,1.862,381
RAW,307.8,8163,6987,1.862,381
RAW,308.0,8165,6981,1.862,381
RAW,308.2,8162,6982,1.862,381
RAW,308.4,8144,6980,1.862,381
RAW,308.5,8135,6971,1.862,381
RAW,308.7,8120,6966,1.862,381
RAW,308.9,8114,6962,1.862,381
RAW,309.1,8112,6964,1.867,382
RAW,309.2,8118,6969,1.867,382
RAW,309.4,8119,6964,1.867,382
RAW,309.6,8118,6972,1.867,382
RAW,309.8,8124,6967,1.867,382
RAW,309.9,8117,6966,1.867,382
RAW,310.1,8113,6971,1.872,383
RAW,310.3,8120,6967,1.867,382
RAW,310.5,8126,6967,1.872,383
RAW,310.7,8134,6970,1.872,383
RAW,310.8,8136,6970,1.877,384
RAW,311.0,8147,6978,1.877,384
RAW,311.2,8145,6980,1.877,384
RAW,311.4,8150,6976,1.877,384
RAW,311.5,8154,6970,1.882,385
RAW,311.7,8149,6974,1.877,384
RAW,311.9,8148,6971,1.882,385
RAW,312.1,8155,6977,1.882,385
RAW,312.3,8161,6978,1.882,385
RAW,312.4,8154,6978,1.882,385
RAW,312.6,8163,6979,1.887,386
RAW,312.8,8167,6977,1.882,385
RAW,313.0,8172,6977,1.887,386
RAW,313.2,8177,6981,1.887,386
RAW,313.3,8179,6981,1.882,385
RAW,313.5,8184,6986,1.887,386
RAW,313.7,8189,6990,1.882,385
RAW,313.9,8188,6999,1.882,385
RAW,314.0,8189,6994,1.887,386
RAW,314.2,8200,6999,1.882,385
RAW,314.4,8201,7006,1.887,386
RAW,314.6,8203,7005,1.882,385
RAW,314.8,8205,7005,1.882,385
RAW,315.0,8207,7010,1.882,385
RAW,315.1,8210,7003,1.887,386
RAW,315.3,8197,6999,1.882,385
RAW,315.5,8183,6990,1.882,385
RAW,315.7,8163,6986,1.882,385
RAW,315.8,8158,6980,1.882,385
RAW,316.0,8153,6984,1.882,385
RAW,316.2,8152,6983,1.882,385
RAW,316.4,8149,6982,1.877,384
RAW,316.5,8148,6986,1.877,384
RAW,316.7,8148,6985,1.882,385
RAW,316.9,8148,6983,1.877,384
RAW,317.1,8149,6991,1.877,384
RAW,317.3,8156,6989,1.872,383
RAW,317.4,8154,6995,1.877,384
RAW,317.6,8163,6997,1.872,383
RAW,317.8,8167,7000,1.872,383
RAW,318.0,8173,7003,1.872,383
RAW,318.2,8176,7008,1.867,382
RAW,318.3,8177,7008,1.872,383
RAW,318.5,8177,7005,1.867,382
RAW,318.7,8183,7007,1.872,383
RAW,318.9,8178,7009,1.867,382
RAW,319.0,8189,7012,1.867,382
RAW,319.2,8180,7007,1.862,381
RAW,319.4,8187,7009,1.867,382
RAW,319.6,8191,7013,1.862,381
RAW,319.8,8197,7014,1.862,381
RAW,319.9,8200,7009,1.857,380
RAW,320.1,8198,7014,1.862,381
RAW,320.3,8205,7019,1.857,380
RAW,320.5,8212,7023,1.862,381
RAW,320.7,8224,7028,1.852,379
RAW,320.8,8229,7030,1.857,380
RAW,321.0,8230,7032,1.857,380
RAW,321.2,8244,7044,1.852,379
RAW,321.4,8244,7039,1.852,379
RAW,321.6,8232,7040,1.852,379
RAW,321.8,8207,7032,1.852,379
RAW,321.9,8198,7030,1.852,379
RAW,322.1,8191,7036,1.848,378
RAW,322.3,8187,7034,1.852,379
RAW,322.5,8187,7029,1.848,378
RAW,322.6,8194,7035,1.848,378
RAW,322.8,8189,7039,1.848,378
RAW,323.0,8188,7034,1.848,378
RAW,323.2,8195,7038,1.843,377
RAW,323.4,8191,7038,1.843,377
RAW,323.5,8199,7036,1.843,377
RAW,323.7,8198,7039,1.848,378
RAW,323.9,8203,7033,1.843,377
RAW,324.1,8209,7039,1.843,377
RAW,324.2,8218,7040,1.843,377
RAW,324.4,8215,7042,1.848,378
RAW,324.6,8218,7043,1.843,377
RAW,324.8,8217,7039,1.843,377
RAW,325.0,8214,7040,1.843,377
RAW,325.1,8215,7041,1.848,378
RAW,325.3,8217,7043,1.843,377
RAW,325.5,8210,7042,1.848,378
RAW,325.7,8224,7041,1.848,378
RAW,325.9,8222,7050,1.848,378
RAW,326.0,8225,7044,1.848,378
RAW,326.2,8230,7052,1.848,378
RAW,326.4,8229,7051,1.848,378
RAW,326.6,8230,7049,1.848,378
RAW,326.8,8230,7051,1.852,379
RAW,326.9,8228,7056,1.852,379
RAW,327.1,8230,7055,1.852,379
RAW,327.3,8236,7059,1.852,379
RAW,327.5,8243,7063,1.848,378
RAW,327.7,8244,7064,1.852,379
RAW,327.8,8237,7063,1.848,378
RAW,328.0,8225,7055,1.852,379
RAW,328.2,8199,7045,1.848,378
RAW,328.4,8182,7039,1.852,379
RAW,328.6,8175,7036,1.848,378
RAW,328.7,8178,7039,1.848,378
RAW,328.9,8169,7038,1.848,378
RAW,329.1,8168,7034,1.848,378
RAW,329.3,8163,7030,1.843,377
RAW,329.5,8170,7032,1.843,377
RAW,329.6,8174,7033,1.848,378
RAW,329.8,8177,7037,1.843,377
RAW,330.0,8189,7035,1.843,377
RAW,330.2,8199,7045,1.838,376
RAW,330.4,8204,7047,1.838,376
RAW,330.6,8221,7055,1.833,375
RAW,330.8,8232,7060,1.833,375
RAW,330.9,8237,7063,1.833,375
RAW,331.1,8242,7062,1.833,375
RAW,331.2,8243,7064,1.833,375
RAW,331.4,8246,7071,1.823,373
RAW,331.5,8243,7069,1.828,374
RAW,331.7,8248,7064,1.823,373
RAW,331.9,8239,7064,1.823,373
RAW,332.0,8235,7064,1.818,372
RAW,332.2,8239,7058,1.818,372
RAW,332.3,8238,7060,1.813,371
RAW,332.5,8239,7061,1.813,371
RAW,332.6,8240,7058,1.813,371
RAW,332.8,8245,7062,1.808,370
RAW,333.0,8243,7066,1.804,369
RAW,333.1,8248,7065,1.804,369
RAW,333.3,8246,7072,1.799,368
RAW,333.4,8250,7067,1.804,369
RAW,333.6,8253,7070,1.794,367
RAW,333.7,8251,7065,1.794,367
RAW,333.9,8255,7069,1.789,366
RAW,334.1,8257,7068,1.784,365
RAW,334.2,8257,7064,1.784,365
RAW,334.4,8247,7061,1.779,364
RAW,334.5,8244,7059,1.779,364
RAW,334.7,8217,7045,1.779,364
RAW,334.8,8209,7040,1.774,363
RAW,335.0,8188,7027,1.774,363
RAW,335.1,8188,7031,1.774,363
RAW,335.3,8180,7018,1.769,362
RAW,335.5,8177,7017,1.764,361
RAW,335.6,8176,7015,1.764,361
RAW,335.8,8173,7017,1.760,360
RAW,335.9,8172,7013,1.764,361
RAW,336.1,8177,7019,1.760,360
RAW,336.2,8168,7012,1.760,360
RAW,336.4,8169,7007,1.755,359
RAW,336.6,8163,7007,1.755,359
RAW,336.7,8168,7006,1.755,359
RAW,336.9,8172,7006,1.755,359
RAW,337.0,8172,7012,1.750,358
RAW,337.2,8180,7015,1.755,359
RAW,337.4,8192,7014,1.750,358
RAW,337.5,8195,7011,1.750,358
RAW,337.7,8189,7014,1.750,358
RAW,337.8,8187,7017,1.755,359
RAW,338.0,8190,7018,1.750,358
RAW,338.2,8187,7016,1.745,357
RAW,338.3,8186,7024,1.750,358
RAW,338.5,8190,7023,1.750,358
RAW,338.6,8187,7022,1.745,357
RAW,338.8,8191,7025,1.745,357
RAW,339.0,8191,7023,1.745,357
RAW,339.1,8196,7027,1.745,357
RAW,339.4,8206,7030,1.745,357
RAW,339.6,8195,7027,1.745,357
RAW,339.7,8198,7028,1.745,357
RAW,339.9,8204,7028,1.745,357
RAW,340.0,8203,7026,1.745,357
RAW,340.2,8210,7030,1.745,357
RAW,340.3,8207,7029,1.740,356
RAW,340.6,8209,7024,1.740,356
RAW,340.8,8208,7024,1.740,356
RAW,340.9,8203,7024,1.745,357
RAW,341.1,8194,7021,1.740,356
RAW,341.2,8184,7015,1.745,357
RAW,341.5,8156,6995,1.740,356
RAW,341.7,8151,6991,1.740,356
RAW,341.8,8140,6988,1.740,356
RAW,342.0,8138,6984,1.740,356
RAW,342.1,8138,6984,1.745,357
RAW,342.5,8132,6978,1.745,357
RAW,342.6,8135,6979,1.745,357
RAW,342.8,8131,6973,1.745,357
RAW,343.0,8139,6982,1.745,357
RAW,343.1,8134,6982,1.745,357
RAW,343.3,8136,6981,1.745,357
RAW,343.4,8141,6984,1.750,358
RAW,343.6,8150,6988,1.745,357
RAW,343.7,8156,6991,1.750,358
RAW,343.9,8158,6996,1.750,358
RAW,344.1,8165,6993,1.750,358
RAW,344.2,8165,7004,1.750,358
RAW,344.4,8168,6996,1.750,358
RAW,344.6,8172,6999,1.750,358
RAW,344.8,8168,6997,1.755,359
RAW,344.9,8175,7005,1.755,359
RAW,345.1,8170,7011,1.755,359
RAW,345.2,8175,7008,1.755,359
RAW,345.5,8175,7012,1.755,359
RAW,345.7,8180,7014,1.755,359
RAW,345.8,8179,7020,1.760,360
RAW,346.0,8191,7023,1.755,359
RAW,346.1,8182,7021,1.760,360
RAW,346.4,8190,7019,1.760,360
RAW,346.6,8189,7026,1.764,361
RAW,346.7,8188,7022,1.764,361
RAW,346.9,8190,7022,1.764,361
RAW,347.0,8188,7023,1.764,361
RAW,347.2,8190,7023,1.764,361
RAW,347.3,8187,7022,1.764,361
RAW,347.6,8188,7026,1.769,362
RAW,347.8,8195,7025,1.769,362
RAW,347.9,8197,7020,1.774,363
RAW,348.1,8195,7021,1.769,362
RAW,348.2,8187,7020,1.774,363
RAW,348.4,8171,7007,1.774,363
RAW,348.5,8166,7006,1.774,363
RAW,348.8,8140,7001,1.774,363
RAW,349.0,8129,6994,1.779,364
RAW,349.1,8125,6996,1.779,364
RAW,349.3,8123,6991,1.779,364
RAW,349.4,8127,6996,1.784,365
RAW,349.6,8124,6995,1.784,365
RAW,349.7,8124,6992,1.784,365
RAW,349.9,8132,6994,1.789,366
RAW,350.0,8127,6994,1.784,365
RAW,350.3,8131,7001,1.794,367
RAW,350.5,8133,6998,1.789,366
RAW,350.6,8144,7002,1.794,367
RAW,350.8,8153,7009,1.794,367
RAW,350.9,8155,7008,1.799,368
RAW,351.2,8162,7005,1.794,367
RAW,351.4,8165,7007,1.799,368
RAW,351.5,8161,7014,1.804,369
RAW,351.7,8162,7008,1.804,369
RAW,351.8,8158,7010,1.804,369
RAW,352.1,8166,7015,1.808,370
RAW,352.3,8167,7008,1.808,370
RAW,352.4,8171,7010,1.808,370
RAW,352.6,8168,7012,1.813,371
RAW,352.7,8171,7012,1.813,371
RAW,353.0,8183,7018,1.813,371
RAW,353.2,8187,7018,1.813,371
RAW,353.3,8185,7019,1.818,372
RAW,353.5,8192,7021,1.818,372
RAW,353.6,8192,7017,1.818,372
RAW,353.9,8197,7025,1.823,373
RAW,354.1,8208,7024,1.823,373
RAW,354.2,8206,7028,1.823,373
RAW,354.4,8208,7027,1.823,373
RAW,354.5,8213,7029,1.828,374
RAW,354.7,8218,7033,1.828,374
RAW,354.8,8212,7034,1.828,374
RAW,355.0,8217,7035,1.833,375
RAW,355.1,8222,7040,1.833,375
RAW,355.4,8229,7037,1.833,375
RAW,355.6,8231,7034,1.838,376
RAW,355.7,8237,7043,1.838,376
RAW,355.9,8223,7031,1.843,377
RAW,356.0,8217,7029,1.843,377
RAW,356.2,8183,7021,1.843,377
RAW,356.3,8185,7013,1.843,377
RAW,356.6,8151,7005,1.843,377
RAW,356.8,8153,7008,1.848,378
RAW,356.9,8153,7006,1.848,378
RAW,357.1,8149,7008,1.848,378
RAW,357.2,8146,7004,1.848,378
RAW,357.5,8144,7003,1.852,379
RAW,357.7,8150,7005,1.857,380
RAW,357.8,8147,7004,1.852,379
RAW,358.0,8146,7005,1.857,380
RAW,358.1,8146,7005,1.852,379
RAW,358.4,8157,7012,1.862,381
RAW,358.6,8166,7016,1.857,380
RAW,358.7,8165,7013,1.862,381
RAW,358.9,8176,7019,1.862,381
RAW,359.0,8173,7014,1.862,381
RAW,359.3,8178,7015,1.862,381
RAW,359.5,8180,7019,1.867,382
RAW,359.6,8171,7018,1.867,382
RAW,359.9,8181,7016,1.872,383
RAW,360.1,8179,7019,1.867,382
RAW,360.2,8179,7015,1.872,383
RAW,360.4,8181,7021,1.872,383
RAW,360.5,8184,7020,1.877,384
RAW,360.7,8189,7020,1.872,383
RAW,360.8,8193,7017,1.877,384
RAW,361.1,8198,7022,1.877,384
RAW,361.3,8199,7020,1.877,384
RAW,361.4,8199,7021,1.877,384
RAW,361.6,8207,7024,1.877,384
RAW,361.7,8202,7023,1.882,385
RAW,361.9,8207,7022,1.882,385
RAW,362.0,8204,7023,1.882,385
RAW,362.3,8201,7023,1.887,386
RAW,362.5,8202,7021,1.887,386
RAW,362.6,8204,7021,1.887,386
RAW,362.8,8207,7023,1.882,385
RAW,362.9,8200,7024,1.891,387
RAW,363.2,8207,7021,1.891,387
RAW,363.4,8206,7028,1.891,387
RAW,363.5,8209,7024,1.891,387
RAW,363.7,8205,7020,1.891,387
RAW,363.8,8196,7019,1.891,387
RAW,364.1,8155,6999,1.896,388
RAW,364.3,8146,6994,1.896,388
RAW,364.4,8136,6989,1.896,388
RAW,364.6,8126,6990,1.896,388
RAW,364.7,8130,6986,1.901,389
RAW,364.9,8134,6981,1.896,388
RAW,365.0,8132,6983,1.901,389
RAW,365.2,8142,6984,1.901,389
RAW,365.4,8143,6982,1.901,389
RAW,365.6,8146,6987,1.901,389
RAW,365.8,8147,6987,1.906,390
RAW,365.9,8156,6987,1.906,390
RAW,366.1,8159,6991,1.906,390
RAW,366.3,8163,6994,1.906,390
RAW,366.5,8170,6991,1.906,390
RAW,366.7,8167,6996,1.906,390
RAW,366.8,8165,6995,1.911,391
RAW,367.0,8166,6993,1.911,391
RAW,367.2,8167,6989,1.911,391
RAW,367.4,8162,6991,1.911,391
RAW,367.6,8167,6991,1.916,392
RAW,367.7,8171,6985,1.911,391
RAW,367.9,8174,6993,1.916,392
RAW,368.1,8178,6989,1.916,392
RAW,368.3,8190,6997,1.916,392
RAW,368.4,8188,7004,1.916,392
RAW,368.6,8196,7000,1.921,393
RAW,368.8,8204,7006,1.916,392
RAW,369.0,8212,7010,1.921,393
RAW,369.1,8205,7005,1.916,392
RAW,369.3,8214,7014,1.921,393
RAW,369.5,8217,7013,1.921,393
RAW,369.7,8218,7016,1.921,393
RAW,369.9,8223,7016,1.921,393
RAW,370.0,8217,7017,1.926,394
RAW,370.2,8218,7013,1.921,393
RAW,370.4,8218,7015,1.926,394
RAW,370.6,8220,7015,1.926,394
RAW,370.8,8225,7017,1.926,394
RAW,370.9,8222,7019,1.926,394
RAW,371.1,8222,7025,1.931,395
RAW,371.3,8227,7020,1.926,394
RAW,371.5,8232,7024,1.931,395
RAW,371.6,8237,7021,1.931,395
RAW,371.8,8235,7028,1.931,395
RAW,372.0,8236,7024,1.931,395
RAW,372.2,8218,7017,1.931,395
RAW,372.4,8197,7008,1.931,395
RAW,372.6,8181,7000,1.931,395
RAW,372.7,8175,7000,1.931,395
RAW,372.9,8165,6998,1.931,395
RAW,373.1,8168,6999,1.935,396
RAW,373.3,8173,7003,1.935,396
RAW,373.5,8165,7001,1.935,396
RAW,373.6,8170,7006,1.940,397
RAW,373.8,8170,7004,1.935,396
RAW,374.0,8178,7005,1.935,396
RAW,374.2,8181,7009,1.935,396
RAW,374.3,8184,7004,1.940,397
RAW,374.5,8182,7013,1.935,396
RAW,374.7,8188,7012,1.940,397
RAW,374.9,8191,7017,1.940,397
RAW,375.1,8193,7020,1.940,397
RAW,375.2,8191,7018,1.940,397
RAW,375.4,8189,7021,1.945,398
RAW,375.6,8189,7019,1.940,397
RAW,375.8,8188,7018,1.940,397
RAW,376.0,8186,7015,1.940,397
RAW,376.1,8191,7014,1.945,398
RAW,376.3,8198,7021,1.940,397
RAW,376.5,8201,7019,1.945,398
RAW,376.7,8204,7018,1.940,397
RAW,376.9,8210,7022,1.945,398
RAW,377.0,8210,7025,1.945,398
RAW,377.2,8212,7028,1.945,398
RAW,377.4,8220,7024,1.945,398
RAW,377.6,8220,7019,1.945,398
RAW,377.8,8222,7026,1.945,398
RAW,377.9,8221,7023,1.950,399
RAW,378.1,8220,7027,1.950,399
RAW,378.3,8226,7030,1.950,399
RAW,378.5,8227,7033,1.950,399
RAW,378.7,8220,7025,1.950,399
RAW,378.8,8226,7028,1.950,399
RAW,379.0,8231,7034,1.950,399
RAW,379.2,8229,7027,1.950,399
RAW,379.4,8232,7028,1.950,399
RAW,379.6,8227,7033,1.950,399
RAW,379.8,8239,7039,1.950,399
RAW,379.9,8240,7029,1.950,399
RAW,380.1,8238,7032,1.955,400
RAW,380.3,8242,7031,1.955,400
RAW,380.5,8233,7027,1.955,400
RAW,380.7,8215,7011,1.950,399
RAW,380.9,8192,7006,1.955,400
RAW,381.0,8184,7000,1.955,400
RAW,381.2,8176,6996,1.955,400
RAW,381.4,8172,6995,1.955,400
RAW,381.6,8172,6997,1.955,400
RAW,381.7,8165,7002,1.955,400
RAW,381.9,8166,6999,1.955,400
RAW,382.1,8168,6998,1.955,400
RAW,382.3,8175,7008,1.955,400
RAW,382.5,8175,7007,1.960,401
RAW,382.7,8184,7007,1.960,401
RAW,382.9,8191,7006,1.960,401
RAW,383.1,8203,7012,1.960,401
RAW,383.2,8201,7017,1.960,401
RAW,383.4,8203,7018,1.965,402
RAW,383.6,8208,7021,1.960,401
RAW,383.8,8214,7022,1.965,402
RAW,383.9,8217,7024,1.960,401
RAW,384.1,8222,7020,1.965,402
RAW,384.2,8216,7021,1.965,402
RAW,384.4,8209,7022,1.965,402
RAW,384.6,8223,7031,1.960,401
RAW,384.7,8218,7022,1.970,403
RAW,384.9,8223,7028,1.965,402
RAW,385.0,8223,7024,1.965,402
RAW,385.2,8231,7029,1.965,402
RAW,385.4,8235,7032,1.965,402
RAW,385.5,8237,7023,1.970,403
RAW,385.7,8246,7029,1.970,403
RAW,385.8,8243,7029,1.965,402
RAW,386.0,8247,7029,1.970,403
RAW,386.2,8253,7033,1.965,402
RAW,386.3,8257,7030,1.970,403
RAW,386.5,8250,7035,1.965,402
RAW,386.6,8251,7031,1.975,404
RAW,386.8,8256,7037,1.965,402
RAW,386.9,8258,7039,1.970,403
RAW,387.1,8263,7034,1.970,403
RAW,387.3,8267,7034,1.970,403
RAW,387.4,8265,7034,1.970,403
RAW,387.6,8264,7034,1.975,404
RAW,387.7,8261,7025,1.970,403
RAW,387.9,8262,7033,1.970,403
RAW,388.0,8262,7030,1.970,403
RAW,388.2,8264,7032,1.970,403
RAW,388.4,8265,7032,1.970,403
RAW,388.5,8265,7029,1.975,404
RAW,388.7,8263,7029,1.970,403
RAW,388.8,8258,7028,1.975,404
RAW,389.0,8248,7023,1.970,403
RAW,389.1,8245,7022,1.970,403
RAW,389.3,8214,6999,1.970,403
RAW,389.4,8202,7001,1.975,404
RAW,389.6,8195,6991,1.970,403
RAW,389.7,8191,6991,1.975,404
RAW,389.9,8193,6987,1.975,404
RAW,390.1,8188,6990,1.975,404
RAW,390.2,8194,6995,1.975,404
RAW,390.4,8195,6994,1.975,404
RAW,390.5,8194,6994,1.975,404
RAW,390.7,8195,7000,1.975,404
RAW,390.8,8199,6998,1.975,404
RAW,391.0,8202,6994,1.975,404
RAW,391.2,8212,6997,1.975,404
RAW,391.3,8220,7008,1.975,404
RAW,391.5,8228,7011,1.975,404
RAW,391.6,8224,7010,1.975,404
RAW,391.8,8232,7015,1.975,404
RAW,392.0,8231,7016,1.975,404
RAW,392.1,8228,7011,1.975,404
RAW,392.3,8221,7011,1.975,404
RAW,392.4,8228,7014,1.975,404
RAW,392.6,8223,7016,1.979,405
RAW,392.7,8221,7009,1.979,405
RAW,392.9,8225,7014,1.979,405
RAW,393.1,8229,7014,1.979,405
RAW,393.2,8229,7009,1.984,406
RAW,393.4,8227,7016,1.979,405
RAW,393.5,8228,7013,1.979,405
RAW,393.7,8235,7019,1.979,405
RAW,393.8,8237,7019,1.984,406
RAW,394.0,8237,7017,1.984,406
RAW,394.1,8243,7018,1.984,406
RAW,394.3,8239,7022,1.979,405
RAW,394.5,8248,7016,1.984,406
RAW,394.6,8253,7021,1.984,406
RAW,394.8,8248,7021,1.984,406
RAW,394.9,8246,7022,1.984,406
RAW,395.1,8251,7024,1.984,406
RAW,395.2,8247,7022,1.984,406
RAW,395.4,8249,7026,1.984,406
RAW,395.6,8251,7027,1.984,406
RAW,395.7,8251,7025,1.989,407
RAW,395.9,8250,7028,1.984,406
RAW,396.0,8253,7029,1.989,407
RAW,396.2,8257,7026,1.984,406
RAW,396.3,8254,7031,1.989,407
RAW,396.5,8256,7030,1.989,407
RAW,396.6,8255,7031,1.994,408
RAW,396.8,8268,7036,1.994,408
RAW,397.0,8251,7035,1.994,408
RAW,397.1,8255,7035,1.994,408
RAW,397.3,8243,7028,1.999,409
RAW,397.4,8235,7019,1.999,409
RAW,397.6,8211,7015,1.999,409
RAW,397.7,8212,7008,1.999,409
RAW,397.9,8188,7002,1.999,409
RAW,398.1,8191,6996,1.999,409
RAW,398.2,8178,6995,2.004,410
RAW,398.4,8186,6993,1.999,409
RAW,398.5,8174,6997,2.004,410
RAW,398.7,8179,6997,2.004,410
RAW,398.9,8188,7001,2.004,410
RAW,399.0,8194,7000,2.004,410
RAW,399.2,8194,7002,2.009,411
RAW,399.3,8203,7000,2.004,410
RAW,399.5,8206,7005,2.004,410
RAW,399.6,8206,7004,2.004,410
RAW,399.8,8216,7008,2.009,411
RAW,400.0,8221,7015,2.009,411
RAW,400.1,8221,7016,2.009,411
RAW,400.4,8222,7023,2.004,410
RAW,400.5,8231,7022,2.009,411
RAW,400.8,8226,7017,2.009,411
RAW,401.0,8224,7021,2.004,410
RAW,401.1,8230,7020,2.009,411
RAW,401.3,8227,7016,2.009,411
RAW,401.4,8228,7017,2.004,410
RAW,401.6,8229,7022,2.009,411
RAW,401.7,8224,7018,2.009,411
RAW,401.9,8231,7021,2.009,411
RAW,402.0,8231,7022,2.009,411
RAW,402.3,8235,7021,2.009,411
RAW,402.5,8238,7026,2.004,410
RAW,402.6,8240,7026,2.009,411
RAW,402.8,8248,7028,2.009,411
RAW,402.9,8251,7025,2.014,412
RAW,403.1,8253,7034,2.009,411
RAW,403.2,8257,7034,2.014,412
RAW,403.4,8256,7039,2.009,411
RAW,403.5,8261,7036,2.009,411
RAW,403.7,8260,7037,2.009,411
RAW,403.8,8260,7034,2.014,412
RAW,403.9,8259,7039,2.014,412
RAW,404.1,8261,7036,2.014,412
RAW,404.2,8261,7039,2.014,412
RAW,404.4,8258,7040,2.014,412
RAW,404.5,8258,7039,2.014,412
RAW,404.7,8268,7036,2.014,412
RAW,404.8,8263,7037,2.014,412
RAW,405.0,8266,7037,2.014,412
RAW,405.1,8271,7044,2.014,412
RAW,405.3,8264,7036,2.014,412
RAW,405.4,8266,7035,2.014,412
RAW,405.6,8253,7027,2.019,413
RAW,405.7,8245,7029,2.014,412
RAW,406.0,8215,7008,2.019,413
RAW,406.2,8208,7004,2.014,412
RAW,406.3,8200,7003,2.019,413
RAW,406.5,8201,7002,2.019,413
RAW,406.6,8203,6998,2.023,414
RAW,406.8,8204,7000,2.019,413
RAW,406.9,8207,6994,2.023,414
RAW,407.1,8204,6995,2.019,413
RAW,407.2,8205,6992,2.023,414
RAW,407.5,8210,6989,2.023,414
RAW,407.7,8211,6993,2.023,414
RAW,407.8,8212,6992,2.019,413
RAW,408.0,8213,6992,2.023,414
RAW,408.1,8217,6995,2.023,414
RAW,408.3,8217,6993,2.023,414
RAW,408.4,8218,6991,2.023,414
RAW,408.6,8223,6996,2.028,415
RAW,408.7,8226,6997,2.028,415
RAW,408.8,8223,6995,2.028,415
RAW,409.0,8223,6995,2.023,414
RAW,409.1,8224,6996,2.028,415
RAW,409.3,8220,7002,2.023,414
RAW,409.4,8223,7004,2.028,415
RAW,409.6,8224,7000,2.023,414
RAW,409.7,8223,7001,2.023,414
RAW,409.9,8224,6999,2.023,414
RAW,410.0,8226,6997,2.023,414
RAW,410.2,8226,7005,2.023,414
RAW,410.3,8233,7004,2.023,414
RAW,410.6,8228,6998,2.023,414
RAW,410.8,8226,6997,2.023,414
RAW,410.9,8219,6997,2.023,414
RAW,411.1,8220,6995,2.023,414
RAW,411.2,8217,6991,2.023,414
RAW,411.5,8227,6992,2.023,414
RAW,411.7,8222,6992,2.019,413
RAW,411.8,8222,6994,2.023,414
RAW,412.0,8227,6989,2.019,413
RAW,412.1,8225,6994,2.023,414
RAW,412.4,8226,6995,2.019,413
RAW,412.6,8228,6987,2.019,413
RAW,412.7,8229,6995,2.014,412
RAW,412.9,8235,6991,2.019,413
RAW,413.0,8225,6990,2.019,413
RAW,413.2,8229,6993,2.014,412
RAW,413.3,8226,6992,2.014,412
RAW,413.5,8230,6994,2.014,412
RAW,413.6,8233,6987,2.014,412
RAW,413.9,8224,6989,2.014,412
RAW,414.1,8212,6985,2.009,411
RAW,414.2,8210,6983,2.014,412
RAW,414.4,8202,6987,2.009,411
RAW,414.5,8197,6983,2.014,412
RAW,414.8,8185,6981,2.009,411
RAW,415.0,8188,6989,2.009,411
RAW,415.1,8194,6988,2.009,411
RAW,415.3,8197,6988,2.009,411
RAW,415.4,8191,6986,2.009,411
RAW,415.6,8197,6987,2.004,410
RAW,415.7,8194,6995,2.009,411
RAW,416.0,8196,6996,2.009,411
RAW,416.2,8210,7002,1.999,409
RAW,416.3,8203,7005,2.004,410
RAW,416.5,8205,7007,1.999,409
RAW,416.6,8213,7008,2.004,410
RAW,416.9,8216,7006,1.999,409
RAW,417.1,8219,7009,1.999,409
RAW,417.2,8215,7010,2.004,410
RAW,417.4,8221,7006,1.999,409
RAW,417.5,8219,7012,1.999,409
RAW,417.7,8224,7016,1.999,409
RAW,417.8,8225,7015,1.999,409
RAW,418.1,8236,7016,1.999,409
RAW,418.3,8227,7018,1.999,409
RAW,418.4,8228,7017,1.999,409
RAW,418.6,8220,7015,1.999,409
RAW,418.7,8227,7014,1.999,409
RAW,419.0,8221,7009,1.994,408
RAW,419.2,8210,7010,1.994,408
RAW,419.3,8215,7008,1.994,408
RAW,419.6,8216,7013,1.994,408
RAW,419.8,8215,7005,1.994,408
RAW,419.9,8212,7007,1.994,408
RAW,420.1,8214,7004,1.989,407
RAW,420.2,8216,7007,1.994,408
RAW,420.4,8218,7006,1.989,407
RAW,420.6,8220,7012,1.994,408
RAW,420.7,8223,7012,1.989,407
RAW,420.9,8222,7018,1.989,407
RAW,421.1,8233,7023,1.989,407
RAW,421.3,8231,7024,1.989,407
RAW,421.4,8236,7025,1.989,407
RAW,421.6,8239,7026,1.994,408
RAW,421.8,8237,7026,1.989,407
RAW,422.0,8242,7021,1.989,407
RAW,422.2,8230,7016,1.984,406
RAW,422.4,8215,7009,1.989,407
RAW,422.5,8200,7007,1.989,407
RAW,422.7,8190,6998,1.989,407
RAW,422.9,8187,6995,1.984,406
RAW,423.1,8191,6993,1.989,407
RAW,423.2,8184,6994,1.989,407
RAW,423.4,8187,6998,1.989,407
RAW,423.6,8191,6997,1.984,406
RAW,423.8,8190,7000,1.984,406
RAW,423.9,8190,6999,1.984,406
RAW,424.1,8193,6996,1.984,406
RAW,424.3,8192,7000,1.984,406
RAW,424.5,8191,7000,1.984,406
RAW,424.7,8197,7001,1.984,406
RAW,424.8,8200,6999,1.984,406
RAW,425.0,8200,7003,1.984,406
RAW,425.2,8204,7001,1.984,406
RAW,425.4,8206,6999,1.984,406
RAW,425.6,8202,7001,1.984,406
RAW,425.8,8207,6998,1.979,405
RAW,425.9,8211,7001,1.989,407
RAW,426.1,8216,7000,1.979,405
RAW,426.3,8223,7001,1.984,406
RAW,426.5,8219,7001,1.979,405
RAW,426.6,8219,7001,1.984,406
RAW,426.8,8224,7003,1.984,406
RAW,427.0,8223,7010,1.979,405
RAW,427.2,8229,7012,1.979,405
RAW,427.4,8237,7007,1.979,405
RAW,427.6,8231,7012,1.979,405
RAW,427.7,8233,7007,1.984,406
RAW,427.9,8241,7007,1.979,405
RAW,428.1,8235,7009,1.979,405
RAW,428.3,8244,7016,1.975,404
RAW,428.4,8241,7008,1.979,405
RAW,428.6,8244,7012,1.979,405
RAW,428.8,8242,7006,1.979,405
RAW,429.0,8240,7008,1.979,405
RAW,429.1,8238,7013,1.979,405
RAW,429.3,8236,7014,1.979,405
RAW,429.5,8241,7013,1.979,405
RAW,429.7,8245,7010,1.975,404
RAW,429.9,8240,7011,1.979,405
RAW,430.0,8248,7011,1.975,404
RAW,430.2,8250,7014,1.979,405
RAW,430.4,8249,7014,1.975,404
RAW,430.6,8243,7009,1.975,404
RAW,430.8,8236,7006,1.970,403
RAW,430.9,8226,7007,1.975,404
RAW,431.1,8214,7000,1.970,403
RAW,431.3,8203,6990,1.970,403
RAW,431.5,8198,6997,1.970,403
RAW,431.6,8200,6988,1.970,403
RAW,431.8,8205,6994,1.970,403
RAW,432.0,8199,6999,1.970,403
RAW,432.2,8203,6995,1.970,403
RAW,432.4,8201,6993,1.970,403
RAW,432.5,8206,6995,1.970,403
RAW,432.7,8210,7000,1.970,403
RAW,432.9,8216,6996,1.965,402
RAW,433.1,8226,7012,1.970,403
RAW,433.3,8226,7013,1.970,403
RAW,433.4,8228,7008,1.970,403
RAW,433.6,8224,7008,1.970,403
RAW,433.8,8231,7016,1.975,404
RAW,434.0,8238,7007,1.970,403
RAW,434.1,8236,7014,1.975,404
RAW,434.3,8236,7012,1.975,404
RAW,434.5,8236,7013,1.979,405
RAW,434.7,8243,7013,1.975,404
RAW,434.9,8239,7017,1.979,405
RAW,435.0,8245,7019,1.979,405
RAW,435.2,8239,7015,1.979,405
RAW,435.4,8245,7014,1.975,404
RAW,435.6,8240,7014,1.979,405
RAW,435.8,8245,7012,1.979,405
RAW,436.0,8243,7011,1.979,405
RAW,436.1,8244,7000,1.975,404
RAW,436.3,8235,6997,1.975,404
RAW,436.5,8231,6988,1.970,403
RAW,436.7,8228,6985,1.975,404
RAW,436.8,8224,6988,1.975,404
RAW,437.0,8218,6980,1.970,403
RAW,437.2,8227,6981,1.970,403
RAW,437.4,8217,6980,1.970,403
RAW,437.6,8221,6978,1.970,403
RAW,437.7,8223,6982,1.975,404
RAW,437.9,8223,6983,1.970,403
RAW,438.1,8220,6988,1.970,403
RAW,438.3,8226,6984,1.970,403
RAW,438.4,8223,6985,1.970,403
RAW,438.6,8223,6984,1.970,403
RAW,438.8,8214,6981,1.970,403
RAW,439.0,8198,6982,1.970,403
RAW,439.1,8200,6973,1.970,403
RAW,439.3,8181,6973,1.970,403
RAW,439.5,8182,6975,1.970,403
RAW,439.7,8184,6978,1.965,402
RAW,439.9,8177,6978,1.965,402
RAW,440.1,8181,6977,1.965,402
RAW,440.2,8186,6977,1.970,403
RAW,440.4,8188,6980,1.965,402
RAW,440.6,8189,6974,1.970,403
RAW,440.8,8190,6979,1.965,402
RAW,441.0,8187,6976,1.970,403
RAW,441.2,8197,6974,1.970,403
RAW,441.4,8201,6968,1.970,403
RAW,441.5,8198,6974,1.970,403
RAW,441.7,8193,6973,1.970,403
RAW,441.9,8199,6969,1.970,403
RAW,442.1,8200,6975,1.970,403
RAW,442.3,8194,6971,1.970,403
RAW,442.4,8198,6976,1.970,403
RAW,442.6,8199,6975,1.970,403
RAW,442.7,8199,6975,1.975,404
RAW,442.9,8202,6978,1.970,403
RAW,443.0,8199,6975,1.975,404
RAW,443.3,8190,6978,1.970,403
RAW,443.5,8161,6971,1.975,404
RAW,443.6,8163,6964,1.970,403
RAW,443.8,8155,6964,1.975,404
RAW,443.9,8159,6964,1.975,404
RAW,444.2,8162,6964,1.975,404
RAW,444.4,8165,6964,1.975,404
RAW,444.5,8179,6965,1.979,405
RAW,444.7,8173,6966,1.979,405
RAW,444.8,8178,6972,1.984,406
RAW,445.0,8183,6966,1.979,405
RAW,445.1,8185,6970,1.979,405
RAW,445.4,8190,6980,1.979,405
RAW,445.6,8192,6978,1.979,405
RAW,445.7,8197,6979,1.979,405
RAW,445.9,8200,6982,1.984,406
RAW,446.0,8196,6980,1.984,406
RAW,446.2,8198,6983,1.989,407
RAW,446.3,8195,6982,1.984,406
RAW,446.5,8201,6981,1.989,407
RAW,446.6,8183,6975,1.984,406
RAW,446.9,8180,6965,1.989,407
RAW,447.1,8178,6962,1.989,407
RAW,447.2,8172,6957,1.989,407
RAW,447.4,8157,6946,1.984,406
RAW,447.5,8158,6952,1.989,407
RAW,447.8,8151,6940,1.989,407
RAW,448.0,8140,6944,1.989,407
RAW,448.1,8139,6936,1.989,407
RAW,448.3,8139,6945,1.989,407
RAW,448.4,8135,6938,1.989,407
RAW,448.6,8133,6941,1.989,407
RAW,448.7,8126,6944,1.994,408
RAW,448.9,8126,6943,1.994,408
RAW,449.0,8128,6946,1.989,407
RAW,449.2,8132,6947,1.994,408
RAW,449.4,8136,6955,1.994,408
RAW,449.5,8135,6954,1.999,409
RAW,449.7,8129,6955,1.994,408
RAW,449.8,8132,6950,1.999,409
RAW,450.0,8129,6953,1.994,408
RAW,450.2,8134,6952,1.994,408
RAW,450.3,8134,6944,1.994,408
RAW,450.5,8134,6943,1.994,408
RAW,450.6,8137,6947,1.994,408
RAW,450.8,8142,6947,1.994,408
RAW,451.0,8143,6941,1.994,408
RAW,451.1,8142,6946,1.999,409
RAW,451.3,8147,6943,1.994,408
RAW,451.4,8151,6948,1.999,409
RAW,451.6,8148,6951,1.994,408
RAW,451.8,8151,6949,1.999,409
RAW,451.9,8155,6951,1.999,409
RAW,452.1,8151,6953,1.999,409
RAW,452.2,8153,6952,1.999,409
RAW,452.4,8162,6955,1.999,409
RAW,452.5,8159,6959,1.999,409
RAW,452.8,8157,6960,1.999,409
RAW,453.0,8154,6964,1.999,409
RAW,453.1,8162,6964,1.999,409
RAW,453.4,8163,6967,1.999,409
RAW,453.6,8153,6965,1.999,409
RAW,453.7,8151,6962,1.999,409
RAW,454.0,8148,6957,1.999,409
RAW,454.2,8141,6948,1.999,409
RAW,454.3,8132,6943,1.999,409
RAW,454.5,8135,6942,1.999,409
RAW,454.6,8133,6942,1.999,409
RAW,454.8,8125,6933,1.999,409
RAW,454.9,8120,6929,2.004,410
RAW,455.2,8116,6922,1.999,409
RAW,455.4,8117,6925,2.004,410
RAW,455.5,8117,6928,2.004,410
RAW,455.7,8117,6937,2.004,410
RAW,455.8,8123,6943,1.999,409
RAW,456.0,8124,6950,2.004,410
RAW,456.1,8123,6947,2.004,410
RAW,456.4,8120,6952,2.004,410
RAW,456.6,8116,6943,1.999,409
RAW,456.7,8118,6946,2.004,410
RAW,456.9,8111,6939,1.999,409
RAW,457.0,8118,6939,2.009,411
RAW,457.3,8119,6938,1.999,409
RAW,457.5,8118,6941,2.004,410
RAW,457.6,8120,6940,1.999,409
RAW,457.8,8126,6936,2.004,410
RAW,457.9,8120,6940,2.004,410
RAW,458.1,8123,6943,2.004,410
RAW,458.2,8126,6939,2.004,410
RAW,458.5,8122,6938,2.004,410
RAW,458.7,8116,6942,2.004,410
RAW,458.8,8115,6945,2.004,410
RAW,459.0,8118,6941,2.004,410
RAW,459.1,8118,6937,2.009,411
RAW,459.4,8117,6925,2.004,410
RAW,459.6,8115,6934,2.009,411
RAW,459.7,8116,6935,2.009,411
RAW,459.9,8122,6932,2.009,411
RAW,460.0,8118,6929,2.009,411
RAW,460.3,8122,6919,2.009,411
RAW,460.5,8123,6923,2.009,411
RAW,460.6,8127,6919,2.014,412
RAW,460.8,8127,6923,2.009,411
RAW,460.9,8136,6922,2.014,412
RAW,461.2,8148,6930,2.009,411
RAW,461.4,8149,6935,2.014,412
RAW,461.5,8148,6936,2.009,411
RAW,461.7,8152,6939,2.014,412
RAW,461.8,8156,6941,2.009,411
RAW,462.1,8156,6937,2.014,412
RAW,462.3,8154,6934,2.009,411
RAW,462.4,8155,6936,2.014,412
RAW,462.7,8158,6935,2.014,412
RAW,462.9,8148,6930,2.014,412
RAW,463.0,8145,6928,2.014,412
RAW,463.2,8133,6927,2.019,413
RAW,463.3,8130,6927,2.014,412
RAW,463.6,8130,6928,2.014,412
RAW,463.8,8135,6928,2.014,412
RAW,463.9,8131,6929,2.019,413
RAW,464.2,8132,6930,2.014,412
RAW,464.4,8133,6931,2.019,413
RAW,464.5,8139,6934,2.019,413
RAW,464.8,8132,6934,2.019,413
RAW,465.0,8130,6939,2.014,412
RAW,465.1,8132,6936,2.019,413
RAW,465.3,8138,6943,2.014,412
RAW,465.4,8146,6934,2.019,413
RAW,465.6,8153,6943,2.019,413
RAW,465.7,8147,6940,2.019,413
RAW,466.0,8146,6943,2.019,413
RAW,466.2,8144,6945,2.019,413
RAW,466.3,8141,6941,2.019,413
RAW,466.5,8142,6944,2.019,413
RAW,466.6,8140,6947,2.019,413
RAW,466.9,8144,6939,2.023,414
RAW,467.1,8144,6942,2.019,413
RAW,467.2,8145,6948,2.023,414
RAW,467.4,8152,6943,2.019,413
RAW,467.5,8161,6942,2.023,414
RAW,467.8,8151,6940,2.023,414
RAW,468.0,8157,6940,2.023,414
RAW,468.1,8152,6945,2.023,414
RAW,468.3,8155,6944,2.023,414
RAW,468.4,8154,6946,2.019,413
RAW,468.6,8161,6952,2.023,414
RAW,468.7,8165,6954,2.023,414
RAW,469.0,8160,6947,2.028,415
RAW,469.2,8162,6946,2.023,414
RAW,469.3,8161,6948,2.023,414
RAW,469.5,8166,6943,2.023,414
RAW,469.6,8164,6939,2.023,414
RAW,469.9,8161,6938,2.023,414
RAW,470.1,8156,6940,2.023,414
RAW,470.2,8154,6940,2.023,414
RAW,470.4,8150,6938,2.023,414
RAW,470.5,8146,6935,2.023,414
RAW,470.7,8141,6924,2.023,414
RAW,470.8,8135,6923,2.023,414
RAW,471.1,8124,6916,2.023,414
RAW,471.3,8117,6908,2.019,413
RAW,471.4,8117,6912,2.023,414
RAW,471.6,8114,6911,2.019,413
RAW,471.7,8119,6910,2.023,414
RAW,471.9,8114,6923,2.019,413
RAW,472.1,8116,6926,2.023,414
RAW,472.2,8112,6925,2.019,413
RAW,472.4,8109,6921,2.019,413
RAW,472.6,8110,6913,2.019,413
RAW,472.8,8105,6912,2.019,413
RAW,472.9,8108,6912,2.014,412
RAW,473.1,8111,6907,2.019,413
RAW,473.3,8112,6908,2.014,412
RAW,473.5,8115,6904,2.014,412
RAW,473.7,8127,6912,2.014,412
RAW,473.8,8120,6917,2.014,412
RAW,474.0,8136,6916,2.009,411
RAW,474.2,8138,6923,2.009,411
RAW,474.4,8146,6928,2.004,410
RAW,474.5,8143,6931,2.004,410
RAW,474.7,8148,6934,2.004,410
RAW,474.9,8146,6940,2.004,410
RAW,475.1,8144,6941,1.999,409
RAW,475.3,8153,6940,1.999,409
RAW,475.4,8155,6939,1.994,408
RAW,475.6,8153,6943,1.994,408
RAW,475.8,8156,6937,1.994,408
RAW,476.0,8158,6940,1.989,407
RAW,476.2,8161,6940,1.984,406
RAW,476.3,8161,6936,1.984,406
RAW,476.5,8159,6934,1.979,405
RAW,476.7,8166,6938,1.979,405
RAW,476.9,8166,6933,1.975,404
RAW,477.0,8155,6938,1.979,405
RAW,477.2,8159,6933,1.975,404
RAW,477.4,8156,6933,1.975,404
RAW,477.6,8159,6927,1.970,403
RAW,477.8,8158,6931,1.965,402
RAW,477.9,8160,6934,1.965,402
RAW,478.1,8161,6933,1.965,402
RAW,478.3,8150,6934,1.960,401
RAW,478.5,8149,6940,1.955,400
RAW,478.7,8134,6937,1.950,399
RAW,478.8,8132,6936,1.955,400
RAW,479.0,8129,6940,1.950,399
RAW,479.2,8135,6944,1.950,399
RAW,479.4,8128,6960,1.945,398
RAW,479.5,8137,6951,1.945,398
RAW,479.7,8146,6949,1.940,397
RAW,479.9,8146,6959,1.945,398
RAW,480.1,8156,6953,1.940,397
RAW,480.3,8160,6959,1.935,396
RAW,480.4,8160,6965,1.935,396
RAW,480.6,8172,6970,1.935,396
RAW,480.8,8172,6972,1.931,395
RAW,481.0,8177,6974,1.931,395
RAW,481.2,8175,6975,1.921,393
RAW,481.3,8174,6971,1.926,394
RAW,481.5,8183,6978,1.921,393
RAW,481.7,8181,6980,1.921,393
RAW,481.9,8183,6978,1.916,392
RAW,482.1,8182,6974,1.911,391
RAW,482.2,8177,6974,1.916,392
RAW,482.4,8182,6973,1.916,392
RAW,482.6,8182,6967,1.906,390
RAW,482.8,8171,6968,1.906,390
RAW,483.0,8172,6967,1.901,389
RAW,483.1,8169,6964,1.906,390
RAW,483.3,8170,6963,1.901,389
RAW,483.5,8168,6961,1.906,390
RAW,483.7,8164,6966,1.901,389
RAW,483.9,8163,6971,1.901,389
RAW,484.0,8145,6967,1.901,389
RAW,484.2,8139,6963,1.896,388
RAW,484.4,8133,6955,1.896,388
RAW,484.6,8131,6954,1.896,388
RAW,484.7,8135,6955,1.896,388
RAW,484.9,8135,6953,1.896,388
RAW,485.1,8138,6948,1.891,387
RAW,485.3,8122,6945,1.891,387
RAW,485.4,8114,6932,1.891,387
RAW,485.6,8101,6928,1.887,386
RAW,485.8,8103,6919,1.887,386
RAW,486.0,8092,6915,1.891,387
RAW,486.2,8085,6919,1.887,386
RAW,486.4,8093,6928,1.882,385
RAW,486.6,8097,6926,1.882,385
RAW,486.7,8104,6932,1.882,385
RAW,486.9,8114,6932,1.882,385
RAW,487.1,8118,6937,1.882,385
RAW,487.3,8125,6939,1.877,384
RAW,487.5,8124,6942,1.882,385
RAW,487.7,8124,6938,1.877,384
RAW,487.8,8131,6936,1.882,385
RAW,488.1,8130,6938,1.872,383
RAW,488.3,8129,6937,1.877,384
RAW,488.4,8137,6935,1.872,383
RAW,488.6,8125,6932,1.877,384
RAW,488.7,8133,6936,1.872,383
RAW,488.9,8136,6939,1.872,383
RAW,489.0,8147,6932,1.872,383
RAW,489.1,8140,6929,1.872,383
RAW,489.3,8144,6935,1.872,383
RAW,489.4,8142,6936,1.872,383
RAW,489.6,8149,6940,1.867,382
RAW,489.7,8150,6944,1.872,383
RAW,489.9,8151,6939,1.867,382
RAW,490.0,8144,6935,1.872,383
RAW,490.2,8147,6943,1.867,382
RAW,490.3,8155,6942,1.872,383
RAW,490.6,8169,6948,1.867,382
RAW,490.8,8160,6950,1.872,383
RAW,490.9,8168,6947,1.867,382
RAW,491.1,8173,6953,1.867,382
RAW,491.2,8180,6953,1.862,381
RAW,491.4,8185,6962,1.867,382
RAW,491.5,8185,6962,1.867,382
RAW,491.7,8191,6970,1.867,382
RAW,491.8,8198,6971,1.862,381
RAW,492.1,8201,6974,1.867,382
RAW,492.3,8201,6975,1.862,381
RAW,492.4,8201,6975,1.862,381
RAW,492.6,8186,6967,1.862,381
RAW,492.7,8182,6972,1.862,381
RAW,493.0,8171,6964,1.862,381
RAW,493.2,8166,6963,1.862,381
RAW,493.3,8170,6964,1.862,381
RAW,493.5,8172,6958,1.862,381
RAW,493.6,8170,6963,1.862,381
RAW,493.8,8173,6957,1.862,381
RAW,493.9,8168,6956,1.862,381
RAW,494.2,8175,6962,1.862,381
RAW,494.4,8172,6962,1.862,381
RAW,494.5,8176,6958,1.867,382
RAW,494.7,8179,6963,1.862,381
RAW,494.8,8181,6963,1.867,382
RAW,495.0,8184,6963,1.862,381
RAW,495.1,8181,6967,1.867,382
RAW,495.3,8186,6966,1.867,382
RAW,495.4,8194,6970,1.867,382
RAW,495.7,8185,6963,1.867,382
RAW,495.9,8178,6966,1.872,383
RAW,496.0,8185,6965,1.867,382
RAW,496.2,8184,6968,1.867,382
RAW,496.3,8180,6968,1.867,382
RAW,496.5,8177,6967,1.872,383
RAW,496.6,8178,6962,1.872,383
RAW,496.9,8176,6961,1.872,383
RAW,497.1,8171,6962,1.872,383
RAW,497.2,8183,6959,1.872,383
RAW,497.4,8182,6954,1.872,383
RAW,497.5,8181,6955,1.872,383
RAW,497.8,8190,6959,1.872,383
RAW,498.0,8190,6961,1.877,384
RAW,498.1,8188,6960,1.872,383
RAW,498.3,8193,6963,1.877,384
RAW,498.4,8191,6961,1.877,384
RAW,498.7,8194,6966,1.882,385
RAW,498.9,8195,6959,1.877,384
RAW,499.0,8182,6970,1.882,385
RAW,499.2,8174,6956,1.877,384
RAW,499.3,8166,6953,1.882,385
RAW,499.6,8146,6942,1.882,385
RAW,499.8,8134,6937,1.882,385
RAW,499.9,8134,6937,1.882,385
RAW,500.1,8136,6937,1.887,386
RAW,500.2,8136,6936,1.887,386
RAW,500.5,8136,6939,1.887,386
RAW,500.7,8139,6934,1.887,386
RAW,500.8,8134,6942,1.887,386
RAW,501.0,8137,6942,1.887,386
RAW,501.1,8142,6938,1.891,387
RAW,501.3,8140,6939,1.891,387
RAW,501.4,8138,6938,1.896,388
RAW,501.7,8155,6946,1.891,387
RAW,501.9,8147,6946,1.891,387
RAW,502.0,8145,6950,1.891,387
RAW,502.2,8154,6951,1.896,388
RAW,502.3,8144,6948,1.891,387
RAW,502.6,8154,6947,1.896,388
RAW,502.8,8154,6951,1.896,388
RAW,502.9,8156,6947,1.896,388
RAW,503.1,8159,6955,1.896,388
RAW,503.2,8159,6953,1.901,389
RAW,503.4,8162,6953,1.901,389
RAW,503.5,8164,6961,1.901,389
RAW,503.8,8169,6956,1.901,389
RAW,504.0,8166,6957,1.901,389
RAW,504.1,8175,6962,1.901,389
RAW,504.3,8172,6958,1.906,390
RAW,504.4,8175,6958,1.901,389
RAW,504.7,8179,6959,1.906,390
RAW,504.9,8169,6961,1.901,389
RAW,505.0,8176,6961,1.906,390
RAW,505.3,8171,6959,1.906,390
RAW,505.5,8169,6957,1.906,390
RAW,505.6,8166,6957,1.906,390
RAW,505.8,8150,6947,1.911,391
RAW,505.9,8136,6947,1.911,391
RAW,506.1,8129,6934,1.911,391
RAW,506.2,8114,6933,1.906,390
RAW,506.5,8110,6926,1.911,391
RAW,506.7,8109,6921,1.911,391
RAW,506.8,8102,6920,1.916,392
RAW,507.0,8104,6918,1.911,391
RAW,507.1,8103,6926,1.916,392
RAW,507.3,8100,6923,1.916,392
RAW,507.4,8097,6923,1.916,392
RAW,507.7,8105,6925,1.916,392
RAW,507.9,8102,6927,1.921,393
RAW,508.1,8106,6925,1.916,392
RAW,508.3,8108,6929,1.921,393
RAW,508.4,8109,6932,1.921,393
RAW,508.6,8114,6925,1.921,393
RAW,508.8,8115,6927,1.921,393
RAW,509.0,8115,6924,1.921,393
RAW,509.1,8119,6930,1.921,393
RAW,509.3,8121,6928,1.926,394
RAW,509.5,8122,6933,1.921,393
RAW,509.7,8117,6932,1.926,394
RAW,509.9,8121,6935,1.926,394
RAW,510.0,8118,6939,1.926,394
RAW,510.2,8121,6947,1.926,394
RAW,510.4,8117,6943,1.926,394
RAW,510.6,8128,6943,1.926,394
RAW,510.8,8120,6940,1.926,394
RAW,510.9,8131,6949,1.926,394
RAW,511.1,8130,6946,1.931,395
RAW,511.3,8134,6945,1.926,394
RAW,511.5,8142,6940,1.931,395
RAW,511.7,8146,6945,1.931,395
RAW,511.8,8142,6948,1.931,395
RAW,512.0,8147,6955,1.931,395
RAW,512.2,8158,6960,1.935,396
RAW,512.4,8150,6959,1.935,396
RAW,512.5,8149,6959,1.935,396
RAW,512.7,8135,6956,1.935,396
RAW,512.9,8117,6942,1.935,396
RAW,513.1,8101,6938,1.935,396
RAW,513.2,8091,6932,1.935,396
RAW,513.4,8078,6933,1.935,396
RAW,513.6,8076,6931,1.935,396
RAW,513.8,8071,6929,1.935,396
RAW,514.0,8070,6921,1.940,397
RAW,514.1,8070,6929,1.940,397
RAW,514.3,8062,6925,1.940,397
RAW,514.5,8058,6920,1.940,397
RAW,514.7,8066,6924,1.940,397
RAW,514.9,8067,6930,1.940,397
RAW,515.1,8073,6927,1.940,397
RAW,515.3,8078,6930,1.940,397
RAW,515.5,8086,6932,1.945,398
RAW,515.6,8086,6933,1.940,397
RAW,515.8,8090,6938,1.945,398
RAW,516.0,8085,6930,1.945,398
RAW,516.2,8091,6937,1.945,398
RAW,516.3,8092,6933,1.945,398
RAW,516.5,8095,6937,1.945,398
RAW,516.6,8090,6933,1.945,398
RAW,516.8,8096,6938,1.945,398
RAW,516.9,8101,6937,1.950,399
RAW,517.1,8108,6943,1.950,399
RAW,517.2,8110,6942,1.950,399
RAW,517.4,8118,6945,1.950,399
RAW,517.5,8112,6945,1.950,399
RAW,517.8,8118,6949,1.950,399
RAW,518.0,8114,6950,1.950,399
RAW,518.1,8117,6948,1.955,400
RAW,518.3,8121,6950,1.950,399
RAW,518.4,8122,6952,1.955,400
RAW,518.6,8118,6943,1.950,399
RAW,518.7,8123,6948,1.955,400
RAW,519.0,8118,6945,1.955,400
RAW,519.2,8129,6944,1.955,400
RAW,519.3,8136,6945,1.955,400
RAW,519.5,8131,6951,1.955,400
RAW,519.6,8127,6950,1.955,400
RAW,519.9,8118,6933,1.960,401
RAW,520.1,8102,6935,1.955,400
RAW,520.2,8089,6929,1.960,401
RAW,520.4,8078,6923,1.955,400
RAW,520.5,8073,6924,1.960,401
RAW,520.8,8067,6918,1.960,401
RAW,521.0,8061,6919,1.960,401
RAW,521.1,8058,6917,1.960,401
RAW,521.4,8065,6916,1.960,401
RAW,521.6,8063,6919,1.960,401
RAW,521.7,8067,6922,1.965,402
RAW,521.9,8072,6920,1.960,401
RAW,522.0,8074,6924,1.965,402
RAW,522.2,8079,6926,1.960,401
RAW,522.3,8085,6926,1.965,402
RAW,522.6,8091,6929,1.965,402
RAW,522.8,8098,6934,1.965,402
RAW,522.9,8102,6929,1.965,402
RAW,523.1,8108,6928,1.970,403
RAW,523.2,8110,6932,1.965,402
RAW,523.5,8113,6938,1.965,402
RAW,523.7,8109,6934,1.965,402
RAW,523.8,8110,6942,1.970,403
RAW,524.1,8114,6941,1.965,402
RAW,524.3,8116,6943,1.970,403
RAW,524.4,8114,6936,1.965,402
RAW,524.7,8119,6938,1.970,403
RAW,524.9,8123,6940,1.965,402
RAW,525.0,8124,6942,1.970,403
RAW,525.2,8129,6942,1.965,402
RAW,525.3,8133,6943,1.970,403
RAW,525.5,8131,6949,1.970,403
RAW,525.6,8137,6945,1.975,404
RAW,525.9,8138,6950,1.970,403
RAW,526.1,8139,6949,1.970,403
RAW,526.2,8139,6952,1.970,403
RAW,526.4,8145,6957,1.970,403
RAW,526.5,8146,6952,1.970,403
RAW,526.8,8155,6959,1.970,403
RAW,527.0,8156,6954,1.970,403
RAW,527.1,8157,6953,1.975,404
RAW,527.3,8156,6960,1.975,404
RAW,527.4,8155,6956,1.975,404
RAW,527.7,8142,6944,1.970,403
RAW,527.9,8123,6938,1.975,404
RAW,528.0,8109,6937,1.970,403
RAW,528.3,8102,6937,1.975,404
RAW,528.5,8092,6940,1.975,404
RAW,528.6,8092,6939,1.975,404
RAW,528.8,8088,6933,1.975,404
RAW,528.9,8082,6936,1.975,404
RAW,529.2,8089,6935,1.975,404
RAW,529.4,8089,6939,1.975,404
RAW,529.5,8089,6937,1.975,404
RAW,529.7,8092,6933,1.975,404
RAW,529.8,8100,6933,1.975,404
RAW,530.1,8112,6939,1.975,404
RAW,530.3,8117,6938,1.970,403
RAW,530.4,8119,6941,1.975,404
RAW,530.6,8115,6941,1.975,404
RAW,530.7,8119,6943,1.975,404
RAW,531.0,8126,6943,1.979,405
RAW,531.2,8122,6943,1.975,404
RAW,531.3,8122,6936,1.975,404
RAW,531.6,8136,6941,1.979,405
RAW,531.8,8130,6946,1.975,404
RAW,531.9,8131,6943,1.979,405
RAW,532.1,8134,6945,1.975,404
RAW,532.2,8142,6949,1.975,404
RAW,532.4,8140,6949,1.975,404
RAW,532.5,8143,6945,1.975,404
RAW,532.8,8144,6951,1.975,404
RAW,533.0,8149,6948,1.975,404
RAW,533.1,8147,6949,1.975,404
RAW,533.3,8147,6949,1.979,405
RAW,533.4,8152,6951,1.975,404
RAW,533.6,8149,6953,1.979,405
RAW,533.7,8149,6950,1.975,404
RAW,534.0,8158,6948,1.979,405
RAW,534.2,8161,6943,1.975,404
RAW,534.3,8159,6950,1.979,405
RAW,534.6,8160,6948,1.979,405
RAW,534.8,8162,6947,1.979,405
RAW,534.9,8165,6954,1.979,405
RAW,535.1,8170,6958,1.979,405
RAW,535.2,8172,6960,1.979,405
RAW,535.5,8162,6952,1.979,405
RAW,535.7,8142,6944,1.975,404
RAW,535.8,8137,6944,1.979,405
RAW,536.0,8119,6932,1.975,404
RAW,536.1,8119,6935,1.979,405
RAW,536.3,8110,6930,1.979,405
RAW,536.4,8104,6925,1.979,405
RAW,536.6,8099,6927,1.979,405
RAW,536.8,8107,6928,1.979,405
RAW,537.0,8102,6925,1.979,405
RAW,537.2,8108,6923,1.979,405
RAW,537.3,8110,6928,1.979,405
RAW,537.5,8110,6926,1.979,405
RAW,537.7,8112,6931,1.979,405
RAW,537.9,8125,6932,1.979,405
RAW,538.1,8133,6943,1.984,406
RAW,538.2,8134,6943,1.984,406
RAW,538.4,8135,6945,1.979,405
RAW,538.6,8141,6941,1.979,405
RAW,538.8,8135,6947,1.979,405
RAW,538.9,8139,6946,1.984,406
RAW,539.1,8143,6949,1.979,405
RAW,539.3,8140,6947,1.984,406
RAW,539.5,8144,6953,1.979,405
RAW,539.7,8142,6953,1.989,407
RAW,539.8,8143,6955,1.984,406
RAW,540.0,8143,6953,1.984,406
RAW,540.2,8146,6956,1.984,406
RAW,540.4,8155,6956,1.984,406
RAW,540.6,8152,6950,1.984,406
RAW,540.7,8149,6956,1.984,406
RAW,540.9,8160,6956,1.984,406
RAW,541.1,8152,6956,1.984,406
RAW,541.3,8161,6957,1.984,406
RAW,541.5,8160,6958,1.989,407
RAW,541.6,8164,6958,1.984,406
RAW,541.8,8165,6962,1.989,407
RAW,542.0,8163,6962,1.989,407
RAW,542.2,8167,6964,1.989,407
RAW,542.4,8171,6961,1.989,407
RAW,542.5,8175,6965,1.989,407
RAW,542.7,8171,6964,1.989,407
RAW,542.9,8173,6964,1.989,407
RAW,543.1,8183,6967,1.994,408
RAW,543.3,8191,6969,1.989,407
RAW,543.4,8184,6972,1.989,407
RAW,543.6,8175,6961,1.994,408
RAW,543.8,8155,6949,1.989,407
RAW,544.0,8141,6942,1.994,408
RAW,544.1,8133,6941,1.989,407
RAW,544.3,8125,6937,1.994,408
RAW,544.5,8123,6937,1.989,407
RAW,544.7,8115,6935,1.994,408
RAW,544.9,8116,6933,1.994,408
RAW,545.0,8111,6934,1.999,409
RAW,545.2,8113,6932,1.989,407
RAW,545.4,8109,6936,1.994,408
RAW,545.6,8119,6931,1.994,408
RAW,545.7,8118,6938,1.994,408
RAW,545.9,8118,6936,1.994,408
RAW,546.1,8130,6937,1.994,408
RAW,546.3,8131,6944,1.994,408
RAW,546.5,8145,6942,1.999,409
RAW,546.7,8146,6944,1.999,409
RAW,546.9,8148,6949,1.999,409
RAW,547.0,8149,6949,1.999,409
RAW,547.3,8157,6949,1.999,409
RAW,547.5,8147,6955,1.994,408
RAW,547.6,8156,6956,1.999,409
RAW,547.8,8151,6955,1.999,409
RAW,547.9,8157,6954,1.999,409
RAW,548.1,8158,6954,1.999,409
RAW,548.2,8156,6958,2.004,410
RAW,548.4,8158,6953,1.999,409
RAW,548.5,8161,6954,1.999,409
RAW,548.7,8164,6959,1.999,409
RAW,548.8,8172,6958,2.004,410
RAW,549.1,8168,6958,1.999,409
RAW,549.3,8173,6957,2.004,410
RAW,549.4,8167,6957,2.004,410
RAW,549.6,8171,6960,2.004,410
RAW,549.7,8173,6963,2.004,410
RAW,549.9,8174,6957,2.004,410
RAW,550.0,8175,6965,2.004,410
RAW,550.3,8175,6964,2.004,410
RAW,550.5,8180,6970,2.004,410
RAW,550.6,8183,6968,2.004,410
RAW,550.9,8179,6964,2.009,411
RAW,551.1,8183,6964,2.009,411
RAW,551.2,8188,6966,2.004,410
RAW,551.4,8183,6968,2.009,411
RAW,551.5,8184,6966,2.009,411
RAW,551.7,8186,6965,2.009,411
RAW,551.8,8180,6966,2.009,411
RAW,552.0,8184,6967,2.009,411
RAW,552.1,8187,6963,2.009,411
RAW,552.4,8177,6963,2.009,411
RAW,552.6,8166,6949,2.009,411
RAW,552.7,8151,6953,2.009,411
RAW,552.9,8129,6937,2.009,411
RAW,553.0,8129,6938,2.009,411
RAW,553.3,8124,6934,2.009,411
RAW,553.5,8120,6938,2.009,411
RAW,553.6,8121,6937,2.009,411
RAW,553.8,8120,6937,2.014,412
RAW,553.9,8122,6942,2.009,411
RAW,554.2,8120,6938,2.014,412
RAW,554.4,8129,6942,2.014,412
RAW,554.5,8127,6935,2.014,412
RAW,554.7,8127,6938,2.009,411
RAW,554.8,8133,6943,2.014,412
RAW,555.1,8144,6945,2.014,412
RAW,555.3,8150,6955,2.014,412
RAW,555.4,8147,6952,2.014,412
RAW,555.6,8153,6953,2.014,412
RAW,555.7,8154,6954,2.014,412
RAW,556.0,8151,6953,2.019,413
RAW,556.2,8153,6953,2.014,412
RAW,556.3,8147,6952,2.019,413
RAW,556.5,8157,6959,2.019,413
RAW,556.6,8158,6958,2.019,413
RAW,556.9,8158,6959,2.019,413
RAW,557.1,8159,6962,2.019,413
RAW,557.2,8163,6964,2.019,413
RAW,557.4,8178,6963,2.019,413
RAW,557.5,8164,6966,2.019,413
RAW,557.7,8166,6972,2.023,414
RAW,557.8,8171,6971,2.019,413
RAW,558.1,8186,6970,2.019,413
RAW,558.3,8178,6965,2.019,413
RAW,558.4,8177,6968,2.019,413
RAW,558.6,8180,6967,2.019,413
RAW,558.7,8180,6969,2.023,414
RAW,558.9,8186,6967,2.019,413
RAW,559.0,8183,6968,2.023,414
RAW,559.3,8178,6973,2.023,414
RAW,559.5,8191,6970,2.023,414
RAW,559.6,8188,6966,2.019,413
RAW,559.8,8190,6971,2.023,414
RAW,559.9,8186,6974,2.023,414
RAW,560.2,8194,6971,2.023,414
RAW,560.4,8190,6974,2.023,414
RAW,560.5,8195,6973,2.028,415
RAW,560.7,8200,6972,2.023,414
RAW,560.8,8194,6972,2.028,415
RAW,561.1,8195,6972,2.023,414
RAW,561.3,8185,6963,2.023,414
RAW,561.4,8176,6960,2.023,414
RAW,561.6,8163,6961,2.023,414
RAW,561.7,8165,6957,2.028,415
RAW,561.9,8159,6955,2.028,415
RAW,562.0,8157,6954,2.028,415
RAW,562.3,8163,6955,2.028,415
RAW,562.5,8158,6953,2.023,414
RAW,562.6,8161,6951,2.028,415
RAW,562.9,8161,6957,2.023,414
RAW,563.1,8165,6962,2.028,415
RAW,563.2,8159,6958,2.028,415
RAW,563.4,8169,6949,2.028,415
RAW,563.5,8160,6948,2.028,415
RAW,563.7,8168,6956,2.028,415
RAW,563.8,8173,6955,2.028,415
RAW,564.1,8172,6958,2.033,416
RAW,564.3,8174,6959,2.028,415
RAW,564.4,8179,6959,2.033,416
RAW,564.7,8181,6964,2.033,416
RAW,564.9,8173,6968,2.028,415
RAW,565.0,8181,6960,2.028,415
RAW,565.2,8183,6960,2.033,416
RAW,565.3,8184,6961,2.028,415
RAW,565.5,8183,6968,2.033,416
RAW,565.6,8189,6967,2.028,415
RAW,565.9,8184,6970,2.033,416
RAW,566.1,8191,6971,2.028,415
RAW,566.2,8186,6970,2.033,416
RAW,566.5,8193,6967,2.028,415
RAW,566.7,8196,6971,2.033,416
RAW,566.8,8195,6972,2.033,416
RAW,567.0,8200,6969,2.033,416
RAW,567.2,8195,6971,2.033,416
RAW,567.4,8190,6968,2.033,416
RAW,567.5,8197,6967,2.033,416
RAW,567.7,8198,6967,2.038,417
RAW,567.9,8195,6964,2.033,416
RAW,568.1,8190,6962,2.033,416
RAW,568.3,8192,6962,2.033,416
RAW,568.4,8194,6970,2.038,417
RAW,568.6,8193,6963,2.038,417
RAW,568.8,8197,6960,2.043,418
RAW,569.0,8198,6960,2.038,417
RAW,569.1,8198,6963,2.043,418
RAW,569.3,8191,6963,2.043,418
RAW,569.5,8199,6959,2.043,418
RAW,569.7,8205,6967,2.043,418
RAW,569.8,8197,6969,2.048,419
RAW,570.0,8197,6960,2.043,418
RAW,570.2,8178,6952,2.043,418
RAW,570.4,8154,6944,2.043,418
RAW,570.6,8140,6933,2.048,419
RAW,570.7,8142,6931,2.043,418
RAW,570.9,8145,6927,2.048,419
RAW,571.1,8146,6930,2.048,419
RAW,571.3,8146,6929,2.048,419
RAW,571.5,8155,6929,2.043,418
RAW,571.7,8159,6931,2.048,419
RAW,571.9,8158,6939,2.048,419
RAW,572.0,8160,6937,2.048,419
RAW,572.2,8169,6942,2.048,419
RAW,572.4,8172,6943,2.048,419
RAW,572.6,8182,6950,2.048,419
RAW,572.8,8185,6949,2.048,419
RAW,573.0,8189,6953,2.043,418
RAW,573.1,8192,6952,2.048,419
RAW,573.3,8189,6955,2.043,418
RAW,573.4,8197,6954,2.048,419
RAW,573.6,8185,6953,2.043,418
RAW,573.8,8190,6959,2.048,419
RAW,573.9,8191,6960,2.048,419
RAW,574.1,8195,6964,2.048,419
RAW,574.2,8190,6963,2.048,419
RAW,574.4,8199,6963,2.048,419
RAW,574.5,8204,6962,2.048,419
RAW,574.7,8207,6966,2.048,419
RAW,574.8,8214,6971,2.048,419
RAW,575.0,8220,6973,2.053,420
RAW,575.2,8219,6977,2.048,419
RAW,575.3,8222,6981,2.048,419
RAW,575.5,8223,6981,2.043,418
RAW,575.6,8227,6976,2.053,420
RAW,575.8,8218,6982,2.043,418
RAW,576.0,8225,6976,2.048,419
RAW,576.1,8217,6971,2.043,418
RAW,576.3,8220,6975,2.048,419
RAW,576.4,8216,6971,2.048,419
RAW,576.6,8216,6965,2.048,419
RAW,576.7,8217,6970,2.048,419
RAW,576.9,8212,6964,2.048,419
RAW,577.1,8208,6967,2.043,418
RAW,577.2,8208,6965,2.048,419
RAW,577.4,8213,6970,2.043,418
RAW,577.5,8209,6963,2.048,419
RAW,577.7,8213,6966,2.043,418
RAW,577.8,8206,6965,2.048,419
RAW,578.0,8210,6971,2.043,418
RAW,578.2,8213,6968,2.048,419
RAW,578.3,8220,6969,2.048,419
RAW,578.5,8218,6969,2.048,419
RAW,578.6,8217,6968,2.048,419
RAW,578.8,8210,6965,2.048,419
RAW,578.9,8213,6962,2.048,419
RAW,579.1,8206,6962,2.048,419
RAW,579.3,8195,6962,2.043,418
RAW,579.4,8190,6955,2.048,419
RAW,579.6,8164,6947,2.048,419
RAW,579.7,8163,6951,2.053,420
RAW,579.9,8165,6944,2.053,420
RAW,580.0,8158,6942,2.053,420
RAW,580.2,8155,6944,2.048,419
RAW,580.3,8155,6943,2.053,420
RAW,580.5,8154,6937,2.048,419
RAW,580.7,8158,6944,2.053,420
RAW,580.8,8163,6945,2.053,420
RAW,581.0,8167,6943,2.053,420
RAW,581.1,8169,6946,2.053,420
RAW,581.3,8174,6948,2.053,420
RAW,581.5,8175,6955,2.053,420
RAW,581.6,8178,6954,2.053,420
RAW,581.8,8191,6959,2.048,419
RAW,581.9,8184,6959,2.058,421
RAW,582.1,8198,6965,2.053,420
RAW,582.3,8200,6973,2.053,420
RAW,582.4,8197,6969,2.053,420
RAW,582.6,8196,6967,2.053,420
RAW,582.7,8195,6972,2.053,420
RAW,582.9,8198,6970,2.058,421
RAW,583.0,8196,6968,2.053,420
RAW,583.2,8198,6975,2.053,420
RAW,583.4,8201,6972,2.053,420
RAW,583.5,8202,6977,2.053,420
RAW,583.7,8207,6976,2.048,419
RAW,583.8,8214,6980,2.053,420
RAW,584.0,8209,6980,2.053,420
RAW,584.1,8210,6978,2.053,420
RAW,584.3,8217,6975,2.053,420
RAW,584.5,8219,6975,2.058,421
RAW,584.6,8224,6978,2.053,420
RAW,584.8,8216,6979,2.053,420
RAW,584.9,8218,6981,2.053,420
RAW,585.1,8219,6976,2.058,421
RAW,585.3,8225,6973,2.053,420
RAW,585.4,8218,6975,2.053,420
RAW,585.6,8222,6985,2.053,420
RAW,585.7,8217,6980,2.058,421
RAW,585.9,8230,6981,2.053,420
RAW,586.0,8223,6984,2.058,421
RAW,586.2,8221,6977,2.058,421
RAW,586.4,8233,6984,2.058,421
RAW,586.5,8231,6984,2.058,421
RAW,586.7,8240,6991,2.058,421
RAW,586.8,8236,6990,2.058,421
RAW,587.0,8229,6990,2.058,421
RAW,587.1,8233,6983,2.058,421
RAW,587.3,8231,6985,2.058,421
RAW,587.5,8228,6982,2.058,421
RAW,587.6,8231,6985,2.058,421
RAW,587.8,8231,6987,2.058,421
RAW,587.9,8235,6981,2.063,422
RAW,588.1,8226,6980,2.058,421
RAW,588.2,8222,6978,2.063,422
RAW,588.4,8209,6967,2.058,421
RAW,588.5,8202,6970,2.063,422
RAW,588.7,8191,6955,2.058,421
RAW,588.9,8173,6951,2.058,421
RAW,589.0,8165,6956,2.058,421
RAW,589.2,8160,6948,2.058,421
RAW,589.3,8164,6952,2.058,421
RAW,589.5,8165,6952,2.063,422
RAW,589.6,8163,6954,2.063,422
RAW,589.8,8170,6952,2.063,422
RAW,590.0,8162,6951,2.058,421
RAW,590.1,8166,6949,2.063,422
RAW,590.3,8170,6959,2.058,421
RAW,590.4,8174,6960,2.063,422
RAW,590.6,8185,6959,2.058,421
RAW,590.8,8185,6962,2.063,422
RAW,590.9,8186,6967,2.063,422
RAW,591.1,8195,6971,2.063,422
RAW,591.2,8194,6963,2.063,422
RAW,591.4,8196,6970,2.063,422
RAW,591.6,8196,6968,2.058,421
RAW,591.7,8200,6967,2.063,422
RAW,591.9,8197,6962,2.058,421
RAW,592.1,8197,6971,2.063,422
RAW,592.2,8194,6963,2.063,422
RAW,592.4,8197,6967,2.063,422
RAW,592.5,8199,6966,2.063,422
RAW,592.7,8199,6971,2.063,422
RAW,592.8,8202,6973,2.058,421
RAW,593.0,8206,6966,2.063,422
RAW,593.1,8208,6964,2.063,422
RAW,593.4,8207,6973,2.063,422
RAW,593.6,8205,6969,2.058,421
RAW,593.7,8214,6971,2.063,422
RAW,593.9,8208,6973,2.063,422
RAW,594.0,8212,6977,2.063,422
RAW,594.2,8220,6974,2.063,422
RAW,594.3,8220,6976,2.067,423
RAW,594.6,8218,6980,2.063,422
RAW,594.8,8225,6974,2.063,422
RAW,594.9,8218,6983,2.063,422
RAW,595.1,8222,6976,2.063,422
RAW,595.2,8218,6978,2.063,422
RAW,595.5,8226,6978,2.067,423
RAW,595.7,8226,6973,2.063,422
RAW,595.8,8219,6981,2.067,423
RAW,596.0,8223,6980,2.067,423
RAW,596.1,8231,6976,2.067,423
RAW,596.3,8229,6981,2.067,423
RAW,596.4,8220,6981,2.067,423
RAW,596.6,8228,6983,2.063,422
RAW,596.7,8229,6980,2.067,423
RAW,597.0,8225,6979,2.063,422
RAW,597.2,8217,6976,2.067,423
RAW,597.3,8216,6973,2.067,423
RAW,597.5,8196,6973,2.067,423
RAW,597.6,8193,6969,2.067,423
RAW,597.8,8179,6952,2.067,423
RAW,597.9,8170,6954,2.067,423
RAW,598.2,8166,6954,2.067,423
RAW,598.4,8166,6953,2.067,423
RAW,598.5,8167,6954,2.067,423
RAW,598.7,8167,6953,2.067,423
RAW,598.8,8171,6959,2.072,424
RAW,599.1,8169,6953,2.067,423
RAW,599.3,8178,6961,2.067,423
RAW,599.4,8180,6957,2.067,423
RAW,599.6,8182,6959,2.067,423
RAW,599.7,8185,6961,2.067,423

------------------------------------------
PHASE 2 (600-1200 tenths of seconds): Processed BPM/SpO2 data
Format: PROC,Time_0.1s,BPM,SpO2,GSR_V,GSR_raw
------------------------------------------
PROC,605.1,57.8,98.0,2.136,437
PROC,606.1,57.8,98.0,2.092,428
PROC,607.2,57.8,98.0,2.092,428
PROC,608.2,57.8,98.0,2.175,445
PROC,609.2,57.8,98.0,2.087,427
PROC,610.2,57.8,98.0,2.077,425
PROC,611.2,57.8,98.0,2.082,426
PROC,612.3,57.8,98.0,2.204,451
PROC,613.3,57.8,98.0,2.087,427
PROC,614.3,57.8,98.0,2.170,444
PROC,615.3,57.8,98.0,2.092,428
PROC,616.3,57.8,98.0,2.082,426
PROC,617.3,57.8,98.0,2.195,449
PROC,618.4,57.8,98.0,2.107,431
PROC,619.4,57.8,98.0,2.097,429
PROC,620.4,57.8,98.0,2.185,447
PROC,621.4,57.8,98.0,2.087,427
PROC,622.4,57.8,98.0,2.082,426
PROC,623.4,57.8,98.0,2.077,425
PROC,624.5,57.8,98.0,2.072,424
PROC,625.5,57.8,98.0,2.087,427
PROC,626.5,57.8,98.0,2.151,440
PROC,627.5,57.8,98.0,2.058,421
PROC,628.5,57.8,98.0,2.033,416
PROC,629.5,57.8,98.0,2.111,432
PROC,630.6,57.8,98.0,2.019,413
PROC,631.6,57.8,98.0,2.107,431
PROC,632.6,57.8,98.0,2.004,410
PROC,633.6,57.8,98.0,1.989,407
PROC,634.6,57.8,98.0,1.984,406
PROC,635.6,57.8,98.0,1.984,406
PROC,636.7,57.8,98.0,2.014,412
PROC,637.7,57.8,98.0,1.984,406
PROC,638.7,57.8,98.0,1.975,404
PROC,639.7,57.8,98.0,1.975,404
PROC,640.7,57.8,98.0,1.970,403
PROC,641.7,57.8,98.0,2.097,429
PROC,642.8,57.8,98.0,1.999,409
PROC,643.8,57.8,98.0,1.989,407
PROC,644.8,57.8,98.0,2.082,426
PROC,645.8,57.8,98.0,1.994,408
PROC,646.8,57.8,98.0,1.984,406
PROC,647.8,57.8,98.0,1.989,407
PROC,648.8,57.8,98.0,1.994,408
PROC,649.9,57.8,98.0,2.126,435
PROC,650.9,57.8,98.0,2.102,430
PROC,651.9,57.8,98.0,2.004,410
PROC,652.9,57.8,98.0,2.009,411
PROC,653.9,57.8,98.0,2.009,411
PROC,655.0,57.8,98.0,2.136,437
PROC,656.0,57.8,98.0,2.023,414
PROC,657.0,57.8,98.0,2.102,430
PROC,658.0,57.8,98.0,2.028,415
PROC,659.0,57.8,98.0,2.023,414
PROC,660.0,57.8,98.0,2.023,414
PROC,661.0,57.8,98.0,2.028,415
PROC,662.0,57.8,98.0,2.126,435
PROC,663.1,57.8,98.0,2.033,416
PROC,664.1,57.8,98.0,2.072,424
PROC,665.1,57.8,98.0,2.033,416
PROC,666.1,57.8,98.0,2.033,416
PROC,667.2,57.8,98.0,2.151,440
PROC,668.2,57.8,98.0,2.048,419
PROC,669.2,57.8,98.0,2.043,418
PROC,670.2,57.8,98.0,2.038,417
PROC,671.2,57.8,98.0,2.033,416
PROC,672.2,57.8,98.0,2.038,417
PROC,673.3,57.8,98.0,2.165,443
PROC,674.3,57.8,98.0,2.136,437
PROC,675.3,57.8,98.0,2.048,419
PROC,676.3,57.8,98.0,2.043,418
PROC,677.3,57.8,98.0,2.043,418
PROC,678.3,57.8,98.0,2.048,419
PROC,679.4,57.8,98.0,2.175,445
PROC,680.4,57.8,98.0,2.063,422
PROC,681.4,57.8,98.0,2.151,440
PROC,682.4,57.8,98.0,2.063,422
PROC,683.4,57.8,98.0,2.053,420
PROC,684.4,57.8,98.0,2.053,420
PROC,685.4,57.8,98.0,2.058,421
PROC,686.5,57.8,98.0,2.185,447
PROC,687.5,57.8,98.0,2.151,440
PROC,688.5,57.8,98.0,2.082,426
PROC,689.5,57.8,98.0,2.058,421
PROC,690.5,57.8,98.0,2.063,422
PROC,691.5,57.8,98.0,2.063,422
PROC,692.6,57.8,98.0,2.190,448
PROC,693.6,57.8,98.0,2.087,427
PROC,694.6,57.8,98.0,2.165,443
PROC,695.6,57.8,98.0,2.077,425
PROC,696.6,57.8,98.0,2.072,424
PROC,697.6,57.8,98.0,2.067,423
PROC,698.6,57.8,98.0,2.077,425
PROC,699.7,57.8,98.0,2.175,445
PROC,700.7,57.8,98.0,2.087,427
PROC,701.7,57.8,98.0,2.165,443
PROC,702.7,57.8,98.0,2.077,425
PROC,703.7,57.8,98.0,2.077,425
PROC,704.7,57.8,98.0,2.077,425
PROC,705.8,57.8,98.0,2.204,451
PROC,706.8,57.8,98.0,2.087,427
PROC,707.8,57.8,98.0,2.087,427
PROC,708.8,57.8,98.0,2.102,430
PROC,709.8,57.8,98.0,2.087,427
PROC,710.8,57.8,98.0,2.087,427
PROC,711.8,57.8,98.0,2.092,428
PROC,712.8,57.8,98.0,2.141,438
PROC,713.9,57.8,98.0,2.102,430
PROC,714.9,57.8,98.0,2.170,444
PROC,715.9,57.8,98.0,2.195,449
PROC,716.9,57.8,98.0,2.097,429
PROC,717.9,57.8,98.0,2.097,429
PROC,718.9,57.8,98.0,2.097,429
PROC,720.0,57.8,98.0,2.199,450
PROC,721.0,57.8,98.0,2.224,455
PROC,722.0,57.8,98.0,2.190,448
PROC,723.0,57.8,98.0,2.107,431
PROC,724.0,57.8,98.0,2.102,430
PROC,725.0,57.8,98.0,2.214,453
PROC,726.1,57.8,98.0,2.131,436
PROC,727.1,57.8,98.0,2.204,451
PROC,728.1,57.8,98.0,2.107,431
PROC,729.1,57.8,98.0,2.111,432
PROC,730.2,57.8,98.0,2.224,455
PROC,731.2,57.8,98.0,2.121,434
PROC,732.2,57.8,98.0,2.204,451
PROC,733.2,57.8,98.0,2.126,435
PROC,734.2,57.8,98.0,2.116,433
PROC,735.2,57.8,98.0,2.111,432
PROC,736.2,57.8,98.0,2.111,432
PROC,737.3,57.8,98.0,2.239,458
PROC,738.3,57.8,98.0,2.121,434
PROC,739.3,57.8,98.0,2.121,434
PROC,740.3,57.8,98.0,2.175,445
PROC,741.3,57.8,98.0,2.121,434
PROC,742.3,57.8,98.0,2.116,433
PROC,743.3,57.8,98.0,2.229,456
PROC,744.4,57.8,98.0,2.160,442
PROC,745.4,57.8,98.0,2.219,454
PROC,746.4,57.8,98.0,2.131,436
PROC,747.4,57.8,98.0,2.126,435
PROC,748.4,57.8,98.0,2.126,435
PROC,749.4,57.8,98.0,2.126,435
PROC,750.5,57.8,98.0,2.248,460
PROC,751.5,57.8,98.0,2.155,441
PROC,752.5,57.8,98.0,2.136,437
PROC,753.5,57.8,98.0,2.234,457
PROC,754.5,57.8,98.0,2.136,437
PROC,755.5,57.8,98.0,2.136,437
PROC,756.5,57.8,98.0,2.234,457
PROC,757.6,57.8,98.0,2.214,453
PROC,758.6,57.8,98.0,2.214,453
PROC,759.6,57.8,98.0,2.126,435
PROC,760.6,57.8,98.0,2.107,431
PROC,761.6,57.8,98.0,2.092,428
PROC,762.7,57.8,98.0,2.209,452
PROC,763.7,57.8,98.0,2.082,426
PROC,764.7,57.8,98.0,2.160,442
PROC,765.7,57.8,98.0,2.151,440
PROC,766.7,57.8,98.0,2.038,417
PROC,767.7,57.8,98.0,2.028,415
PROC,768.7,57.8,98.0,2.019,413
PROC,769.8,57.8,98.0,2.136,437
PROC,770.8,57.8,98.0,2.014,412
PROC,771.8,57.8,98.0,2.009,411
PROC,772.8,57.8,98.0,2.063,422
PROC,773.8,57.8,98.0,1.999,409
PROC,774.8,57.8,98.0,1.984,406
PROC,775.8,57.8,98.0,1.984,406
PROC,776.8,57.8,98.0,1.979,405
PROC,777.9,57.8,98.0,1.999,409
PROC,778.9,57.8,98.0,1.984,406
PROC,779.9,57.8,98.0,2.077,425
PROC,780.9,57.8,98.0,1.979,405
PROC,781.9,57.8,98.0,1.979,405
PROC,782.9,57.8,98.0,1.979,405
PROC,784.0,57.8,98.0,2.053,420
PROC,785.0,57.8,98.0,2.107,431
PROC,786.0,57.8,98.0,1.999,409
PROC,787.0,57.8,98.0,2.092,428
PROC,788.0,57.8,98.0,1.994,408
PROC,789.0,57.8,98.0,1.989,407
PROC,790.0,57.8,98.0,1.989,407
PROC,791.1,57.8,98.0,1.989,407
PROC,792.1,57.8,98.0,2.072,424
PROC,793.1,57.8,98.0,1.975,404
PROC,794.1,57.8,98.0,1.960,401
PROC,795.2,57.8,98.0,1.955,400
PROC,796.2,57.8,98.0,1.994,408
PROC,797.2,57.8,98.0,2.033,416
PROC,798.2,57.8,98.0,1.940,397
PROC,799.2,57.8,98.0,1.926,394
PROC,800.2,57.8,98.0,1.916,392
PROC,801.3,57.8,98.0,2.023,414
PROC,802.3,57.8,98.0,1.901,389
PROC,803.3,57.8,98.0,1.882,385
PROC,804.3,57.8,98.0,1.955,400
PROC,805.3,57.8,98.0,1.833,375
PROC,806.3,57.8,98.0,1.813,371
PROC,807.3,57.8,98.0,1.794,367
PROC,808.3,57.8,98.0,1.779,364
PROC,809.4,57.8,98.0,1.872,383
PROC,810.4,57.8,98.0,1.760,360
PROC,811.4,57.8,98.0,1.838,376
PROC,812.4,57.8,98.0,1.750,358
PROC,813.4,57.8,98.0,1.740,356
PROC,814.4,57.8,98.0,1.740,356
PROC,815.5,57.8,98.0,1.745,357
PROC,816.5,57.8,98.0,1.862,381
PROC,817.5,57.8,98.0,1.755,359
PROC,818.5,57.8,98.0,1.848,378
PROC,819.5,57.8,98.0,1.764,361
PROC,820.5,57.8,98.0,1.764,361
PROC,821.5,57.8,98.0,1.764,361
PROC,822.5,57.8,98.0,1.769,362
PROC,823.6,57.8,98.0,1.901,389
PROC,824.6,57.8,98.0,1.911,391
PROC,825.6,57.8,98.0,1.877,384
PROC,826.6,57.8,98.0,1.813,371
PROC,827.6,57.8,98.0,1.799,368
PROC,828.6,57.8,98.0,1.804,369
PROC,829.6,57.8,98.0,1.804,369
PROC,830.7,57.8,98.0,1.813,371
PROC,831.7,57.8,98.0,1.823,373
PROC,832.7,57.8,98.0,1.828,374
PROC,833.7,57.8,98.0,1.916,392
PROC,834.7,57.8,98.0,1.823,373
PROC,835.7,57.8,98.0,1.818,372
PROC,836.7,57.8,98.0,1.813,371
PROC,837.7,57.8,98.0,1.891,387
PROC,838.8,57.8,98.0,1.921,393
PROC,839.8,57.8,98.0,1.789,366
PROC,840.8,57.8,98.0,1.852,379
PROC,841.8,57.8,98.0,1.755,359
PROC,842.8,57.8,98.0,1.725,353
PROC,843.8,57.8,98.0,1.706,349
PROC,844.8,57.8,98.0,1.701,348
PROC,845.9,57.8,98.0,1.804,369
PROC,846.9,57.8,98.0,1.764,361
PROC,847.9,57.8,98.0,1.667,341
PROC,848.9,57.8,98.0,1.662,340
PROC,849.9,57.8,98.0,1.652,338
PROC,851.0,57.8,98.0,1.652,338
PROC,852.0,57.8,98.0,1.769,362
PROC,853.0,57.8,98.0,1.662,340
PROC,854.0,57.8,98.0,1.755,359
PROC,855.0,57.8,98.0,1.667,341
PROC,856.0,57.8,98.0,1.662,340
PROC,857.0,57.8,98.0,1.667,341
PROC,858.0,57.8,98.0,1.681,344
PROC,859.1,57.8,98.0,1.808,370
PROC,860.1,57.8,98.0,1.730,354
PROC,861.1,57.8,98.0,1.794,367
PROC,862.1,57.8,98.0,1.804,369
PROC,863.1,57.8,98.0,1.716,351
PROC,864.1,57.8,98.0,1.720,352
PROC,865.2,57.8,98.0,1.838,376
PROC,866.2,57.8,98.0,1.730,354
PROC,867.2,57.8,98.0,1.818,372
PROC,868.2,57.8,98.0,1.804,369
PROC,869.2,57.8,98.0,1.725,353
PROC,870.2,57.8,98.0,1.725,353
PROC,871.3,57.8,98.0,1.852,379
PROC,872.3,57.8,98.0,1.740,356
PROC,873.3,57.8,98.0,1.828,374
PROC,874.3,57.8,98.0,1.745,357
PROC,875.3,57.8,98.0,1.750,358
PROC,876.3,57.8,98.0,1.750,358
PROC,877.3,57.8,98.0,1.760,360
PROC,878.4,57.8,98.0,1.872,383
PROC,879.4,57.8,98.0,1.774,363
PROC,880.4,57.8,98.0,1.867,382
PROC,881.4,57.8,98.0,1.877,384
PROC,882.4,57.8,98.0,1.784,365
PROC,883.4,57.8,98.0,1.784,365
PROC,884.5,57.8,98.0,1.794,367
PROC,885.5,57.8,98.0,1.921,393
PROC,886.5,57.8,98.0,1.931,395
PROC,887.5,57.8,98.0,1.891,387
PROC,888.5,57.8,98.0,1.891,387
PROC,889.5,57.8,98.0,1.828,374
PROC,890.5,57.8,98.0,1.823,373
PROC,891.5,57.8,98.0,1.828,374
PROC,892.6,57.8,98.0,1.940,397
PROC,893.6,57.8,98.0,1.872,383
PROC,894.6,57.8,98.0,1.852,379
PROC,895.6,57.8,98.0,1.945,398
PROC,896.6,57.8,98.0,1.852,379
PROC,897.6,57.8,98.0,1.852,379
PROC,898.6,57.8,98.0,1.857,380
PROC,899.7,57.8,98.0,1.867,382
PROC,900.7,57.8,98.0,1.989,407
PROC,901.7,57.8,98.0,1.877,384
PROC,902.7,57.8,98.0,1.970,403
PROC,903.7,57.8,98.0,1.877,384
PROC,904.7,57.8,98.0,1.877,384
PROC,905.7,57.8,98.0,1.887,386
PROC,906.8,57.8,98.0,1.965,402
PROC,907.8,57.8,98.0,1.896,388
PROC,908.8,57.8,98.0,1.989,407
PROC,909.8,57.8,98.0,1.896,388
PROC,910.8,57.8,98.0,1.891,387
PROC,911.8,57.8,98.0,1.887,386
PROC,912.8,57.8,98.0,1.887,386
PROC,913.9,57.8,98.0,1.994,408
PROC,914.9,57.8,98.0,1.877,384
PROC,915.9,57.8,98.0,1.931,395
PROC,916.9,57.8,98.0,1.862,381
PROC,917.9,57.8,98.0,1.843,377
PROC,918.9,57.8,98.0,1.833,375
PROC,920.0,57.8,98.0,1.828,374
PROC,921.0,57.8,98.0,1.935,396
PROC,922.0,57.8,98.0,1.823,373
PROC,923.0,57.8,98.0,1.887,386
PROC,924.0,57.8,98.0,1.896,388
PROC,925.0,57.8,98.0,1.799,368
PROC,926.0,57.8,98.0,1.794,367
PROC,927.0,57.8,98.0,1.794,367
PROC,928.1,57.8,98.0,1.906,390
PROC,929.1,57.8,98.0,1.808,370
PROC,930.1,57.8,98.0,1.799,368
PROC,931.1,57.8,98.0,1.887,386
PROC,932.1,57.8,98.0,1.808,370
PROC,933.1,57.8,98.0,1.799,368
PROC,934.1,57.8,98.0,1.804,369
PROC,935.2,57.8,98.0,1.804,369
PROC,936.2,57.8,98.0,1.926,394
PROC,937.2,57.8,98.0,1.799,368
PROC,938.2,57.8,98.0,1.882,385
PROC,939.2,57.8,98.0,1.779,364
PROC,940.2,57.8,98.0,1.755,359
PROC,941.2,57.8,98.0,1.735,355
PROC,942.3,57.8,98.0,1.838,376
PROC,943.3,57.8,98.0,1.701,348
PROC,944.3,57.8,98.0,1.774,363
PROC,945.3,57.8,98.0,1.686,345
PROC,946.3,57.8,98.0,1.657,339
PROC,947.3,57.8,98.0,1.642,336
PROC,948.3,57.8,98.0,1.642,336
PROC,949.4,57.8,98.0,1.760,360
PROC,950.4,57.8,98.0,1.642,336
PROC,951.4,57.8,98.0,1.725,353
PROC,952.4,57.8,98.0,1.632,334
PROC,953.4,57.8,98.0,1.632,334
PROC,954.5,57.8,98.0,1.740,356
PROC,955.5,57.8,98.0,1.691,346
PROC,956.5,57.8,98.0,1.662,340
PROC,957.5,57.8,98.0,1.755,359
PROC,958.5,57.8,98.0,1.667,341
PROC,959.5,57.8,98.0,1.676,343
PROC,960.5,57.8,98.0,1.686,345
PROC,961.5,57.8,98.0,1.696,347
PROC,962.6,57.8,98.0,1.828,374
PROC,963.6,57.8,98.0,1.720,352
PROC,964.6,57.8,98.0,1.808,370
PROC,965.6,57.8,98.0,1.740,356
PROC,966.6,57.8,98.0,1.745,357
PROC,967.7,57.8,98.0,1.755,359
PROC,968.7,57.8,98.0,1.867,382
PROC,969.7,57.8,98.0,1.764,361
PROC,970.7,57.8,98.0,1.857,380
PROC,971.7,57.8,98.0,1.764,361
PROC,972.7,57.8,98.0,1.760,360
PROC,973.7,57.8,98.0,1.755,359
PROC,974.7,57.8,98.0,1.755,359
PROC,975.8,57.8,98.0,1.872,383
PROC,976.8,57.8,98.0,1.760,360
PROC,977.8,57.8,98.0,1.818,372
PROC,978.8,57.8,98.0,1.760,360
PROC,979.8,57.8,98.0,1.750,358
PROC,980.8,57.8,98.0,1.750,358
PROC,981.8,57.8,98.0,1.750,358
PROC,982.9,57.8,98.0,1.872,383
PROC,983.9,57.8,98.0,1.764,361
PROC,984.9,57.8,98.0,1.848,378
PROC,985.9,57.8,98.0,1.769,362
PROC,986.9,57.8,98.0,1.764,361
PROC,987.9,57.8,98.0,1.764,361
PROC,989.0,57.8,98.0,1.896,388
PROC,990.0,57.8,98.0,1.784,365
PROC,991.0,57.8,98.0,1.784,365
PROC,992.0,57.8,98.0,1.794,367
PROC,993.0,57.8,98.0,1.794,367
PROC,994.0,57.8,98.0,1.799,368
PROC,995.0,57.8,98.0,1.804,369
PROC,996.1,57.8,98.0,1.931,395
PROC,997.1,57.8,98.0,1.887,386
PROC,998.1,57.8,98.0,1.818,372
PROC,999.1,57.8,98.0,1.823,373
PROC,1000.2,57.8,98.0,1.828,374
PROC,1001.2,57.8,98.0,1.843,377
PROC,1002.2,57.8,98.0,1.935,396
PROC,1003.2,57.8,98.0,1.843,377
PROC,1004.2,57.8,98.0,1.843,377
PROC,1005.3,57.8,98.0,1.955,400
PROC,1006.3,57.8,98.0,1.901,389
PROC,1007.3,57.8,98.0,1.862,381
PROC,1008.3,57.8,98.0,1.857,380
PROC,1009.3,57.8,98.0,1.857,380
PROC,1010.3,57.8,98.0,1.852,379
PROC,1011.4,57.8,98.0,1.975,404
PROC,1012.4,57.8,98.0,1.979,405
PROC,1013.4,57.8,98.0,1.926,394
PROC,1014.4,57.8,98.0,1.950,399
PROC,1015.4,57.8,98.0,1.852,379
PROC,1016.4,57.8,98.0,1.852,379
PROC,1017.4,57.8,98.0,1.852,379
PROC,1018.5,57.8,98.0,1.955,400
PROC,1019.5,57.8,98.0,1.955,400
PROC,1020.5,57.8,98.0,1.862,381
PROC,1021.5,57.8,98.0,1.960,401
PROC,1022.5,57.8,98.0,1.857,380
PROC,1023.5,57.8,98.0,1.862,381
PROC,1024.6,57.8,98.0,1.979,405
PROC,1025.6,57.8,98.0,1.989,407
PROC,1026.6,57.8,98.0,1.931,395
PROC,1027.6,57.8,98.0,1.975,404
PROC,1028.6,57.8,98.0,1.887,386
PROC,1029.6,57.8,98.0,1.877,384
PROC,1030.6,57.8,98.0,1.882,385
PROC,1031.7,57.8,98.0,1.989,407
PROC,1032.7,57.8,98.0,1.896,388
PROC,1033.7,57.8,98.0,1.989,407
PROC,1034.7,57.8,98.0,1.896,388
PROC,1035.7,57.8,98.0,1.901,389
PROC,1036.7,57.8,98.0,1.901,389
PROC,1037.8,57.8,98.0,2.019,413
PROC,1038.8,57.8,98.0,1.926,394
PROC,1039.8,57.8,98.0,2.009,411
PROC,1040.8,57.8,98.0,1.911,391
PROC,1041.8,57.8,98.0,1.916,392
PROC,1042.9,57.8,98.0,1.916,392
PROC,1043.9,57.8,98.0,2.009,411
PROC,1044.9,57.8,98.0,1.935,396
PROC,1045.9,57.8,98.0,2.014,412
PROC,1046.9,57.8,98.0,2.023,414
PROC,1047.9,57.8,98.0,1.931,395
PROC,1048.9,57.8,98.0,1.931,395
PROC,1049.9,57.8,98.0,1.935,396
PROC,1051.0,57.8,98.0,2.048,419
PROC,1052.0,57.8,98.0,2.063,422
PROC,1053.0,57.8,98.0,1.945,398
PROC,1054.0,57.8,98.0,1.945,398
PROC,1055.0,57.8,98.0,1.945,398
PROC,1056.1,57.8,98.0,1.945,398
PROC,1057.1,57.8,98.0,2.072,424
PROC,1058.1,57.8,98.0,2.023,414
PROC,1059.1,57.8,98.0,1.965,402
PROC,1060.1,57.8,98.0,1.955,400
PROC,1061.1,57.8,98.0,1.950,399
PROC,1062.2,57.8,98.0,2.082,426
PROC,1063.2,57.8,98.0,1.970,403
PROC,1064.2,57.8,98.0,2.063,422
PROC,1065.2,57.8,98.0,1.970,403
PROC,1066.2,57.8,98.0,1.960,401
PROC,1067.3,57.8,98.0,1.970,403
PROC,1068.3,57.8,98.0,2.092,428
PROC,1069.3,57.8,98.0,1.975,404
PROC,1070.3,57.8,98.0,2.072,424
PROC,1071.3,57.8,98.0,1.975,404
PROC,1072.3,57.8,98.0,1.975,404
PROC,1073.3,57.8,98.0,1.975,404
PROC,1074.4,57.8,98.0,2.063,422
PROC,1075.4,57.8,98.0,2.102,430
PROC,1076.4,57.8,98.0,1.989,407
PROC,1077.4,57.8,98.0,2.077,425
PROC,1078.4,57.8,98.0,1.989,407
PROC,1079.4,57.8,98.0,1.979,405
PROC,1080.4,57.8,98.0,1.979,405
PROC,1081.5,57.8,98.0,1.984,406
PROC,1082.5,57.8,98.0,2.116,433
PROC,1083.5,57.8,98.0,2.082,426
PROC,1084.5,57.8,98.0,2.004,410
PROC,1085.5,57.8,98.0,1.989,407
PROC,1086.5,57.8,98.0,1.989,407
PROC,1087.6,57.8,98.0,2.028,415
PROC,1088.6,57.8,98.0,1.999,409
PROC,1089.6,57.8,98.0,2.092,428
PROC,1090.6,57.8,98.0,1.999,409
PROC,1091.6,57.8,98.0,1.994,408
PROC,1092.7,57.8,98.0,1.994,408
PROC,1093.7,57.8,98.0,2.097,429
PROC,1094.7,57.8,98.0,2.121,434
PROC,1095.7,57.8,98.0,1.999,409
PROC,1096.7,57.8,98.0,2.097,429
PROC,1097.7,57.8,98.0,1.999,409
PROC,1098.7,57.8,98.0,1.999,409
PROC,1099.8,57.8,98.0,1.999,409
PROC,1100.8,57.8,98.0,2.014,412
PROC,1101.8,57.8,98.0,2.033,416
PROC,1102.8,57.8,98.0,2.097,429
PROC,1103.8,57.8,98.0,1.999,409
PROC,1104.8,57.8,98.0,1.999,409
PROC,1105.8,57.8,98.0,1.999,409
PROC,1106.9,57.8,98.0,2.097,429
PROC,1107.9,57.8,98.0,2.131,436
PROC,1108.9,57.8,98.0,2.102,430
PROC,1109.9,57.8,98.0,2.004,410
PROC,1110.9,57.8,98.0,2.004,410
PROC,1112.0,57.8,98.0,2.014,412
PROC,1113.0,57.8,98.0,2.126,435
PROC,1114.0,57.8,98.0,2.014,412
PROC,1115.0,57.8,98.0,2.009,411
PROC,1116.0,57.8,98.0,2.102,430
PROC,1117.0,57.8,98.0,2.009,411
PROC,1118.0,57.8,98.0,2.004,410
PROC,1119.0,57.8,98.0,2.009,411
PROC,1120.1,57.8,98.0,2.092,428
PROC,1121.1,57.8,98.0,2.136,437
PROC,1122.1,57.8,98.0,2.019,413
PROC,1123.1,57.8,98.0,2.019,413
PROC,1124.1,57.8,98.0,2.014,412
PROC,1125.2,57.8,98.0,2.014,412
PROC,1126.2,57.8,98.0,2.126,435
PROC,1127.2,57.8,98.0,2.146,439
PROC,1128.2,57.8,98.0,2.023,414
PROC,1129.2,57.8,98.0,2.121,434
PROC,1130.2,57.8,98.0,2.019,413
PROC,1131.3,57.8,98.0,2.023,414
PROC,1132.3,57.8,98.0,2.023,414
PROC,1133.3,57.8,98.0,2.038,417
PROC,1134.3,57.8,98.0,2.097,429
PROC,1135.3,57.8,98.0,2.121,434
PROC,1136.3,57.8,98.0,2.023,414
PROC,1137.3,57.8,98.0,2.028,415
PROC,1138.4,57.8,98.0,2.131,436
PROC,1139.4,57.8,98.0,2.033,416
PROC,1140.4,57.8,98.0,2.028,415
PROC,1141.4,57.8,98.0,2.043,418
PROC,1142.4,57.8,98.0,2.033,416
PROC,1143.5,57.8,98.0,2.033,416
PROC,1144.5,57.8,98.0,2.160,442
PROC,1145.5,57.8,98.0,2.063,422
PROC,1146.5,57.8,98.0,2.136,437
PROC,1147.5,57.8,98.0,2.038,417
PROC,1148.6,57.8,98.0,2.038,417
PROC,1149.6,57.8,98.0,2.126,435
PROC,1150.6,57.8,98.0,2.155,441
PROC,1151.6,57.8,98.0,2.028,415
PROC,1152.6,57.8,98.0,2.111,432
PROC,1153.6,57.8,98.0,2.019,413
PROC,1154.6,57.8,98.0,1.984,406
PROC,1155.7,57.8,98.0,1.970,403
PROC,1156.7,57.8,98.0,1.960,401
PROC,1157.7,57.8,98.0,2.063,422
PROC,1158.7,57.8,98.0,1.940,397
PROC,1159.7,57.8,98.0,2.009,411
PROC,1160.7,57.8,98.0,1.906,390
PROC,1161.7,57.8,98.0,1.882,385
PROC,1162.7,57.8,98.0,1.862,381
PROC,1163.8,57.8,98.0,1.848,378
PROC,1164.8,57.8,98.0,1.955,400
PROC,1165.8,57.8,98.0,1.838,376
PROC,1166.8,57.8,98.0,1.828,374
PROC,1167.8,57.8,98.0,1.872,383
PROC,1168.8,57.8,98.0,1.813,371
PROC,1169.8,57.8,98.0,1.813,371
PROC,1170.9,57.8,98.0,1.808,370
PROC,1171.9,57.8,98.0,1.813,371
PROC,1172.9,57.8,98.0,1.828,374
PROC,1173.9,57.8,98.0,1.818,372
PROC,1174.9,57.8,98.0,1.906,390
PROC,1175.9,57.8,98.0,1.818,372
PROC,1176.9,57.8,98.0,1.818,372
PROC,1178.0,57.8,98.0,1.823,373
PROC,1179.0,57.8,98.0,1.955,400
PROC,1180.0,57.8,98.0,1.843,377
PROC,1181.0,57.8,98.0,1.940,397
PROC,1182.0,57.8,98.0,1.848,378
PROC,1183.0,57.8,98.0,1.848,378
PROC,1184.1,57.8,98.0,1.960,401
PROC,1185.1,57.8,98.0,1.862,381
PROC,1186.1,57.8,98.0,1.960,401
PROC,1187.1,57.8,98.0,1.882,385
PROC,1188.1,57.8,98.0,1.872,383
PROC,1189.1,57.8,98.0,1.872,383
PROC,1190.2,57.8,98.0,1.877,384
PROC,1191.2,57.8,98.0,1.882,385
PROC,1192.2,57.8,98.0,1.901,389
PROC,1193.2,57.8,98.0,1.955,400
PROC,1194.2,57.8,98.0,1.891,387
PROC,1195.2,57.8,98.0,1.891,387
PROC,1196.3,57.8,98.0,1.891,387
PROC,1197.3,57.8,98.0,2.019,413
PROC,1198.3,57.8,98.0,1.911,391
PROC,1199.3,57.8,98.0,1.906,390

==========================================
=== 2-MINUTE DATA COLLECTION COMPLETE ===

Data Summary:
- Minute 1 (0-600 tenths sec): RAW IR/Red values
- Minute 2 (600-1200 tenths sec): Processed BPM/SpO2
- Full 2 minutes: GSR data (0.1s resolution)

Format markers:
  RAW,Time_0.1s,IR,Red,GSR_V,GSR_raw
  PROC,Time_0.1s,BPM,SpO2,GSR_V,GSR_raw

Copy all data above and save to CSV file
Press 's' to run again
