=~=~=~=~=~=~=~=~=~=~=~= PuTTY log 2026.05.15 07:17:37 =~=~=~=~=~=~=~=~=~=~=~=
ets Jul 29 2019 12:21:46

rst:0x1 (POWERON_RESET),boot:0x13 (SPI_FAST_FLASH_BOOT)
configsip: 0, SPIWP:0xee
clk_drv:0x00,q_drv:0x00,d_drv:0x00,cs0_drv:0x00,hd_drv:0x00,wp_drv:0x00
mode:DIO, clock div:1
load:0x3fff0030,len:4876
ho 0 tail 12 room 4
load:0x40078000,len:16560
load:0x40080400,len:3500
entry 0x400805b4
Initializing OLED on Wire1 (SDA=16, SCL=17)...SUCCESS
Initializing MAX30100 for raw data on Wire (SDA=21, SCL=22)...SUCCESS
Initializing PulseOximeter on Wire (SDA=21, SCL=22)...SUCCESS

==========================================
Press 's' to start 2-minute data collection
Minute 1: RAW IR/Red data (0.1s intervals)
Minute 2: Processed BPM/SpO2 data (0.1s intervals)
==========================================

==========================================
=== 2-MINUTE DATA COLLECTION STARTED ===
PHASE 1 (0-600 tenths of seconds): RAW IR/Red data
Format: RAW,Time_0.1s,IR_raw,Red_raw,GSR_V,GSR_raw
------------------------------------------
RAW,0.0,10408,2,0.655,134
RAW,0.0,10397,3,0.645,132
RAW,0.0,10387,0,0.645,132
RAW,0.0,10368,0,0.577,118
RAW,0.0,10355,0,0.645,132
RAW,0.0,10340,0,0.645,132
RAW,0.0,10339,0,0.655,134
RAW,0.0,10338,0,0.850,174
RAW,0.0,10352,0,0.855,175
RAW,0.0,10349,0,0.694,142
RAW,0.0,10366,0,0.665,136
RAW,0.0,10373,0,0.674,138
RAW,0.0,10384,0,0.674,138
RAW,0.0,10405,0,0.684,140
RAW,0.0,10412,0,0.699,143
RAW,0.0,10427,0,0.723,148
RAW,0.7,10428,0,0.650,133
RAW,0.7,10424,0,0.650,133
RAW,0.7,10435,0,0.645,132
RAW,0.7,10433,0,0.650,133
RAW,0.7,10431,0,0.650,133
RAW,0.7,10430,0,0.645,132
RAW,0.7,10417,0,0.650,133
RAW,1.1,10412,0,0.640,131
RAW,1.1,10421,0,0.655,134
RAW,1.1,10425,0,0.640,131
RAW,1.1,10423,0,0.621,127
RAW,1.4,10425,0,0.660,135
RAW,1.4,10419,0,0.689,141
RAW,1.4,10419,0,0.826,169
RAW,1.7,10420,0,0.743,152
RAW,1.7,10421,0,0.846,173
RAW,1.7,10417,0,0.860,176
RAW,2.0,10415,0,0.821,168
RAW,2.0,10416,0,0.821,168
RAW,2.0,10417,0,0.841,172
RAW,2.3,10390,1,0.880,180
RAW,2.3,10394,0,0.777,159
RAW,2.3,10407,0,0.728,149
RAW,2.7,10372,0,0.753,154
RAW,2.7,10378,0,0.723,148
RAW,2.7,10379,0,0.704,144
RAW,3.0,10357,0,0.660,135
RAW,3.0,10365,0,0.621,127
RAW,3.0,10370,0,0.640,131
RAW,3.3,10354,0,0.704,144
RAW,3.3,10363,0,0.704,144
RAW,3.3,10360,0,0.689,141
RAW,3.6,10371,1,0.670,137
RAW,3.6,10365,0,0.684,140
RAW,3.6,10362,0,0.709,145
RAW,3.9,10374,0,0.645,132
RAW,3.9,10364,0,0.645,132
RAW,3.9,10361,0,0.640,131
RAW,4.2,10379,0,0.645,132
RAW,4.2,10385,0,0.621,127
RAW,4.2,10382,0,0.621,127
RAW,4.5,10371,0,0.689,141
RAW,4.5,10374,0,0.665,136
RAW,4.5,10370,0,0.670,137
RAW,4.8,10375,0,0.621,127
RAW,4.8,10363,0,0.616,126
RAW,4.8,10363,0,0.621,127
RAW,5.1,10383,0,0.621,127
RAW,5.1,10383,0,0.621,127
RAW,5.1,10376,0,0.621,127
RAW,5.4,10383,0,0.665,136
RAW,5.4,10379,0,0.684,140
RAW,5.4,10376,0,0.660,135
RAW,5.7,10402,0,0.621,127
RAW,5.7,10392,0,0.655,134
RAW,5.7,10388,0,0.689,141
RAW,6.0,10401,0,0.611,125
RAW,6.0,10393,0,0.621,127
RAW,6.0,10403,0,0.684,140
RAW,6.3,10380,0,0.665,136
RAW,6.3,10386,0,0.674,138
RAW,6.3,10392,0,0.709,145
RAW,6.6,10360,0,0.704,144
RAW,6.6,10364,0,0.762,156
RAW,6.6,10366,0,0.846,173
RAW,6.9,10325,0,0.758,155
RAW,6.9,10339,0,0.826,169
RAW,6.9,10349,0,0.831,170
RAW,7.2,10308,0,0.870,178
RAW,7.2,10315,1,0.894,183
RAW,7.2,10319,0,0.846,173
RAW,7.5,10296,0,0.885,181
RAW,7.5,10293,0,0.748,153
RAW,7.5,10297,0,0.714,146
RAW,7.8,10302,0,0.670,137
RAW,7.8,10301,2,0.655,134
RAW,7.8,10300,0,0.650,133
RAW,8.1,10305,0,0.670,137
RAW,8.1,10306,0,0.650,133
RAW,8.1,10298,0,0.645,132
RAW,8.5,10287,2,0.684,140
RAW,8.5,10295,0,0.679,139
RAW,8.5,10305,2,0.655,134
RAW,8.8,10268,0,0.621,127
RAW,8.8,10265,0,0.655,134
RAW,8.8,10280,0,0.640,131
RAW,9.1,10256,1,0.621,127
RAW,9.1,10255,0,0.645,132
RAW,9.1,10257,0,0.621,127
RAW,9.4,10255,0,0.684,140
RAW,9.4,10265,3,0.684,140
RAW,9.4,10261,0,0.679,139
RAW,9.7,10246,0,0.665,136
RAW,9.7,10248,0,0.684,140
RAW,9.7,10244,0,0.694,142
RAW,10.0,10247,0,0.621,127
RAW,10.0,10250,0,0.621,127
RAW,10.0,10242,0,0.650,133
RAW,10.3,10256,0,0.660,135
RAW,10.3,10253,0,0.665,136
RAW,10.3,10254,1,0.689,141
RAW,10.6,10251,0,0.762,156
RAW,10.6,10258,0,0.694,142
RAW,10.6,10254,2,0.762,156
RAW,10.9,10255,0,0.621,127
RAW,10.9,10248,0,0.635,130
RAW,10.9,10251,0,0.611,125
RAW,11.2,10267,0,0.704,144
RAW,11.2,10261,0,0.684,140
RAW,11.2,10265,0,0.645,132
RAW,11.5,10261,5,0.655,134
RAW,11.5,10264,0,0.684,140
RAW,11.5,10261,0,0.704,144
RAW,11.8,10280,0,0.621,127
RAW,11.8,10272,0,0.748,153
RAW,11.8,10269,0,0.802,164
RAW,12.1,10302,0,0.797,163
RAW,12.1,10293,0,0.821,168
RAW,12.1,10289,0,0.836,171
RAW,12.4,10297,0,0.875,179
RAW,12.4,10293,2,0.865,177
RAW,12.4,10300,0,0.777,159
RAW,12.7,10286,0,0.826,169
RAW,12.7,10289,0,0.684,140
RAW,12.7,10291,1,0.660,135
RAW,13.0,10283,0,0.660,135
RAW,13.0,10281,0,0.645,132
RAW,13.0,10278,0,0.640,131
RAW,13.4,10275,0,0.665,136
RAW,13.4,10278,1,0.674,138
RAW,13.4,10278,0,0.645,132
RAW,13.7,10276,0,0.640,131
RAW,13.7,10276,0,0.665,136
RAW,13.7,10277,0,0.689,141
RAW,14.0,10291,0,0.611,125
RAW,14.0,10280,0,0.621,127
RAW,14.0,10277,0,0.640,131
RAW,14.3,10305,0,0.650,133
RAW,14.3,10292,0,0.670,137
RAW,14.3,10294,0,0.684,140
RAW,14.6,10306,0,0.699,143
RAW,14.6,10331,0,0.670,137
RAW,14.6,10324,0,0.650,133
RAW,14.9,10221,0,0.606,124
RAW,14.9,10234,0,0.601,123
RAW,14.9,10269,0,0.611,125
RAW,15.2,10173,0,0.679,139
RAW,15.2,10197,0,0.665,136
RAW,15.2,10203,0,0.606,124
RAW,15.5,10146,0,0.640,131
RAW,15.5,10153,0,0.655,134
RAW,15.5,10162,0,0.650,133
RAW,15.8,10127,0,0.601,123
RAW,15.8,10133,0,0.601,123
RAW,15.8,10143,0,0.601,123
RAW,16.1,10062,0,0.596,122
RAW,16.1,10082,0,0.606,124
RAW,16.1,10106,2,0.596,122
RAW,16.4,10034,0,0.616,126
RAW,16.4,10035,0,0.606,124
RAW,16.4,10048,0,0.621,127
RAW,16.7,10016,0,0.611,125
RAW,16.7,10023,3,0.587,120
RAW,16.7,10023,1,0.684,140
RAW,17.0,10016,0,0.577,118
RAW,17.0,10017,0,0.743,152
RAW,17.0,10014,0,0.772,158
RAW,17.3,10002,2,0.802,164
RAW,17.3,10004,0,0.802,164
RAW,17.3,10013,0,0.836,171
RAW,17.6,10001,0,0.802,164
RAW,17.6,9997,0,0.831,170
RAW,17.6,10004,0,0.836,171
RAW,17.9,10002,1,0.762,156
RAW,17.9,10000,0,0.645,132
RAW,17.9,10001,0,0.621,127
RAW,18.2,10006,2,0.635,130
RAW,18.2,9993,0,0.645,132
RAW,18.2,10001,0,0.645,132
RAW,18.5,10015,0,0.650,133
RAW,18.5,10009,0,0.660,135
RAW,18.5,10008,0,0.640,131
RAW,18.9,10015,0,0.591,121
RAW,18.9,10011,0,0.587,120
RAW,18.9,10011,0,0.587,120
RAW,19.2,10026,0,0.650,133
RAW,19.2,10025,0,0.621,127
RAW,19.2,10014,0,0.601,123
RAW,19.5,10041,0,0.611,125
RAW,19.5,10037,0,0.640,131
RAW,19.5,10038,0,0.596,122
RAW,19.8,10042,0,0.547,112
RAW,19.8,10052,0,0.587,120
RAW,19.8,10045,0,0.591,121
RAW,20.1,10036,0,0.562,115
RAW,20.1,10040,0,0.567,116
RAW,20.1,10043,0,0.567,116
RAW,20.4,10038,0,0.591,121
RAW,20.4,10037,3,0.582,119
RAW,20.4,10037,0,0.616,126
RAW,20.7,10037,2,0.591,121
RAW,20.7,10039,0,0.562,115
RAW,20.7,10038,1,0.567,116
RAW,21.0,10038,0,0.562,115
RAW,21.0,10037,0,0.577,118
RAW,21.0,10041,0,0.567,116
RAW,21.3,10037,0,0.591,121
RAW,21.3,10037,0,0.582,119
RAW,21.3,10035,0,0.587,120
RAW,21.6,10014,0,0.567,116
RAW,21.6,10030,0,0.606,124
RAW,21.6,10029,0,0.621,127
RAW,21.9,10023,0,0.567,116
RAW,21.9,10022,0,0.587,120
RAW,21.9,10022,1,0.670,137
RAW,22.2,10027,0,0.591,121
RAW,22.2,10027,0,0.753,154
RAW,22.2,10026,0,0.816,167
RAW,22.5,10023,0,0.777,159
RAW,22.5,10020,0,0.811,166
RAW,22.5,10018,0,0.811,166
RAW,22.8,9996,1,0.767,157
RAW,22.8,10009,0,0.767,157
RAW,22.8,10021,0,0.670,137
RAW,23.1,9961,0,0.758,155
RAW,23.1,9970,0,0.645,132
RAW,23.1,9986,0,0.591,121
RAW,23.4,9942,0,0.621,127
RAW,23.4,9943,0,0.621,127
RAW,23.4,9949,0,0.572,117
RAW,23.7,9916,0,0.562,115
RAW,23.7,9929,0,0.562,115
RAW,23.7,9931,0,0.567,116
RAW,24.0,9895,0,0.567,116
RAW,24.0,9896,0,0.567,116
RAW,24.0,9910,0,0.557,114
RAW,24.4,9882,0,0.621,127
RAW,24.4,9889,1,0.606,124
RAW,24.4,9892,0,0.606,124
RAW,24.7,9868,0,0.582,119
RAW,24.7,9876,0,0.567,116
RAW,24.7,9867,0,0.587,120
RAW,25.0,9846,0,0.547,112
RAW,25.0,9855,2,0.538,110
RAW,25.0,9859,0,0.533,109
RAW,25.3,9856,0,0.572,117
RAW,25.3,9849,0,0.587,120
RAW,25.3,9849,0,0.572,117
RAW,25.6,9846,0,0.577,118
RAW,25.6,9850,0,0.601,123
RAW,25.6,9852,0,0.611,125
RAW,25.9,9824,1,0.547,112
RAW,25.9,9827,0,0.577,118
RAW,25.9,9841,0,0.562,115
RAW,26.2,9813,0,0.587,120
RAW,26.2,9813,2,0.611,125
RAW,26.2,9819,0,0.601,123
RAW,26.5,9796,0,0.616,126
RAW,26.5,9805,0,0.596,122
RAW,26.5,9815,0,0.587,120
RAW,26.8,9790,0,0.547,112
RAW,26.8,9793,0,0.547,112
RAW,26.8,9792,0,0.611,125
RAW,27.1,9785,0,0.611,125
RAW,27.1,9786,0,0.572,117
RAW,27.1,9785,2,0.684,140
RAW,27.4,9779,0,0.655,134
RAW,27.4,9780,0,0.762,156
RAW,27.4,9780,0,0.787,161
RAW,27.7,9784,0,0.738,151
RAW,27.7,9775,0,0.762,156
RAW,27.7,9781,1,0.762,156
RAW,28.0,9777,0,0.762,156
RAW,28.0,9777,0,0.733,150
RAW,28.0,9778,0,0.606,124
RAW,28.3,9775,0,0.660,135
RAW,28.3,9773,0,0.616,126
RAW,28.3,9774,0,0.601,123
RAW,28.6,9762,0,0.582,119
RAW,28.6,9764,1,0.572,117
RAW,28.6,9772,0,0.547,112
RAW,28.9,9756,0,0.547,112
RAW,28.9,9760,0,0.557,114
RAW,28.9,9762,0,0.562,115
RAW,29.2,9758,0,0.577,118
RAW,29.2,9759,0,0.582,119
RAW,29.2,9756,0,0.596,122
RAW,29.5,9769,0,0.591,121
RAW,29.5,9756,0,0.606,124
RAW,29.5,9761,0,0.606,124
RAW,29.9,9775,2,0.552,113
RAW,29.9,9775,0,0.557,114
RAW,30.2,9767,0,0.582,119
RAW,30.2,9767,1,0.606,124
RAW,30.2,9765,0,0.606,124
RAW,30.5,9749,0,0.611,125
RAW,30.5,9763,0,0.596,122
RAW,30.5,9765,0,0.587,120
RAW,30.8,9754,0,0.538,110
RAW,30.8,9762,1,0.552,113
RAW,30.8,9759,0,0.528,108
RAW,31.1,9751,0,0.596,122
RAW,31.1,9753,0,0.596,122
RAW,31.1,9753,0,0.557,114
RAW,31.4,9705,0,0.582,119
RAW,31.4,9722,4,0.601,123
RAW,31.4,9734,0,0.591,121
RAW,31.7,9668,1,0.533,109
RAW,31.7,9680,0,0.547,112
RAW,31.7,9696,0,0.543,111
RAW,32.0,9643,0,0.543,111
RAW,32.0,9655,0,0.547,112
RAW,32.0,9660,0,0.547,112
RAW,32.3,9625,0,0.601,123
RAW,32.3,9628,0,0.587,120
RAW,32.3,9641,0,0.723,148
RAW,32.6,9604,0,0.640,131
RAW,32.6,9615,0,0.704,144
RAW,32.6,9613,0,0.748,153
RAW,32.9,9584,0,0.723,148
RAW,32.9,9592,3,0.753,154
RAW,32.9,9595,0,0.753,154
RAW,33.2,9570,0,0.787,161
RAW,33.2,9575,1,0.753,154
RAW,33.2,9580,0,0.621,127
RAW,33.5,9559,0,0.606,124
RAW,33.5,9558,0,0.606,124
RAW,33.5,9563,0,0.611,125
RAW,33.8,9562,2,0.552,113
RAW,33.8,9561,0,0.572,117
RAW,33.8,9554,0,0.572,117
RAW,34.1,9558,0,0.587,120
RAW,34.1,9562,0,0.577,118
RAW,34.1,9555,0,0.591,121
RAW,34.4,9547,1,0.606,124
RAW,34.4,9548,0,0.616,126
RAW,34.4,9550,0,0.611,125
RAW,34.7,9532,1,0.562,115
RAW,34.7,9539,0,0.562,115
RAW,34.7,9546,0,0.577,118
RAW,35.0,9509,0,0.611,125
RAW,35.0,9521,0,0.616,126
RAW,35.0,9520,0,0.567,116
RAW,35.4,9503,0,0.587,120
RAW,35.4,9506,0,0.606,124
RAW,35.4,9512,0,0.606,124
RAW,35.7,9509,0,0.538,110
RAW,35.7,9515,0,0.557,114
RAW,35.7,9500,0,0.543,111
RAW,36.0,9515,0,0.567,116
RAW,36.0,9519,0,0.552,113
RAW,36.0,9518,0,0.552,113
RAW,36.3,9514,0,0.596,122
RAW,36.3,9516,0,0.587,120
RAW,36.3,9514,0,0.572,117
RAW,36.6,9509,0,0.543,111
RAW,36.6,9507,0,0.557,114
RAW,36.6,9517,0,0.562,115
RAW,36.9,9498,0,0.547,112
RAW,36.9,9494,0,0.557,114
RAW,36.9,9504,0,0.547,112
RAW,37.2,9489,0,0.587,120
RAW,37.2,9494,0,0.596,122
RAW,37.2,9491,0,0.601,123
RAW,37.5,9475,0,0.552,113
RAW,37.5,9475,0,0.704,144
RAW,37.5,9478,2,0.792,162
RAW,37.8,9477,0,0.718,147
RAW,37.8,9482,1,0.758,155
RAW,37.8,9474,0,0.762,156
RAW,38.1,9483,2,0.802,164
RAW,38.1,9483,0,0.792,162
RAW,38.1,9474,0,0.718,147
RAW,38.4,9478,0,0.811,166
RAW,38.4,9472,2,0.670,137
RAW,38.4,9480,1,0.650,133
RAW,38.7,9476,0,0.601,123
RAW,38.7,9472,0,0.577,118
RAW,38.7,9476,0,0.567,116
RAW,39.0,9474,0,0.621,127
RAW,39.0,9474,4,0.640,131
RAW,39.0,9472,0,0.621,127
RAW,39.3,9474,3,0.645,132
RAW,39.3,9472,1,0.606,124
RAW,39.3,9470,1,0.601,123
RAW,39.6,9438,0,0.572,117
RAW,39.6,9452,0,0.557,114
RAW,39.6,9454,2,0.567,116
RAW,40.0,9416,1,0.591,121
RAW,40.0,9419,0,0.572,117
RAW,40.0,9433,0,0.572,117
RAW,40.2,9408,1,0.616,126
RAW,40.2,9399,2,0.596,122
RAW,40.2,9404,0,0.572,117
RAW,40.6,9411,0,0.552,113
RAW,40.6,9415,0,0.567,116
RAW,40.6,9404,0,0.567,116
RAW,40.9,9420,0,0.547,112
RAW,40.9,9416,0,0.567,116
RAW,40.9,9410,0,0.567,116
RAW,41.2,9417,0,0.562,115
RAW,41.2,9417,0,0.596,122
RAW,41.2,9422,0,0.606,124
RAW,41.5,9396,0,0.533,109
RAW,41.5,9408,0,0.577,118
RAW,41.5,9410,2,0.621,127
RAW,41.8,9387,0,0.547,112
RAW,41.8,9397,0,0.567,116
RAW,41.8,9392,0,0.572,117
RAW,42.1,9395,2,0.582,119
RAW,42.1,9394,1,0.606,124
RAW,42.1,9380,0,0.601,123
RAW,42.4,9372,0,0.611,125
RAW,42.4,9376,0,0.645,132
RAW,42.4,9380,0,0.758,155
RAW,42.7,9361,0,0.655,134
RAW,42.7,9365,0,0.748,153
RAW,42.7,9365,0,0.772,158
RAW,43.0,9360,0,0.802,164
RAW,43.0,9355,0,0.811,166
RAW,43.0,9355,2,0.836,171
RAW,43.3,9365,1,0.826,169
RAW,43.3,9362,0,0.782,160
RAW,43.3,9357,0,0.694,142
RAW,43.6,9357,0,0.650,133
RAW,43.6,9367,0,0.587,120
RAW,43.6,9372,0,0.582,119
RAW,43.9,9333,0,0.621,127
RAW,43.9,9342,0,0.611,125
RAW,43.9,9350,0,0.572,117
RAW,44.2,9310,0,0.621,127
RAW,44.2,9308,0,0.616,126
RAW,44.2,9323,0,0.606,124
RAW,44.5,9308,0,0.567,116
RAW,44.5,9310,0,0.567,116
RAW,44.5,9309,0,0.587,120
RAW,44.8,9322,0,0.567,116
RAW,44.8,9322,0,0.567,116
RAW,44.8,9306,0,0.567,116
RAW,45.1,9332,0,0.572,117
RAW,45.1,9324,0,0.601,123
RAW,45.1,9332,1,0.596,122
RAW,45.5,9338,1,0.567,116
RAW,45.5,9342,1,0.572,117
RAW,45.5,9332,0,0.601,123
RAW,45.8,9345,1,0.552,113
RAW,45.8,9335,3,0.552,113
RAW,45.8,9334,0,0.562,115
RAW,46.1,9348,0,0.582,119
RAW,46.1,9352,0,0.577,118
RAW,46.1,9348,0,0.591,121
RAW,46.4,9356,0,0.606,124
RAW,46.4,9346,0,0.621,127
RAW,46.4,9345,0,0.621,127
RAW,46.7,9357,1,0.572,117
RAW,46.7,9352,0,0.552,113
RAW,46.7,9353,0,0.557,114
RAW,47.0,9353,0,0.606,124
RAW,47.0,9354,0,0.621,127
RAW,47.0,9358,1,0.611,125
RAW,47.3,9354,0,0.606,124
RAW,47.3,9363,0,0.601,123
RAW,47.3,9358,0,0.606,124
RAW,47.6,9351,2,0.557,114
RAW,47.6,9355,0,0.645,132
RAW,47.6,9355,1,0.733,150
RAW,47.9,9347,0,0.777,159
RAW,47.9,9349,0,0.762,156
RAW,47.9,9353,0,0.767,157
RAW,48.2,9332,4738,0.811,166
RAW,48.2,9341,4740,0.811,166
RAW,48.2,9341,4738,0.660,135
RAW,48.5,9320,4732,0.777,159
RAW,48.5,9310,4736,0.606,124
RAW,48.5,9320,4734,0.572,117
RAW,48.8,9304,4729,0.587,120
RAW,48.8,9307,4728,0.567,116
RAW,48.8,9318,4736,0.557,114
RAW,49.1,9295,4727,0.591,121
RAW,49.1,9303,4733,0.567,116
RAW,49.1,9303,4734,0.709,145
RAW,49.4,9289,4724,0.601,123
RAW,49.4,9293,4725,0.621,127
RAW,49.4,9290,4726,0.655,134
RAW,49.7,9272,4721,0.621,127
RAW,49.7,9282,4718,0.645,132
RAW,49.7,9283,4727,0.640,131
RAW,50.0,9272,4724,0.660,135
RAW,50.0,9276,4722,0.587,120
RAW,50.0,9270,4711,0.582,119
RAW,50.3,9285,4724,0.596,122
RAW,50.3,9288,4714,0.611,125
RAW,50.3,9276,4723,0.606,124
RAW,50.7,9282,4723,0.577,118
RAW,50.7,9280,4724,0.547,112
RAW,50.7,9292,4724,0.543,111
RAW,51.0,9288,4722,0.596,122
RAW,51.0,9293,4719,0.596,122
RAW,51.0,9283,4721,0.616,126
RAW,51.3,9280,4726,0.606,124
RAW,51.3,9282,4718,0.591,121
RAW,51.3,9290,4727,0.582,119
RAW,51.6,9276,4724,0.533,109
RAW,51.6,9279,4727,0.543,111
RAW,51.6,9279,4728,0.533,109
RAW,51.9,9273,4714,0.606,124
RAW,51.9,9278,4723,0.562,115
RAW,51.9,9273,4713,0.518,106
RAW,52.2,9276,4719,0.591,121
RAW,52.2,9271,4724,0.611,125
RAW,52.2,9273,4722,0.596,122
RAW,52.5,9269,4723,0.567,116
RAW,52.5,9272,4714,0.567,116
RAW,52.5,9272,4722,0.704,144
RAW,52.8,9268,4722,0.670,137
RAW,52.8,9278,4725,0.738,151
RAW,52.8,9273,4712,0.758,155
RAW,53.1,9274,4720,0.782,160
RAW,53.1,9272,4725,0.782,160
RAW,53.1,9271,4717,0.699,143
RAW,53.4,9278,9642,0.758,155
RAW,53.4,9277,9640,0.601,123
RAW,53.4,9276,9639,0.587,120
RAW,53.7,9285,9645,0.572,117
RAW,53.7,9291,9642,0.567,116
RAW,53.7,9274,9642,0.552,113
RAW,54.0,9271,9633,0.591,121
RAW,54.0,9276,9635,0.582,119
RAW,54.0,9283,9630,0.679,139
RAW,54.3,9281,9636,0.621,127
RAW,54.3,9275,9630,0.738,151
RAW,54.3,9271,9632,0.762,156
RAW,54.6,9285,9640,0.704,144
RAW,54.6,9285,9642,0.718,147
RAW,54.6,9283,9634,0.723,148
RAW,54.9,9299,9648,0.743,152
RAW,54.9,9286,9643,0.665,136
RAW,54.9,9294,9644,0.621,127
RAW,55.2,9295,9645,0.645,132
RAW,55.2,9296,9641,0.606,124
RAW,55.2,9289,9640,0.601,123
RAW,55.5,9298,9645,0.621,127
RAW,55.5,9304,9646,0.538,110
RAW,55.5,9299,9643,0.547,112
RAW,55.8,9309,9653,0.606,124
RAW,55.8,9302,9651,0.587,120
RAW,55.8,9302,9645,0.562,115
RAW,56.2,9292,9639,0.577,118
RAW,56.2,9294,9638,0.587,120
RAW,56.2,9305,9647,0.582,119
RAW,56.5,9288,9633,0.538,110
RAW,56.5,9283,9635,0.528,108
RAW,56.5,9287,9634,0.538,110
RAW,56.8,9287,9643,0.547,112
RAW,56.8,9283,9633,0.543,111
RAW,56.8,9283,9631,0.543,111
RAW,57.1,9296,9645,0.582,119
RAW,57.1,9294,9641,0.582,119
RAW,57.1,9292,9643,0.567,116
RAW,57.4,9264,9623,0.547,112
RAW,57.4,9274,9639,0.547,112
RAW,57.4,9280,9639,0.689,141
RAW,57.7,9229,9610,0.640,131
RAW,57.7,9248,9608,0.723,148
RAW,57.7,9251,9623,0.743,152
RAW,58.0,9210,9594,0.743,152
RAW,58.0,9215,9592,0.802,164
RAW,58.0,9228,9601,0.782,160
RAW,58.3,9192,9584,0.762,156
RAW,58.3,9199,9583,0.645,132
RAW,58.3,9198,9591,0.645,132
RAW,58.6,9185,13897,0.606,124
RAW,58.6,9189,13893,0.572,117
RAW,58.6,9195,13813,0.562,115
RAW,58.9,9172,13878,0.606,124
RAW,58.9,9179,13884,0.596,122
RAW,58.9,9179,13893,0.704,144
RAW,59.2,9170,13874,0.601,123
RAW,59.2,9183,13878,0.777,159
RAW,59.2,9176,13873,0.836,171
RAW,59.5,9177,13883,0.753,154
RAW,59.5,9174,13883,0.782,160
RAW,59.5,9165,13872,0.782,160
RAW,59.8,9178,13887,0.841,172
RAW,59.8,9184,13888,0.699,143
RAW,59.8,9177,13885,0.621,127
RAW,60.1,9187,13881,0.665,136
RAW,60.1,9187,13881,0.606,124
RAW,60.1,9183,13892,0.616,126
RAW,60.4,9193,13899,0.567,116
RAW,60.4,9188,13891,0.557,114
RAW,60.4,9185,13889,0.547,112
RAW,60.7,9180,13890,0.596,122
RAW,60.7,9187,13890,0.543,111
RAW,60.7,9179,13892,0.552,113
RAW,61.0,9168,13875,0.587,120
RAW,61.0,9177,13879,0.591,121
RAW,61.0,9186,13878,0.577,118
RAW,61.4,9174,13875,0.538,110
RAW,61.4,9176,13886,0.538,110
RAW,61.4,9179,13881,0.547,112
RAW,61.7,9171,13875,0.547,112
RAW,61.7,9177,13879,0.552,113
RAW,61.7,9173,13875,0.552,113
RAW,62.0,9180,13884,0.587,120
RAW,62.0,9174,13880,0.582,119
RAW,62.0,9174,13882,0.587,120
RAW,62.3,9173,13862,0.557,114
RAW,62.3,9180,13881,0.557,114
RAW,62.3,9173,13879,0.655,134
RAW,62.6,9174,13871,0.557,114
RAW,62.6,9158,13867,0.704,144
RAW,62.6,9165,13865,0.738,151
RAW,62.9,9179,13866,0.772,158
RAW,62.9,9177,13878,0.777,159
RAW,62.9,9175,13878,0.797,163
RAW,63.2,9178,13882,0.777,159
RAW,63.2,9178,13866,0.802,164
RAW,63.2,9179,13871,0.684,140
RAW,63.5,9188,13878,0.679,139
RAW,63.5,9183,13875,0.606,124
RAW,63.5,9176,13878,0.572,117
RAW,63.8,9201,13885,0.601,123
RAW,63.8,9194,13881,0.606,124
RAW,63.8,9191,13877,0.621,127
RAW,64.1,9210,13893,0.640,131
RAW,64.1,9206,13889,0.645,132
RAW,64.1,9201,13883,0.772,158
RAW,64.4,9209,13889,0.689,141
RAW,64.4,9210,13890,0.772,158
RAW,64.4,9209,13888,0.753,154
RAW,64.7,9215,13887,0.816,167
RAW,64.7,9211,13896,0.850,174
RAW,64.7,9204,13884,0.831,170
RAW,65.0,9220,13898,0.753,154
RAW,65.0,9212,13906,0.665,136
RAW,65.0,9219,13898,0.650,133
RAW,65.3,9229,13905,0.577,118
RAW,65.3,9225,13910,0.567,116
RAW,65.3,9231,13908,0.513,105
RAW,65.6,9228,13910,0.567,116
RAW,65.6,9232,13920,0.567,116
RAW,65.6,9231,13903,0.567,116
RAW,65.9,9225,13904,0.611,125
RAW,65.9,9227,13899,0.587,120
RAW,65.9,9227,13910,0.552,113
RAW,66.2,9203,13882,0.587,120
RAW,66.2,9210,13895,0.557,114
RAW,66.2,9223,13896,0.562,115
RAW,66.6,9150,13843,0.562,115
RAW,66.6,9173,13856,0.567,116
RAW,66.6,9184,13862,0.547,112
RAW,66.9,9142,13835,0.591,121
RAW,66.9,9140,13837,0.567,116
RAW,66.9,9148,13840,0.596,122
RAW,67.2,9133,13829,0.557,114
RAW,67.2,9135,13824,0.567,116
RAW,67.2,9142,13825,0.591,121
RAW,67.5,9131,13822,0.562,115
RAW,67.5,9132,13819,0.572,117
RAW,67.5,9132,13819,0.802,164
RAW,67.8,9112,13805,0.714,146
RAW,67.8,9124,13810,0.782,160
RAW,67.8,9121,13812,0.792,162
RAW,68.1,9118,13806,0.777,159
RAW,68.1,9116,13798,0.816,167
RAW,68.1,9113,13802,0.836,171
RAW,68.4,9125,13809,0.762,156
RAW,68.4,9119,13809,0.679,139
RAW,68.4,9114,13807,0.596,122
RAW,68.7,9132,13813,0.660,135
RAW,68.7,9130,13814,0.645,132
RAW,68.7,9127,13811,0.640,131
RAW,69.0,9135,13821,0.645,132
RAW,69.0,9134,13822,0.650,133
RAW,69.0,9137,13820,0.679,139
RAW,69.3,9133,13826,0.596,122
RAW,69.3,9138,13821,0.723,148
RAW,69.3,9142,13812,0.777,159
RAW,69.6,9130,13821,0.816,167
RAW,69.6,9132,13818,0.846,173
RAW,69.6,9135,13818,0.821,168
RAW,69.9,9110,13797,0.841,172
RAW,69.9,9116,13807,0.714,146
RAW,69.9,9125,13808,0.650,133
RAW,70.2,9084,13756,0.640,131
RAW,70.2,9086,13774,0.591,121
RAW,70.2,9098,13778,0.582,119
RAW,70.5,9082,13754,0.567,116
RAW,70.5,9078,13751,0.587,120
RAW,70.5,9077,13754,0.567,116
RAW,70.8,9081,13767,0.611,125
RAW,70.8,9088,13761,0.606,124
RAW,70.8,9082,13761,0.596,122
RAW,71.1,9100,13776,0.562,115
RAW,71.1,9089,13766,0.552,113
RAW,71.1,9083,13763,0.601,123
RAW,71.4,9111,13781,0.567,116
RAW,71.4,9099,13784,0.543,111
RAW,71.4,9099,13779,0.567,116
RAW,71.7,9102,13789,0.582,119
RAW,71.7,9102,13778,0.596,122
RAW,71.7,9105,13779,0.606,124
RAW,72.1,9110,13785,0.567,116
RAW,72.1,9116,13790,0.606,124
RAW,72.1,9110,13793,0.621,127
RAW,72.4,9116,13794,0.557,114
RAW,72.4,9116,13786,0.567,116
RAW,72.4,9112,13788,0.621,127
RAW,72.7,9116,13798,0.587,120
RAW,72.7,9122,13796,0.728,149
RAW,72.7,9109,13795,0.821,168
RAW,73.0,9118,13796,0.782,160
RAW,73.0,9120,13796,0.821,168
RAW,73.0,9114,13796,0.846,173
RAW,73.3,9134,13817,0.782,160
RAW,73.3,9121,13811,0.777,159
RAW,73.3,9116,13804,0.660,135
RAW,73.6,9129,13804,0.767,157
RAW,73.6,9129,13800,0.684,140
RAW,73.6,9129,13804,0.665,136
RAW,73.9,9122,13803,0.650,133
RAW,73.9,9125,13804,0.645,132
RAW,73.9,9125,13795,0.640,131
RAW,74.2,9111,13806,0.567,116
RAW,74.2,9113,13798,0.572,117
RAW,74.2,9121,13791,0.738,151
RAW,74.5,9111,13791,0.738,151
RAW,74.5,9115,13799,0.802,164
RAW,74.5,9113,13788,0.802,164
RAW,74.8,9109,13798,0.831,170
RAW,74.8,9108,13793,0.865,177
RAW,74.8,9113,13786,0.865,177
RAW,75.1,9084,13757,0.782,160
RAW,75.1,9099,13781,0.621,127
RAW,75.1,9100,13783,0.601,123
RAW,75.4,9040,13734,0.601,123
RAW,75.4,9048,13742,0.577,118
RAW,75.4,9054,13741,0.577,118
RAW,75.7,9019,13732,0.601,123
RAW,75.7,9032,13728,0.596,122
RAW,75.7,9033,13731,0.621,127
RAW,76.0,9014,13697,0.567,116
RAW,76.0,9021,13724,0.567,116
RAW,76.0,9022,13727,0.587,120
RAW,76.3,9000,13695,0.557,114
RAW,76.3,9008,13707,0.567,116
RAW,76.3,9015,13714,0.562,115
RAW,76.7,8998,13683,0.596,122
RAW,76.7,9000,13694,0.601,123
RAW,76.7,9001,13695,0.572,117
RAW,76.9,9009,13696,0.547,112
RAW,76.9,9003,13693,0.601,123
RAW,76.9,8998,13697,0.621,127
RAW,77.3,9004,13703,0.562,115
RAW,77.3,9005,13696,0.587,120
RAW,77.3,9008,13693,0.587,120
RAW,77.6,8997,13690,0.591,121
RAW,77.6,9003,13696,0.606,124
RAW,77.6,9001,13696,0.767,157
RAW,77.9,8996,13682,0.704,144
RAW,77.9,8994,13687,0.802,164
RAW,77.9,9000,13697,0.831,170
RAW,78.2,8993,13684,0.767,157
RAW,78.2,8994,13682,0.777,159
RAW,78.2,8998,13677,0.782,160
RAW,78.5,8987,13677,0.826,169
RAW,78.5,8986,13678,0.816,167
RAW,78.5,8987,13677,0.679,139
RAW,78.8,8990,13681,0.709,145
RAW,78.8,8989,13685,0.660,135
RAW,78.8,8991,13676,0.645,132
RAW,79.1,8994,13686,0.587,120
RAW,79.1,8992,13680,0.577,118
RAW,79.1,8992,13686,0.572,117
RAW,79.4,8991,13681,0.640,131
RAW,79.4,8992,13687,0.704,144
RAW,79.4,8996,13673,0.777,159
RAW,79.7,8979,13673,0.792,162
RAW,79.7,8990,13673,0.841,172
RAW,79.7,8993,13681,0.855,175
RAW,80.0,8983,13671,0.806,165
RAW,80.0,8978,13668,0.816,167
RAW,80.0,8980,13667,0.621,127
RAW,80.3,8967,13646,0.665,136
RAW,80.3,8969,13654,0.606,124
RAW,80.3,8978,13658,0.577,118
RAW,80.6,8964,13652,0.621,127
RAW,80.6,8961,13653,0.621,127
RAW,80.6,8963,13654,0.606,124
RAW,80.9,8972,13648,0.577,118
RAW,80.9,8967,13664,0.582,119
RAW,80.9,8970,13660,0.601,123
RAW,81.2,8965,13642,0.577,118
RAW,81.2,8961,13642,0.562,115
RAW,81.2,8964,13655,0.572,117
RAW,81.5,8964,13632,0.601,123
RAW,81.5,8964,13638,0.606,124
RAW,81.5,8971,13642,0.601,123
RAW,81.8,8965,13648,0.582,119
RAW,81.8,8960,13646,0.621,127
RAW,81.8,8960,13641,0.621,127
RAW,82.2,8964,13651,0.562,115
RAW,82.2,8958,13644,0.582,119
RAW,82.2,8961,13655,0.572,117
RAW,82.4,8971,13650,0.591,121
RAW,82.4,8966,13655,0.621,127
RAW,82.4,8971,13649,0.582,119
RAW,82.8,8980,13657,0.621,127
RAW,82.8,8975,13663,0.718,147
RAW,82.8,8962,13661,0.802,164
RAW,83.1,8975,13667,0.718,147
RAW,83.1,8982,13665,0.767,157
RAW,83.1,8965,13662,0.767,157
RAW,83.4,8964,13657,0.806,165
RAW,83.4,8976,13661,0.836,171
RAW,83.4,8971,13657,0.782,160
RAW,83.7,8924,13614,0.821,168
RAW,83.7,8945,13639,0.684,140
RAW,83.7,8957,13647,0.665,136
RAW,84.0,8879,13582,0.596,122
RAW,84.0,8884,13586,0.587,120
RAW,84.0,8909,13598,0.587,120
RAW,84.3,8873,13565,0.611,125
RAW,84.3,8879,13577,0.591,121
RAW,84.3,8875,13582,0.704,144
RAW,84.6,8863,13561,0.670,137
RAW,84.6,8861,13568,0.782,160
RAW,84.6,8865,13563,0.821,168
RAW,84.9,8848,13547,0.782,160
RAW,84.9,8847,13553,0.797,163
RAW,84.9,8852,13552,0.816,167
RAW,85.2,8835,13535,0.802,164
RAW,85.2,8838,13541,0.655,134
RAW,85.2,8841,13545,0.601,123
RAW,85.5,8844,13526,0.645,132
RAW,85.5,8847,13528,0.640,131
RAW,85.5,8836,13535,0.611,125
RAW,85.8,8855,13525,0.587,120
RAW,85.8,8849,13526,0.591,121
RAW,85.8,8850,13535,0.518,106
RAW,86.1,8854,13527,0.572,117
RAW,86.1,8850,13523,0.572,117
RAW,86.1,8847,13533,0.567,116
RAW,86.4,8851,13525,0.606,124
RAW,86.4,8857,13521,0.596,122
RAW,86.4,8852,13528,0.606,124
RAW,86.7,8849,13519,0.596,122
RAW,86.7,8850,13523,0.621,127
RAW,86.7,8843,13526,0.660,135
RAW,87.0,8853,13528,0.587,120
RAW,87.0,8847,13530,0.567,116
RAW,87.0,8852,13513,0.562,115
RAW,87.3,8856,13528,0.587,120
RAW,87.3,8849,13527,0.640,131
RAW,87.3,8858,13521,0.640,131
RAW,87.7,8860,13532,0.621,127
RAW,87.7,8866,13529,0.645,132
RAW,87.7,8860,13530,0.704,144
RAW,88.0,8863,13537,0.572,117
RAW,88.0,8865,13528,0.738,151
RAW,88.0,8868,13533,0.772,158
RAW,88.3,8872,13537,0.802,164
RAW,88.3,8861,13537,0.821,168
RAW,88.3,8864,13536,0.811,166
RAW,88.6,8870,13543,0.821,168
RAW,88.6,8872,13535,0.831,170
RAW,88.6,8864,13542,0.679,139
RAW,88.9,8884,13548,0.670,137
RAW,88.9,8874,13542,0.606,124
RAW,88.9,8874,13542,0.587,120
RAW,89.2,8893,13559,0.621,127
RAW,89.2,8884,13552,0.572,117
RAW,89.2,8881,13548,0.582,119
RAW,89.5,8903,13565,0.640,131
RAW,89.5,8901,13570,0.694,142
RAW,89.5,8893,13560,0.777,159
RAW,89.8,8902,13561,0.723,148
RAW,89.8,8904,13559,0.782,160
RAW,89.8,8898,13559,0.826,169
RAW,90.1,8904,13566,0.792,162
RAW,90.1,8906,13570,0.802,164
RAW,90.1,8905,13568,0.797,163
RAW,90.4,8905,13569,0.704,144
RAW,90.4,8905,13562,0.640,131
RAW,90.4,8906,13564,0.616,126
RAW,90.7,8909,13572,0.591,121
RAW,90.7,8910,13570,0.616,126
RAW,90.7,8905,13562,0.621,127
RAW,91.0,8904,13563,0.601,123
RAW,91.0,8903,13568,0.572,117
RAW,91.0,8905,13562,0.567,116
RAW,91.3,8906,13567,0.606,124
RAW,91.3,8908,13561,0.591,121
RAW,91.3,8902,13565,0.621,127
RAW,91.6,8906,13548,0.621,127
RAW,91.6,8904,13549,0.645,132
RAW,91.6,8916,13562,0.640,131
RAW,91.9,8893,13545,0.587,120
RAW,91.9,8898,13544,0.577,118
RAW,91.9,8899,13546,0.572,117
RAW,92.2,8866,13528,0.606,124
RAW,92.2,8873,13531,0.616,126
RAW,92.2,8886,13538,0.650,133
RAW,92.6,8868,13523,0.616,126
RAW,92.6,8863,13528,0.611,125
RAW,92.6,8863,13531,0.621,127
RAW,92.8,8841,13494,0.577,118
RAW,92.8,8849,13512,0.660,135
RAW,92.8,8858,13525,0.743,152
RAW,93.2,8803,13479,0.782,160
RAW,93.2,8816,13481,0.797,163
RAW,93.2,8818,13491,0.772,158
RAW,93.5,8781,13454,0.826,169
RAW,93.5,8787,13462,0.841,172
RAW,93.5,8789,13471,0.772,158
RAW,93.8,8792,13458,0.777,159
RAW,93.8,8784,13452,0.621,127
RAW,93.8,8788,13457,0.577,118
RAW,94.1,8806,13469,0.606,124
RAW,94.1,8806,13459,0.596,122
RAW,94.1,8792,13457,0.582,119
RAW,94.4,8825,13476,0.616,126
RAW,94.4,8824,13480,0.611,125
RAW,94.4,8814,13473,0.743,152
RAW,94.7,8842,13482,0.640,131
RAW,94.7,8834,13482,0.762,156
RAW,94.7,8823,13483,0.792,162
RAW,95.0,8851,13497,0.782,160
RAW,95.0,8850,13498,0.797,163
RAW,95.0,8844,13490,0.792,162
RAW,95.3,8859,13510,0.836,171
RAW,95.3,8863,13512,0.670,137
RAW,95.3,8852,13505,0.621,127
RAW,95.6,8875,13516,0.616,126
RAW,95.6,8881,13510,0.621,127
RAW,95.6,8871,13519,0.645,132
RAW,95.9,8879,13516,0.601,123
RAW,95.9,8874,13515,0.577,118
RAW,95.9,8874,13518,0.577,118
RAW,96.2,8868,13517,0.606,124
RAW,96.2,8871,13512,0.606,124
RAW,96.2,8872,13514,0.640,131
RAW,96.5,8874,13507,0.621,127
RAW,96.5,8875,13515,0.645,132
RAW,96.5,8878,13516,0.606,124
RAW,96.8,8868,13511,0.577,118
RAW,96.8,8877,13510,0.572,117
RAW,96.8,8868,13502,0.562,115
RAW,97.1,8865,13505,0.621,127
RAW,97.1,8872,13507,0.645,132
RAW,97.1,8872,13514,0.621,127
RAW,97.4,8866,13496,0.616,126
RAW,97.4,8868,13502,0.616,126
RAW,97.4,8866,13504,0.621,127
RAW,97.7,8856,13500,0.567,116
RAW,97.7,8856,13496,0.577,118
RAW,97.7,8861,13499,0.704,144
RAW,98.1,8856,13503,0.704,144
RAW,98.1,8857,13492,0.748,153
RAW,98.1,8852,13496,0.782,160
RAW,98.4,8872,13509,0.870,178
RAW,98.4,8871,13515,0.821,168
RAW,98.4,8864,13513,0.806,165
RAW,98.7,8883,13527,0.772,158
RAW,98.7,8877,13521,0.733,150
RAW,98.7,8871,13516,0.616,126
RAW,99.0,8891,13524,0.621,127
RAW,99.0,8884,13527,0.587,120
RAW,99.0,8882,13527,0.582,119
RAW,99.3,8898,13537,0.621,127
RAW,99.3,8894,13533,0.596,122
RAW,99.3,8888,13541,0.621,127
RAW,99.6,8914,13558,0.567,116
RAW,99.6,8910,13552,0.689,141
RAW,99.6,8900,13542,0.772,158
RAW,99.9,8921,13558,0.748,153
RAW,99.9,8918,13554,0.792,162
RAW,99.9,8915,13559,0.797,163
RAW,100.2,8911,13547,0.836,171
RAW,100.2,8916,13562,0.797,163
RAW,100.2,8924,13552,0.660,135
RAW,100.5,8872,13516,0.670,137
RAW,100.5,8874,13527,0.670,137
RAW,100.5,8891,13528,0.645,132
RAW,100.8,8844,13501,0.587,120
RAW,100.8,8855,13510,0.582,119
RAW,100.8,8871,13513,0.572,117
RAW,101.1,8840,13488,0.601,123
RAW,101.1,8837,13491,0.606,124
RAW,101.1,8848,13489,0.621,127
RAW,101.4,8839,13481,0.621,127
RAW,101.4,8830,13477,0.645,132
RAW,101.4,8832,13488,0.611,125
RAW,101.7,8819,13478,0.567,116
RAW,101.7,8837,13471,0.577,118
RAW,101.7,8832,13474,0.606,124
RAW,102.0,8817,13479,0.640,131
RAW,102.0,8821,13471,0.611,125
RAW,102.0,8819,13473,0.591,121
RAW,102.3,8839,13493,0.611,125
RAW,102.3,8836,13483,0.621,127
RAW,102.3,8831,13475,0.621,127
RAW,102.6,8846,13481,0.572,117
RAW,102.6,8847,13487,0.572,117
RAW,102.6,8841,13483,0.645,132
RAW,102.9,8843,13484,0.601,123
RAW,102.9,8842,13492,0.723,148
RAW,102.9,8839,13487,0.762,156
RAW,103.2,8844,13488,0.787,161
RAW,103.2,8842,13491,0.821,168
RAW,103.2,8841,13487,0.797,163
RAW,103.6,8860,13493,0.777,159
RAW,103.6,8854,13485,0.772,158
RAW,103.6,8852,13492,0.640,131
RAW,103.9,8867,13512,0.670,137
RAW,103.9,8866,13505,0.601,123
RAW,103.9,8860,13501,0.591,121
RAW,104.2,8868,13505,0.621,127
RAW,104.2,8867,13511,0.611,125
RAW,104.2,8864,13503,0.606,124
RAW,104.5,8869,13501,0.582,119
RAW,104.5,8866,13498,0.670,137
RAW,104.5,8865,13499,0.797,163
RAW,104.8,8859,13488,0.743,152
RAW,104.8,8862,13492,0.797,163
RAW,104.8,8857,13494,0.811,166
RAW,105.1,8860,13485,0.821,168
RAW,105.1,8857,13494,0.787,161
RAW,105.1,8858,13492,0.684,140
RAW,105.4,8881,13513,0.704,144
RAW,105.4,8872,13508,0.665,136
RAW,105.4,8868,13499,0.645,132
RAW,105.7,8887,13510,0.572,117
RAW,105.7,8888,13521,0.601,123
RAW,105.7,8885,13515,0.567,116
RAW,106.0,8882,13512,0.621,127
RAW,106.0,8888,13508,0.660,135
RAW,106.0,8887,13510,0.645,132
RAW,106.3,8876,13507,0.645,132
RAW,106.3,8878,13505,0.616,126
RAW,106.3,8873,13509,0.660,135
RAW,106.6,8883,13510,0.567,116
RAW,106.6,8882,13504,0.567,116
RAW,106.6,8879,13513,0.464,95
RAW,106.9,8887,13516,0.645,132
RAW,106.9,8887,13508,0.587,120
RAW,106.9,8880,13511,0.567,116
RAW,107.2,8897,13520,0.616,126
RAW,107.2,8889,13524,0.611,125
RAW,107.2,8886,13513,0.621,127
RAW,107.5,8900,13529,0.582,119
RAW,107.5,8898,13522,0.577,118
RAW,107.5,8893,13521,0.606,124
RAW,107.8,8903,13531,0.572,117
RAW,107.8,8900,13528,0.704,144
RAW,107.8,8898,13527,0.772,158
RAW,108.2,8898,13524,0.782,160
RAW,108.2,8902,13532,0.806,165
RAW,108.2,8903,13527,0.816,167
RAW,108.4,8852,13503,0.772,158
RAW,108.4,8871,13508,0.802,164
RAW,108.4,8885,13511,0.645,132
RAW,108.8,8839,13477,0.689,141
RAW,108.8,8835,13484,0.591,121
RAW,108.8,8840,13496,0.587,120
RAW,109.1,8835,13467,0.621,127
RAW,109.1,8828,13474,0.635,130
RAW,109.1,8833,13479,0.645,132
RAW,109.4,8816,13462,0.577,118
RAW,109.4,8815,13458,0.679,139
RAW,109.4,8823,13467,0.811,166
RAW,109.7,8803,13434,0.723,148
RAW,109.7,8805,13444,0.782,160
RAW,109.7,8813,13457,0.802,164
RAW,110.0,8791,13435,0.826,169
RAW,110.0,8793,13434,0.831,170
RAW,110.0,8799,13441,0.816,167
RAW,110.3,8795,13442,0.723,148
RAW,110.3,8797,13443,0.665,136
RAW,110.3,8789,13432,0.655,134
RAW,110.6,8807,13449,0.572,117
RAW,110.6,8803,13446,0.587,120
RAW,110.6,8797,13447,0.582,119
RAW,110.9,8818,13464,0.645,132
RAW,110.9,8816,13451,0.655,134
RAW,110.9,8812,13450,0.606,124
RAW,111.2,8818,13455,0.621,127
RAW,111.2,8819,13457,0.606,124
RAW,111.2,8814,13454,0.640,131
RAW,111.5,8811,13467,0.606,124
RAW,111.5,8814,13457,0.577,118
RAW,111.5,8817,13456,0.572,117
RAW,111.8,8807,13453,0.587,120
RAW,111.8,8807,13446,0.572,117
RAW,111.8,8810,13461,0.572,117
RAW,112.1,8807,13454,0.606,124
RAW,112.1,8801,13449,0.611,125
RAW,112.1,8805,13449,0.611,125
RAW,112.4,8812,13452,0.557,114
RAW,112.4,8811,13449,0.587,120
RAW,112.4,8808,13452,0.577,118
RAW,112.7,8825,13469,0.587,120
RAW,112.7,8819,13467,0.689,141
RAW,112.7,8806,13463,0.743,152
RAW,113.0,8827,13467,0.782,160
RAW,113.0,8824,13469,0.816,167
RAW,113.0,8827,13475,0.811,166
RAW,113.3,8825,13467,0.777,159
RAW,113.3,8830,13469,0.772,158
RAW,113.3,8827,13479,0.718,147
RAW,113.7,8824,13465,0.777,159
RAW,113.7,8823,13467,0.621,127
RAW,113.7,8830,13470,0.606,124
RAW,114.0,8829,13470,0.660,135
RAW,114.0,8827,13465,0.621,127
RAW,114.0,8822,13468,0.606,124
RAW,114.3,8831,13471,0.606,124
RAW,114.3,8833,13478,0.640,131
RAW,114.3,8833,13466,0.782,160
RAW,114.6,8836,13473,0.704,144
RAW,114.6,8837,13476,0.767,157
RAW,114.6,8831,13475,0.797,163
RAW,114.9,8842,13483,0.821,168
RAW,114.9,8843,13468,0.860,176
RAW,114.9,8835,13474,0.855,175
RAW,115.2,8859,13486,0.821,168
RAW,115.2,8853,13494,0.684,140
RAW,115.2,8847,13491,0.645,132
RAW,115.5,8852,13488,0.611,125
RAW,115.5,8849,13492,0.582,119
RAW,115.5,8846,13482,0.587,120
RAW,115.8,8841,13484,0.640,131
RAW,115.8,8843,13484,0.601,123
RAW,115.8,8846,13495,0.577,118
RAW,116.1,8801,13456,0.621,127
RAW,116.1,8807,13447,0.645,132
RAW,116.1,8823,13465,0.606,124
RAW,116.4,8776,13434,0.547,112
RAW,116.4,8781,13439,0.562,115
RAW,116.4,8794,13449,0.557,114
RAW,116.7,8762,13427,0.562,115
RAW,116.7,8769,13425,0.587,120
RAW,116.7,8770,13436,0.567,116
RAW,117.0,8746,13405,0.616,126
RAW,117.0,8752,13415,0.606,124
RAW,117.0,8761,13419,0.601,123
RAW,117.3,8730,13396,0.552,113
RAW,117.3,8736,13400,0.567,116
RAW,117.3,8737,13412,0.557,114
RAW,117.6,8728,13388,0.557,114
RAW,117.6,8729,13386,0.596,122
RAW,117.6,8735,13393,0.714,146
RAW,117.9,8724,13392,0.718,147
RAW,117.9,8726,13398,0.772,158
RAW,117.9,8718,13384,0.802,164
RAW,118.2,8727,13398,0.743,152
RAW,118.2,8731,13403,0.802,164
RAW,118.2,8733,13392,0.826,169
RAW,118.6,8733,13394,0.762,156
RAW,118.6,8730,13387,0.621,127
RAW,118.6,8727,13393,0.577,118
RAW,118.8,8742,13394,0.650,133
RAW,118.8,8733,13394,0.601,123
RAW,118.8,8733,13391,0.621,127
RAW,119.2,8731,13394,0.616,126
RAW,119.2,8732,13385,0.606,124
RAW,119.2,8728,13390,0.709,145
RAW,119.5,8730,13385,0.557,114
RAW,119.5,8727,13386,0.714,146
RAW,119.5,8722,13384,0.704,144
RAW,119.8,8733,13386,0.802,164
RAW,119.8,8732,13387,0.826,169
RAW,119.8,8736,13382,0.806,165
RAW,120.1,8736,13386,0.811,166
RAW,120.1,8736,13395,0.674,138
RAW,120.1,8732,13383,0.616,126
RAW,120.4,8737,13389,0.587,120
RAW,120.4,8740,13381,0.543,111
RAW,120.4,8741,13385,0.552,113
RAW,120.7,8736,13388,0.567,116
RAW,120.7,8742,13391,0.543,111
RAW,120.7,8738,13385,0.538,110
RAW,121.0,8733,13395,0.572,117
RAW,121.0,8742,13383,0.582,119
RAW,121.0,8741,13388,0.567,116
RAW,121.3,8735,13389,0.543,111
RAW,121.3,8740,13387,0.528,108
RAW,121.3,8736,13389,0.513,105
RAW,121.6,8744,13393,0.528,108
RAW,121.6,8743,13391,0.523,107
RAW,121.6,8741,13395,0.533,109
RAW,121.9,8747,13394,0.552,113
RAW,121.9,8744,13393,0.547,112
RAW,121.9,8745,13391,0.547,112
RAW,122.2,8751,13394,0.513,105
RAW,122.2,8749,13398,0.518,106
RAW,122.2,8746,13402,0.547,112
RAW,122.5,8748,13396,0.513,105
RAW,122.5,8750,13395,0.513,105
RAW,122.5,8748,13396,0.645,132
RAW,122.8,8750,13395,0.616,126
RAW,122.8,8755,13389,0.728,149
RAW,122.8,8745,13398,0.743,152
RAW,123.1,8761,13406,0.738,151
RAW,123.1,8751,13400,0.767,157
RAW,123.1,8752,13395,0.787,161
RAW,123.4,8753,13407,0.723,148
RAW,123.4,8755,13407,0.660,135
RAW,123.4,8747,13403,0.552,113
RAW,123.7,8739,13379,0.601,123
RAW,123.7,8756,13394,0.567,116
RAW,123.7,8756,13404,0.567,116
RAW,124.1,8701,13355,0.577,118
RAW,124.1,8713,13367,0.572,117
RAW,124.1,8718,13367,0.572,117
RAW,124.4,8674,13328,0.499,102
RAW,124.4,8689,13337,0.655,134
RAW,124.4,8698,13344,0.723,148
RAW,124.7,8658,13317,0.738,151
RAW,124.7,8665,13323,0.772,158
RAW,124.7,8667,13322,0.758,155
RAW,125.0,8651,13310,0.772,158
RAW,125.0,8656,13315,0.679,139
RAW,125.0,8666,13323,0.582,119
RAW,125.3,8656,13318,0.567,116
RAW,125.3,8650,13313,0.528,108
RAW,125.3,8657,13318,0.577,118
RAW,125.6,8644,13302,0.528,108
RAW,125.6,8655,13319,0.499,102
RAW,125.6,8656,13303,0.494,101
RAW,125.9,8646,13312,0.533,109
RAW,125.9,8652,13312,0.547,112
RAW,125.9,8644,13314,0.533,109
RAW,126.2,8653,13319,0.484,99
RAW,126.2,8644,13318,0.513,105
RAW,126.2,8661,13318,0.494,101
RAW,126.5,8663,13316,0.479,98
RAW,126.5,8656,13324,0.489,100
RAW,126.5,8654,13325,0.489,100
RAW,126.8,8654,13320,0.518,106
RAW,126.8,8660,13321,0.508,104
RAW,126.8,8662,13318,0.508,104
RAW,127.1,8649,13314,0.484,99
RAW,127.1,8645,13319,0.508,104
RAW,127.1,8656,13317,0.538,110
RAW,127.4,8652,13319,0.489,100
RAW,127.4,8643,13322,0.494,101
RAW,127.4,8652,13320,0.552,113
RAW,127.7,8647,13323,0.533,109
RAW,127.7,8649,13315,0.674,138
RAW,127.7,8651,13318,0.723,148
RAW,128.0,8651,13328,0.704,144
RAW,128.0,8646,13314,0.738,151
RAW,128.0,8655,13312,0.748,153
RAW,128.3,8641,13308,0.689,141
RAW,128.3,8641,13309,0.689,141
RAW,128.3,8647,13310,0.543,111
RAW,128.6,8636,13302,0.611,125
RAW,128.6,8636,13313,0.572,117
RAW,128.6,8642,13297,0.552,113
RAW,128.9,8639,13300,0.567,116
RAW,128.9,8638,13286,0.543,111
RAW,128.9,8635,13298,0.533,109
RAW,129.3,8639,13307,0.489,100
RAW,129.3,8637,13296,0.567,116
RAW,129.3,8638,13306,0.665,136
RAW,129.6,8631,13300,0.694,142
RAW,129.6,8631,13297,0.733,150
RAW,129.6,8637,13305,0.723,148
RAW,129.9,8638,13296,0.762,156
RAW,129.9,8640,13300,0.762,156
RAW,129.9,8641,13294,0.572,117
RAW,130.2,8636,13299,0.606,124
RAW,130.2,8639,13300,0.523,107
RAW,130.2,8634,13290,0.489,100
RAW,130.5,8629,13287,0.503,103
RAW,130.5,8629,13292,0.494,101
RAW,130.5,8639,13294,0.479,98
RAW,130.8,8632,13294,0.523,107
RAW,130.8,8629,13288,0.508,104
RAW,130.8,8625,13279,0.508,104
RAW,131.1,8627,13280,0.469,96
RAW,131.1,8626,13280,0.479,98
RAW,131.1,8630,13285,0.513,105
RAW,131.4,8614,13278,0.469,96
RAW,131.4,8627,13274,0.489,100
RAW,131.4,8623,13284,0.489,100
RAW,131.7,8604,13256,0.518,106
RAW,131.7,8611,13276,0.528,108
RAW,131.7,8614,13274,0.508,104
RAW,132.0,8565,13222,0.494,101
RAW,132.0,8572,13229,0.513,105
RAW,132.0,8582,13239,0.547,112
RAW,132.3,8526,13205,0.484,99
RAW,132.3,8536,13203,0.494,101
RAW,132.3,8546,13208,0.489,100
RAW,132.6,8502,13176,0.494,101
RAW,132.6,8505,13179,0.650,133
RAW,132.6,8518,13190,0.723,148
RAW,132.9,8487,13152,0.714,146
RAW,132.9,8491,13163,0.743,152
RAW,132.9,8496,13170,0.743,152
RAW,133.2,8465,13141,0.679,139
RAW,133.2,8472,13148,0.684,140
RAW,133.2,8482,13146,0.577,118
RAW,133.5,8458,13142,0.674,138
RAW,133.5,8467,13139,0.572,117
RAW,133.5,8457,13137,0.562,115
RAW,133.8,8465,13144,0.650,133
RAW,133.8,8464,13140,0.547,112
RAW,133.8,8466,13141,0.587,120
RAW,134.1,8474,13161,0.484,99
RAW,134.1,8469,13153,0.499,102
RAW,134.1,8468,13147,0.665,136
RAW,134.5,8480,13170,0.684,140
RAW,134.5,8482,13167,0.689,141
RAW,134.5,8480,13154,0.704,144
RAW,134.8,8481,13166,0.762,156
RAW,134.8,8484,13172,0.762,156
RAW,134.8,8479,13172,0.758,155
RAW,135.1,8482,13172,0.621,127
RAW,135.1,8482,13164,0.533,109
RAW,135.1,8482,13165,0.503,103
RAW,135.4,8475,13164,0.518,106
RAW,135.4,8480,13164,0.499,102
RAW,135.4,8482,13169,0.489,100
RAW,135.7,8465,13157,0.528,108
RAW,135.7,8469,13163,0.523,107
RAW,135.7,8470,13151,0.513,105
RAW,136.0,8460,13152,0.484,99
RAW,136.0,8466,13153,0.508,104
RAW,136.0,8469,13158,0.528,108
RAW,136.3,8457,13152,0.484,99
RAW,136.3,8462,13150,0.489,100
RAW,136.3,8463,13150,0.484,99
RAW,136.6,8471,13154,0.533,109
RAW,136.6,8473,13156,0.523,107
RAW,136.6,8465,13152,0.513,105
RAW,136.9,8477,13163,0.528,108
RAW,136.9,8471,13158,0.547,112
RAW,136.9,8472,13158,0.567,116
RAW,137.2,8480,13157,0.508,104
RAW,137.2,8478,13159,0.494,101
RAW,137.2,8477,13163,0.489,100
RAW,137.5,8486,13167,0.464,95
RAW,137.5,8486,13169,0.660,135
RAW,137.5,8479,13169,0.723,148
RAW,137.8,8490,13174,0.714,146
RAW,137.8,8485,13172,0.738,151
RAW,137.8,8481,13175,0.738,151
RAW,138.1,8488,13166,0.694,142
RAW,138.1,8490,13170,0.699,143
RAW,138.1,8489,13175,0.601,123
RAW,138.4,8493,13164,0.709,145
RAW,138.4,8487,13174,0.601,123
RAW,138.4,8493,13166,0.538,110
RAW,138.7,8492,13165,0.567,116
RAW,138.7,8491,13172,0.567,116
RAW,138.7,8493,13161,0.562,115
RAW,139.1,8486,13170,0.518,106
RAW,139.1,8488,13163,0.503,103
RAW,139.1,8490,13171,0.660,135
RAW,139.4,8494,13162,0.621,127
RAW,139.4,8493,13162,0.704,144
RAW,139.4,8490,13166,0.723,148
RAW,139.7,8491,13162,0.758,155
RAW,139.7,8491,13167,0.767,157
RAW,139.7,8491,13161,0.743,152
RAW,140.0,8489,13165,0.655,134
RAW,140.0,8493,13169,0.543,111
RAW,140.0,8491,13158,0.533,109
RAW,140.3,8443,13125,0.513,105
RAW,140.3,8453,13135,0.513,105
RAW,140.3,8468,13143,0.513,105
RAW,140.6,8426,13118,0.538,110
RAW,140.6,8432,13124,0.543,111
RAW,140.6,8435,13124,0.533,109
RAW,140.9,8413,13101,0.499,102
RAW,140.9,8418,13109,0.528,108
RAW,140.9,8422,13116,0.557,114
RAW,141.2,8409,13105,0.508,104
RAW,141.2,8410,13108,0.508,104
RAW,141.2,8414,13104,0.499,102
RAW,141.5,8397,13088,0.538,110
RAW,141.5,8397,13096,0.523,107
RAW,141.5,8398,13098,0.562,115
RAW,141.8,8406,13096,0.557,114
RAW,141.8,8397,13098,0.547,112
RAW,141.8,8399,13090,0.562,115
RAW,142.1,8411,13106,0.513,105
RAW,142.1,8406,13100,0.508,104
RAW,142.1,8408,13100,0.513,105
RAW,142.4,8422,13122,0.552,113
RAW,142.4,8422,13118,0.655,134
RAW,142.4,8414,13112,0.728,149
RAW,142.7,8429,13126,0.714,146
RAW,142.7,8436,13120,0.743,152
RAW,142.7,8432,13118,0.748,153
RAW,143.0,8431,13141,0.699,143
RAW,143.0,8427,13126,0.714,146
RAW,143.0,8434,13128,0.640,131
RAW,143.3,8433,13134,0.762,156
RAW,143.3,8436,13129,0.601,123
RAW,143.3,8435,13125,0.547,112
RAW,143.6,8450,13138,0.582,119
RAW,143.6,8439,13137,0.591,121
RAW,143.6,8444,13133,0.552,113
RAW,143.9,8440,13132,0.528,108
RAW,143.9,8448,13139,0.518,106
RAW,143.9,8444,13135,0.660,135
RAW,144.3,8442,13129,0.640,131
RAW,144.3,8443,13132,0.723,148
RAW,144.3,8442,13128,0.665,136
RAW,144.6,8442,13127,0.762,156
RAW,144.6,8439,13128,0.767,157
RAW,144.6,8442,13119,0.753,154
RAW,144.9,8446,13133,0.689,141
RAW,144.9,8444,13130,0.577,118
RAW,144.9,8444,13134,0.567,116
RAW,145.2,8449,13139,0.543,111
RAW,145.2,8449,13135,0.528,108
RAW,145.2,8448,13139,0.543,111
RAW,145.5,8456,13148,0.547,112
RAW,145.5,8457,13141,0.538,110
RAW,145.5,8456,13148,0.528,108
RAW,145.8,8464,13165,0.547,112
RAW,145.8,8467,13149,0.567,116
RAW,145.8,8456,13154,0.572,117
RAW,146.1,8483,13168,0.513,105
RAW,146.1,8475,13163,0.489,100
RAW,146.1,8476,13163,0.523,107
RAW,146.4,8489,13162,0.533,109
RAW,146.4,8478,13170,0.567,116
RAW,146.4,8482,13169,0.499,102
RAW,146.7,8480,13169,0.562,115
RAW,146.7,8478,13164,0.567,116
RAW,146.7,8481,13160,0.543,111
RAW,147.0,8487,13160,0.503,103
RAW,147.0,8486,13170,0.513,105
RAW,147.0,8481,13163,0.513,105
RAW,147.3,8497,13170,0.567,116
RAW,147.3,8492,13172,0.665,136
RAW,147.3,8492,13177,0.694,142
RAW,147.6,8503,13192,0.694,142
RAW,147.6,8497,13187,0.733,150
RAW,147.6,8500,13181,0.762,156
RAW,147.9,8519,13200,0.714,146
RAW,147.9,8513,13194,0.723,148
RAW,147.9,8505,13195,0.645,132
RAW,148.2,8543,13215,0.743,152
RAW,148.2,8544,13225,0.572,117
RAW,148.2,8529,13230,0.533,109
RAW,148.5,8533,13220,0.591,121
RAW,148.5,8537,13218,0.562,115
RAW,148.5,8539,13223,0.533,109
RAW,148.8,8493,13181,0.538,110
RAW,148.8,8505,13202,0.518,106
RAW,148.8,8522,13207,0.660,135
RAW,149.1,8457,13157,0.621,127
RAW,149.1,8465,13161,0.694,142
RAW,149.1,8481,13174,0.718,147
RAW,149.4,8443,13130,0.743,152
RAW,149.4,8442,13141,0.762,156
RAW,149.4,8455,13143,0.777,159
RAW,149.8,8419,13123,0.723,148
RAW,149.8,8425,13123,0.591,121
RAW,149.8,8437,13131,0.567,116
RAW,150.1,8426,13115,0.528,108
RAW,150.1,8425,13131,0.528,108
RAW,150.1,8429,13117,0.503,103
RAW,150.4,8418,13121,0.528,108
RAW,150.4,8419,13116,0.538,110
RAW,150.4,8418,13118,0.547,112
RAW,150.7,8427,13122,0.547,112
RAW,150.7,8422,13119,0.567,116
RAW,150.7,8411,13121,0.562,115
RAW,151.0,8435,13133,0.508,104
RAW,151.0,8433,13129,0.489,100
RAW,151.0,8430,13126,0.499,102
RAW,151.3,8443,13135,0.533,109
RAW,151.3,8440,13136,0.567,116
RAW,151.3,8440,13135,0.562,115
RAW,151.6,8444,13140,0.552,113
RAW,151.6,8444,13141,0.538,110
RAW,151.6,8437,13138,0.528,108
RAW,151.9,8445,13133,0.489,100
RAW,151.9,8441,13135,0.494,101
RAW,151.9,8437,13126,0.499,102
RAW,152.2,8442,13132,0.547,112
RAW,152.2,8448,13140,0.557,114
RAW,152.2,8439,13138,0.655,134
RAW,152.5,8439,13139,0.679,139
RAW,152.5,8438,13143,0.723,148
RAW,152.5,8439,13143,0.723,148
RAW,152.8,8440,13135,0.684,140
RAW,152.8,8446,13133,0.689,141
RAW,152.8,8434,13137,0.699,143
RAW,153.1,8432,13115,0.704,144
RAW,153.1,8433,13124,0.567,116
RAW,153.1,8435,13125,0.523,107
RAW,153.4,8426,13115,0.582,119
RAW,153.4,8424,13109,0.533,109
RAW,153.4,8426,13112,0.528,108
RAW,153.7,8428,13121,0.523,107
RAW,153.7,8428,13117,0.503,103
RAW,153.7,8425,13113,0.660,135
RAW,154.0,8432,13124,0.518,106
RAW,154.0,8429,13120,0.670,137
RAW,154.0,8425,13111,0.718,147
RAW,154.3,8425,13114,0.723,148
RAW,154.3,8426,13123,0.743,152
RAW,154.3,8426,13111,0.753,154
RAW,154.6,8426,13113,0.743,152
RAW,154.6,8427,13120,0.601,123
RAW,154.6,8431,13127,0.577,118
RAW,155.0,8427,13109,0.523,107
RAW,155.0,8427,13113,0.528,108
RAW,155.0,8423,13117,0.479,98
RAW,155.3,8435,13117,0.513,105
RAW,155.3,8430,13118,0.528,108
RAW,155.3,8431,13117,0.543,111
RAW,155.6,8446,13129,0.547,112
RAW,155.6,8437,13122,0.552,113
RAW,155.6,8442,13131,0.538,110
RAW,155.9,8445,13139,0.479,98
RAW,155.9,8443,13137,0.474,97
RAW,155.9,8438,13126,0.474,97
RAW,156.2,8451,13136,0.543,111
RAW,156.2,8449,13143,0.543,111
RAW,156.2,8447,13140,0.508,104
RAW,156.5,8455,13134,0.523,107
RAW,156.5,8444,13140,0.518,106
RAW,156.5,8451,13146,0.528,108
RAW,156.8,8448,13133,0.464,95
RAW,156.8,8456,13139,0.484,99
RAW,156.8,8450,13128,0.479,98
RAW,157.1,8425,13114,0.503,103
RAW,157.1,8439,13116,0.499,102
RAW,157.1,8442,13123,0.611,125
RAW,157.4,8390,13080,0.640,131
RAW,157.4,8392,13088,0.704,144
RAW,157.4,8406,13099,0.704,144
RAW,157.7,8368,13068,0.665,136
RAW,157.7,8367,13081,0.694,142
RAW,157.7,8376,13078,0.689,141
RAW,158.0,8362,13066,0.679,139
RAW,158.0,8364,13067,0.582,119
RAW,158.0,8361,13066,0.528,108
RAW,158.3,8356,13056,0.547,112
RAW,158.3,8364,13064,0.611,125
RAW,158.3,8359,13060,0.533,109
RAW,158.6,8340,13056,0.503,103
RAW,158.6,8349,13051,0.489,100
RAW,158.6,8357,13050,0.567,116
RAW,158.9,8357,13044,0.479,98
RAW,158.9,8349,13042,0.645,132
RAW,158.9,8352,13048,0.704,144
RAW,159.2,8357,13052,0.704,144
RAW,159.2,8356,13050,0.743,152
RAW,159.2,8356,13044,0.743,152
RAW,159.6,8365,13058,0.767,157
RAW,159.6,8368,13066,0.650,133
RAW,159.6,8365,13060,0.572,117
RAW,159.9,8368,13065,0.547,112
RAW,159.9,8382,13069,0.503,103
RAW,159.9,8376,13075,0.489,100
RAW,160.2,8374,13073,0.557,114
RAW,160.2,8368,13068,0.543,111
RAW,160.2,8377,13062,0.547,112
RAW,160.5,8377,13065,0.538,110
RAW,160.5,8376,13069,0.528,108
RAW,160.5,8375,13079,0.528,108
RAW,160.8,8378,13066,0.484,99
RAW,160.8,8381,13066,0.484,99
RAW,160.8,8374,13068,0.479,98
RAW,161.1,8375,13071,0.596,122
RAW,161.1,8379,13076,0.489,100
RAW,161.1,8368,13074,0.494,101
RAW,161.4,8374,13067,0.494,101
RAW,161.4,8376,13069,0.543,111
RAW,161.4,8378,13071,0.523,107
RAW,161.7,8382,13074,0.474,97
RAW,161.7,8385,13077,0.484,99
RAW,161.7,8379,13075,0.474,97
RAW,162.0,8379,13068,0.484,99
RAW,162.0,8383,13067,0.484,99
RAW,162.0,8381,13076,0.591,121
RAW,162.3,8386,13081,0.582,119
RAW,162.3,8386,13079,0.665,136
RAW,162.3,8376,13073,0.704,144
RAW,162.6,8392,13085,0.679,139
RAW,162.6,8392,13081,0.704,144
RAW,162.6,8381,13089,0.699,143
RAW,162.9,8395,13082,0.689,141
RAW,162.9,8391,13083,0.650,133
RAW,162.9,8389,13091,0.538,110
RAW,163.2,8400,13085,0.577,118
RAW,163.2,8407,13084,0.547,112
RAW,163.2,8397,13084,0.547,112
RAW,163.5,8397,13097,0.503,103
RAW,163.5,8403,13090,0.523,107
RAW,163.5,8403,13088,0.557,114
RAW,163.8,8406,13091,0.513,105
RAW,163.8,8402,13087,0.591,121
RAW,163.8,8394,13092,0.689,141
RAW,164.1,8405,13100,0.689,141
RAW,164.1,8407,13094,0.718,147
RAW,164.1,8407,13081,0.762,156
RAW,164.4,8409,13100,0.772,158
RAW,164.4,8414,13104,0.748,153
RAW,164.4,8403,13092,0.528,108
RAW,164.8,8415,13102,0.557,114
RAW,164.8,8417,13110,0.513,105
RAW,164.8,8414,13109,0.489,100
RAW,165.1,8417,13099,0.572,117
RAW,165.1,8414,13110,0.547,112
RAW,165.1,8418,13100,0.513,105
RAW,165.4,8415,13115,0.538,110
RAW,165.4,8418,13111,0.528,108
RAW,165.4,8418,13104,0.528,108
RAW,165.7,8410,13090,0.494,101
RAW,165.7,8415,13101,0.489,100
RAW,165.7,8419,13106,0.494,101
RAW,166.0,8370,13066,0.508,104
RAW,166.0,8382,13075,0.489,100
RAW,166.0,8391,13087,0.489,100
RAW,166.3,8351,13040,0.513,105
RAW,166.3,8358,13052,0.523,107
RAW,166.3,8366,13054,0.508,104
RAW,166.6,8338,13031,0.508,104
RAW,166.6,8345,13045,0.489,100
RAW,166.6,8346,13047,0.494,101
RAW,166.9,8329,13026,0.494,101
RAW,166.9,8329,13024,0.484,99
RAW,166.9,8329,13030,0.562,115
RAW,167.2,8332,13032,0.513,105
RAW,167.2,8335,13026,0.665,136
RAW,167.2,8325,13018,0.709,145
RAW,167.5,8341,13029,0.674,138
RAW,167.5,8345,13038,0.684,140
RAW,167.5,8332,13030,0.723,148
RAW,167.8,8351,13047,0.689,141
RAW,167.8,8350,13040,0.694,142
RAW,167.8,8348,13052,0.552,113
RAW,168.1,8365,13057,0.665,136
RAW,168.1,8363,13055,0.572,117
RAW,168.1,8356,13048,0.533,109
RAW,168.4,8372,13059,0.552,113
RAW,168.4,8361,13050,0.567,116
RAW,168.4,8362,13046,0.547,112
RAW,168.7,8376,13059,0.518,106
RAW,168.7,8367,13056,0.508,104
RAW,168.7,8364,13056,0.665,136
RAW,169.0,8377,13068,0.670,137
RAW,169.0,8373,13062,0.753,154
RAW,169.0,8377,13049,0.777,159
RAW,169.3,8395,13085,0.772,158
RAW,169.3,8388,13073,0.782,160
RAW,169.3,8388,13072,0.782,160
RAW,169.6,8399,13087,0.621,127
RAW,169.6,8397,13089,0.543,111
RAW,169.6,8403,13084,0.523,107
RAW,169.9,8402,13081,0.562,115
RAW,169.9,8403,13087,0.528,108
RAW,169.9,8400,13081,0.508,104
RAW,170.3,8411,13095,0.547,112
RAW,170.3,8407,13094,0.538,110
RAW,170.3,8406,13093,0.528,108
RAW,170.6,8427,13112,0.489,100
RAW,170.6,8424,13108,0.494,101
RAW,170.6,8416,13103,0.523,107
RAW,170.9,8445,13139,0.489,100
RAW,170.9,8436,13124,0.494,101
RAW,170.9,8429,13122,0.489,100
RAW,171.2,8458,13140,0.533,109
RAW,171.2,8456,13144,0.513,105
RAW,171.2,8453,13136,0.528,108
RAW,171.5,8458,13147,0.489,100
RAW,171.5,8466,13143,0.494,101
RAW,171.5,8460,13139,0.489,100
RAW,171.8,8470,13144,0.494,101
RAW,171.8,8467,13144,0.489,100
RAW,171.8,8465,13142,0.494,101
RAW,172.1,8462,13151,0.528,108
RAW,172.1,8465,13148,0.621,127
RAW,172.1,8464,13149,0.689,141
RAW,172.4,8456,13135,0.645,132
RAW,172.4,8461,13143,0.718,147
RAW,172.4,8462,13149,0.758,155
RAW,172.7,8461,13138,0.694,142
RAW,172.7,8453,13134,0.709,145
RAW,172.7,8453,13134,0.655,134
RAW,173.0,8472,13148,0.728,149
RAW,173.0,8471,13134,0.587,120
RAW,173.0,8464,13146,0.562,115
RAW,173.3,8469,13142,0.587,120
RAW,173.3,8474,13139,0.572,117
RAW,173.3,8470,13142,0.577,118
RAW,173.6,8465,13135,0.508,104
RAW,173.6,8462,13135,0.508,104
RAW,173.6,8469,13141,0.640,131
RAW,173.9,8459,13120,0.621,127
RAW,173.9,8464,13129,0.758,155
RAW,173.9,8462,13130,0.782,160
RAW,174.2,8435,13105,0.762,156
RAW,174.2,8450,13121,0.772,158
RAW,174.2,8450,13116,0.782,160
RAW,174.5,8423,13108,0.728,149
RAW,174.5,8424,13109,0.567,116
RAW,174.5,8426,13104,0.538,110
RAW,174.8,8403,13096,0.572,117
RAW,174.8,8416,13099,0.523,107
RAW,174.8,8421,13101,0.508,104
RAW,175.1,8393,13074,0.552,113
RAW,175.1,8395,13077,0.552,113
RAW,175.1,8396,13089,0.552,113
RAW,175.5,8399,13079,0.499,102
RAW,175.5,8397,13075,0.494,101
RAW,175.5,8390,13074,0.499,102
RAW,175.8,8403,13083,0.499,102
RAW,175.8,8403,13087,0.503,103
RAW,175.8,8405,13083,0.494,101
RAW,176.1,8411,13088,0.528,108
RAW,176.1,8417,13091,0.528,108
RAW,176.1,8414,13089,0.543,111
RAW,176.4,8405,13091,0.499,102
RAW,176.4,8409,13097,0.508,104
RAW,176.4,8412,13098,0.523,107
RAW,176.7,8417,13101,0.499,102
RAW,176.7,8420,13087,0.513,105
RAW,176.7,8414,13098,0.503,103
RAW,177.0,8439,13112,0.528,108
RAW,177.0,8421,13106,0.582,119
RAW,177.0,8423,13088,0.704,144
RAW,177.3,8454,13120,0.650,133
RAW,177.3,8450,13125,0.743,152
RAW,177.3,8439,13116,0.762,156
RAW,177.6,8462,13140,0.699,143
RAW,177.6,8462,13121,0.714,146
RAW,177.6,8454,13131,0.723,148
RAW,177.9,8458,13131,0.723,148
RAW,177.9,8461,13127,0.616,126
RAW,177.9,8462,13139,0.640,131
RAW,178.2,8453,13125,0.601,123
RAW,178.2,8456,13126,0.577,118
RAW,178.2,8452,13125,0.582,119
RAW,178.5,8457,13128,0.518,106
RAW,178.5,8453,13133,0.538,110
RAW,178.5,8454,13124,0.606,124
RAW,178.8,8454,13129,0.587,120
RAW,178.8,8456,13128,0.728,149
RAW,178.8,8454,13125,0.748,153
RAW,179.1,8461,13122,0.758,155
RAW,179.1,8450,13123,0.777,159
RAW,179.1,8450,13120,0.772,158
RAW,179.4,8459,13131,0.748,153
RAW,179.4,8455,13121,0.587,120
RAW,179.4,8453,13124,0.543,111
RAW,179.7,8466,13132,0.552,113
RAW,179.7,8474,13134,0.528,108
RAW,179.7,8459,13128,0.528,108
RAW,180.1,8481,13144,0.567,116
RAW,180.1,8475,13146,0.552,113
RAW,180.1,8468,13140,0.538,110
RAW,180.4,8487,13151,0.508,104
RAW,180.4,8489,13153,0.508,104
RAW,180.4,8487,13158,0.513,105
RAW,180.7,8492,13159,0.552,113
RAW,180.7,8493,13153,0.503,103
RAW,180.7,8487,13154,0.508,104
RAW,181.0,8501,13166,0.538,110
RAW,181.0,8498,13169,0.543,111
RAW,181.0,8496,13163,0.533,109
RAW,181.3,8507,13177,0.499,102
RAW,181.3,8501,13173,0.528,108
RAW,181.3,8505,13167,0.543,111
RAW,181.6,8504,13177,0.503,103
RAW,181.6,8502,13170,0.508,104
RAW,181.6,8508,13169,0.513,105
RAW,181.9,8500,13166,0.543,111
RAW,181.9,8507,13160,0.543,111
RAW,181.9,8501,13167,0.684,140
RAW,182.2,8486,13155,0.645,132
RAW,182.2,8485,13154,0.738,151
RAW,182.2,8487,13157,0.758,155
RAW,182.5,8473,13153,0.718,147
RAW,182.5,8478,13154,0.714,146
RAW,182.5,8472,13152,0.718,147
RAW,182.8,8471,13149,0.748,153
RAW,182.8,8468,13147,0.679,139
RAW,182.8,8468,13144,0.562,115
RAW,183.1,8465,13138,0.621,127
RAW,183.1,8473,13144,0.596,122
RAW,183.1,8463,13153,0.562,115
RAW,183.4,8463,13140,0.503,103
RAW,183.4,8473,13135,0.523,107
RAW,183.4,8467,13128,0.567,116
RAW,183.7,8472,13145,0.567,116
RAW,183.7,8468,13144,0.684,140
RAW,183.7,8468,13141,0.718,147
RAW,184.0,8485,13150,0.753,154
RAW,184.0,8486,13151,0.767,157
RAW,184.0,8481,13150,0.797,163
RAW,184.3,8486,13157,0.743,152
RAW,184.3,8487,13156,0.621,127
RAW,184.3,8493,13160,0.552,113
RAW,184.6,8498,13161,0.557,114
RAW,184.6,8488,13155,0.528,108
RAW,184.6,8483,13163,0.513,105
RAW,184.9,8490,13156,0.557,114
RAW,184.9,8485,13163,0.547,112
RAW,184.9,8491,13154,0.547,112
RAW,185.3,8506,13166,0.508,104
RAW,185.3,8488,13163,0.499,102
RAW,185.3,8488,13152,0.523,107
RAW,185.6,8512,13179,0.494,101
RAW,185.6,8510,13181,0.503,103
RAW,185.6,8515,13177,0.508,104
RAW,185.9,8516,13178,0.528,108
RAW,185.9,8507,13175,0.547,112
RAW,185.9,8509,13181,0.528,108
RAW,186.2,8506,13174,0.533,109
RAW,186.2,8507,13180,0.547,112
RAW,186.2,8510,13180,0.567,116
RAW,186.5,8512,13179,0.503,103
RAW,186.5,8511,13178,0.518,106
RAW,186.5,8502,13182,0.513,105
RAW,186.8,8510,13177,0.538,110
RAW,186.8,8514,13182,0.547,112
RAW,186.8,8506,13176,0.665,136
RAW,187.1,8518,13191,0.616,126
RAW,187.1,8519,13176,0.718,147
RAW,187.1,8514,13179,0.743,152
RAW,187.4,8536,13183,0.660,135
RAW,187.4,8523,13184,0.709,145
RAW,187.4,8519,13186,0.714,146
RAW,187.7,8548,13211,0.762,156
RAW,187.7,8547,13201,0.748,153
RAW,187.7,8536,13193,0.601,123
RAW,188.0,8554,13220,0.621,127
RAW,188.0,8552,13217,0.587,120
RAW,188.0,8548,13208,0.567,116
RAW,188.3,8560,13215,0.523,107
RAW,188.3,8563,13224,0.518,106
RAW,188.3,8560,13216,0.508,104
RAW,188.6,8570,13229,0.543,111
RAW,188.6,8573,13224,0.611,125
RAW,188.6,8567,13222,0.704,144
RAW,188.9,8573,13233,0.733,150
RAW,188.9,8578,13226,0.797,163
RAW,188.9,8575,13222,0.762,156
RAW,189.2,8573,13221,0.728,149
RAW,189.2,8576,13224,0.689,141
RAW,189.2,8577,13226,0.552,113
RAW,189.5,8550,13209,0.552,113
RAW,189.5,8556,13224,0.523,107
RAW,189.5,8563,13218,0.503,103
RAW,189.8,8526,13190,0.533,109
RAW,189.8,8535,13197,0.518,106
RAW,189.8,8542,13197,0.543,111
RAW,190.1,8514,13173,0.499,102
RAW,190.1,8507,13183,0.518,106
RAW,190.1,8519,13179,0.538,110
RAW,190.4,8489,13166,0.489,100
RAW,190.4,8500,13167,0.499,102
RAW,190.4,8501,13170,0.484,99
RAW,190.8,8487,13165,0.528,108
RAW,190.8,8491,13164,0.518,106
RAW,190.8,8495,13158,0.533,109
RAW,191.1,8501,13170,0.518,106
RAW,191.1,8501,13166,0.538,110
RAW,191.1,8493,13168,0.543,111
RAW,191.4,8505,13174,0.513,105
RAW,191.4,8510,13170,0.484,99
RAW,191.4,8502,13167,0.494,101
RAW,191.7,8531,13186,0.528,108
RAW,191.7,8521,13185,0.547,112
RAW,191.7,8514,13185,0.606,124
RAW,192.0,8541,13207,0.533,109
RAW,192.0,8537,13202,0.684,140
RAW,192.0,8531,13200,0.699,143
RAW,192.3,8560,13220,0.655,134
RAW,192.3,8555,13210,0.582,119
RAW,192.3,8546,13211,0.694,142
RAW,192.6,8556,13218,0.728,149
RAW,192.6,8556,13225,0.718,147
RAW,192.6,8556,13219,0.533,109
RAW,192.9,8552,13221,0.679,139
RAW,192.9,8558,13221,0.567,116
RAW,192.9,8560,13215,0.533,109
RAW,193.2,8555,13223,0.484,99
RAW,193.2,8552,13222,0.484,99
RAW,193.2,8565,13217,0.508,104
RAW,193.5,8572,13237,0.489,100
RAW,193.5,8565,13240,0.577,118
RAW,193.5,8561,13221,0.670,137
RAW,193.8,8576,13240,0.684,140
RAW,193.8,8575,13235,0.718,147
RAW,193.8,8572,13230,0.743,152
RAW,194.1,8583,13249,0.699,143
RAW,194.1,8581,13249,0.704,144
RAW,194.1,8580,13238,0.562,115
RAW,194.4,8581,13241,0.562,115
RAW,194.4,8578,13238,0.401,82
RAW,194.4,8580,13247,0.494,101
RAW,194.7,8584,13242,0.528,108
RAW,194.7,8585,13248,0.513,105
RAW,194.7,8580,13244,0.508,104
RAW,195.0,8588,13239,0.479,98
RAW,195.0,8589,13249,0.518,106
RAW,195.0,8582,13244,0.528,108
RAW,195.3,8578,13237,0.459,94
RAW,195.3,8589,13243,0.464,95
RAW,195.3,8580,13250,0.469,96
RAW,195.6,8574,13248,0.479,98
RAW,195.6,8582,13233,0.503,103
RAW,195.6,8579,13246,0.523,107
RAW,195.9,8586,13243,0.503,103
RAW,195.9,8593,13249,0.508,104
RAW,195.9,8584,13240,0.415,85
RAW,196.3,8594,13254,0.459,94
RAW,196.3,8596,13246,0.459,94
RAW,196.3,8581,13239,0.464,95
RAW,196.6,8593,13250,0.499,102
RAW,196.6,8584,13248,0.513,105
RAW,196.6,8594,13250,0.547,112
RAW,196.9,8575,13229,0.503,103
RAW,196.9,8587,13235,0.645,132
RAW,196.9,8593,13241,0.689,141
RAW,197.2,8534,13198,0.616,126
RAW,197.2,8550,13213,0.650,133
RAW,197.2,8555,13213,0.650,133
RAW,197.5,8520,13184,0.694,142
RAW,197.5,8519,13190,0.635,130
RAW,197.5,8529,13192,0.499,102
RAW,197.8,8495,13162,0.557,114
RAW,197.8,8505,13177,0.533,109
RAW,197.8,8509,13181,0.494,101
RAW,198.1,8484,13159,0.455,93
RAW,198.1,8489,13167,0.469,96
RAW,198.1,8488,13165,0.533,109
RAW,198.4,8474,13153,0.455,93
RAW,198.4,8476,13150,0.621,127
RAW,198.4,8480,13150,0.665,136
RAW,198.7,8479,13152,0.679,139
RAW,198.7,8479,13151,0.709,145
RAW,198.7,8478,13151,0.723,148
RAW,199.0,8482,13156,0.679,139
RAW,199.0,8474,13146,0.518,106
RAW,199.0,8478,13148,0.528,108
RAW,199.3,8498,13172,0.484,99
RAW,199.3,8497,13168,0.464,95
RAW,199.3,8491,13166,0.469,96
RAW,199.6,8503,13173,0.474,97
RAW,199.6,8505,13165,0.489,100
RAW,199.6,8501,13177,0.464,95
RAW,199.9,8509,13174,0.445,91
RAW,199.9,8510,13180,0.484,99
RAW,199.9,8500,13175,0.499,102
RAW,200.2,8496,13174,0.445,91
RAW,200.2,8499,13175,0.440,90
RAW,200.2,8499,13180,0.469,96
RAW,200.6,8498,13178,0.484,99
RAW,200.6,8497,13179,0.489,100
RAW,200.6,8496,13178,0.499,102
RAW,200.9,8499,13173,0.494,101
RAW,200.9,8497,13173,0.489,100
RAW,200.9,8506,13176,0.499,102
RAW,201.2,8502,13182,0.435,89
RAW,201.2,8506,13172,0.450,92
RAW,201.2,8498,13176,0.484,99
RAW,201.5,8511,13182,0.494,101
RAW,201.5,8506,13187,0.621,127
RAW,201.5,8511,13176,0.684,140
RAW,201.8,8522,13194,0.674,138
RAW,201.8,8513,13190,0.679,139
RAW,201.8,8507,13193,0.704,144
RAW,202.1,8526,13196,0.650,133
RAW,202.1,8522,13194,0.528,108
RAW,202.1,8517,13193,0.450,92
RAW,202.4,8526,13203,0.513,105
RAW,202.4,8522,13193,0.503,103
RAW,202.4,8524,13198,0.489,100
RAW,202.7,8529,13210,0.513,105
RAW,202.7,8527,13203,0.499,102
RAW,202.7,8530,13199,0.621,127
RAW,203.0,8538,13210,0.567,116
RAW,203.0,8539,13213,0.645,132
RAW,203.0,8535,13202,0.660,135
RAW,203.3,8545,13206,0.699,143
RAW,203.3,8538,13216,0.709,145
RAW,203.3,8547,13211,0.635,130
RAW,203.6,8548,13224,0.543,111
RAW,203.6,8539,13233,0.518,106
RAW,203.6,8539,13222,0.489,100
RAW,203.9,8566,13239,0.445,91
RAW,203.9,8566,13237,0.445,91
RAW,203.9,8561,13234,0.445,91
RAW,204.2,8572,13242,0.440,90
RAW,204.2,8561,13234,0.440,90
RAW,204.2,8565,13237,0.430,88
RAW,204.5,8540,13212,0.469,96
RAW,204.5,8560,13232,0.459,94
RAW,204.5,8564,13229,0.489,100
RAW,204.9,8504,13190,0.440,90
RAW,204.9,8517,13197,0.435,89
RAW,204.9,8522,13200,0.474,97
RAW,205.1,8480,13160,0.430,88
RAW,205.1,8490,13176,0.440,90
RAW,205.1,8495,13177,0.435,89
RAW,205.5,8456,13147,0.464,95
RAW,205.5,8466,13151,0.484,99
RAW,205.5,8471,13162,0.469,96
RAW,205.8,8452,13149,0.440,90
RAW,205.8,8459,13160,0.567,116
RAW,205.8,8461,13160,0.665,136
RAW,206.1,8456,13146,0.611,125
RAW,206.1,8454,13149,0.645,132
RAW,206.1,8450,13145,0.650,133
RAW,206.4,8442,13137,0.694,142
RAW,206.4,8447,13151,0.684,140
RAW,206.4,8445,13142,0.533,109
RAW,206.7,8450,13159,0.528,108
RAW,206.7,8449,13159,0.528,108
RAW,206.7,8438,13140,0.528,108
RAW,207.0,8468,13166,0.450,92
RAW,207.0,8462,13154,0.450,92
RAW,207.0,8457,13165,0.450,92
RAW,207.3,8464,13163,0.484,99
RAW,207.3,8462,13161,0.655,134
RAW,207.3,8462,13165,0.699,143
RAW,207.6,8468,13162,0.684,140
RAW,207.6,8460,13170,0.723,148
RAW,207.6,8464,13152,0.709,145
RAW,207.9,8458,13160,0.674,138
RAW,207.9,8463,13166,0.528,108
RAW,207.9,8460,13153,0.484,99
RAW,208.2,8468,13158,0.459,94
RAW,208.2,8462,13166,0.523,107
RAW,208.2,8460,13165,0.489,100
RAW,208.5,8468,13159,0.508,104
RAW,208.5,8468,13167,0.479,98
RAW,208.5,8469,13166,0.494,101
RAW,208.8,8470,13166,0.455,93
RAW,208.8,8469,13156,0.450,92
RAW,208.8,8469,13168,0.445,91
RAW,209.1,8473,13171,0.469,96
RAW,209.1,8470,13165,0.459,94
RAW,209.1,8466,13176,0.357,73
RAW,209.4,8476,13166,0.474,97
RAW,209.4,8468,13176,0.489,100
RAW,209.4,8466,13172,0.469,96
RAW,209.8,8479,13172,0.455,93
RAW,209.8,8478,13168,0.450,92
RAW,209.8,8474,13171,0.445,91
RAW,210.1,8489,13183,0.455,93
RAW,210.1,8483,13180,0.450,92
RAW,210.1,8476,13167,0.425,87
RAW,210.4,8491,13182,0.528,108
RAW,210.4,8492,13178,0.655,134
RAW,210.4,8487,13178,0.689,141
RAW,210.7,8501,13193,0.660,135
RAW,210.7,8491,13195,0.660,135
RAW,210.7,8492,13189,0.670,137
RAW,211.0,8508,13202,0.660,135
RAW,211.0,8505,13200,0.567,116
RAW,211.0,8505,13199,0.494,101
RAW,211.3,8511,13210,0.425,87
RAW,211.3,8512,13206,0.508,104
RAW,211.3,8505,13206,0.494,101
RAW,211.6,8509,13207,0.464,95
RAW,211.6,8513,13209,0.479,98
RAW,211.6,8517,13199,0.601,123
RAW,211.9,8523,13209,0.518,106
RAW,211.9,8517,13214,0.650,133
RAW,211.9,8516,13209,0.679,139
RAW,212.2,8525,13224,0.723,148
RAW,212.2,8528,13227,0.723,148
RAW,212.2,8525,13222,0.728,149
RAW,212.5,8492,13189,0.674,138
RAW,212.5,8509,13195,0.552,113
RAW,212.5,8522,13215,0.547,112
RAW,212.8,8455,13160,0.474,97
RAW,212.8,8454,13155,0.455,93
RAW,212.8,8463,13171,0.469,96
RAW,213.1,8432,13157,0.503,103
RAW,213.1,8440,13151,0.508,104
RAW,213.1,8450,13163,0.503,103
RAW,213.4,8424,13142,0.508,104
RAW,213.4,8436,13150,0.508,104
RAW,213.4,8435,13151,0.513,105
RAW,213.7,8421,13138,0.450,92
RAW,213.7,8419,13140,0.469,96
RAW,213.7,8425,13152,0.459,94
RAW,214.0,8416,13135,0.508,104
RAW,214.0,8420,13142,0.503,103
RAW,214.0,8424,13145,0.469,96
RAW,214.4,8421,13148,0.494,101
RAW,214.4,8422,13150,0.518,106
RAW,214.4,8419,13145,0.513,105
RAW,214.6,8429,13159,0.459,94
RAW,214.6,8434,13151,0.459,94
RAW,214.6,8436,13159,0.587,120
RAW,215.0,8435,13166,0.562,115
RAW,215.0,8435,13165,0.606,124
RAW,215.0,8433,13159,0.650,133
RAW,215.3,8445,13168,0.704,144
RAW,215.3,8440,13164,0.718,147
RAW,215.3,8436,13158,0.704,144
RAW,215.6,8446,13163,0.660,135
RAW,215.6,8440,13166,0.552,113
RAW,215.6,8444,13166,0.494,101
RAW,215.9,8446,13162,0.469,96
RAW,215.9,8435,13168,0.489,100
RAW,215.9,8440,13160,0.469,96
RAW,216.2,8449,13178,0.518,106
RAW,216.2,8440,13166,0.518,106
RAW,216.2,8443,13160,0.645,132
RAW,216.5,8447,13175,0.547,112
RAW,216.5,8447,13168,0.670,137
RAW,216.5,8448,13164,0.704,144
RAW,216.8,8450,13178,0.684,140
RAW,216.8,8455,13178,0.704,144
RAW,216.8,8452,13169,0.709,145
RAW,217.1,8456,13189,0.611,125
RAW,217.1,8457,13185,0.533,109
RAW,217.1,8460,13173,0.528,108
RAW,217.4,8460,13184,0.523,107
RAW,217.4,8466,13187,0.523,107
RAW,217.4,8466,13188,0.508,104
RAW,217.7,8464,13187,0.455,93
RAW,217.7,8467,13182,0.479,98
RAW,217.7,8462,13181,0.464,95
RAW,218.0,8478,13202,0.489,100
RAW,218.0,8472,13195,0.508,104
RAW,218.0,8478,13193,0.518,106
RAW,218.3,8481,13197,0.503,103
RAW,218.3,8480,13202,0.533,109
RAW,218.3,8474,13195,0.499,102
RAW,218.6,8491,13213,0.450,92
RAW,218.6,8493,13205,0.455,93
RAW,218.6,8489,13204,0.464,95
RAW,218.9,8496,13216,0.499,102
RAW,218.9,8493,13212,0.508,104
RAW,218.9,8497,13213,0.513,105
RAW,219.3,8503,13214,0.445,91
RAW,219.3,8501,13219,0.508,104
RAW,219.3,8494,13214,0.650,133
RAW,219.6,8508,13218,0.572,117
RAW,219.6,8506,13234,0.645,132
RAW,219.6,8506,13218,0.655,134
RAW,219.9,8511,13222,0.704,144
RAW,219.9,8515,13227,0.699,143
RAW,219.9,8511,13223,0.616,126
RAW,220.2,8505,13212,0.684,140
RAW,220.2,8514,13226,0.557,114
RAW,220.2,8518,13232,0.528,108
RAW,220.5,8460,13183,0.484,99
RAW,220.5,8479,13202,0.469,96
RAW,220.5,8498,13207,0.489,100
RAW,220.8,8432,13166,0.469,96
RAW,220.8,8445,13165,0.547,112
RAW,220.8,8448,13181,0.650,133
RAW,221.1,8422,13160,0.689,141
RAW,221.1,8425,13165,0.723,148
RAW,221.1,8423,13151,0.718,147
RAW,221.4,8408,13140,0.699,143
RAW,221.4,8413,13137,0.621,127
RAW,221.4,8410,13149,0.533,109
RAW,221.7,8392,13131,0.499,102
RAW,221.7,8398,13128,0.479,98
RAW,221.7,8401,13137,0.469,96
RAW,222.0,8397,13135,0.508,104
RAW,222.0,8392,13126,0.508,104
RAW,222.0,8398,13131,0.499,102
RAW,222.3,8402,13140,0.445,91
RAW,222.3,8402,13132,0.469,96
RAW,222.3,8398,13137,0.503,103
RAW,222.6,8410,13145,0.450,92
RAW,222.6,8410,13145,0.459,94
RAW,222.6,8406,13144,0.455,93
RAW,222.9,8410,13145,0.479,98
RAW,222.9,8419,13140,0.489,100
RAW,222.9,8413,13152,0.494,101
RAW,223.2,8409,13139,0.494,101
RAW,223.2,8408,13138,0.503,103
RAW,223.2,8410,13135,0.508,104
RAW,223.5,8408,13139,0.464,95
RAW,223.5,8410,13148,0.469,96
RAW,223.5,8415,13146,0.455,93
RAW,223.9,8413,13141,0.484,99
RAW,223.9,8409,13150,0.616,126
RAW,223.9,8412,13152,0.689,141
RAW,224.2,8400,13128,0.670,137
RAW,224.2,8406,13137,0.718,147
RAW,224.2,8413,13142,0.709,145
RAW,224.5,8406,13137,0.660,135
RAW,224.5,8407,13124,0.665,136
RAW,224.5,8401,13132,0.513,105
RAW,224.8,8416,13145,0.577,118
RAW,224.8,8411,13144,0.528,108
RAW,224.8,8408,13141,0.533,109
RAW,225.1,8414,13147,0.494,101
RAW,225.1,8410,13149,0.518,106
RAW,225.1,8417,13144,0.503,103
RAW,225.4,8407,13147,0.455,93
RAW,225.4,8406,13145,0.601,123
RAW,225.4,8414,13146,0.665,136
RAW,225.7,8412,13141,0.704,144
RAW,225.7,8409,13147,0.723,148
RAW,225.7,8408,13145,0.699,143
RAW,226.0,8413,13156,0.728,149
RAW,226.0,8413,13147,0.552,113
RAW,226.0,8415,13135,0.523,107
RAW,226.3,8422,13148,0.489,100
RAW,226.3,8421,13152,0.450,92
RAW,226.3,8423,13153,0.459,94
RAW,226.6,8429,13155,0.469,96
RAW,226.6,8431,13155,0.459,94
RAW,226.6,8429,13158,0.455,93
RAW,226.9,8430,13146,0.503,103
RAW,226.9,8424,13144,0.494,101
RAW,226.9,8422,13147,0.489,100
RAW,227.2,8439,13170,0.455,93
RAW,227.2,8435,13159,0.455,93
RAW,227.2,8429,13149,0.450,92
RAW,227.5,8455,13168,0.440,90
RAW,227.5,8449,13171,0.440,90
RAW,227.5,8441,13167,0.450,92
RAW,227.8,8442,13177,0.489,100
RAW,227.8,8443,13175,0.489,100
RAW,227.8,8452,13168,0.508,104
RAW,228.1,8455,13179,0.445,91
RAW,228.1,8454,13170,0.450,92
RAW,228.1,8445,13176,0.582,119
RAW,228.4,8441,13168,0.513,105
RAW,228.4,8456,13172,0.621,127
RAW,228.4,8458,13172,0.660,135
RAW,228.8,8408,13130,0.684,140
RAW,228.8,8420,13149,0.699,143
RAW,228.8,8428,13145,0.694,142
RAW,229.1,8373,13104,0.684,140
RAW,229.1,8386,13120,0.596,122
RAW,229.1,8394,13125,0.543,111
RAW,229.4,8360,13087,0.503,103
RAW,229.4,8363,13094,0.479,98
RAW,229.4,8372,13099,0.455,93
RAW,229.7,8354,13084,0.508,104
RAW,229.7,8354,13080,0.508,104
RAW,229.7,8357,13086,0.645,132
RAW,230.0,8353,13081,0.601,123
RAW,230.0,8356,13079,0.704,144
RAW,230.0,8354,13082,0.723,148
RAW,230.3,8344,13091,0.689,141
RAW,230.3,8351,13081,0.684,140
RAW,230.3,8352,13081,0.694,142
RAW,230.6,8355,13087,0.596,122
RAW,230.6,8352,13083,0.547,112
RAW,230.6,8359,13080,0.533,109
RAW,230.9,8369,13089,0.528,108
RAW,230.9,8364,13099,0.513,105
RAW,230.9,8364,13093,0.513,105
RAW,231.2,8361,13098,0.464,95
RAW,231.2,8366,13096,0.464,95
RAW,231.2,8366,13092,0.450,92
RAW,231.5,8375,13100,0.508,104
RAW,231.5,8368,13097,0.474,97
RAW,231.5,8370,13098,0.455,93
RAW,231.8,8389,13119,0.508,104
RAW,231.8,8375,13113,0.503,103
RAW,231.8,8373,13107,0.489,100
RAW,232.1,8394,13128,0.455,93
RAW,232.1,8390,13117,0.450,92
RAW,232.1,8393,13120,0.469,96
RAW,232.4,8393,13123,0.459,94
RAW,232.4,8394,13125,0.469,96
RAW,232.4,8393,13133,0.464,95
RAW,232.7,8395,13124,0.489,100
RAW,232.7,8394,13130,0.557,114
RAW,232.7,8388,13134,0.650,133
RAW,233.1,8400,13133,0.606,124
RAW,233.1,8394,13124,0.655,134
RAW,233.1,8391,13129,0.670,137
RAW,233.4,8405,13144,0.655,134
RAW,233.4,8407,13137,0.679,139
RAW,233.4,8404,13127,0.552,113
RAW,233.7,8410,13132,0.616,126
RAW,233.7,8405,13143,0.547,112
RAW,233.7,8409,13142,0.523,107
RAW,234.0,8410,13137,0.474,97
RAW,234.0,8414,13140,0.474,97
RAW,234.0,8409,13134,0.503,103
RAW,234.3,8417,13146,0.464,95
RAW,234.3,8412,13137,0.577,118
RAW,234.3,8408,13137,0.655,134
RAW,234.6,8433,13153,0.684,140
RAW,234.6,8427,13144,0.728,149
RAW,234.6,8423,13143,0.723,148
RAW,234.9,8440,13165,0.718,147
RAW,234.9,8439,13164,0.601,123
RAW,234.9,8436,13164,0.547,112
RAW,235.2,8441,13167,0.489,100
RAW,235.2,8439,13159,0.469,96
RAW,235.2,8433,13173,0.464,95
RAW,235.5,8446,13178,0.503,103
RAW,235.5,8443,13172,0.508,104
RAW,235.5,8441,13176,0.513,105
RAW,235.8,8453,13175,0.508,104
RAW,235.8,8454,13175,0.508,104
RAW,235.8,8447,13169,0.508,104
RAW,236.1,8457,13175,0.479,98
RAW,236.1,8458,13180,0.450,92
RAW,236.1,8460,13170,0.455,93
RAW,236.4,8461,13186,0.508,104
RAW,236.4,8462,13183,0.503,103
RAW,236.4,8462,13184,0.508,104
RAW,236.7,8451,13174,0.518,106
RAW,236.7,8460,13187,0.508,104
RAW,236.7,8466,13187,0.513,105
RAW,237.0,8417,13149,0.455,93
RAW,237.0,8426,13154,0.455,93
RAW,237.0,8437,13166,0.518,106
RAW,237.3,8401,13133,0.533,109
RAW,237.3,8407,13139,0.650,133
RAW,237.3,8407,13141,0.655,134
RAW,237.6,8381,13126,0.684,140
RAW,237.6,8390,13123,0.714,146
RAW,237.6,8394,13126,0.699,143
RAW,237.9,8385,13117,0.665,136
RAW,237.9,8379,13114,0.572,117
RAW,237.9,8381,13116,0.503,103
RAW,238.3,8380,13112,0.528,108
RAW,238.3,8385,13115,0.474,97
RAW,238.3,8383,13119,0.459,94
RAW,238.6,8380,13109,0.528,108
RAW,238.6,8374,13110,0.513,105
RAW,238.6,8374,13103,0.606,124
RAW,238.9,8385,13114,0.508,104
RAW,238.9,8387,13106,0.670,137
RAW,238.9,8383,13113,0.684,140
RAW,239.2,8389,13115,0.684,140
RAW,239.2,8388,13113,0.704,144
RAW,239.2,8386,13113,0.704,144
RAW,239.5,8396,13106,0.645,132
RAW,239.5,8395,13110,0.547,112
RAW,239.5,8388,13113,0.518,106
RAW,239.8,8395,13121,0.489,100
RAW,239.8,8394,13117,0.499,102
RAW,239.8,8396,13112,0.513,105
RAW,240.1,8406,13126,0.459,94
RAW,240.1,8406,13124,0.469,96
RAW,240.1,8401,13114,0.469,96
RAW,240.4,8405,13122,0.499,102
RAW,240.4,8405,13126,0.484,99
RAW,240.4,8405,13122,0.508,104
RAW,240.7,8397,9052,0.489,100
RAW,240.7,8397,9044,0.513,105
RAW,240.7,8404,9044,0.513,105
RAW,241.0,8405,9054,0.474,97
RAW,241.0,8403,9050,0.455,93
RAW,241.0,8396,9047,0.455,93
RAW,241.3,8406,9047,0.489,100
RAW,241.3,8404,9051,0.518,106
RAW,241.3,8409,9052,0.528,108
RAW,241.6,8405,9052,0.518,106
RAW,241.6,8403,9052,0.543,111
RAW,241.6,8406,9053,0.665,136
RAW,241.9,8401,9049,0.601,123
RAW,241.9,8411,9048,0.645,132
RAW,241.9,8401,9049,0.660,135
RAW,242.3,8405,9052,0.694,142
RAW,242.3,8409,9050,0.709,145
RAW,242.3,8408,9048,0.606,124
RAW,242.6,8407,9048,0.674,138
RAW,242.6,8405,9045,0.547,112
RAW,242.6,8410,9050,0.533,109
RAW,242.9,8411,9058,0.459,94
RAW,242.9,8408,9054,0.469,96
RAW,242.9,8398,9044,0.489,100
RAW,243.2,8419,9056,0.503,103
RAW,243.2,8410,9055,0.503,103
RAW,243.2,8409,9056,0.557,114
RAW,243.5,8431,9063,0.616,126
RAW,243.5,8418,9067,0.645,132
RAW,243.5,8419,9055,0.621,127
RAW,243.8,8431,9066,0.591,121
RAW,243.8,8434,9070,0.596,122
RAW,243.8,8436,9063,0.484,99
RAW,244.1,8430,9077,0.489,100
RAW,244.1,8433,9067,0.469,96
RAW,244.1,8433,9071,0.450,92
RAW,244.4,8424,9058,0.489,100
RAW,244.4,8428,9069,0.484,99
RAW,244.4,8427,9062,0.450,92
RAW,244.7,8403,9050,0.430,88
RAW,244.7,8411,9057,0.440,90
RAW,244.7,8417,9058,0.464,95
RAW,245.0,8369,9032,0.415,85
RAW,245.0,8378,9034,0.430,88
RAW,245.0,8389,9035,0.435,89
RAW,245.3,8357,9023,0.455,93
RAW,245.3,8355,9032,0.381,78
RAW,245.3,8362,9031,0.450,92
RAW,245.6,8350,9021,0.445,91
RAW,245.6,8354,9020,0.484,99
RAW,245.6,8355,9020,0.489,100
RAW,245.9,8339,9005,0.406,83
RAW,245.9,8346,9013,0.415,85
RAW,245.9,8338,9014,0.435,89
RAW,246.2,8346,9007,0.445,91
RAW,246.2,8340,9007,0.533,109
RAW,246.2,8341,9012,0.621,127
RAW,246.5,8344,9014,0.621,127
RAW,246.5,8343,9013,0.660,135
RAW,246.5,8340,9015,0.660,135
RAW,246.9,8355,9017,0.611,125
RAW,246.9,8354,9020,0.621,127
RAW,246.9,8353,9017,0.513,105
RAW,247.1,8362,9024,0.572,117
RAW,247.1,8357,9020,0.499,102
RAW,247.1,8361,9017,0.469,96
RAW,247.5,8364,9026,0.489,100
RAW,247.5,8370,9024,0.484,99
RAW,247.5,8363,9021,0.469,96
RAW,247.8,8374,9030,0.411,84
RAW,247.8,8371,9029,0.484,99
RAW,247.8,8373,9023,0.547,112
RAW,248.1,8380,9034,0.567,116
RAW,248.1,8382,9036,0.582,119
RAW,248.1,8377,9031,0.557,114
RAW,248.4,8391,9034,0.596,122
RAW,248.4,8386,9033,0.528,108
RAW,248.4,8387,9035,0.474,97
RAW,248.7,8399,9040,0.425,87
RAW,248.7,8398,9044,0.411,84
RAW,248.7,8395,9044,0.391,80
RAW,249.0,8401,9041,0.411,84
RAW,249.0,8398,9044,0.396,81
RAW,249.0,8401,9046,0.391,80
RAW,249.3,8396,9044,0.420,86
RAW,249.3,8400,9039,0.415,85
RAW,249.3,8397,9040,0.430,88
RAW,249.6,8407,9045,0.371,76
RAW,249.6,8404,9047,0.371,76
RAW,249.6,8399,9051,0.401,82
RAW,249.9,8406,9050,0.376,77
RAW,249.9,8408,9052,0.381,78
RAW,249.9,8404,9045,0.381,78
RAW,250.2,8412,9050,0.411,84
RAW,250.2,8411,9047,0.430,88
RAW,250.2,8413,9049,0.391,80
RAW,250.5,8410,9054,0.371,76
RAW,250.5,8409,9054,0.411,84
RAW,250.5,8412,9047,0.435,89
RAW,250.8,8415,9050,0.362,74
RAW,250.8,8414,9051,0.489,100
RAW,250.8,8408,9055,0.547,112
RAW,251.1,8423,9057,0.572,117
RAW,251.1,8414,9057,0.601,123
RAW,251.1,8414,9044,0.601,123
RAW,251.4,8429,9062,0.606,124
RAW,251.4,8426,9058,0.621,127
RAW,251.4,8426,9059,0.489,100
RAW,251.8,8430,9062,0.464,95
RAW,251.8,8431,9063,0.411,84
RAW,251.8,8433,9057,0.386,79
RAW,252.1,8430,9056,0.430,88
RAW,252.1,8426,9064,0.440,90
RAW,252.1,8429,9059,0.440,90
RAW,252.4,8422,9049,0.435,89
RAW,252.4,8421,9049,0.513,105
RAW,252.4,8426,9054,0.552,113
RAW,252.7,8399,9039,0.503,103
RAW,252.7,8409,9047,0.528,108
RAW,252.7,8412,9047,0.528,108
RAW,253.0,8367,9021,0.567,116
RAW,253.0,8372,9027,0.459,94
RAW,253.0,8382,9036,0.401,82
RAW,253.3,8339,9003,0.450,92
RAW,253.3,8346,9006,0.425,87
RAW,253.3,8345,9016,0.425,87
RAW,253.6,8327,8993,0.376,77
RAW,253.6,8331,9001,0.362,74
RAW,253.6,8338,9002,0.371,76
RAW,253.9,8327,8987,0.371,76
RAW,253.9,8329,8991,0.357,73
RAW,253.9,8329,8993,0.371,76
RAW,254.2,8333,8993,0.411,84
RAW,254.2,8330,8989,0.406,83
RAW,254.2,8323,8986,0.391,80
RAW,254.5,8330,8990,0.376,77
RAW,254.5,8327,8979,0.371,76
RAW,254.5,8327,8984,0.371,76
RAW,254.8,8338,8990,0.367,75
RAW,254.8,8335,8989,0.362,74
RAW,254.8,8334,8994,0.362,74
RAW,255.1,8339,8988,0.406,83
RAW,255.1,8344,8988,0.411,84
RAW,255.1,8337,8990,0.474,97
RAW,255.4,8341,8988,0.401,82
RAW,255.4,8338,8996,0.523,107
RAW,255.4,8344,8996,0.562,115
RAW,255.7,8344,8986,0.538,110
RAW,255.7,8347,8993,0.562,115
RAW,255.7,8344,8986,0.562,115
RAW,256.0,8351,8996,0.591,121
RAW,256.0,8348,8992,0.513,105
RAW,256.0,8339,8985,0.415,85
RAW,256.4,8348,9006,0.430,88
RAW,256.4,8344,8993,0.425,87
RAW,256.4,8349,8993,0.415,85
RAW,256.6,8354,8998,0.376,77
RAW,256.6,8353,8994,0.381,78
RAW,256.6,8354,8993,0.459,94
RAW,257.0,8361,8996,0.474,97
RAW,257.0,8358,9003,0.533,109
RAW,257.0,8359,8995,0.567,116
RAW,257.3,8372,9007,0.547,112
RAW,257.3,8366,9002,0.572,117
RAW,257.3,8365,8997,0.577,118
RAW,257.6,8378,9007,0.464,95
RAW,257.6,8372,9009,0.396,81
RAW,257.6,8370,9007,0.371,76
RAW,257.9,8378,9007,0.430,88
RAW,257.9,8382,9012,0.430,88
RAW,257.9,8371,9008,0.415,85
RAW,258.2,8379,9023,0.406,83
RAW,258.2,8380,9017,0.425,87
RAW,258.2,8382,9014,0.430,88
RAW,258.5,8380,9015,0.362,74
RAW,258.5,8379,9011,0.288,59
RAW,258.5,8375,9011,0.367,75
RAW,258.8,8391,9014,0.411,84
RAW,258.8,8390,9020,0.381,78
RAW,258.8,8380,9012,0.371,76
RAW,259.1,8392,9016,0.420,86
RAW,259.1,8392,9017,0.415,85
RAW,259.1,8390,9021,0.406,83
RAW,259.4,8398,9026,0.362,74
RAW,259.4,8392,9019,0.367,75
RAW,259.4,8395,9020,0.371,76
RAW,259.7,8401,9025,0.371,76
RAW,259.7,8398,9029,0.376,77
RAW,259.7,8399,9017,0.518,106
RAW,260.0,8404,9028,0.547,112
RAW,260.0,8400,9025,0.577,118
RAW,260.0,8398,9022,0.606,124
RAW,260.3,8400,9019,0.577,118
RAW,260.3,8403,9027,0.577,118
RAW,260.3,8404,9026,0.552,113
RAW,260.6,8371,9011,0.582,119
RAW,260.6,8379,9011,0.435,89
RAW,260.6,8386,9016,0.367,75
RAW,261.0,8356,9005,0.445,91
RAW,261.0,8364,9001,0.440,90
RAW,261.0,8361,9002,0.425,87
RAW,261.3,8356,8994,0.371,76
RAW,261.3,8359,8998,0.391,80
RAW,261.3,8352,8996,0.528,108
RAW,261.6,8345,8989,0.508,104
RAW,261.6,8349,8994,0.513,105
RAW,261.6,8357,8987,0.533,109
RAW,261.9,8353,8991,0.567,116
RAW,261.9,8353,8993,0.528,108
RAW,261.9,8352,8990,0.459,94
RAW,262.2,8370,9000,0.469,96
RAW,262.2,8360,9006,0.459,94
RAW,262.2,8361,8997,0.450,92
RAW,262.5,8356,9000,0.386,79
RAW,262.5,8369,9003,0.337,69
RAW,262.5,8360,9004,0.381,78
RAW,262.8,8361,8997,0.415,85
RAW,262.8,8360,8998,0.430,88
RAW,262.8,8365,8997,0.445,91
RAW,263.1,8358,8993,0.440,90
RAW,263.1,8362,8991,0.435,89
RAW,263.1,8361,8996,0.430,88
RAW,263.4,8356,8990,0.381,78
RAW,263.4,8355,8994,0.381,78
RAW,263.4,8359,8988,0.376,77
RAW,263.7,8355,8991,0.430,88
RAW,263.7,8358,8993,0.435,89
RAW,263.7,8363,8992,0.401,82
RAW,264.0,8364,8990,0.435,89
RAW,264.0,8359,8990,0.430,88
RAW,264.0,8353,8992,0.450,92
RAW,264.3,8357,8982,0.367,75
RAW,264.3,8361,8982,0.469,96
RAW,264.3,8350,8980,0.547,112
RAW,264.6,8344,8986,0.572,117
RAW,264.6,8346,8974,0.582,119
RAW,264.6,8346,8985,0.591,121
RAW,264.9,8351,8981,0.596,122
RAW,264.9,8356,8983,0.621,127
RAW,264.9,8344,8982,0.513,105
RAW,265.2,8352,8981,0.484,99
RAW,265.2,8353,8974,0.425,87
RAW,265.2,8345,8980,0.401,82
RAW,265.5,8359,8990,0.411,84
RAW,265.5,8359,8984,0.396,81
RAW,265.5,8355,8982,0.396,81
RAW,265.9,8370,8992,0.445,91
RAW,265.9,8359,8988,0.503,103
RAW,265.9,8361,8988,0.552,113
RAW,266.2,8378,9000,0.538,110
RAW,266.2,8380,9001,0.552,113
RAW,266.2,8376,8995,0.567,116
RAW,266.5,8395,9010,0.547,112
RAW,266.5,8388,9005,0.440,90
RAW,266.5,8389,9002,0.425,87
RAW,266.8,8388,9007,0.459,94
RAW,266.8,8405,9013,0.450,92
RAW,266.8,8396,9014,0.430,88
RAW,267.1,8394,9010,0.425,87
RAW,267.1,8390,9006,0.435,89
RAW,267.1,8394,9009,0.450,92
RAW,267.4,8369,8996,0.386,79
RAW,267.4,8381,9004,0.396,81
RAW,267.4,8390,9008,0.396,81
RAW,267.7,8335,8972,0.425,87
RAW,267.7,8348,8985,0.445,91
RAW,267.7,8357,8988,0.455,93
RAW,268.0,8317,8966,0.440,90
RAW,268.0,8324,8967,0.450,92
RAW,268.0,8321,8966,0.445,91
RAW,268.3,8299,8952,0.401,82
RAW,268.3,8304,8953,0.391,80
RAW,268.3,8305,8959,0.391,80
RAW,268.6,8285,8941,0.445,91
RAW,268.6,8292,8949,0.459,94
RAW,268.6,8286,8947,0.528,108
RAW,268.9,8280,8933,0.459,94
RAW,268.9,8280,8936,0.606,124
RAW,268.9,8273,8936,0.621,127
RAW,269.2,8285,8935,0.582,119
RAW,269.2,8283,8932,0.591,121
RAW,269.2,8277,8933,0.601,123
RAW,269.5,8304,8943,0.660,135
RAW,269.5,8295,8941,0.572,117
RAW,269.5,8288,8933,0.479,98
RAW,269.8,8328,8965,0.494,101
RAW,269.8,8326,8954,0.479,98
RAW,269.8,8307,8949,0.459,94
RAW,270.1,8348,8980,0.425,87
RAW,270.1,8349,8973,0.411,84
RAW,270.1,8341,8965,0.474,97
RAW,270.5,8364,8990,0.489,100
RAW,270.5,8361,8987,0.547,112
RAW,270.5,8358,8976,0.557,114
RAW,270.8,8371,8994,0.591,121
RAW,270.8,8370,8998,0.616,126
RAW,270.8,8367,8989,0.606,124
RAW,271.1,8379,8996,0.528,108
RAW,271.1,8379,9000,0.435,89
RAW,271.1,8372,8997,0.415,85
RAW,271.4,8371,8997,0.420,86
RAW,271.4,8374,8995,0.415,85
RAW,271.4,8374,8996,0.406,83
RAW,271.7,8387,9015,0.455,93
RAW,271.7,8388,9009,0.435,89
RAW,271.7,8378,8999,0.450,92
RAW,272.0,8408,9027,0.391,80
RAW,272.0,8406,9025,0.430,88
RAW,272.0,8399,9021,0.464,95
RAW,272.3,8408,9020,0.386,79
RAW,272.3,8413,9025,0.406,83
RAW,272.3,8416,9028,0.411,84
RAW,272.6,8407,9024,0.430,88
RAW,272.6,8408,9026,0.450,92
RAW,272.6,8413,9024,0.425,87
RAW,272.9,8420,9025,0.425,87
RAW,272.9,8418,9025,0.469,96
RAW,272.9,8408,9027,0.474,97
RAW,273.2,8419,9014,0.406,83
RAW,273.2,8413,9022,0.406,83
RAW,273.2,8414,9019,0.523,107
RAW,273.5,8419,9021,0.528,108
RAW,273.5,8419,9025,0.621,127
RAW,273.5,8414,9018,0.670,137
RAW,273.8,8428,9026,0.645,132
RAW,273.8,8432,9026,0.665,136
RAW,273.8,8422,9021,0.670,137
RAW,274.1,8435,9036,0.601,123
RAW,274.1,8437,9033,0.489,100
RAW,274.1,8429,9032,0.430,88
RAW,274.4,8423,9021,0.489,100
RAW,274.4,8434,9030,0.479,98
RAW,274.4,8436,9036,0.474,97
RAW,274.7,8380,9003,0.469,96
RAW,274.7,8403,9007,0.469,96
RAW,274.7,8408,9012,0.572,117
RAW,275.0,8363,8993,0.494,101
RAW,275.0,8369,8997,0.557,114
RAW,275.0,8377,9001,0.562,115
RAW,275.4,8347,8983,0.606,124
RAW,275.4,8353,8987,0.606,124
RAW,275.4,8359,8994,0.567,116
RAW,275.7,8338,8970,0.513,105
RAW,275.7,8343,8980,0.489,100
RAW,275.7,8343,8978,0.474,97
RAW,276.0,8322,8972,0.415,85
RAW,276.0,8330,8973,0.411,84
RAW,276.0,8328,8966,0.425,87
RAW,276.3,8325,8965,0.411,84
RAW,276.3,8331,8963,0.415,85
RAW,276.3,8330,8969,0.411,84
RAW,276.6,8333,8970,0.440,90
RAW,276.6,8340,8973,0.445,91
RAW,276.6,8330,8968,0.450,92
RAW,276.9,8353,8984,0.411,84
RAW,276.9,8344,8986,0.406,83
RAW,276.9,8343,8976,0.420,86
RAW,277.2,8367,8990,0.415,85
RAW,277.2,8367,8988,0.401,82
RAW,277.2,8360,8985,0.411,84
RAW,277.5,8372,8995,0.455,93
RAW,277.5,8368,8993,0.450,92
RAW,277.5,8365,8992,0.445,91
RAW,277.8,8381,9007,0.401,82
RAW,277.8,8379,9002,0.455,93
RAW,277.8,8372,8996,0.606,124
RAW,278.1,8397,9015,0.543,111
RAW,278.1,8387,9014,0.577,118
RAW,278.1,8379,9009,0.621,127
RAW,278.4,8401,9016,0.650,133
RAW,278.4,8395,9019,0.650,133
RAW,278.4,8396,9014,0.601,123
RAW,278.7,8416,9020,0.621,127
RAW,278.7,8412,9020,0.508,104
RAW,278.7,8404,9020,0.479,98
RAW,279.0,8418,9024,0.440,90
RAW,279.0,8418,9029,0.430,88
RAW,279.0,8417,9016,0.406,83
RAW,279.3,8428,9033,0.435,89
RAW,279.3,8416,9027,0.533,109
RAW,279.3,8421,9022,0.591,121
RAW,279.6,8434,9031,0.567,116
RAW,279.6,8428,9034,0.606,124
RAW,279.6,8430,9028,0.606,124
RAW,280.0,8440,9040,0.567,116
RAW,280.0,8437,9040,0.513,105
RAW,280.0,8436,9028,0.435,89
RAW,280.3,8452,9043,0.494,101
RAW,280.3,8451,9046,0.464,95
RAW,280.3,8443,9039,0.420,86
RAW,280.6,8469,9063,0.455,93
RAW,280.6,8460,9054,0.459,94
RAW,280.6,8460,9051,0.459,94
RAW,280.9,8484,9069,0.411,84
RAW,280.9,8484,9060,0.401,82
RAW,280.9,8474,9057,0.415,85
RAW,281.2,8487,9068,0.411,84
RAW,281.2,8494,9071,0.406,83
RAW,281.2,8487,9069,0.401,82
RAW,281.5,8479,9065,0.450,92
RAW,281.5,8485,9066,0.440,90
RAW,281.5,8487,9069,0.445,91
RAW,281.8,8427,9040,0.406,83
RAW,281.8,8448,9044,0.401,82
RAW,281.8,8466,9044,0.401,82
RAW,282.1,8399,9023,0.411,84
RAW,282.1,8406,9025,0.415,85
RAW,282.1,8420,9029,0.411,84
RAW,282.4,8380,9004,0.430,88
RAW,282.4,8381,9006,0.533,109
RAW,282.4,8383,9017,0.606,124
RAW,282.7,8363,9005,0.567,116
RAW,282.7,8369,9001,0.601,123
RAW,282.7,8370,9001,0.640,131
RAW,283.0,8357,8998,0.621,127
RAW,283.0,8358,9000,0.596,122
RAW,283.0,8355,9004,0.484,99
RAW,283.3,8362,9004,0.528,108
RAW,283.3,8358,9003,0.479,98
RAW,283.3,8357,9001,0.464,95
RAW,283.6,8373,9010,0.450,92
RAW,283.6,8367,9006,0.459,94
RAW,283.6,8365,8997,0.474,97
RAW,283.9,8387,9015,0.440,90
RAW,283.9,8381,9017,0.508,104
RAW,283.9,8380,9011,0.557,114
RAW,284.2,8392,9019,0.567,116
RAW,284.2,8387,9017,0.591,121
RAW,284.2,8390,9016,0.606,124
RAW,284.5,8400,9031,0.606,124
RAW,284.5,8398,9036,0.523,107
RAW,284.5,8397,9026,0.494,101
RAW,284.9,8408,9028,0.440,90
RAW,284.9,8405,9025,0.420,86
RAW,284.9,8411,9030,0.415,85
RAW,285.2,8413,9032,0.450,92
RAW,285.2,8408,9032,0.455,93
RAW,285.2,8407,9028,0.445,91
RAW,285.5,8414,9036,0.455,93
RAW,285.5,8409,9038,0.455,93
RAW,285.5,8417,9030,0.459,94
RAW,285.8,8419,9044,0.411,84
RAW,285.8,8414,9045,0.406,83
RAW,285.8,8418,9039,0.411,84
RAW,286.1,8432,9042,0.450,92
RAW,286.1,8423,9042,0.406,83
RAW,286.1,8424,9041,0.401,82
RAW,286.4,8436,9049,0.455,93
RAW,286.4,8428,9050,0.450,92
RAW,286.4,8435,9043,0.440,90
RAW,286.7,8430,9042,0.411,84
RAW,286.7,8428,9044,0.411,84
RAW,286.7,8429,9045,0.430,88
RAW,287.0,8447,9050,0.411,84
RAW,287.0,8435,9053,0.552,113
RAW,287.0,8435,9044,0.587,120
RAW,287.3,8446,9055,0.645,132
RAW,287.3,8439,9057,0.655,134
RAW,287.3,8446,9058,0.645,132
RAW,287.6,8458,9063,0.611,125
RAW,287.6,8449,9064,0.577,118
RAW,287.6,8453,9058,0.469,96
RAW,287.9,8462,9068,0.440,90
RAW,287.9,8457,9060,0.440,90
RAW,287.9,8461,9064,0.420,86
RAW,288.2,8469,9076,0.459,94
RAW,288.2,8463,9064,0.469,96
RAW,288.2,8458,9068,0.518,106
RAW,288.5,8470,9068,0.420,86
RAW,288.5,8467,9070,0.552,113
RAW,288.5,8466,9062,0.606,124
RAW,288.8,8478,9072,0.552,113
RAW,288.8,8469,9068,0.567,116
RAW,288.8,8470,9065,0.577,118
RAW,289.1,8448,9050,0.591,121
RAW,289.1,8461,9068,0.479,98
RAW,289.1,8477,9068,0.484,99
RAW,289.5,8399,9031,0.484,99
RAW,289.5,8407,9039,0.474,97
RAW,289.5,8419,9041,0.464,95
RAW,289.8,8389,9028,0.411,84
RAW,289.8,8383,9022,0.415,85
RAW,289.8,8390,9029,0.411,84
RAW,290.1,8381,9019,0.440,90
RAW,290.1,8378,9021,0.464,95
RAW,290.1,8377,9024,0.469,96
RAW,290.4,8370,9020,0.508,104
RAW,290.4,8373,9021,0.459,94
RAW,290.4,8379,9022,0.464,95
RAW,290.7,8374,9019,0.425,87
RAW,290.7,8368,9018,0.420,86
RAW,290.7,8373,9020,0.415,85
RAW,291.0,8389,9028,0.459,94
RAW,291.0,8384,9030,0.474,97
RAW,291.0,8374,9023,0.445,91
RAW,291.3,8390,9027,0.464,95
RAW,291.3,8389,9031,0.474,97
RAW,291.3,8382,9031,0.577,118
RAW,291.6,8396,9037,0.489,100
RAW,291.6,8394,9032,0.582,119
RAW,291.6,8382,9030,0.606,124
RAW,291.9,8400,9037,0.650,133
RAW,291.9,8402,9039,0.621,127
RAW,291.9,8401,9035,0.640,131
RAW,292.2,8400,9039,0.660,135
RAW,292.2,8404,9042,0.518,106
RAW,292.2,8400,9036,0.484,99
RAW,292.5,8406,9043,0.464,95
RAW,292.5,8406,9040,0.450,92
RAW,292.5,8399,9041,0.435,89
RAW,292.8,8415,9046,0.430,88
RAW,292.8,8410,9041,0.425,87
RAW,292.8,8404,9044,0.513,105
RAW,293.1,8422,9054,0.552,113
RAW,293.1,8414,9049,0.587,120
RAW,293.1,8419,9044,0.601,123
RAW,293.4,8432,9056,0.562,115
RAW,293.4,8430,9053,0.567,116
RAW,293.4,8421,9050,0.582,119
RAW,293.8,8426,9060,0.484,99
RAW,293.8,8429,9057,0.445,91
RAW,293.8,8431,9055,0.440,90
RAW,294.1,8447,9070,0.459,94
RAW,294.1,8438,9066,0.464,95
RAW,294.1,8440,9066,0.455,93
RAW,294.4,8454,9065,0.440,90
RAW,294.4,8450,9070,0.474,97
RAW,294.4,8455,9072,0.474,97
RAW,294.7,8457,9076,0.411,84
RAW,294.7,8453,9074,0.420,86
RAW,294.7,8453,9071,0.445,91
RAW,295.0,8457,9073,0.445,91
RAW,295.0,8456,9072,0.459,94
RAW,295.0,8457,9073,0.469,96
RAW,295.3,8467,9079,0.469,96
RAW,295.3,8455,9076,0.474,97
RAW,295.3,8457,9069,0.469,96
RAW,295.6,8465,9078,0.381,78
RAW,295.6,8465,9083,0.415,85
RAW,295.6,8465,9079,0.415,85
RAW,295.9,8473,9079,0.469,96
RAW,295.9,8468,9071,0.543,111
RAW,295.9,8462,9074,0.640,131
RAW,296.2,8467,9081,0.621,127
RAW,296.2,8476,9080,0.645,132
RAW,296.2,8470,9083,0.660,135
RAW,296.5,8480,9076,0.611,125
RAW,296.5,8473,9076,0.640,131
RAW,296.5,8471,9080,0.528,108
RAW,296.8,8468,9072,0.601,123
RAW,296.8,8473,9078,0.508,104
RAW,296.8,8477,9080,0.469,96
RAW,297.1,8394,9036,0.489,100
RAW,297.1,8419,9044,0.489,100
RAW,297.1,8442,9060,0.484,99
RAW,297.4,8347,9008,0.430,88
RAW,297.4,8359,9015,0.494,101
RAW,297.4,8376,9023,0.547,112
RAW,297.7,8325,8995,0.567,116
RAW,297.7,8331,8993,0.587,120
RAW,297.7,8339,8999,0.562,115
RAW,298.0,8323,8986,0.621,127
RAW,298.0,8320,8989,0.528,108
RAW,298.0,8322,8985,0.489,100
RAW,298.4,8315,8994,0.450,92
RAW,298.4,8306,8992,0.440,90
RAW,298.4,8317,8991,0.440,90
RAW,298.6,8339,9003,0.425,87
RAW,298.6,8322,8997,0.425,87
RAW,298.6,8322,8993,0.415,85
RAW,299.0,8344,9015,0.469,96
RAW,299.0,8343,9002,0.464,95
RAW,299.0,8345,9007,0.464,95
RAW,299.3,8353,9017,0.420,86
RAW,299.3,8355,9020,0.450,92
RAW,299.3,8355,9015,0.464,95
RAW,299.6,8371,9025,0.411,84
RAW,299.6,8372,9025,0.420,86
RAW,299.6,8365,9023,0.425,87
RAW,299.9,8380,9033,0.469,96
RAW,299.9,8368,9027,0.450,92
RAW,299.9,8369,9025,0.455,93
RAW,300.2,8376,9032,0.450,92
RAW,300.2,8380,9025,0.474,97
RAW,300.2,8373,9032,0.489,100
RAW,300.5,8386,9035,0.450,92
RAW,300.5,8373,9028,0.552,113
RAW,300.5,8385,9032,0.606,124
RAW,300.8,8382,9036,0.694,142
RAW,300.8,8389,9037,0.670,137
RAW,300.8,8384,9042,0.684,140
RAW,301.1,8389,9035,0.674,138
RAW,301.1,8392,9035,0.684,140
RAW,301.1,8391,9038,0.528,108
RAW,301.4,8395,9044,0.489,100
RAW,301.4,8395,9043,0.455,93
RAW,301.4,8390,9033,0.445,91
RAW,301.7,8403,9035,0.489,100
RAW,301.7,8388,9030,0.494,101
RAW,301.7,8392,9034,0.518,106
RAW,302.0,8404,9049,0.489,100
RAW,302.0,8402,9042,0.591,121
RAW,302.0,8398,9039,0.616,126
RAW,302.3,8411,9044,0.557,114
RAW,302.3,8402,9046,0.582,119
RAW,302.3,8404,9037,0.591,121
RAW,302.6,8411,9050,0.616,126
RAW,302.6,8413,9046,0.494,101
RAW,302.6,8407,9050,0.411,84
RAW,303.0,8421,9054,0.494,101
RAW,303.0,8420,9059,0.489,100
RAW,303.0,8416,9050,0.474,97
RAW,303.3,8433,9060,0.415,85
RAW,303.3,8428,9062,0.430,88
RAW,303.3,8429,9052,0.435,89
RAW,303.6,8437,9063,0.425,87
RAW,303.6,8442,9064,0.425,87
RAW,303.6,8433,9064,0.347,71
RAW,303.9,8438,9066,0.450,92
RAW,303.9,8441,9064,0.455,93
RAW,303.9,8437,9063,0.469,96
RAW,304.2,8452,9076,0.425,87
RAW,304.2,8448,9069,0.425,87
RAW,304.2,8438,9068,0.445,91
RAW,304.5,8447,9078,0.415,85
RAW,304.5,8459,9073,0.420,86
RAW,304.5,8461,9073,0.430,88
RAW,304.8,8450,9076,0.469,96
RAW,304.8,8461,9075,0.455,93
RAW,304.8,8456,9080,0.562,115
RAW,305.1,8409,9038,0.494,101
RAW,305.1,8426,9056,0.611,125
RAW,305.1,8440,9065,0.674,138
RAW,305.4,8371,9027,0.616,126
RAW,305.4,8384,9035,0.645,132
RAW,305.4,8392,9041,0.635,130
RAW,305.7,8361,9021,0.670,137
RAW,305.7,8364,9019,0.533,109
RAW,305.7,8374,9021,0.508,104
RAW,306.0,8351,9016,0.503,103
RAW,306.0,8347,9018,0.489,100
RAW,306.0,8355,9019,0.499,102
RAW,306.3,8348,9011,0.445,91
RAW,306.3,8348,9011,0.420,86
RAW,306.3,8352,9012,0.528,108
RAW,306.6,8354,9019,0.562,115
RAW,306.6,8356,9018,0.606,124
RAW,306.6,8352,9015,0.645,132
RAW,306.9,8372,9028,0.616,126
RAW,306.9,8366,9028,0.645,132
RAW,306.9,8357,9019,0.645,132
RAW,307.2,8380,9039,0.523,107
RAW,307.2,8379,9034,0.464,95
RAW,307.2,8376,9031,0.450,92
RAW,307.5,8347,9010,0.508,104
RAW,307.5,8363,9020,0.484,99
RAW,307.5,8374,9026,0.440,90
RAW,307.9,8314,8986,0.489,100
RAW,307.9,8327,8998,0.479,98
RAW,307.9,8337,9002,0.474,97
RAW,308.2,8322,8987,0.435,89
RAW,308.2,8323,8990,0.425,87
RAW,308.2,8321,8990,0.450,92
RAW,308.5,8336,9004,0.518,106
RAW,308.5,8332,8990,0.425,87
RAW,308.5,8322,8990,0.445,91
RAW,308.8,8356,9010,0.474,97
RAW,308.8,8348,9007,0.459,94
RAW,308.8,8343,9000,0.455,93
RAW,309.1,8365,9018,0.440,90
RAW,309.1,8363,9020,0.415,85
RAW,309.1,8359,9017,0.435,89
RAW,309.4,8381,9032,0.445,91
RAW,309.4,8379,9021,0.435,89
RAW,309.4,8371,9028,0.567,116
RAW,309.7,8390,9031,0.587,120
RAW,309.7,8390,9033,0.645,132
RAW,309.7,8384,9031,0.674,138
RAW,310.0,8407,9046,0.621,127
RAW,310.0,8401,9040,0.645,132
RAW,310.0,8396,9036,0.572,117
RAW,310.3,8423,9055,0.621,127
RAW,310.3,8423,9059,0.494,101
RAW,310.3,8417,9057,0.474,97
RAW,310.6,8431,9058,0.503,103
RAW,310.6,8434,9060,0.494,101
RAW,310.6,8432,9051,0.474,97
RAW,310.9,8429,9056,0.450,92
RAW,310.9,8435,9061,0.489,100
RAW,310.9,8439,9056,0.596,122
RAW,311.2,8444,9066,0.528,108
RAW,311.2,8437,9060,0.582,119
RAW,311.2,8438,9053,0.621,127
RAW,311.5,8461,9077,0.606,124
RAW,311.5,8448,9072,0.621,127
RAW,311.5,8451,9064,0.606,124
RAW,311.8,8466,9077,0.543,111
RAW,311.8,8466,9075,0.513,105
RAW,311.8,8466,9078,0.479,98
RAW,312.1,8474,9082,0.450,92
RAW,312.1,8478,9089,0.445,91
RAW,312.1,8469,9079,0.445,91
RAW,312.5,8477,9088,0.484,99
RAW,312.5,8476,9085,0.484,99
RAW,312.5,8482,9083,0.479,98
RAW,312.8,8471,9072,0.479,98
RAW,312.8,8477,9084,0.479,98
RAW,312.8,8476,9081,0.499,102
RAW,313.1,8440,9061,0.425,87
RAW,313.1,8453,9076,0.440,90
RAW,313.1,8469,9082,0.435,89
RAW,313.4,8406,9038,0.415,85
RAW,313.4,8412,9048,0.445,91
RAW,313.4,8424,9050,0.440,90
RAW,313.7,8391,9042,0.484,99
RAW,313.7,8390,9034,0.479,98
RAW,313.7,8396,9036,0.474,97
RAW,314.0,8385,9030,0.440,90
RAW,314.0,8380,9026,0.489,100
RAW,314.0,8382,9023,0.591,121
RAW,314.3,8368,9030,0.572,117
RAW,314.3,8369,9021,0.640,131
RAW,314.3,8375,9024,0.650,133
RAW,314.6,8367,9029,0.674,138
RAW,314.6,8374,9020,0.670,137
RAW,314.6,8370,9025,0.591,121
RAW,314.9,8385,9034,0.606,124
RAW,314.9,8379,9036,0.474,97
RAW,314.9,8377,9023,0.474,97
RAW,315.2,8396,9037,0.450,92
RAW,315.2,8393,9041,0.450,92
RAW,315.2,8378,9041,0.445,91
RAW,315.5,8407,9049,0.489,100
RAW,315.5,8403,9053,0.528,108
RAW,315.5,8401,9043,0.577,118
RAW,315.8,8411,9055,0.547,112
RAW,315.8,8409,9052,0.621,127
RAW,315.8,8406,9046,0.645,132
RAW,316.1,8418,9057,0.591,121
RAW,316.1,8414,9059,0.601,123
RAW,316.1,8416,9047,0.489,100
RAW,316.4,8401,9032,0.518,106
RAW,316.4,8431,9060,0.508,104
RAW,316.4,8422,9064,0.503,103
RAW,316.7,8379,9026,0.503,103
RAW,316.7,8380,9020,0.489,100
RAW,316.7,8388,9029,0.484,99
RAW,317.0,8368,9019,0.430,88
RAW,317.0,8366,9018,0.435,89
RAW,317.0,8377,9018,0.435,89
RAW,317.4,8379,9015,0.484,99
RAW,317.4,8373,9019,0.489,100
RAW,317.4,8374,9014,0.489,100
RAW,317.7,8391,9024,0.479,98
RAW,317.7,8380,9025,0.518,106
RAW,317.7,8378,9021,0.484,99
RAW,318.0,8415,9052,0.440,90
RAW,318.0,8408,9043,0.440,90
RAW,318.0,8402,9034,0.430,88
RAW,318.3,8454,9072,0.479,98
RAW,318.3,8437,9061,0.445,91
RAW,318.3,8429,9058,0.440,90
RAW,318.6,8473,9073,0.494,101
RAW,318.6,8465,9073,0.494,101
RAW,318.6,8458,9076,0.606,124
RAW,318.9,8468,9071,0.533,109
RAW,318.9,8469,9067,0.601,123
RAW,318.9,8464,9077,0.645,132
RAW,319.2,8466,9075,0.621,127
RAW,319.2,8465,9073,0.635,130
RAW,319.2,8462,9072,0.645,132
RAW,319.5,8485,9080,0.689,141
RAW,319.5,8474,9079,0.567,116
RAW,319.5,8473,9078,0.489,100
RAW,319.8,8491,9092,0.508,104
RAW,319.8,8494,9089,0.450,92
RAW,319.8,8485,9083,0.459,94
RAW,320.1,8505,9092,0.450,92
RAW,320.1,8496,9092,0.455,93
RAW,320.1,8489,9086,0.508,104
RAW,320.4,8514,9095,0.513,105
RAW,320.4,8511,9091,0.591,121
RAW,320.4,8497,9096,0.616,126
RAW,320.7,8513,9109,0.577,118
RAW,320.7,8510,9106,0.621,127
RAW,320.7,8512,9101,0.650,133
RAW,321.0,8509,9107,0.596,122
RAW,321.0,8510,9101,0.494,101
RAW,321.0,8511,9102,0.469,96
RAW,321.3,8462,9072,0.494,101
RAW,321.3,8480,9080,0.489,100
RAW,321.3,8500,9090,0.503,103
RAW,321.6,8446,9063,0.513,105
RAW,321.6,8442,9062,0.489,100
RAW,321.6,8447,9069,0.489,100
RAW,321.9,8430,9060,0.445,91
RAW,321.9,8436,9057,0.435,89
RAW,321.9,8435,9061,0.440,90
RAW,322.3,8435,9055,0.489,100
RAW,322.3,8437,9053,0.508,104
RAW,322.3,8434,9055,0.479,98
RAW,322.6,8432,9058,0.484,99
RAW,322.6,8428,9065,0.503,103
RAW,322.6,8435,9059,0.469,96
RAW,322.9,8440,9074,0.425,87
RAW,322.9,8440,9066,0.435,89
RAW,322.9,8436,9064,0.445,91
RAW,323.2,8454,9076,0.479,98
RAW,323.2,8452,9077,0.450,92
RAW,323.2,8447,9073,0.450,92
RAW,323.5,8445,9062,0.499,102
RAW,323.5,8445,9065,0.582,119
RAW,323.5,8457,9073,0.660,135
RAW,323.8,8435,9055,0.587,120
RAW,323.8,8433,9062,0.635,130
RAW,323.8,8434,9061,0.645,132
RAW,324.1,8432,9060,0.645,132
RAW,324.1,8429,9058,0.645,132
RAW,324.1,8431,9060,0.523,107
RAW,324.4,8445,9064,0.611,125
RAW,324.4,8445,9068,0.503,103
RAW,324.4,8442,9068,0.508,104
RAW,324.7,8461,9071,0.479,98
RAW,324.7,8454,9068,0.450,92
RAW,324.7,8450,9062,0.455,93
RAW,325.0,8458,9074,0.455,93
RAW,325.0,8463,9071,0.484,99
RAW,325.0,8463,9072,0.567,116
RAW,325.3,8460,9070,0.582,119
RAW,325.3,8458,9070,0.621,127
RAW,325.3,8466,9069,0.621,127
RAW,325.6,8473,9069,0.616,126
RAW,325.6,8467,9076,0.611,125
RAW,325.6,8466,9070,0.552,113
RAW,325.9,8471,9074,0.523,107
RAW,325.9,8470,9068,0.479,98
RAW,325.9,8465,9072,0.450,92
RAW,326.2,8472,9071,0.484,99
RAW,326.2,8478,9073,0.499,102
RAW,326.2,8470,9075,0.494,101
RAW,326.5,8473,9071,0.494,101
RAW,326.5,8478,9068,0.503,103
RAW,326.5,8466,9069,0.489,100
RAW,326.8,8474,9067,0.450,92
RAW,326.8,8474,9069,0.440,90
RAW,326.8,8474,9069,0.425,87
RAW,327.1,8483,9075,0.494,101
RAW,327.1,8486,9073,0.494,101
RAW,327.1,8483,9073,0.450,92
RAW,327.5,8496,9076,0.494,101
RAW,327.5,8494,9080,0.479,98
RAW,327.5,8491,9077,0.494,101
RAW,327.8,8509,9087,0.440,90
RAW,327.8,8507,9086,0.435,89
RAW,327.8,8497,9081,0.435,89
RAW,328.1,8520,9088,0.469,96
RAW,328.1,8518,9090,0.440,90
RAW,328.1,8515,9086,0.552,113
RAW,328.4,8523,9100,0.552,113
RAW,328.4,8525,9102,0.665,136
RAW,328.4,8521,9098,0.650,133
RAW,328.7,8531,9105,0.616,126
RAW,328.7,8525,9097,0.655,134
RAW,328.7,8529,9101,0.645,132
RAW,329.0,8534,9104,0.645,132
RAW,329.0,8529,9095,0.567,116
RAW,329.0,8529,9099,0.484,99
RAW,329.3,8516,9090,0.513,105
RAW,329.3,8518,9093,0.489,100
RAW,329.3,8521,9096,0.503,103
RAW,329.6,8478,9077,0.455,93
RAW,329.6,8489,9079,0.450,92
RAW,329.6,8505,9083,0.518,106
RAW,329.9,8460,9069,0.411,84
RAW,329.9,8458,9065,0.567,116
RAW,329.9,8469,9071,0.591,121
RAW,330.2,8454,9060,0.621,127
RAW,330.2,8448,9061,0.645,132
RAW,330.2,8458,9059,0.621,127
RAW,330.5,8441,9047,0.645,132
RAW,330.5,8442,9057,0.543,111
RAW,330.5,8448,9052,0.528,108
RAW,330.8,8433,9049,0.469,96
RAW,330.8,8438,9050,0.459,94
RAW,330.8,8442,9057,0.440,90
RAW,331.1,8448,9052,0.479,98
RAW,331.1,8441,9047,0.499,102
RAW,331.1,8440,9050,0.508,104
RAW,331.4,8440,9051,0.503,103
RAW,331.4,8444,9052,0.508,104
RAW,331.4,8444,9054,0.479,98
RAW,331.7,8451,9064,0.435,89
RAW,331.7,8453,9062,0.430,88
RAW,331.7,8452,9060,0.445,91
RAW,332.0,8473,9073,0.494,101
RAW,332.0,8471,9070,0.508,104
RAW,332.0,8466,9067,0.450,92
RAW,332.4,8474,9075,0.469,96
RAW,332.4,8475,9078,0.489,100
RAW,332.4,8472,9070,0.489,100
RAW,332.7,8494,9090,0.425,87
RAW,332.7,8484,9080,0.450,92
RAW,332.7,8477,9078,0.445,91
RAW,333.0,8506,9090,0.459,94
RAW,333.0,8497,9087,0.528,108
RAW,333.0,8496,9085,0.611,125
RAW,333.3,8522,9102,0.694,142
RAW,333.3,8509,9099,0.660,135
RAW,333.3,8509,9095,0.684,140
RAW,333.6,8532,9112,0.645,132
RAW,333.6,8531,9111,0.645,132
RAW,333.6,8517,9104,0.557,114
RAW,333.9,8552,9118,0.582,119
RAW,333.9,8551,9123,0.489,100
RAW,333.9,8546,9116,0.464,95
RAW,334.2,8563,9120,0.489,100
RAW,334.2,8551,9123,0.489,100
RAW,334.2,8556,9118,0.499,102
RAW,334.5,8564,9125,0.440,90
RAW,334.5,8558,9129,0.459,94
RAW,334.5,8561,9118,0.577,118
RAW,334.8,8573,9134,0.543,111
RAW,334.8,8564,9133,0.577,118
RAW,334.8,8564,9127,0.591,121
RAW,335.1,8579,9131,0.645,132
RAW,335.1,8575,9136,0.635,130
RAW,335.1,8569,9137,0.596,122
RAW,335.4,8589,9146,0.547,112
RAW,335.4,8580,9144,0.528,108
RAW,335.4,8581,9138,0.523,107
RAW,335.7,8610,9151,0.464,95
RAW,335.7,8603,9149,0.459,94
RAW,335.7,8597,9153,0.445,91
RAW,336.0,8599,9145,0.484,99
RAW,336.0,8608,9150,0.503,103
RAW,336.0,8613,9152,0.518,106
RAW,336.3,8591,9143,0.513,105
RAW,336.3,8593,9146,0.489,100
RAW,336.3,8599,9142,0.489,100
RAW,336.6,8575,9126,0.435,89
RAW,336.6,8585,9134,0.450,92
RAW,336.6,8590,9139,0.455,93
RAW,337.0,8543,9107,0.499,102
RAW,337.0,8548,9121,0.489,100
RAW,337.0,8566,9127,0.450,92
RAW,337.3,8516,9103,0.479,98
RAW,337.3,8523,9099,0.484,99
RAW,337.3,8531,9104,0.484,99
RAW,337.6,8494,9081,0.435,89
RAW,337.6,8489,9089,0.450,92
RAW,337.6,8504,9094,0.528,108
RAW,337.9,8483,9080,0.503,103
RAW,337.9,8479,9073,0.591,121
RAW,337.9,8482,9080,0.650,133
RAW,338.2,8480,9078,0.660,135
RAW,338.2,8479,9068,0.684,140
RAW,338.2,8474,9065,0.679,139
RAW,338.5,8488,9069,0.660,135
RAW,338.5,8479,9074,0.606,124
RAW,338.5,8476,9073,0.494,101
RAW,338.8,8492,9076,0.499,102
RAW,338.8,8491,9083,0.479,98
RAW,338.8,8487,9078,0.459,94
RAW,339.1,8498,9084,0.499,102
RAW,339.1,8496,9082,0.489,100
RAW,339.1,8493,9080,0.528,108
RAW,339.4,8494,9080,0.445,91
RAW,339.4,8490,9073,0.567,116
RAW,339.4,8498,9074,0.645,132
RAW,339.7,8493,9075,0.567,116
RAW,339.7,8491,9076,0.596,122
RAW,339.7,8490,9079,0.596,122
RAW,340.0,8492,9069,0.640,131
RAW,340.0,8490,9079,0.513,105
RAW,340.0,8491,9081,0.513,105
RAW,340.3,8496,9082,0.528,108
RAW,340.3,8495,9082,0.528,108
RAW,340.3,8499,9077,0.499,102
RAW,340.6,8515,9090,0.450,92
RAW,340.6,8503,9089,0.450,92
RAW,340.6,8506,9085,0.450,92
RAW,340.9,8533,9107,0.494,101
RAW,340.9,8522,9096,0.518,106
RAW,340.9,8516,9092,0.494,101
RAW,341.2,8534,9107,0.489,100
RAW,341.2,8539,9106,0.479,98
RAW,341.2,8541,9103,0.489,100
RAW,341.5,8538,9096,0.440,90
RAW,341.5,8531,9104,0.435,89
RAW,341.5,8533,9103,0.450,92
RAW,341.9,8530,9105,0.489,100
RAW,341.9,8526,9109,0.464,95
RAW,341.9,8531,9099,0.435,89
RAW,342.1,8522,9103,0.489,100
RAW,342.1,8531,9101,0.528,108
RAW,342.1,8527,9104,0.474,97
RAW,342.5,8533,9099,0.450,92
RAW,342.5,8528,9103,0.508,104
RAW,342.5,8529,9100,0.606,124
RAW,342.8,8525,9098,0.587,120
RAW,342.8,8525,9100,0.650,133
RAW,342.8,8520,9107,0.645,132
RAW,343.1,8516,9102,0.684,140
RAW,343.1,8522,9097,0.684,140
RAW,343.1,8526,9093,0.611,125
RAW,343.4,8519,9094,0.650,133
RAW,343.4,8522,9096,0.513,105
RAW,343.4,8523,9101,0.484,99
RAW,343.7,8547,9114,0.469,96
RAW,343.7,8556,9116,0.459,94
RAW,343.7,8529,9113,0.450,92
RAW,344.0,8544,9112,0.469,96
RAW,344.0,8543,9116,0.489,100
RAW,344.0,8545,9106,0.587,120
RAW,344.3,8522,9094,0.508,104
RAW,344.3,8534,9109,0.606,124
RAW,344.3,8538,9106,0.650,133
RAW,344.6,8490,9077,0.596,122
RAW,344.6,8498,9084,0.601,123
RAW,344.6,8499,9084,0.621,127
RAW,344.9,8453,9064,0.567,116
RAW,344.9,8469,9067,0.503,103
RAW,344.9,8473,9067,0.508,104
RAW,345.2,8449,9057,0.528,108
RAW,345.2,8448,9057,0.528,108
RAW,345.2,8447,9055,0.523,107
RAW,345.5,8448,9058,0.450,92
RAW,345.5,8446,9059,0.445,91
RAW,345.5,8453,9056,0.455,93
RAW,345.8,8457,9062,0.489,100
RAW,345.8,8457,9054,0.503,103
RAW,345.8,8456,9062,0.484,99
RAW,346.1,8459,9064,0.494,101
RAW,346.1,8457,9066,0.489,100
RAW,346.1,8459,9064,0.489,100
RAW,346.4,8478,9075,0.430,88
RAW,346.4,8467,9074,0.445,91
RAW,346.4,8470,9070,0.445,91
RAW,346.7,8473,9073,0.469,96
RAW,346.7,8480,9072,0.455,93
RAW,346.7,8480,9078,0.381,78
RAW,347.0,8484,9078,0.489,100
RAW,347.0,8481,9072,0.494,101
RAW,347.0,8475,9074,0.543,111
RAW,347.4,8489,9078,0.450,92
RAW,347.4,8485,9074,0.591,121
RAW,347.4,8479,9078,0.709,145
RAW,347.7,8500,9088,0.621,127
RAW,347.7,8492,9086,0.650,133
RAW,347.7,8488,9084,0.650,133
RAW,348.0,8508,9089,0.684,140
RAW,348.0,8512,9093,0.689,141
RAW,348.0,8506,9093,0.552,113
RAW,348.3,8517,9092,0.528,108
RAW,348.3,8514,9097,0.484,99
RAW,348.3,8508,9094,0.474,97
RAW,348.6,8516,9094,0.450,92
RAW,348.6,8517,9092,0.455,93
RAW,348.6,8516,9096,0.455,93
RAW,348.9,8514,9095,0.503,103
RAW,348.9,8516,9094,0.567,116
RAW,348.9,8516,9088,0.606,124
RAW,349.2,8517,9097,0.587,120
RAW,349.2,8521,9093,0.616,126
RAW,349.2,8516,9091,0.660,135
RAW,349.5,8522,9095,0.606,124
RAW,349.5,8516,9094,0.567,116
RAW,349.5,8513,9093,0.499,102
RAW,349.8,8534,9106,0.503,103
RAW,349.8,8530,9104,0.513,105
RAW,349.8,8523,9096,0.513,105
RAW,350.1,8554,9114,0.513,105
RAW,350.1,8543,9111,0.503,103
RAW,350.1,8533,9112,0.484,99
RAW,350.4,8566,9128,0.435,89
RAW,350.4,8562,9132,0.445,91
RAW,350.4,8560,9121,0.445,91
RAW,350.7,8577,9127,0.494,101
RAW,350.7,8579,9129,0.494,101
RAW,350.7,8571,9131,0.469,96
RAW,351.0,8566,9123,0.459,94
RAW,351.0,8558,9121,0.499,102
RAW,351.0,8573,9128,0.489,100
RAW,351.3,8551,9112,0.435,89
RAW,351.3,8557,9114,0.450,92
RAW,351.3,8556,9116,0.450,92
RAW,351.6,8509,9093,0.469,96
RAW,351.6,8525,9095,0.455,93
RAW,351.6,8539,9109,0.445,91
RAW,352.0,8474,9074,0.567,116
RAW,352.0,8484,9080,0.494,101
RAW,352.0,8490,9086,0.611,125
RAW,352.3,8459,9064,0.547,112
RAW,352.3,8464,9068,0.616,126
RAW,352.3,8465,9076,0.645,132
RAW,352.6,8466,9071,0.645,132
RAW,352.6,8462,9065,0.660,135
RAW,352.6,8459,9066,0.645,132
RAW,352.9,8455,9061,0.689,141
RAW,352.9,8462,9072,0.557,114
RAW,352.9,8468,9071,0.523,107
RAW,353.2,8460,9068,0.489,100
RAW,353.2,8451,9069,0.464,95
RAW,353.2,8452,9064,0.469,96
RAW,353.5,8466,9076,0.450,92
RAW,353.5,8467,9066,0.450,92
RAW,353.5,8461,9064,0.523,107
RAW,353.8,8484,9074,0.538,110
RAW,353.8,8466,9081,0.606,124
RAW,353.8,8472,9073,0.645,132
RAW,354.1,8491,9085,0.606,124
RAW,354.1,8485,9088,0.640,131
RAW,354.1,8485,9079,0.645,132
RAW,354.4,8484,9083,0.601,123
RAW,354.4,8486,9085,0.503,103
RAW,354.4,8482,9086,0.474,97
RAW,354.7,8473,9078,0.499,102
RAW,354.7,8475,9070,0.513,105
RAW,354.7,8476,9083,0.503,103
RAW,355.0,8459,9068,0.528,108
RAW,355.0,8465,9074,0.494,101
RAW,355.0,8470,9073,0.489,100
RAW,355.3,8485,9083,0.445,91
RAW,355.3,8474,9082,0.430,88
RAW,355.3,8475,9073,0.445,91
RAW,355.6,8485,9085,0.494,101
RAW,355.6,8487,9082,0.484,99
RAW,355.6,8481,9080,0.450,92
RAW,355.9,8498,9090,0.489,100
RAW,355.9,8496,9084,0.484,99
RAW,355.9,8492,9086,0.479,98
RAW,356.2,8500,9094,0.415,85
RAW,356.2,8502,9087,0.435,89
RAW,356.2,8500,9093,0.450,92
RAW,356.5,8503,9096,0.440,90
RAW,356.5,8505,9100,0.445,91
RAW,356.5,8507,9097,0.445,91
RAW,356.9,8516,9099,0.474,97
RAW,356.9,8514,9094,0.567,116
RAW,356.9,8511,9096,0.645,132
RAW,357.1,8521,9094,0.582,119
RAW,357.1,8510,9102,0.621,127
RAW,357.1,8511,9098,0.621,127
RAW,357.5,8518,9104,0.640,131
RAW,357.5,8519,9100,0.621,127
RAW,357.5,8519,9096,0.567,116
RAW,357.8,8535,9106,0.577,118
RAW,357.8,8527,9105,0.499,102
RAW,357.8,8522,9101,0.484,99
RAW,358.1,8538,9116,0.450,92
RAW,358.1,8541,9110,0.450,92
RAW,358.1,8526,9105,0.479,98
RAW,358.4,8549,9118,0.425,87
RAW,358.4,8551,9121,0.469,96
RAW,358.4,8545,9117,0.567,116
RAW,358.7,8552,9123,0.567,116
RAW,358.7,8554,9119,0.606,124
RAW,358.7,8551,9118,0.601,123
RAW,359.0,8544,9118,0.621,127
RAW,359.0,8557,9115,0.621,127
RAW,359.0,8556,9119,0.528,108
RAW,359.3,8494,9088,0.474,97
RAW,359.3,8505,9094,0.435,89
RAW,359.3,8522,9103,0.425,87
RAW,359.6,8468,9077,0.445,91
RAW,359.6,8478,9084,0.469,96
RAW,359.6,8489,9088,0.474,97
RAW,359.9,8447,9066,0.469,96
RAW,359.9,8458,9067,0.450,92
RAW,359.9,8462,9072,0.464,95
RAW,360.2,8434,9058,0.406,83
RAW,360.2,8445,9060,0.411,84
RAW,360.2,8441,9064,0.420,86
RAW,360.5,8432,9060,0.469,96
RAW,360.5,8436,9060,0.450,92
RAW,360.5,8443,9064,0.415,85
RAW,360.8,8429,9054,0.445,91
RAW,360.8,8428,9058,0.450,92
RAW,360.8,8431,9060,0.450,92
RAW,361.1,8438,9063,0.401,82
RAW,361.1,8432,9061,0.406,83
RAW,361.1,8438,9056,0.415,85
RAW,361.4,8451,9061,0.411,84
RAW,361.4,8440,9065,0.411,84
RAW,361.4,8437,9062,0.489,100
RAW,361.8,8447,9065,0.332,68
RAW,361.8,8448,9062,0.591,121
RAW,361.8,8441,9065,0.621,127
RAW,362.0,8444,9057,0.582,119
RAW,362.0,8451,9063,0.606,124
RAW,362.0,8440,9069,0.606,124
RAW,362.4,8439,9059,0.601,123
RAW,362.4,8438,9059,0.567,116
RAW,362.4,8441,9060,0.459,94
RAW,362.7,8436,9059,0.494,101
RAW,362.7,8434,9059,0.469,96
RAW,362.7,8436,9058,0.450,92
RAW,363.0,8439,9057,0.415,85
RAW,363.0,8438,9060,0.450,92
RAW,363.0,8437,9057,0.479,98
RAW,363.3,8451,9066,0.415,85
RAW,363.3,8453,9062,0.513,105
RAW,363.3,8442,9063,0.538,110
RAW,363.6,8464,9072,0.567,116
RAW,363.6,8456,9078,0.582,119
RAW,363.6,8456,9068,0.596,122
RAW,363.9,8466,9076,0.611,125
RAW,363.9,8459,9072,0.528,108
RAW,363.9,8454,9071,0.489,100
RAW,364.2,8475,9075,0.435,89
RAW,364.2,8465,9078,0.425,87
RAW,364.2,8464,9076,0.420,86
RAW,364.5,8472,9080,0.455,93
RAW,364.5,8481,9078,0.474,97
RAW,364.5,8474,9077,0.435,89
RAW,364.8,8477,9075,0.455,93
RAW,364.8,8476,9078,0.445,91
RAW,364.8,8478,9083,0.455,93
RAW,365.1,8477,9080,0.391,80
RAW,365.1,8477,9076,0.401,82
RAW,365.1,8479,9076,0.396,81
RAW,365.4,8471,9082,0.440,90
RAW,365.4,8481,9084,0.411,84
RAW,365.4,8478,9084,0.376,77
RAW,365.7,8482,9089,0.450,92
RAW,365.7,8480,9086,0.430,88
RAW,365.7,8486,9087,0.425,87
RAW,366.0,8489,9090,0.381,78
RAW,366.0,8484,9085,0.406,83
RAW,366.0,8481,9083,0.401,82
RAW,366.3,8497,9092,0.406,83
RAW,366.3,8498,9087,0.440,90
RAW,366.3,8482,9089,0.547,112
RAW,366.6,8481,9075,0.562,115
RAW,366.6,8491,9088,0.606,124
RAW,366.6,8486,9088,0.660,135
RAW,367.0,8417,9047,0.596,122
RAW,367.0,8437,9061,0.601,123
RAW,367.0,8458,9069,0.601,123
RAW,367.3,8397,9034,0.596,122
RAW,367.3,8400,9039,0.455,93
RAW,367.3,8413,9047,0.415,85
RAW,367.6,8370,9022,0.464,95
RAW,367.6,8371,9020,0.445,91
RAW,367.6,8377,9029,0.440,90
RAW,367.9,8352,9017,0.415,85
RAW,367.9,8363,9015,0.440,90
RAW,367.9,8364,9017,0.406,83
RAW,368.2,8356,9014,0.450,92
RAW,368.2,8354,9016,0.528,108
RAW,368.2,8358,9015,0.547,112
RAW,368.5,8367,9013,0.572,117
RAW,368.5,8362,9015,0.587,120
RAW,368.5,8359,9013,0.606,124
RAW,368.8,8370,9024,0.621,127
RAW,368.8,8365,9020,0.489,100
RAW,368.8,8366,9018,0.489,100
RAW,369.1,8377,9026,0.415,85
RAW,369.1,8370,9027,0.406,83
RAW,369.1,8379,9019,0.391,80
RAW,369.4,8381,9028,0.450,92
RAW,369.4,8381,9025,0.450,92
RAW,369.4,8377,9024,0.450,92
RAW,369.7,8380,9032,0.450,92
RAW,369.7,8385,9025,0.450,92
RAW,369.7,8385,9028,0.450,92
RAW,370.0,8389,9041,0.391,80
RAW,370.0,8387,9037,0.391,80
RAW,370.0,8379,9030,0.391,80
RAW,370.3,8400,9042,0.435,89
RAW,370.3,8405,9045,0.396,81
RAW,370.3,8391,9041,0.406,83
RAW,370.6,8396,9042,0.445,91
RAW,370.6,8398,9046,0.440,90
RAW,370.6,8401,9039,0.445,91
RAW,370.9,8405,9040,0.386,79
RAW,370.9,8399,9045,0.391,80
RAW,370.9,8399,9040,0.430,88
RAW,371.2,8411,9044,0.396,81
RAW,371.2,8412,9045,0.494,101
RAW,371.2,8408,9042,0.562,115
RAW,371.5,8420,9060,0.591,121
RAW,371.5,8413,9049,0.616,126
RAW,371.5,8415,9052,0.621,127
RAW,371.9,8424,9048,0.587,120
RAW,371.9,8424,9050,0.591,121
RAW,371.9,8412,9051,0.503,103
RAW,372.1,8423,9055,0.523,107
RAW,372.1,8425,9054,0.430,88
RAW,372.1,8418,9050,0.411,84
RAW,372.5,8429,9051,0.459,94
RAW,372.5,8427,9051,0.435,89
RAW,372.5,8427,9055,0.435,89
RAW,372.8,8436,9060,0.420,86
RAW,372.8,8426,9057,0.474,97
RAW,372.8,8427,9058,0.567,116
RAW,373.1,8431,9056,0.503,103
RAW,373.1,8433,9058,0.538,110
RAW,373.1,8429,9051,0.562,115
RAW,373.4,8426,9053,0.587,120
RAW,373.4,8431,9052,0.601,123
RAW,373.4,8428,9049,0.503,103
RAW,373.7,8420,9048,0.508,104
RAW,373.7,8420,9050,0.474,97
RAW,373.7,8427,9049,0.455,93
RAW,374.0,8410,9035,0.411,84
RAW,374.0,8410,9040,0.401,82
RAW,374.0,8420,9043,0.396,81
RAW,374.3,8375,9013,0.450,92
RAW,374.3,8390,9028,0.469,96
RAW,374.3,8402,9024,0.406,83
RAW,374.6,8318,8979,0.455,93
RAW,374.6,8341,8987,0.445,91
RAW,374.6,8351,9000,0.450,92
RAW,374.9,8287,8959,0.386,79
RAW,374.9,8300,8971,0.391,80
RAW,374.9,8308,8975,0.386,79
RAW,375.2,8262,8949,0.411,84
RAW,375.2,8271,8949,0.411,84
RAW,375.2,8268,8960,0.406,83
RAW,375.5,8244,8937,0.455,93
RAW,375.5,8249,8939,0.435,89
RAW,375.5,8250,8946,0.420,86
RAW,375.8,8238,8932,0.391,80
RAW,375.8,8241,8933,0.415,85
RAW,375.8,8239,8931,0.450,92
RAW,376.1,8243,8935,0.430,88
RAW,376.1,8242,8933,0.552,113
RAW,376.1,8232,8932,0.587,120
RAW,376.4,8251,8942,0.587,120
RAW,376.4,8247,8936,0.621,127
RAW,376.4,8240,8940,0.645,132
RAW,376.8,8261,8952,0.582,119
RAW,376.8,8256,8947,0.587,120
RAW,376.8,8253,8943,0.474,97
RAW,377.0,8280,8955,0.455,93
RAW,377.0,8272,8948,0.425,87
RAW,377.0,8266,8955,0.425,87
RAW,377.4,8284,8959,0.435,89
RAW,377.4,8285,8964,0.435,89
RAW,377.4,8280,8958,0.430,88
RAW,377.7,8271,8955,0.435,89
RAW,377.7,8279,8951,0.528,108
RAW,377.7,8278,8953,0.572,117
RAW,378.0,8281,8951,0.489,100
RAW,378.0,8270,8955,0.547,112
RAW,378.0,8275,8947,0.567,116
RAW,378.3,8280,8954,0.601,123
RAW,378.3,8277,8957,0.533,109
RAW,378.3,8281,8960,0.484,99
RAW,378.6,8288,8966,0.499,102
RAW,378.6,8291,8960,0.474,97
RAW,378.6,8284,8962,0.445,91
RAW,378.9,8304,8975,0.411,84
RAW,378.9,8302,8971,0.406,83
RAW,378.9,8297,8967,0.411,84
RAW,379.2,8316,8976,0.450,92
RAW,379.2,8317,8975,0.435,89
RAW,379.2,8317,8971,0.396,81
RAW,379.5,8326,8983,0.450,92
RAW,379.5,8322,8977,0.445,91
RAW,379.5,8320,8982,0.445,91
RAW,379.8,8329,8984,0.386,79
RAW,379.8,8316,8982,0.411,84
RAW,379.8,8330,8983,0.391,80
RAW,380.1,8318,8975,0.396,81
RAW,380.1,8319,8977,0.391,80
RAW,380.1,8327,8975,0.391,80
RAW,380.4,8313,8967,0.450,92
RAW,380.4,8316,8968,0.415,85
RAW,380.4,8314,8977,0.430,88
RAW,380.7,8287,8941,0.396,81
RAW,380.7,8298,8954,0.411,84
RAW,380.7,8300,8961,0.523,107
RAW,381.0,8271,8933,0.494,101
RAW,381.0,8273,8934,0.567,116
RAW,381.0,8282,8941,0.591,121
RAW,381.3,8271,8934,0.616,126
RAW,381.3,8269,8931,0.645,132
RAW,381.3,8275,8929,0.621,127
RAW,381.6,8280,8931,0.596,122
RAW,381.6,8279,8931,0.518,106
RAW,381.6,8280,8924,0.474,97
RAW,382.0,8273,8929,0.459,94
RAW,382.0,8279,8936,0.415,85
RAW,382.0,8278,8925,0.406,83
RAW,382.3,8238,8914,0.435,89
RAW,382.3,8258,8920,0.420,86
RAW,382.3,8264,8925,0.503,103
RAW,382.6,8226,8908,0.450,92
RAW,382.6,8230,8911,0.567,116
RAW,382.6,8230,8917,0.596,122
RAW,382.9,8220,8909,0.543,111
RAW,382.9,8223,8906,0.557,114
RAW,382.9,8227,8904,0.611,125
RAW,383.2,8224,8917,0.606,124
RAW,383.2,8227,8912,0.503,103
RAW,383.2,8224,8901,0.474,97
RAW,383.5,8256,8936,0.479,98
RAW,383.5,8254,8933,0.440,90
RAW,383.5,8242,8928,0.450,92
RAW,383.8,8249,8932,0.415,85
RAW,383.8,8256,8929,0.401,82
RAW,383.8,8261,8938,0.386,79
RAW,384.1,8241,8922,0.445,91
RAW,384.1,8247,8932,0.406,83
RAW,384.1,8241,8925,0.386,79
RAW,384.4,8253,8932,0.425,87
RAW,384.4,8247,8930,0.445,91
RAW,384.4,8240,8922,0.430,88
RAW,384.7,8257,8930,0.386,79
RAW,384.7,8252,8924,0.396,81
RAW,384.7,8249,8927,0.396,81
RAW,385.0,8276,8944,0.396,81
RAW,385.0,8267,8935,0.381,78
RAW,385.0,8260,8935,0.391,80
RAW,385.3,8295,8957,0.425,87
RAW,385.3,8289,8957,0.435,89
RAW,385.3,8280,8950,0.415,85
RAW,385.6,8306,8966,0.411,84
RAW,385.6,8306,8965,0.484,99
RAW,385.6,8302,8958,0.557,114
RAW,385.9,8326,8979,0.528,108
RAW,385.9,8321,8975,0.582,119
RAW,385.9,8316,8963,0.587,120
RAW,386.2,8337,8980,0.684,140
RAW,386.2,8337,8981,0.645,132
RAW,386.2,8326,8977,0.547,112
RAW,386.5,8343,8981,0.582,119
RAW,386.5,8338,8984,0.484,99
RAW,386.5,8335,8981,0.474,97
RAW,386.9,8358,8994,0.435,89
RAW,386.9,8353,8988,0.411,84
RAW,386.9,8345,8988,0.401,82
RAW,387.1,8366,8994,0.425,87
RAW,387.1,8366,9001,0.425,87
RAW,387.1,8362,8992,0.450,92
RAW,387.5,8373,8994,0.513,105
RAW,387.5,8365,8996,0.572,117
RAW,387.5,8367,8989,0.582,119
RAW,387.8,8370,8997,0.557,114
RAW,387.8,8365,8995,0.547,112
RAW,387.8,8370,8991,0.547,112
RAW,388.1,8374,9003,0.543,111
RAW,388.1,8376,8997,0.479,98
RAW,388.1,8371,9001,0.440,90
RAW,388.4,8380,9001,0.469,96
RAW,388.4,8375,8998,0.450,92
RAW,388.4,8376,9001,0.450,92
RAW,388.7,8387,9008,0.396,81
RAW,388.7,8386,9008,0.391,80
RAW,388.7,8388,8999,0.396,81
RAW,389.0,8389,9008,0.430,88
RAW,389.0,8389,9009,0.391,80
RAW,389.0,8387,9003,0.376,77
RAW,389.3,8389,9004,0.430,88
RAW,389.3,8388,9009,0.435,89
RAW,389.3,8390,9005,0.420,86
RAW,389.6,8360,8982,0.406,83
RAW,389.6,8370,8991,0.391,80
RAW,389.6,8391,9003,0.376,77
RAW,389.9,8331,8974,0.391,80
RAW,389.9,8336,8975,0.371,76
RAW,389.9,8340,8985,0.391,80
RAW,390.2,8321,8967,0.411,84
RAW,390.2,8326,8972,0.440,90
RAW,390.2,8320,8967,0.440,90
RAW,390.5,8318,8979,0.420,86
RAW,390.5,8321,8976,0.513,105
RAW,390.5,8315,8978,0.577,118
RAW,390.8,8316,8975,0.552,113
RAW,390.8,8324,8974,0.567,116
RAW,390.8,8319,8981,0.587,120
RAW,391.1,8308,8969,0.621,127
RAW,391.1,8316,8978,0.621,127
RAW,391.1,8317,8977,0.489,100
RAW,391.4,8310,8960,0.528,108
RAW,391.4,8309,8969,0.474,97
RAW,391.4,8312,8970,0.459,94
RAW,391.8,8309,8964,0.420,86
RAW,391.8,8308,8966,0.406,83
RAW,391.8,8304,8964,0.396,81
RAW,392.0,8317,8969,0.425,87
RAW,392.0,8312,8963,0.499,102
RAW,392.0,8318,8964,0.523,107
RAW,392.4,8339,8982,0.547,112
RAW,392.4,8326,8978,0.582,119
RAW,392.4,8322,8975,0.606,124
RAW,392.7,8356,9005,0.547,112
RAW,392.7,8352,9001,0.538,110
RAW,392.7,8343,8990,0.430,88
RAW,393.0,8388,9024,0.489,100
RAW,393.0,8376,9019,0.474,97
RAW,393.0,8369,9008,0.411,84
RAW,393.3,8394,9025,0.450,92
RAW,393.3,8395,9021,0.445,91
RAW,393.3,8397,9031,0.440,90
RAW,393.6,8398,9028,0.396,81
RAW,393.6,8402,9032,0.396,81
RAW,393.6,8395,9032,0.391,80
RAW,393.9,8404,9033,0.411,84
RAW,393.9,8402,9038,0.391,80
RAW,393.9,8401,9031,0.396,81
RAW,394.2,8414,9040,0.445,91
RAW,394.2,8411,9046,0.430,88
RAW,394.2,8414,9035,0.425,87
RAW,394.5,8423,9043,0.391,80
RAW,394.5,8418,9045,0.411,84
RAW,394.5,8411,9038,0.391,80
RAW,394.8,8431,9054,0.386,79
RAW,394.8,8433,9046,0.396,81
RAW,394.8,8428,9042,0.401,82
RAW,395.1,8449,9064,0.425,87
RAW,395.1,8445,9059,0.425,87
RAW,395.1,8441,9061,0.533,109
RAW,395.4,8458,9068,0.450,92
RAW,395.4,8454,9066,0.543,111
RAW,395.4,8455,9064,0.606,124
RAW,395.7,8466,9071,0.567,116
RAW,395.7,8466,9070,0.577,118
RAW,395.7,8456,9073,0.591,121
RAW,396.0,8475,9079,0.645,132
RAW,396.0,8472,9078,0.567,116
RAW,396.0,8469,9072,0.455,93
RAW,396.3,8499,9102,0.484,99
RAW,396.3,8490,9092,0.469,96
RAW,396.3,8481,9086,0.464,95
RAW,396.6,8513,9103,0.396,81
RAW,396.6,8507,9101,0.420,86
RAW,396.6,8506,9101,0.411,84
RAW,397.0,8493,9091,0.430,88
RAW,397.0,8504,9103,0.557,114
RAW,397.0,8506,9101,0.591,121
RAW,397.3,8452,9057,0.567,116
RAW,397.3,8476,9072,0.601,123
RAW,397.3,8490,9091,0.606,124
RAW,397.6,8408,9046,0.562,115
RAW,397.6,8420,9045,0.464,95
RAW,397.6,8433,9056,0.435,89
RAW,397.9,8388,9027,0.479,98
RAW,397.9,8391,9036,0.450,92
RAW,397.9,8396,9036,0.411,84
RAW,398.2,8381,9032,0.450,92
RAW,398.2,8386,9030,0.464,95
RAW,398.2,8387,9034,0.435,89
RAW,398.5,8383,9035,0.391,80
RAW,398.5,8386,9035,0.396,81
RAW,398.5,8380,9034,0.391,80
RAW,398.8,8398,9039,0.386,79
RAW,398.8,8391,9039,0.401,82
RAW,398.8,8385,9037,0.396,81
RAW,399.1,8399,9044,0.450,92
RAW,399.1,8403,9042,0.430,88
RAW,399.1,8394,9036,0.430,88
RAW,399.4,8398,9053,0.411,84
RAW,399.4,8406,9045,0.411,84
RAW,399.4,8401,9044,0.411,84
RAW,399.7,8419,9054,0.411,84
RAW,399.7,8414,9051,0.401,82
RAW,399.7,8410,9046,0.411,84
RAW,400.0,8426,9057,0.430,88
RAW,400.0,8419,9054,0.459,94
RAW,400.0,8416,9057,0.572,117
RAW,400.3,8438,9063,0.499,102
RAW,400.3,8438,9057,0.587,120
RAW,400.3,8433,9058,0.645,132
RAW,400.6,8441,9070,0.591,121
RAW,400.6,8441,9069,0.601,123
RAW,400.6,8438,9070,0.606,124
RAW,400.9,8460,9068,0.645,132
RAW,400.9,8455,9069,0.499,102
RAW,400.9,8448,9064,0.469,96
RAW,401.2,8463,9077,0.484,99
RAW,401.2,8456,9071,0.474,97
RAW,401.2,8453,9074,0.469,96
RAW,401.5,8466,9079,0.411,84
RAW,401.5,8465,9076,0.396,81
RAW,401.5,8458,9069,0.469,96
RAW,401.9,8477,9086,0.484,99
RAW,401.9,8471,9086,0.582,119
RAW,401.9,8471,9075,0.601,123
RAW,402.1,8479,9080,0.591,121
RAW,402.1,8481,9082,0.606,124
RAW,402.1,8475,9082,0.606,124
RAW,402.5,8477,9082,0.552,113
RAW,402.5,8471,9080,0.445,91
RAW,402.5,8479,9086,0.415,85
RAW,402.8,8473,9083,0.489,100
RAW,402.8,8479,9079,0.425,87
RAW,402.8,8473,9080,0.411,84
RAW,403.1,8476,9076,0.469,96
RAW,403.1,8473,9080,0.445,91
RAW,403.1,8472,9077,0.435,89
RAW,403.4,8470,9081,0.401,82
RAW,403.4,8473,9076,0.401,82
RAW,403.4,8465,9073,0.430,88
RAW,403.7,8488,9090,0.401,82
RAW,403.7,8478,9086,0.396,81
RAW,403.7,8476,9074,0.391,80
RAW,404.0,8516,9104,0.386,79
RAW,404.0,8506,9097,0.430,88
RAW,404.0,8496,9095,0.440,90
RAW,404.3,8547,9127,0.391,80
RAW,404.3,8541,9130,0.391,80
RAW,404.3,8533,9117,0.391,80
RAW,404.6,8557,9134,0.391,80
RAW,404.6,8558,9130,0.396,81
RAW,404.6,8552,9133,0.411,84
RAW,404.9,8517,9110,0.445,91
RAW,404.9,8535,9121,0.518,106
RAW,404.9,8551,9132,0.587,120
RAW,405.2,8479,9086,0.528,108
RAW,405.2,8486,9095,0.621,127
RAW,405.2,8497,9102,0.645,132
RAW,405.5,8450,9075,0.591,121
RAW,405.5,8461,9085,0.591,121
RAW,405.5,8471,9087,0.523,107
RAW,405.8,8433,9068,0.621,127
RAW,405.8,8447,9067,0.489,100
RAW,405.8,8443,9075,0.435,89
RAW,406.1,8421,9055,0.489,100
RAW,406.1,8425,9056,0.479,98
RAW,406.1,8432,9060,0.464,95
RAW,406.4,8426,9059,0.411,84
RAW,406.4,8422,9058,0.411,84
RAW,406.4,8416,9049,0.518,106
RAW,406.8,8439,9062,0.528,108
RAW,406.8,8420,9058,0.596,122
RAW,406.8,8426,9052,0.606,124
RAW,407.0,8454,9077,0.611,125
RAW,407.0,8452,9072,0.596,122
RAW,407.0,8438,9069,0.606,124
RAW,407.4,8468,9088,0.518,106
RAW,407.4,8463,9086,0.445,91
RAW,407.4,8454,9073,0.415,85
RAW,407.7,8470,9091,0.455,93
RAW,407.7,8471,9091,0.396,81
RAW,407.7,8475,9089,0.406,83
RAW,408.0,8480,9095,0.474,97
RAW,408.0,8484,9090,0.450,92
RAW,408.0,8475,9091,0.425,87
RAW,408.3,8489,9098,0.401,82
RAW,408.3,8484,9098,0.401,82
RAW,408.3,8478,9099,0.415,85
RAW,408.6,8489,9098,0.406,83
RAW,408.6,8488,9097,0.411,84
RAW,408.6,8485,9102,0.396,81
RAW,408.9,8495,9096,0.420,86
RAW,408.9,8495,9100,0.435,89
RAW,408.9,8483,9100,0.450,92
RAW,409.2,8502,9102,0.401,82
RAW,409.2,8496,9102,0.406,83
RAW,409.2,8492,9104,0.435,89
RAW,409.5,8501,9107,0.391,80
RAW,409.5,8510,9109,0.411,84
RAW,409.5,8510,9103,0.411,84
RAW,409.8,8504,9111,0.474,97
RAW,409.8,8502,9104,0.557,114
RAW,409.8,8498,9104,0.606,124
RAW,410.1,8521,9119,0.587,120
RAW,410.1,8514,9111,0.645,132
RAW,410.1,8509,9111,0.645,132
RAW,410.4,8523,9113,0.587,120
RAW,410.4,8521,9115,0.606,124
RAW,410.4,8516,9114,0.489,100
RAW,410.7,8522,9111,0.557,114
RAW,410.7,8518,9117,0.494,101
RAW,410.7,8518,9113,0.489,100
RAW,411.0,8514,9117,0.474,97
RAW,411.0,8526,9118,0.469,96
RAW,411.0,8527,9119,0.469,96
RAW,411.3,8517,9118,0.411,84
RAW,411.3,8519,9112,0.445,91
RAW,411.3,8524,9108,0.533,109
RAW,411.6,8514,9108,0.557,114
RAW,411.6,8515,9116,0.601,123
RAW,411.6,8517,9109,0.601,123
RAW,412.0,8513,9112,0.606,124
RAW,412.0,8515,9105,0.621,127
RAW,412.0,8517,9110,0.508,104
RAW,412.3,8483,9096,0.469,96
RAW,412.3,8499,9105,0.425,87
RAW,412.3,8504,9104,0.450,92
RAW,412.6,8443,9073,0.425,87
RAW,412.6,8452,9079,0.415,85
RAW,412.6,8465,9084,0.401,82
RAW,412.9,8427,9062,0.430,88
RAW,412.9,8421,9062,0.411,84
RAW,412.9,8433,9067,0.415,85
RAW,413.2,8406,9055,0.391,80
RAW,413.2,8411,9054,0.396,81
RAW,413.2,8417,9062,0.406,83
RAW,413.5,8401,9049,0.391,80
RAW,413.5,8412,9050,0.391,80
RAW,413.5,8410,9055,0.391,80
RAW,413.8,8392,9049,0.411,84
RAW,413.8,8393,9051,0.425,87
RAW,413.8,8397,9050,0.430,88
RAW,414.1,8404,9044,0.386,79
RAW,414.1,8400,9050,0.425,87
RAW,414.1,8401,9039,0.430,88
RAW,414.4,8407,9059,0.386,79
RAW,414.4,8406,9052,0.386,79
RAW,414.4,8400,9046,0.445,91
RAW,414.7,8414,9060,0.411,84
RAW,414.7,8411,9059,0.533,109
RAW,414.7,8409,9056,0.601,123
RAW,415.0,8416,9056,0.591,121
RAW,415.0,8410,9055,0.621,127
RAW,415.0,8412,9054,0.645,132
RAW,415.3,8423,9074,0.596,122
RAW,415.3,8422,9064,0.582,119
RAW,415.3,8415,9059,0.445,91
RAW,415.6,8424,9066,0.508,104
RAW,415.6,8430,9063,0.455,93
RAW,415.6,8431,9077,0.459,94
RAW,415.9,8433,9069,0.455,93
RAW,415.9,8433,9074,0.459,94
RAW,415.9,8421,9069,0.425,87
RAW,416.2,8438,9072,0.376,77
RAW,416.2,8436,9076,0.450,92
RAW,416.2,8439,9068,0.499,102
RAW,416.5,8441,9074,0.547,112
RAW,416.5,8448,9077,0.567,116
RAW,416.5,8437,9067,0.543,111
RAW,416.9,8439,9066,0.572,117
RAW,416.9,8439,9071,0.557,114
RAW,416.9,8444,9072,0.450,92
RAW,417.2,8444,9066,0.430,88
RAW,417.2,8442,9072,0.391,80
RAW,417.2,8448,9076,0.371,76
RAW,417.5,8447,9077,0.381,78
RAW,417.5,8445,9075,0.371,76
RAW,417.5,8440,9073,0.371,76
RAW,417.8,8446,9073,0.406,83
RAW,417.8,8447,9074,0.396,81
RAW,417.8,8447,9070,0.406,83
RAW,418.1,8446,9076,0.362,74
RAW,418.1,8452,9071,0.352,72
RAW,418.1,8447,9075,0.376,77
RAW,418.4,8450,9086,0.367,75
RAW,418.4,8454,9072,0.352,72
RAW,418.4,8448,9071,0.357,73
RAW,418.7,8461,9078,0.391,80
RAW,418.7,8463,9077,0.386,79
RAW,418.7,8460,9079,0.376,77
RAW,419.0,8462,9082,0.332,68
RAW,419.0,8467,9085,0.376,77
RAW,419.0,8464,9085,0.411,84
RAW,419.3,8448,9066,0.362,74
RAW,419.3,8457,9076,0.367,75
RAW,419.3,8456,9078,0.450,92
RAW,419.6,8408,9049,0.411,84
RAW,419.6,8429,9058,0.528,108
RAW,419.6,8440,9066,0.591,121
RAW,419.9,8375,9032,0.577,118
RAW,419.9,8375,9031,0.606,124
RAW,419.9,8394,9037,0.601,123
RAW,420.2,8361,9021,0.567,116
RAW,420.2,8360,9030,0.543,111
RAW,420.2,8363,9029,0.411,84
RAW,420.5,8346,9013,0.474,97
RAW,420.5,8348,9016,0.430,88
RAW,420.5,8357,9011,0.430,88
RAW,420.8,8339,9006,0.425,87
RAW,420.8,8337,9007,0.401,82
RAW,420.8,8342,9007,0.411,84
RAW,421.1,8335,9002,0.357,73
RAW,421.1,8338,9007,0.430,88
RAW,421.1,8331,9002,0.484,99
RAW,421.4,8336,9002,0.528,108
RAW,421.4,8340,9005,0.518,106
RAW,421.4,8344,8996,0.508,104
RAW,421.8,8356,9005,0.557,114
RAW,421.8,8345,9014,0.494,101
RAW,421.8,8346,9013,0.401,82
RAW,422.0,8356,9013,0.401,82
RAW,422.0,8354,9016,0.371,76
RAW,422.0,8353,9016,0.352,72
RAW,422.4,8361,9011,0.357,73
RAW,422.4,8356,9009,0.362,74
RAW,422.4,8354,9013,0.357,73
RAW,422.7,8359,9019,0.371,76
RAW,422.7,8362,9020,0.381,78
RAW,422.7,8358,9019,0.386,79
RAW,423.0,8367,9016,0.342,70
RAW,423.0,8360,9012,0.342,70
RAW,423.0,8359,9022,0.371,76
RAW,423.3,8363,9013,0.342,70
RAW,423.3,8357,9016,0.342,70
RAW,423.3,8358,9018,0.342,70
RAW,423.6,8358,9017,0.371,76
RAW,423.6,8362,9015,0.386,79
RAW,423.6,8357,9013,0.367,75
RAW,423.9,8368,9014,0.367,75
RAW,423.9,8359,9019,0.376,77
RAW,423.9,8370,9020,0.425,87
RAW,424.2,8364,9015,0.332,68
RAW,424.2,8361,9015,0.371,76
RAW,424.2,8361,9017,0.445,91
RAW,424.5,8359,9014,0.450,92
RAW,424.5,8361,9012,0.552,113
RAW,424.5,8356,9016,0.577,118
RAW,424.8,8368,9010,0.572,117
RAW,424.8,8364,9007,0.591,121
RAW,424.8,8359,9007,0.601,123
RAW,425.1,8377,9025,0.543,111
RAW,425.1,8371,9021,0.503,103
RAW,425.1,8370,9019,0.459,94
RAW,425.4,8381,9023,0.450,92
RAW,425.4,8375,9024,0.420,86
RAW,425.4,8376,9018,0.396,81
RAW,425.7,8388,9029,0.411,84
RAW,425.7,8380,9024,0.391,80
RAW,425.7,8378,9022,0.411,84
RAW,426.0,8391,9034,0.352,72
RAW,426.0,8392,9025,0.440,90
RAW,426.0,8393,9029,0.489,100
RAW,426.3,8391,9027,0.503,103
RAW,426.3,8396,9034,0.499,102
RAW,426.3,8391,9034,0.489,100
RAW,426.6,8388,9031,0.543,111
RAW,426.6,8390,9030,0.459,94
RAW,426.6,8393,9029,0.401,82
RAW,427.0,8339,9000,0.386,79
RAW,427.0,8349,9009,0.362,74
RAW,427.0,8361,9010,0.352,72
RAW,427.3,8318,8986,0.352,72
RAW,427.3,8322,8994,0.337,69
RAW,427.3,8328,9001,0.323,66
RAW,427.6,8307,8977,0.391,80
RAW,427.6,8310,8980,0.391,80
RAW,427.6,8320,8989,0.386,79
RAW,427.9,8301,8979,0.327,67
RAW,427.9,8309,8981,0.371,76
RAW,427.9,8304,8984,0.391,80
RAW,428.2,8312,8980,0.332,68
RAW,428.2,8307,8982,0.342,70
RAW,428.2,8307,8979,0.347,71
RAW,428.5,8318,8989,0.391,80
RAW,428.5,8313,8988,0.371,76
RAW,428.5,8307,8986,0.381,78
RAW,428.8,8327,8991,0.381,78
RAW,428.8,8328,8990,0.415,85
RAW,428.8,8325,8990,0.401,82
RAW,429.1,8325,8991,0.371,76
RAW,429.1,8329,8989,0.342,70
RAW,429.1,8322,8989,0.464,95
RAW,429.4,8334,8989,0.464,95
RAW,429.4,8330,8990,0.562,115
RAW,429.4,8324,8986,0.591,121
RAW,429.7,8340,8999,0.587,120
RAW,429.7,8333,8998,0.591,121
RAW,429.7,8334,8992,0.606,124
RAW,430.0,8345,8999,0.538,110
RAW,430.0,8343,8999,0.464,95
RAW,430.0,8338,8998,0.376,77
RAW,430.3,8342,8995,0.430,88
RAW,430.3,8345,9002,0.420,86
RAW,430.3,8344,8999,0.386,79
RAW,430.6,8346,9000,0.401,82
RAW,430.6,8345,8999,0.420,86
RAW,430.6,8349,8999,0.469,96
RAW,430.9,8355,9003,0.367,75
RAW,430.9,8354,9001,0.464,95
RAW,430.9,8348,8994,0.499,102
RAW,431.2,8348,8999,0.503,103
RAW,431.2,8357,9002,0.503,103
RAW,431.2,8351,8996,0.518,106
RAW,431.5,8356,8999,0.547,112
RAW,431.5,8348,8997,0.430,88
RAW,431.5,8348,9001,0.411,84
RAW,431.9,8353,8999,0.376,77
RAW,431.9,8351,9003,0.371,76
RAW,431.9,8351,9002,0.352,72
RAW,432.1,8368,9007,0.352,72
RAW,432.1,8364,9004,0.362,74
RAW,432.1,8356,9011,0.332,68
RAW,432.5,8369,9009,0.376,77
RAW,432.5,8373,9007,0.391,80
RAW,432.5,8361,9009,0.371,76
RAW,432.8,8391,9021,0.352,72
RAW,432.8,8376,9018,0.386,79
RAW,432.8,8374,9012,0.411,84
RAW,433.1,8388,9022,0.357,73
RAW,433.1,8385,9023,0.259,53
RAW,433.1,8384,9019,0.367,75
RAW,433.4,8387,9022,0.371,76
RAW,433.4,8392,9023,0.371,76
RAW,433.4,8388,9022,0.391,80
RAW,433.7,8387,9019,0.415,85
RAW,433.7,8383,9021,0.420,86
RAW,433.7,8385,9026,0.415,85
RAW,434.0,8347,8996,0.362,74
RAW,434.0,8359,9006,0.376,77
RAW,434.0,8373,9012,0.503,103
RAW,434.3,8318,8980,0.518,106
RAW,434.3,8329,8981,0.577,118
RAW,434.3,8331,8992,0.694,142
RAW,434.6,8318,8977,0.582,119
RAW,434.6,8316,8983,0.596,122
RAW,434.6,8312,8981,0.606,124
RAW,434.9,8315,8979,0.567,116
RAW,434.9,8315,8978,0.435,89
RAW,434.9,8310,8983,0.391,80
RAW,435.2,8328,8985,0.455,93
RAW,435.2,8317,8976,0.406,83
RAW,435.2,8313,8979,0.386,79
RAW,435.5,8324,8987,0.415,85
RAW,435.5,8322,8977,0.415,85
RAW,435.5,8323,8978,0.489,100
RAW,435.8,8343,8989,0.411,84
RAW,435.8,8329,8988,0.479,98
RAW,435.8,8328,8982,0.518,106
RAW,436.1,8345,8998,0.503,103
RAW,436.1,8337,8995,0.513,105
RAW,436.1,8336,8986,0.528,108
RAW,436.4,8350,8995,0.528,108
RAW,436.4,8346,8997,0.450,92
RAW,436.4,8349,8998,0.435,89
RAW,436.7,8368,9005,0.386,79
RAW,436.7,8362,9002,0.367,75
RAW,436.7,8362,8999,0.391,80
RAW,437.0,8366,9009,0.362,74
RAW,437.0,8367,9007,0.352,72
RAW,437.0,8359,9004,0.357,73
RAW,437.4,8365,9003,0.391,80
RAW,437.4,8369,9016,0.396,81
RAW,437.4,8375,9007,0.396,81
RAW,437.7,8372,9014,0.391,80
RAW,437.7,8372,9007,0.425,87
RAW,437.7,8365,9008,0.479,98
RAW,438.0,8368,9013,0.357,73
RAW,438.0,8376,9012,0.357,73
RAW,438.0,8382,9010,0.376,77
RAW,438.3,8380,9008,0.391,80
RAW,438.3,8373,9015,0.411,84
RAW,438.3,8384,9013,0.420,86
RAW,438.6,8390,9014,0.420,86
RAW,438.6,8387,9016,0.430,88
RAW,438.6,8382,9019,0.406,83
RAW,438.9,8396,9024,0.381,78
RAW,438.9,8395,9021,0.440,90
RAW,438.9,8391,9019,0.518,106
RAW,439.2,8406,9027,0.567,116
RAW,439.2,8406,9029,0.601,123
RAW,439.2,8394,9026,0.596,122
RAW,439.5,8410,9031,0.611,125
RAW,439.5,8399,9027,0.621,127
RAW,439.5,8404,9029,0.591,121
RAW,439.8,8413,9035,0.557,114
RAW,439.8,8412,9037,0.415,85
RAW,439.8,8403,9031,0.406,83
RAW,440.1,8421,9049,0.445,91
RAW,440.1,8422,9043,0.391,80
RAW,440.1,8416,9034,0.391,80
RAW,440.4,8432,9047,0.435,89
RAW,440.4,8427,9043,0.435,89
RAW,440.4,8423,9036,0.494,101
RAW,440.7,8420,9042,0.435,89
RAW,440.7,8427,9043,0.494,101
RAW,440.7,8428,9042,0.543,111
RAW,441.0,8407,9034,0.518,106
RAW,441.0,8413,9038,0.533,109
RAW,441.0,8422,9039,0.523,107
RAW,441.3,8374,9015,0.518,106
RAW,441.3,8387,9023,0.450,92
RAW,441.3,8397,9018,0.415,85
RAW,441.6,8347,9004,0.386,79
RAW,441.6,8353,9009,0.415,85
RAW,441.6,8361,9004,0.420,86
RAW,442.0,8334,8994,0.371,76
RAW,442.0,8334,8995,0.381,78
RAW,442.0,8350,8999,0.391,80
RAW,442.3,8336,8992,0.411,84
RAW,442.3,8341,8994,0.411,84
RAW,442.3,8332,8994,0.411,84
RAW,442.6,8340,8994,0.411,84
RAW,442.6,8343,8992,0.425,87
RAW,442.6,8343,8992,0.430,88
RAW,442.9,8349,9002,0.367,75
RAW,442.9,8351,8995,0.381,78
RAW,442.9,8347,8994,0.367,75
RAW,443.2,8357,8996,0.406,83
RAW,443.2,8350,8998,0.425,87
RAW,443.2,8353,8989,0.430,88
RAW,443.5,8364,9005,0.425,87
RAW,443.5,8364,9006,0.415,85
RAW,443.5,8356,8999,0.411,84
RAW,443.8,8367,9005,0.376,77
RAW,443.8,8368,9003,0.474,97
RAW,443.8,8354,9005,0.543,111
RAW,444.1,8369,9008,0.596,122
RAW,444.1,8366,9007,0.591,121
RAW,444.1,8366,9005,0.577,118
RAW,444.4,8367,9007,0.601,123
RAW,444.4,8374,9012,0.621,127
RAW,444.4,8369,9009,0.513,105
RAW,444.7,8376,9012,0.528,108
RAW,444.7,8374,9017,0.420,86
RAW,444.7,8378,9012,0.386,79
RAW,445.0,8381,9015,0.411,84
RAW,445.0,8381,9006,0.386,79
RAW,445.0,8383,9013,0.386,79
RAW,445.3,8379,9010,0.425,87
RAW,445.3,8376,9014,0.430,88
RAW,445.3,8377,9010,0.499,102
RAW,445.6,8382,9018,0.489,100
RAW,445.6,8379,9015,0.513,105
RAW,445.6,8385,9011,0.528,108
RAW,445.9,8388,9018,0.513,105
RAW,445.9,8389,9017,0.528,108
RAW,445.9,8383,9016,0.518,106
RAW,446.2,8393,9027,0.455,93
RAW,446.2,8391,9020,0.450,92
RAW,446.2,8394,9016,0.415,85
RAW,446.5,8402,9025,0.406,83
RAW,446.5,8399,9024,0.411,84
RAW,446.5,8401,9023,0.430,88
RAW,446.8,8415,9028,0.371,76
RAW,446.8,8417,9031,0.391,80
RAW,446.8,8404,9027,0.371,76
RAW,447.1,8413,9037,0.391,80
RAW,447.1,8406,9034,0.406,83
RAW,447.1,8408,9037,0.425,87
RAW,447.5,8420,9037,0.415,85
RAW,447.5,8416,9038,0.425,87
RAW,447.5,8417,9037,0.420,86
RAW,447.8,8410,9031,0.357,73
RAW,447.8,8416,9028,0.357,73
RAW,447.8,8419,9038,0.362,74
RAW,448.1,8374,9005,0.401,82
RAW,448.1,8384,9013,0.430,88
RAW,448.1,8402,9025,0.401,82
RAW,448.4,8340,8988,0.411,84
RAW,448.4,8356,8994,0.406,83
RAW,448.4,8357,8997,0.450,92
RAW,448.7,8331,8984,0.362,74
RAW,448.7,8342,8986,0.479,98
RAW,448.7,8339,8988,0.547,112
RAW,449.0,8325,8979,0.572,117
RAW,449.0,8325,8973,0.567,116
RAW,449.0,8326,8973,0.567,116
RAW,449.3,8319,8973,0.606,124
RAW,449.3,8320,8976,0.616,126
RAW,449.3,8317,8968,0.450,92
RAW,449.6,8331,8970,0.450,92
RAW,449.6,8321,8972,0.391,80
RAW,449.6,8326,8972,0.371,76
RAW,449.9,8336,8978,0.376,77
RAW,449.9,8338,8979,0.357,73
RAW,449.9,8335,8976,0.352,72
RAW,450.2,8346,8984,0.376,77
RAW,450.2,8342,8984,0.547,112
RAW,450.2,8334,8981,0.518,106
RAW,450.5,8348,8989,0.450,92
RAW,450.5,8350,8987,0.489,100
RAW,450.5,8346,8983,0.523,107
RAW,450.8,8359,8993,0.494,101
RAW,450.8,8352,8987,0.494,101
RAW,450.8,8355,8983,0.391,80
RAW,451.1,8358,8989,0.420,86
RAW,451.1,8358,8998,0.391,80
RAW,451.1,8359,8991,0.371,76
RAW,451.4,8360,9002,0.376,77
RAW,451.4,8358,8995,0.391,80
RAW,451.4,8354,8990,0.411,84
RAW,451.7,8365,8998,0.327,67
RAW,451.7,8365,8994,0.332,68
RAW,451.7,8362,8999,0.337,69
RAW,452.0,8366,8998,0.357,73
RAW,452.0,8365,8994,0.371,76
RAW,452.0,8367,8995,0.479,98
RAW,452.4,8368,9003,0.376,77
RAW,452.4,8365,8996,0.371,76
RAW,452.4,8373,8995,0.352,72
RAW,452.7,8373,9003,0.318,65
RAW,452.7,8369,9003,0.313,64
RAW,452.7,8372,9000,0.337,69
RAW,453.0,8382,9002,0.376,77
RAW,453.0,8386,9003,0.371,76
RAW,453.0,8376,9003,0.332,68
RAW,453.3,8382,9009,0.367,75
RAW,453.3,8387,9009,0.347,71
RAW,453.3,8377,9002,0.435,89
RAW,453.6,8394,9009,0.313,64
RAW,453.6,8393,9012,0.459,94
RAW,453.6,8381,9009,0.503,103
RAW,453.9,8398,9015,0.508,104
RAW,453.9,8395,9015,0.518,106
RAW,453.9,8385,9008,0.523,107
RAW,454.2,8401,9019,0.552,113
RAW,454.2,8400,9020,0.528,108
RAW,454.2,8398,9020,0.396,81
RAW,454.5,8391,9020,0.411,84
RAW,454.5,8399,9017,0.342,70
RAW,454.5,8400,9017,0.327,67
RAW,454.8,8372,9005,0.283,58
RAW,454.8,8386,9010,0.318,65
RAW,454.8,8394,9010,0.303,62
RAW,455.1,8325,8966,0.357,73
RAW,455.1,8340,8977,0.425,87
RAW,455.1,8357,8982,0.479,98
RAW,455.4,8299,8959,0.435,89
RAW,455.4,8313,8954,0.464,95
RAW,455.4,8317,8959,0.489,100
RAW,455.7,8281,8936,0.455,93
RAW,455.7,8289,8947,0.411,84
RAW,455.7,8297,8949,0.357,73
RAW,456.0,8270,8932,0.391,80
RAW,456.0,8274,8934,0.367,75
RAW,456.0,8269,8933,0.352,72
RAW,456.3,8264,8934,0.357,73
RAW,456.3,8264,8935,0.367,75
RAW,456.3,8269,8935,0.362,74
RAW,456.6,8281,8938,0.308,63
RAW,456.6,8275,8943,0.318,65
RAW,456.6,8274,8934,0.313,64
RAW,456.9,8283,8944,0.347,71
RAW,456.9,8283,8944,0.357,73
RAW,456.9,8285,8938,0.362,74
RAW,457.3,8293,8951,0.352,72
RAW,457.3,8297,8950,0.337,69
RAW,457.3,8296,8948,0.342,70
RAW,457.6,8295,8951,0.293,60
RAW,457.6,8296,8949,0.293,60
RAW,457.6,8299,8948,0.254,52
RAW,457.9,8301,8953,0.342,70
RAW,457.9,8306,8956,0.303,62
RAW,457.9,8301,8949,0.308,63
RAW,458.2,8313,8958,0.337,69
RAW,458.2,8308,8960,0.347,71
RAW,458.2,8301,8953,0.459,94
RAW,458.5,8310,8957,0.371,76
RAW,458.5,8315,8958,0.459,94
RAW,458.5,8312,8960,0.489,100
RAW,458.8,8311,8958,0.479,98
RAW,458.8,8316,8959,0.435,89
RAW,458.8,8313,8959,0.503,103
RAW,459.1,8318,8963,0.533,109
RAW,459.1,8319,8959,0.455,93
RAW,459.1,8317,8954,0.371,76
RAW,459.4,8327,8967,0.352,72
RAW,459.4,8318,8967,0.318,65
RAW,459.4,8317,8963,0.313,64
RAW,459.7,8332,8968,0.327,67
RAW,459.7,8326,8962,0.313,64
RAW,459.7,8320,8964,0.332,68
RAW,460.0,8324,8961,0.347,71
RAW,460.0,8325,8962,0.440,90
RAW,460.0,8335,8960,0.464,95
RAW,460.3,8327,8963,0.425,87
RAW,460.3,8327,8966,0.474,97
RAW,460.3,8329,8965,0.494,101
RAW,460.6,8337,8971,0.445,91
RAW,460.6,8334,8968,0.367,75
RAW,460.6,8330,8967,0.332,68
RAW,460.9,8345,8972,0.357,73
RAW,460.9,8334,8977,0.362,74
RAW,460.9,8342,8973,0.381,78
RAW,461.2,8350,8977,0.347,71
RAW,461.2,8345,8975,0.362,74
RAW,461.2,8345,8983,0.352,72
RAW,461.5,8351,8978,0.308,63
RAW,461.5,8350,8975,0.298,61
RAW,461.5,8353,8981,0.293,60
RAW,461.8,8319,8954,0.352,72
RAW,461.8,8340,8971,0.352,72
RAW,461.8,8346,8970,0.323,66
RAW,462.1,8273,8940,0.347,71
RAW,462.1,8290,8941,0.332,68
RAW,462.1,8299,8945,0.347,71
RAW,462.5,8257,8919,0.293,60
RAW,462.5,8259,8928,0.293,60
RAW,462.5,8265,8931,0.279,57
RAW,462.8,8235,8914,0.337,69
RAW,462.8,8239,8912,0.308,63
RAW,462.8,8244,8921,0.293,60
RAW,463.1,8227,8900,0.342,70
RAW,463.1,8222,8899,0.357,73
RAW,463.1,8229,8909,0.455,93
RAW,463.4,8222,8903,0.391,80
RAW,463.4,8219,8898,0.464,95
RAW,463.4,8223,8901,0.513,105
RAW,463.7,8228,8898,0.508,104
RAW,463.7,8216,8904,0.508,104
RAW,463.7,8216,8906,0.494,101
RAW,464.0,8234,8913,0.543,111
RAW,464.0,8228,8913,0.430,88
RAW,464.0,8233,8904,0.376,77
RAW,464.3,8240,8918,0.337,69
RAW,464.3,8243,8914,0.323,66
RAW,464.3,8233,8914,0.352,72
RAW,464.6,8249,8918,0.362,74
RAW,464.6,8251,8921,0.327,67
RAW,464.6,8248,8919,0.386,79
RAW,464.9,8253,8915,0.347,71
RAW,464.9,8254,8920,0.445,91
RAW,464.9,8255,8921,0.489,100
RAW,465.2,8257,8924,0.469,96
RAW,465.2,8251,8925,0.503,103
RAW,465.2,8245,8926,0.518,106
RAW,465.5,8265,8927,0.484,99
RAW,465.5,8259,8929,0.367,75
RAW,465.5,8254,8918,0.332,68
RAW,465.8,8263,8926,0.381,78
RAW,465.8,8261,8927,0.376,77
RAW,465.8,8262,8928,0.362,74
RAW,466.1,8270,8923,0.371,76
RAW,466.1,8263,8928,0.367,75
RAW,466.1,8264,8929,0.357,73
RAW,466.4,8268,8926,0.308,63
RAW,466.4,8267,8926,0.308,63
RAW,466.4,8268,8931,0.313,64
RAW,466.7,8269,8926,0.367,75
RAW,466.7,8275,8927,0.352,72
RAW,466.7,8271,8925,0.313,64
RAW,467.0,8267,8920,0.352,72
RAW,467.0,8272,8923,0.352,72
RAW,467.0,8274,8924,0.352,72
RAW,467.4,8255,8911,0.293,60
RAW,467.4,8259,8914,0.337,69
RAW,467.4,8257,8920,0.313,64
RAW,467.7,8245,8898,0.323,66
RAW,467.7,8249,8902,0.313,64
RAW,467.7,8250,8908,0.313,64
RAW,468.0,8227,8897,0.367,75
RAW,468.0,8238,8891,0.347,71
RAW,468.0,8236,8906,0.489,100
RAW,468.3,8224,8891,0.425,87
RAW,468.3,8225,8887,0.513,105
RAW,468.3,8222,8892,0.513,105
RAW,468.6,8224,8888,0.494,101
RAW,468.6,8224,8883,0.503,103
RAW,468.6,8219,8885,0.523,107
RAW,468.9,8212,8885,0.547,112
RAW,468.9,8228,8888,0.425,87
RAW,468.9,8224,8885,0.371,76
RAW,469.2,8184,8868,0.362,74
RAW,469.2,8203,8876,0.332,68
RAW,469.2,8212,8877,0.367,75
RAW,469.5,8134,8844,0.323,66
RAW,469.5,8153,8852,0.327,67
RAW,469.5,8169,8853,0.425,87
RAW,469.8,8106,8820,0.391,80
RAW,469.8,8118,8827,0.469,96
RAW,469.8,8126,8826,0.494,101
RAW,470.1,8090,8807,0.508,104
RAW,470.1,8087,8814,0.621,127
RAW,470.1,8099,8813,0.533,109
RAW,470.4,8072,8799,0.484,99
RAW,470.4,8081,8808,0.381,78
RAW,470.4,8081,8799,0.352,72
RAW,470.7,8050,8781,0.411,84
RAW,470.7,8057,8791,0.391,80
RAW,470.7,8057,8790,0.376,77
RAW,471.0,8046,8784,0.391,80
RAW,471.0,8046,8781,0.362,74
RAW,471.0,8050,8785,0.367,75
RAW,471.3,8050,8785,0.323,66
RAW,471.3,8044,8782,0.332,68
RAW,471.3,8050,8777,0.327,67
RAW,471.6,8051,8783,0.357,73
RAW,471.6,8057,8782,0.342,70
RAW,471.6,8052,8784,0.332,68
RAW,471.9,8054,8785,0.367,75
RAW,471.9,8050,8779,0.371,76
RAW,471.9,8053,8781,0.371,76
RAW,472.3,8052,8779,0.323,66
RAW,472.3,8053,8779,0.318,65
RAW,472.3,8052,8782,0.337,69
RAW,472.5,8053,8777,0.323,66
RAW,472.5,8048,8783,0.332,68
RAW,472.5,8047,8776,0.332,68
RAW,472.9,8050,8782,0.362,74
RAW,472.9,8051,8775,0.406,83
RAW,472.9,8046,8779,0.508,104
RAW,473.2,8054,8779,0.445,91
RAW,473.2,8053,8780,0.513,105
RAW,473.2,8052,8778,0.533,109
RAW,473.5,8052,8780,0.499,102
RAW,473.5,8060,8781,0.528,108
RAW,473.5,8049,8774,0.528,108
RAW,473.8,8060,8784,0.582,119
RAW,473.8,8064,8785,0.445,91
RAW,473.8,8058,8779,0.411,84
RAW,474.1,8060,8783,0.381,78
RAW,474.1,8064,8783,0.391,80
RAW,474.1,8059,8780,0.411,84
RAW,474.4,8067,8781,0.371,76
RAW,474.4,8063,8779,0.347,71
RAW,474.4,8066,8779,0.430,88
RAW,474.7,8064,8784,0.406,83
RAW,474.7,8062,8782,0.489,100
RAW,474.7,8061,8783,0.533,109
RAW,475.0,8067,8788,0.533,109
RAW,475.0,8060,8778,0.547,112
RAW,475.0,8060,8780,0.547,112
RAW,475.3,8078,8788,0.489,100
RAW,475.3,8066,8784,0.396,81
RAW,475.3,8069,8784,0.352,72
RAW,475.6,8089,8794,0.406,83
RAW,475.6,8086,8793,0.391,80
RAW,475.6,8082,8791,0.362,74
RAW,475.9,8098,8796,0.371,76
RAW,475.9,8094,8798,0.391,80
RAW,475.9,8088,8792,0.381,78
RAW,476.2,8101,8798,0.327,67
RAW,476.2,8103,8801,0.337,69
RAW,476.2,8098,8806,0.332,68
RAW,476.5,8113,8808,0.357,73
RAW,476.5,8112,8803,0.342,70
RAW,476.5,8106,8801,0.337,69
RAW,476.8,8086,8793,0.386,79
RAW,476.8,8103,8800,0.371,76
RAW,476.8,8109,8806,0.362,74
RAW,477.1,8057,8772,0.337,69
RAW,477.1,8065,8781,0.337,69
RAW,477.1,8078,8790,0.332,68
RAW,477.5,8028,8763,0.347,71
RAW,477.5,8033,8768,0.347,71
RAW,477.5,8042,8768,0.352,72
RAW,477.8,8016,8756,0.371,76
RAW,477.8,8017,8756,0.435,89
RAW,477.8,8018,8758,0.528,108
RAW,478.1,7986,8728,0.469,96
RAW,478.1,8000,8744,0.523,107
RAW,478.1,8003,8744,0.552,113
RAW,478.4,7965,8719,0.523,107
RAW,478.4,7967,8720,0.538,110
RAW,478.4,7968,8723,0.523,107
RAW,478.7,7966,8718,0.577,118
RAW,478.7,7958,8715,0.445,91
RAW,478.7,7960,8721,0.396,81
RAW,479.0,7978,8727,0.411,84
RAW,479.0,7977,8724,0.455,93
RAW,479.0,7965,8721,0.411,84
RAW,479.3,7983,8734,0.367,75
RAW,479.3,7983,8727,0.352,72
RAW,479.3,7980,8727,0.445,91
RAW,479.6,8001,8740,0.430,88
RAW,479.6,7996,8735,0.513,105
RAW,479.6,7986,8734,0.567,116
RAW,479.9,8008,8740,0.533,109
RAW,479.9,8005,8741,0.557,114
RAW,479.9,7999,8736,0.552,113
RAW,480.2,8018,8751,0.489,100
RAW,480.2,8007,8745,0.401,82
RAW,480.2,8006,8744,0.362,74
RAW,480.5,8022,8758,0.415,85
RAW,480.5,8014,8753,0.386,79
RAW,480.5,8015,8753,0.357,73
RAW,480.8,8025,8755,0.396,81
RAW,480.8,8026,8758,0.411,84
RAW,480.8,8025,8761,0.411,84
RAW,481.1,8027,8759,0.347,71
RAW,481.1,8026,8755,0.352,72
RAW,481.1,8025,8759,0.254,52
RAW,481.4,8035,8765,0.347,71
RAW,481.4,8028,8764,0.357,73
RAW,481.4,8037,8761,0.352,72
RAW,481.7,8038,8765,0.396,81
RAW,481.7,8035,8763,0.376,77
RAW,481.7,8036,8763,0.371,76
RAW,482.0,8052,8770,0.347,71
RAW,482.0,8048,8768,0.352,72
RAW,482.0,8040,8768,0.347,71
RAW,482.4,8050,8767,0.337,69
RAW,482.4,8051,8768,0.347,71
RAW,482.4,8053,8770,0.352,72
RAW,482.6,8058,8775,0.386,79
RAW,482.6,8050,8771,0.459,94
RAW,482.6,8048,8770,0.543,111
RAW,483.0,8058,8767,0.474,97
RAW,483.0,8053,8773,0.552,113
RAW,483.0,8053,8769,0.591,121
RAW,483.3,8061,8776,0.543,111
RAW,483.3,8062,8776,0.547,112
RAW,483.3,8056,8777,0.528,108
RAW,483.6,8066,8774,0.591,121
RAW,483.6,8068,8777,0.435,89
RAW,483.6,8068,8779,0.430,88
RAW,483.9,8077,8784,0.425,87
RAW,483.9,8066,8779,0.425,87
RAW,483.9,8066,8779,0.411,84
RAW,484.2,8086,8780,0.357,73
RAW,484.2,8085,8784,0.352,72
RAW,484.2,8069,8782,0.430,88
RAW,484.5,8081,8787,0.479,98
RAW,484.5,8087,8789,0.528,108
RAW,484.5,8085,8781,0.562,115
RAW,484.8,8075,8782,0.552,113
RAW,484.8,8081,8780,0.562,115
RAW,484.8,8083,8788,0.523,107
RAW,485.1,8032,8759,0.499,102
RAW,485.1,8047,8766,0.396,81
RAW,485.1,8058,8762,0.371,76
RAW,485.4,8000,8746,0.430,88
RAW,485.4,8010,8746,0.376,77
RAW,485.4,8018,8747,0.371,76
RAW,485.7,7994,8734,0.401,82
RAW,485.7,7997,8737,0.406,83
RAW,485.7,7997,8741,0.391,80
RAW,486.0,7986,8733,0.347,71
RAW,486.0,7987,8738,0.352,72
RAW,486.0,7991,8732,0.352,72
RAW,486.3,7989,8733,0.347,71
RAW,486.3,7982,8733,0.352,72
RAW,486.3,7985,8731,0.342,70
RAW,486.6,7999,8736,0.396,81
RAW,486.6,7992,8738,0.391,80
RAW,486.6,7988,8733,0.386,79
RAW,486.9,8004,8753,0.352,72
RAW,486.9,8009,8740,0.347,71
RAW,486.9,7994,8738,0.381,78
RAW,487.2,8020,8760,0.352,72
RAW,487.2,8017,8754,0.352,72
RAW,487.2,8010,8751,0.347,71
RAW,487.5,8027,8758,0.445,91
RAW,487.5,8020,8761,0.474,97
RAW,487.5,8021,8761,0.528,108
RAW,487.9,8037,8769,0.513,105
RAW,487.9,8033,8762,0.577,118
RAW,487.9,8030,8763,0.606,124
RAW,488.2,8043,8772,0.547,112
RAW,488.2,8037,8774,0.562,115
RAW,488.2,8030,8774,0.533,109
RAW,488.5,8047,8779,0.577,118
RAW,488.5,8046,8779,0.450,92
RAW,488.5,8040,8769,0.435,89
RAW,488.8,8051,8781,0.440,90
RAW,488.8,8055,8780,0.430,88
RAW,488.8,8052,8780,0.420,86
RAW,489.1,8068,8790,0.371,76
RAW,489.1,8056,8787,0.371,76
RAW,489.1,8061,8787,0.450,92
RAW,489.4,8064,8794,0.474,97
RAW,489.4,8065,8787,0.552,113
RAW,489.4,8056,8782,0.547,112
RAW,489.7,8073,8798,0.552,113
RAW,489.7,8069,8800,0.552,113
RAW,489.7,8067,8789,0.567,116
RAW,490.0,8075,8796,0.503,103
RAW,490.0,8078,8797,0.430,88
RAW,490.0,8074,8794,0.391,80
RAW,490.3,8085,8804,0.411,84
RAW,490.3,8078,8804,0.371,76
RAW,490.3,8080,8798,0.371,76
RAW,490.6,8100,8808,0.406,83
RAW,490.6,8093,8803,0.406,83
RAW,490.6,8089,8805,0.396,81
RAW,490.9,8101,8811,0.357,73
RAW,490.9,8099,8812,0.352,72
RAW,490.9,8095,8805,0.371,76
RAW,491.2,8121,8822,0.367,75
RAW,491.2,8108,8825,0.371,76
RAW,491.2,8113,8820,0.362,74
RAW,491.5,8129,8831,0.371,76
RAW,491.5,8122,8829,0.411,84
RAW,491.5,8121,8827,0.401,82
RAW,491.8,8138,8838,0.337,69
RAW,491.8,8130,8832,0.381,78
RAW,491.8,8133,8830,0.376,77
RAW,492.1,8144,8839,0.352,72
RAW,492.1,8142,8837,0.362,74
RAW,492.1,8138,8836,0.367,75
RAW,492.4,8147,8846,0.391,80
RAW,492.4,8147,8842,0.459,94
RAW,492.4,8145,8839,0.528,108
RAW,492.8,8144,8844,0.523,107
RAW,492.8,8152,8846,0.582,119
RAW,492.8,8152,8846,0.606,124
RAW,493.1,8104,8819,0.557,114
RAW,493.1,8117,8818,0.567,116
RAW,493.1,8134,8833,0.499,102
RAW,493.4,8075,8807,0.591,121
RAW,493.4,8083,8806,0.479,98
RAW,493.4,8094,8812,0.445,91
RAW,493.7,8069,8793,0.450,92
RAW,493.7,8073,8799,0.430,88
RAW,493.7,8071,8795,0.415,85
RAW,494.0,8062,8792,0.381,78
RAW,494.0,8067,8790,0.376,77
RAW,494.0,8070,8791,0.469,96
RAW,494.3,8054,8793,0.494,101
RAW,494.3,8054,8795,0.557,114
RAW,494.3,8057,8791,0.523,107
RAW,494.6,8063,8796,0.547,112
RAW,494.6,8058,8798,0.567,116
RAW,494.6,8056,8795,0.562,115
RAW,494.9,8071,8801,0.469,96
RAW,494.9,8069,8805,0.381,78
RAW,494.9,8065,8796,0.381,78
RAW,495.2,8085,8810,0.396,81
RAW,495.2,8085,8808,0.371,76
RAW,495.2,8081,8805,0.352,72
RAW,495.5,8095,8817,0.406,83
RAW,495.5,8088,8818,0.391,80
RAW,495.5,8085,8813,0.391,80
RAW,495.8,8099,8820,0.381,78
RAW,495.8,8094,8821,0.352,72
RAW,495.8,8092,8820,0.362,74
RAW,496.1,8106,8822,0.367,75
RAW,496.1,8103,8820,0.357,73
RAW,496.1,8100,8822,0.371,76
RAW,496.4,8109,8826,0.381,78
RAW,496.4,8098,8826,0.401,82
RAW,496.4,8108,8826,0.386,79
RAW,496.7,8109,8835,0.352,72
RAW,496.7,8108,8829,0.386,79
RAW,496.7,8110,8830,0.415,85
RAW,497.0,8112,8829,0.357,73
RAW,497.0,8113,8831,0.352,72
RAW,497.0,8108,8830,0.376,77
RAW,497.3,8123,8832,0.391,80
RAW,497.3,8126,8829,0.489,100
RAW,497.3,8117,8837,0.577,118
RAW,497.6,8130,8839,0.552,113
RAW,497.6,8131,8836,0.601,123
RAW,497.6,8126,8839,0.606,124
RAW,498.0,8134,8837,0.582,119
RAW,498.0,8134,8840,0.567,116
RAW,498.0,8129,8834,0.450,92
RAW,498.3,8137,8839,0.552,113
RAW,498.3,8134,8841,0.469,96
RAW,498.3,8135,8837,0.425,87
RAW,498.6,8140,8841,0.450,92
RAW,498.6,8137,8834,0.420,86
RAW,498.6,8132,8837,0.411,84
RAW,498.9,8143,8844,0.371,76
RAW,498.9,8145,8846,0.371,76
RAW,498.9,8147,8838,0.484,99
RAW,499.2,8152,8847,0.508,104
RAW,499.2,8153,8849,0.523,107
RAW,499.2,8150,8847,0.513,105
RAW,499.5,8153,8854,0.552,113
RAW,499.5,8155,8857,0.572,117
RAW,499.5,8151,8846,0.562,115
RAW,499.8,8159,8854,0.391,80
RAW,499.8,8162,8849,0.406,83
RAW,499.8,8156,8853,0.376,77
RAW,500.1,8150,8853,0.371,76
RAW,500.1,8162,8855,0.371,76
RAW,500.1,8165,8851,0.371,76
RAW,500.4,8153,8850,0.391,80
RAW,500.4,8157,8854,0.386,79
RAW,500.4,8155,8851,0.401,82
RAW,500.7,8101,8821,0.371,76
RAW,500.7,8121,8830,0.371,76
RAW,500.7,8136,8833,0.396,81
RAW,501.0,8086,8815,0.362,74
RAW,501.0,8088,8813,0.367,75
RAW,501.0,8101,8821,0.371,76
RAW,501.3,8080,8807,0.415,85
RAW,501.3,8080,8804,0.396,81
RAW,501.3,8080,8814,0.381,78
RAW,501.6,8068,8798,0.391,80
RAW,501.6,8067,8800,0.415,85
RAW,501.6,8071,8800,0.435,89
RAW,501.9,8062,8796,0.362,74
RAW,501.9,8070,8799,0.376,77
RAW,501.9,8058,8796,0.371,76
RAW,502.2,8068,8804,0.391,80
RAW,502.2,8062,8802,0.508,104
RAW,502.2,8057,8796,0.587,120
RAW,502.5,8078,8809,0.567,116
RAW,502.5,8079,8815,0.606,124
RAW,502.5,8069,8802,0.616,126
RAW,502.9,8086,8819,0.552,113
RAW,502.9,8092,8815,0.567,116
RAW,502.9,8078,8814,0.459,94
RAW,503.2,8101,8821,0.562,115
RAW,503.2,8099,8826,0.479,98
RAW,503.2,8098,8823,0.381,78
RAW,503.5,8105,8826,0.445,91
RAW,503.5,8101,8822,0.420,86
RAW,503.5,8100,8823,0.435,89
RAW,503.8,8103,8828,0.371,76
RAW,503.8,8103,8826,0.391,80
RAW,503.8,8105,8825,0.459,94
RAW,504.1,8099,8823,0.489,100
RAW,504.1,8103,8820,0.499,102
RAW,504.1,8103,8824,0.528,108
RAW,504.4,8099,8823,0.567,116
RAW,504.4,8106,8824,0.567,116
RAW,504.4,8100,8822,0.567,116
RAW,504.7,8103,8829,0.474,97
RAW,504.7,8104,8827,0.386,79
RAW,504.7,8101,8826,0.376,77
RAW,505.0,8108,8825,0.381,78
RAW,505.0,8111,8829,0.371,76
RAW,505.0,8103,8826,0.376,77
RAW,505.3,8114,8831,0.386,79
RAW,505.3,8103,8832,0.411,84
RAW,505.3,8109,8824,0.420,86
RAW,505.6,8123,8839,0.371,76
RAW,505.6,8117,8835,0.367,75
RAW,505.6,8112,8837,0.396,81
RAW,505.9,8132,8842,0.367,75
RAW,505.9,8124,8835,0.362,74
RAW,505.9,8126,8838,0.362,74
RAW,506.2,8135,8841,0.391,80
RAW,506.2,8135,8845,0.391,80
RAW,506.2,8137,8836,0.406,83
RAW,506.5,8145,8848,0.391,80
RAW,506.5,8141,8841,0.425,87
RAW,506.5,8134,8842,0.415,85
RAW,506.8,8149,8847,0.376,77
RAW,506.8,8153,8851,0.332,68
RAW,506.8,8146,8852,0.376,77
RAW,507.1,8148,8852,0.391,80
RAW,507.1,8157,8850,0.503,103
RAW,507.1,8150,8847,0.587,120
RAW,507.4,8156,8855,0.562,115
RAW,507.4,8157,8858,0.606,124
RAW,507.4,8155,8854,0.601,123
RAW,507.8,8160,8852,0.552,113
RAW,507.8,8158,8863,0.567,116
RAW,507.8,8164,8861,0.518,106
RAW,508.0,8158,8856,0.616,126
RAW,508.0,8153,8860,0.469,96
RAW,508.0,8161,8856,0.415,85
RAW,508.4,8149,8848,0.455,93
RAW,508.4,8159,8853,0.435,89
RAW,508.4,8159,8855,0.430,88
RAW,508.7,8106,8828,0.376,77
RAW,508.7,8114,8829,0.371,76
RAW,508.7,8136,8839,0.469,96
RAW,509.0,8075,8810,0.450,92
RAW,509.0,8080,8815,0.494,101
RAW,509.0,8093,8820,0.523,107
RAW,509.3,8064,8796,0.557,114
RAW,509.3,8066,8806,0.572,117
RAW,509.3,8069,8798,0.557,114
RAW,509.6,8050,8783,0.518,106
RAW,509.6,8056,8790,0.415,85
RAW,509.6,8063,8792,0.381,78
RAW,509.9,8046,8798,0.391,80
RAW,509.9,8043,8788,0.386,79
RAW,509.9,8043,8792,0.371,76
RAW,510.2,8050,8797,0.411,84
RAW,510.2,8046,8794,0.411,84
RAW,510.2,8051,8796,0.411,84
RAW,510.5,8062,8805,0.371,76
RAW,510.5,8059,8795,0.401,82
RAW,510.5,8056,8799,0.415,85
RAW,510.8,8066,8804,0.367,75
RAW,510.8,8066,8813,0.371,76
RAW,510.8,8057,8807,0.371,76
RAW,511.1,8073,8813,0.411,84
RAW,511.1,8068,8809,0.391,80
RAW,511.1,8071,8804,0.401,82
RAW,511.4,8083,8811,0.411,84
RAW,511.4,8074,8811,0.425,87
RAW,511.4,8082,8809,0.440,90
RAW,511.7,8086,8822,0.381,78
RAW,511.7,8080,8818,0.376,77
RAW,511.7,8069,8816,0.367,75
RAW,512.0,8090,8826,0.411,84
RAW,512.0,8089,8824,0.474,97
RAW,512.0,8084,8815,0.567,116
RAW,512.3,8082,8814,0.528,108
RAW,512.3,8087,8820,0.591,121
RAW,512.3,8089,8819,0.611,125
RAW,512.6,8080,8815,0.562,115
RAW,512.6,8083,8813,0.572,117
RAW,512.6,8079,8814,0.587,120
RAW,513.0,8075,8808,0.621,127
RAW,513.0,8079,8813,0.499,102
RAW,513.0,8079,8815,0.411,84
RAW,513.2,8075,8808,0.474,97
RAW,513.2,8076,8811,0.459,94
RAW,513.2,8072,8809,0.450,92
RAW,513.6,8076,8806,0.371,76
RAW,513.6,8075,8815,0.347,71
RAW,513.6,8079,8809,0.425,87
RAW,513.9,8080,8811,0.391,80
RAW,513.9,8076,8806,0.499,102
RAW,513.9,8072,8808,0.518,106
RAW,514.2,8093,8817,0.567,116
RAW,514.2,8087,8818,0.552,113
RAW,514.2,8081,8809,0.562,115
RAW,514.5,8108,8829,0.538,110
RAW,514.5,8102,8831,0.430,88
RAW,514.5,8096,8824,0.381,78
RAW,514.8,8118,8842,0.411,84
RAW,514.8,8115,8839,0.401,82
RAW,514.8,8120,8827,0.371,76
RAW,515.1,8111,8827,0.396,81
RAW,515.1,8118,8831,0.406,83
RAW,515.1,8119,8835,0.415,85
RAW,515.4,8103,8822,0.357,73
RAW,515.4,8108,8819,0.406,83
RAW,515.4,8111,8822,0.435,89
RAW,515.7,8110,8830,0.367,75
RAW,515.7,8114,8819,0.371,76
RAW,515.7,8106,8819,0.391,80
RAW,516.0,8118,8830,0.391,80
RAW,516.0,8115,8828,0.376,77
RAW,516.0,8108,8826,0.415,85
RAW,516.3,8112,8826,0.411,84
RAW,516.3,8118,8828,0.420,86
RAW,516.3,8115,8827,0.435,89
RAW,516.6,8083,8810,0.367,75
RAW,516.6,8105,8817,0.371,76
RAW,516.6,8109,8824,0.371,76
RAW,516.9,8040,8783,0.430,88
RAW,516.9,8054,8795,0.435,89
RAW,516.9,8064,8794,0.528,108
RAW,517.2,8021,8769,0.494,101
RAW,517.2,8030,8778,0.567,116
RAW,517.2,8035,8780,0.577,118
RAW,517.5,8012,8767,0.543,111
RAW,517.5,8012,8764,0.567,116
RAW,517.5,8014,8766,0.567,116
RAW,517.8,8017,8766,0.621,127
RAW,517.8,8012,8766,0.567,116
RAW,517.8,8017,8771,0.425,87
RAW,518.2,8011,8774,0.484,99
RAW,518.2,8014,8771,0.450,92
RAW,518.2,8013,8769,0.450,92
RAW,518.5,8030,8779,0.401,82
RAW,518.5,8019,8778,0.386,79
RAW,518.5,8018,8772,0.401,82
RAW,518.8,8040,8787,0.391,80
RAW,518.8,8032,8787,0.455,93
RAW,518.8,8032,8771,0.503,103
RAW,519.1,8057,8800,0.538,110
RAW,519.1,8050,8797,0.547,112
RAW,519.1,8044,8786,0.567,116
RAW,519.4,8080,8812,0.538,110
RAW,519.4,8067,8814,0.489,100
RAW,519.4,8067,8807,0.430,88
RAW,519.7,8079,8816,0.420,86
RAW,519.7,8075,8819,0.396,81
RAW,519.7,8073,8813,0.391,80
RAW,520.0,8086,8814,0.415,85
RAW,520.0,8087,8822,0.420,86
RAW,520.0,8082,8819,0.406,83
RAW,520.3,8085,8819,0.391,80
RAW,520.3,8081,8817,0.420,86
RAW,520.3,8085,8816,0.440,90
RAW,520.6,8092,8821,0.371,76
RAW,520.6,8089,8820,0.376,77
RAW,520.6,8091,8819,0.381,78
RAW,520.9,8106,8830,0.391,80
RAW,520.9,8099,8820,0.415,85
RAW,520.9,8097,8819,0.425,87
RAW,521.2,8098,8821,0.425,87
RAW,521.2,8104,8820,0.435,89
RAW,521.2,8107,8824,0.411,84
RAW,521.5,8093,8816,0.357,73
RAW,521.5,8095,8819,0.371,76
RAW,521.5,8097,8817,0.386,79
RAW,521.8,8089,8809,0.425,87
RAW,521.8,8087,8812,0.430,88
RAW,521.8,8086,8811,0.474,97
RAW,522.1,8093,8810,0.435,89
RAW,522.1,8088,8813,0.547,112
RAW,522.1,8084,8807,0.601,123
RAW,522.4,8098,8820,0.533,109
RAW,522.4,8099,8817,0.567,116
RAW,522.4,8092,8819,0.567,116
RAW,522.7,8108,8821,0.611,125
RAW,522.7,8109,8815,0.577,118
RAW,522.7,8098,8822,0.430,88
RAW,523.0,8105,8830,0.538,110
RAW,523.0,8111,8824,0.469,96
RAW,523.0,8102,8822,0.430,88
RAW,523.3,8119,8837,0.396,81
RAW,523.3,8118,8833,0.381,78
RAW,523.3,8119,8828,0.391,80
RAW,523.7,8132,8841,0.371,76
RAW,523.7,8127,8837,0.406,83
RAW,523.7,8125,8837,0.489,100
RAW,524.0,8153,8851,0.508,104
RAW,524.0,8153,8848,0.547,112
RAW,524.0,8136,8845,0.572,117
RAW,524.3,8157,8845,0.543,111
RAW,524.3,8149,8854,0.533,109
RAW,524.3,8149,8854,0.557,114
RAW,524.6,8161,8852,0.459,94
RAW,524.6,8155,8851,0.415,85
RAW,524.6,8158,8852,0.401,82
RAW,524.9,8135,8837,0.425,87
RAW,524.9,8149,8845,0.406,83
RAW,524.9,8155,8849,0.406,83
RAW,525.2,8101,8823,0.420,86
RAW,525.2,8105,8833,0.435,89
RAW,525.2,8118,8830,0.484,99
RAW,525.5,8081,8813,0.367,75
RAW,525.5,8086,8814,0.371,76
RAW,525.5,8091,8827,0.371,76
RAW,525.8,8057,8792,0.391,80
RAW,525.8,8068,8802,0.411,84
RAW,525.8,8073,8805,0.440,90
RAW,526.1,8049,8788,0.415,85
RAW,526.1,8051,8790,0.425,87
RAW,526.1,8057,8790,0.440,90
RAW,526.4,8057,8801,0.367,75
RAW,526.4,8053,8799,0.367,75
RAW,526.4,8047,8787,0.367,75
RAW,526.7,8077,8810,0.425,87
RAW,526.7,8062,8804,0.415,85
RAW,526.7,8054,8808,0.386,79
RAW,527.0,8078,8813,0.411,84
RAW,527.0,8075,8813,0.494,101
RAW,527.0,8067,8812,0.577,118
RAW,527.3,8103,8831,0.494,101
RAW,527.3,8093,8821,0.557,114
RAW,527.3,8086,8819,0.567,116
RAW,527.6,8116,8836,0.572,117
RAW,527.6,8107,8833,0.572,117
RAW,527.6,8107,8833,0.528,108
RAW,527.9,8120,8837,0.611,125
RAW,527.9,8118,8833,0.474,97
RAW,527.9,8111,8841,0.435,89
RAW,528.2,8124,8835,0.396,81
RAW,528.2,8117,8835,0.406,83
RAW,528.2,8118,8835,0.381,78
RAW,528.5,8126,8841,0.381,78
RAW,528.5,8124,8838,0.391,80
RAW,528.5,8119,8838,0.455,93
RAW,528.8,8142,8847,0.450,92
RAW,528.8,8136,8849,0.523,107
RAW,528.8,8136,8848,0.562,115
RAW,529.2,8148,8857,0.508,104
RAW,529.2,8148,8858,0.528,108
RAW,529.2,8147,8851,0.567,116
RAW,529.5,8165,8865,0.528,108
RAW,529.5,8156,8861,0.430,88
RAW,529.5,8156,8858,0.406,83
RAW,529.8,8177,8878,0.440,90
RAW,529.8,8169,8874,0.411,84
RAW,529.8,8156,8870,0.430,88
RAW,530.1,8177,8879,0.415,85
RAW,530.1,8180,8875,0.415,85
RAW,530.1,8187,8883,0.430,88
RAW,530.4,8181,8870,0.367,75
RAW,530.4,8179,8874,0.371,76
RAW,530.4,8190,8878,0.371,76
RAW,530.7,8175,8866,0.406,83
RAW,530.7,8179,8864,0.415,85
RAW,530.7,8180,8870,0.430,88
RAW,531.0,8189,8879,0.415,85
RAW,531.0,8185,8874,0.391,80
RAW,531.0,8181,8871,0.411,84
RAW,531.3,8221,8901,0.367,75
RAW,531.3,8213,8891,0.371,76
RAW,531.3,8198,8886,0.362,74
RAW,531.6,8271,8930,0.415,85
RAW,531.6,8253,8925,0.371,76
RAW,531.6,8240,8911,0.367,75
RAW,531.9,8302,8956,0.396,81
RAW,531.9,8295,8952,0.411,84
RAW,531.9,8284,8942,0.528,108
RAW,532.2,8310,8952,0.430,88
RAW,532.2,8301,8960,0.528,108
RAW,532.2,8306,8952,0.567,116
RAW,532.5,8304,8951,0.547,112
RAW,532.5,8304,8952,0.562,115
RAW,532.5,8303,8955,0.562,115
RAW,532.8,8311,8961,0.606,124
RAW,532.8,8299,8955,0.533,109
RAW,532.8,8300,8952,0.445,91
RAW,533.1,8290,8948,0.459,94
RAW,533.1,8308,8953,0.391,80
RAW,533.1,8305,8955,0.376,77
RAW,533.4,8231,8914,0.371,76
RAW,533.4,8250,8921,0.367,75
RAW,533.4,8275,8930,0.362,74
RAW,533.7,8197,8894,0.406,83
RAW,533.7,8210,8900,0.499,102
RAW,533.7,8218,8901,0.528,108
RAW,534.0,8195,8889,0.489,100
RAW,534.0,8194,8896,0.538,110
RAW,534.0,8198,8884,0.567,116
RAW,534.4,8195,8891,0.518,106
RAW,534.4,8193,8893,0.489,100
RAW,534.4,8192,8887,0.396,81
RAW,534.7,8190,8884,0.430,88
RAW,534.7,8188,8885,0.430,88
RAW,534.7,8186,8882,0.425,87
RAW,535.0,8207,8897,0.430,88
RAW,535.0,8196,8889,0.420,86
RAW,535.0,8187,8887,0.406,83
RAW,535.3,8238,8926,0.371,76
RAW,535.3,8226,8917,0.362,74
RAW,535.3,8212,8910,0.367,75
RAW,535.6,8250,8937,0.411,84
RAW,535.6,8243,8933,0.386,79
RAW,535.6,8246,8927,0.376,77
RAW,535.9,8250,8931,0.411,84
RAW,535.9,8254,8928,0.391,80
RAW,535.9,8251,8935,0.411,84
RAW,536.2,8244,8931,0.381,78
RAW,536.2,8252,8935,0.352,72
RAW,536.2,8248,8936,0.367,75
RAW,536.5,8258,8936,0.371,76
RAW,536.5,8247,8929,0.367,75
RAW,536.5,8246,8926,0.362,74
RAW,536.8,8261,8942,0.406,83
RAW,536.8,8260,8943,0.411,84
RAW,536.8,8260,8942,0.474,97
RAW,537.1,8266,8937,0.293,60
RAW,537.1,8258,8938,0.494,101
RAW,537.1,8263,8945,0.557,114
RAW,537.4,8267,8946,0.528,108
RAW,537.4,8265,8935,0.552,113
RAW,537.4,8261,8937,0.572,117
RAW,537.7,8282,8953,0.572,117
RAW,537.7,8273,8947,0.596,122
RAW,537.7,8271,8941,0.459,94
RAW,538.0,8281,8953,0.464,95
RAW,538.0,8283,8951,0.391,80
RAW,538.0,8282,8946,0.406,83
RAW,538.3,8294,8958,0.371,76
RAW,538.3,8284,8956,0.357,73
RAW,538.3,8286,8954,0.391,80
RAW,538.6,8296,8958,0.406,83
RAW,538.6,8297,8961,0.459,94
RAW,538.6,8292,8963,0.508,104
RAW,539.0,8302,8968,0.469,96
RAW,539.0,8305,8966,0.557,114
RAW,539.0,8297,8957,0.567,116
RAW,539.3,8317,8981,0.523,107
RAW,539.3,8314,8981,0.523,107
RAW,539.3,8314,8972,0.411,84
RAW,539.6,8332,8982,0.450,92
RAW,539.6,8323,8983,0.435,89
RAW,539.9,8341,8986,0.445,91
RAW,539.9,8338,8994,0.425,87
RAW,539.9,8338,8997,0.401,82
RAW,540.2,8344,9001,0.362,74
RAW,540.2,8342,8997,0.362,74
RAW,540.2,8347,8994,0.367,75
RAW,540.5,8355,9001,0.411,84
RAW,540.5,8352,8995,0.332,68
RAW,540.5,8341,8999,0.352,72
RAW,540.8,8357,8997,0.396,81
RAW,540.8,8350,8999,0.401,82
RAW,540.8,8357,9002,0.396,81
RAW,541.1,8319,8979,0.342,70
RAW,541.1,8331,8992,0.347,71
RAW,541.1,8345,8996,0.352,72
RAW,541.4,8276,8959,0.367,75
RAW,541.4,8284,8964,0.362,74
RAW,541.4,8296,8967,0.352,72
RAW,541.7,8265,8953,0.391,80
RAW,541.7,8265,8953,0.391,80
RAW,541.7,8269,8956,0.396,81
RAW,542.0,8256,8945,0.367,75
RAW,542.0,8258,8946,0.371,76
RAW,542.0,8265,8954,0.538,110
RAW,542.3,8246,8943,0.474,97
RAW,542.3,8249,8936,0.533,109
RAW,542.3,8254,8944,0.562,115
RAW,542.6,8253,8940,0.567,116
RAW,542.6,8246,8944,0.606,124
RAW,542.6,8245,8938,0.601,123
RAW,542.9,8272,8953,0.562,115
RAW,542.9,8267,8956,0.469,96
RAW,542.9,8259,8947,0.430,88
RAW,543.2,8289,8963,0.401,82
RAW,543.2,8285,8962,0.381,78
RAW,543.2,8287,8956,0.386,79
RAW,543.5,8284,8963,0.415,85
RAW,543.5,8282,8965,0.376,77
RAW,543.5,8283,8965,0.450,92
RAW,543.8,8295,8971,0.391,80
RAW,543.8,8290,8967,0.528,108
RAW,543.8,8287,8961,0.547,112
RAW,544.2,8304,8975,0.503,103
RAW,544.2,8305,8981,0.503,103
RAW,544.2,8306,8967,0.503,103
RAW,544.5,8315,8988,0.557,114
RAW,544.5,8315,8988,0.469,96
RAW,544.5,8308,8983,0.445,91
RAW,544.8,8325,8995,0.450,92
RAW,544.8,8327,8991,0.420,86
RAW,544.8,8321,8984,0.406,83
RAW,545.1,8334,8998,0.347,71
RAW,545.1,8331,9003,0.357,73
RAW,545.1,8324,8993,0.352,72
RAW,545.4,8328,9001,0.396,81
RAW,545.4,8330,9001,0.362,74
RAW,545.4,8334,8998,0.347,71
RAW,545.7,8343,9006,0.411,84
RAW,545.7,8339,8999,0.406,83
RAW,545.7,8333,8997,0.371,76
RAW,546.0,8344,9004,0.352,72
RAW,546.0,8343,9003,0.352,72
RAW,546.0,8341,9003,0.367,75
RAW,546.3,8342,9006,0.337,69
RAW,546.3,8347,9006,0.342,70
RAW,546.3,8347,9006,0.230,47
RAW,546.6,8348,9004,0.386,79
RAW,546.6,8346,9004,0.371,76
RAW,546.6,8348,9004,0.381,78
RAW,546.9,8356,9010,0.332,68
RAW,546.9,8345,9009,0.337,69
RAW,546.9,8346,9009,0.420,86
RAW,547.2,8366,9014,0.367,75
RAW,547.2,8370,9019,0.494,101
RAW,547.2,8359,9016,0.528,108
RAW,547.5,8370,9023,0.547,112
RAW,547.5,8369,9028,0.577,118
RAW,547.5,8369,9019,0.567,116
RAW,547.8,8379,9032,0.538,110
RAW,547.8,8381,9027,0.552,113
RAW,547.8,8381,9019,0.450,92
RAW,548.1,8377,9023,0.415,85
RAW,548.1,8380,9026,0.371,76
RAW,548.1,8382,9025,0.352,72
RAW,548.4,8376,9026,0.386,79
RAW,548.4,8374,9024,0.381,78
RAW,548.4,8382,9025,0.406,83
RAW,548.7,8338,8999,0.411,84
RAW,548.7,8351,9009,0.469,96
RAW,548.7,8364,9012,0.528,108
RAW,549.0,8302,8983,0.455,93
RAW,549.0,8315,8985,0.484,99
RAW,549.0,8327,8990,0.494,101
RAW,549.3,8271,8958,0.547,112
RAW,549.3,8279,8966,0.528,108
RAW,549.3,8292,8967,0.411,84
RAW,549.7,8255,8946,0.445,91
RAW,549.7,8253,8958,0.420,86
RAW,549.7,8262,8953,0.352,72
RAW,550.0,8255,8950,0.357,73
RAW,550.0,8254,8952,0.347,71
RAW,550.0,8255,8951,0.347,71
RAW,550.3,8259,8958,0.367,75
RAW,550.3,8260,8960,0.332,68
RAW,550.3,8256,8956,0.332,68
RAW,550.6,8268,8963,0.386,79
RAW,550.6,8273,8962,0.386,79
RAW,550.6,8265,8960,0.376,77
RAW,550.9,8285,8975,0.327,67
RAW,550.9,8279,8973,0.332,68
RAW,550.9,8275,8964,0.362,74
RAW,551.2,8288,8970,0.337,69
RAW,551.2,8290,8972,0.332,68
RAW,551.2,8289,8973,0.332,68
RAW,551.5,8303,8983,0.352,72
RAW,551.5,8295,8983,0.371,76
RAW,551.5,8290,8981,0.376,77
RAW,551.8,8302,8987,0.327,67
RAW,551.8,8301,8991,0.332,68
RAW,551.8,8297,8982,0.371,76
RAW,552.1,8308,8993,0.342,70
RAW,552.1,8313,8986,0.459,94
RAW,552.1,8293,8991,0.479,98
RAW,552.4,8311,8991,0.533,109
RAW,552.4,8308,8990,0.567,116
RAW,552.4,8308,8990,0.552,113
RAW,552.7,8312,8989,0.547,112
RAW,552.7,8311,8991,0.591,121
RAW,552.7,8315,8986,0.474,97
RAW,553.0,8318,8987,0.484,99
RAW,553.0,8310,8988,0.386,79
RAW,553.0,8309,8987,0.367,75
RAW,553.3,8315,8991,0.391,80
RAW,553.3,8310,8992,0.391,80
RAW,553.3,8315,8982,0.411,84
RAW,553.6,8326,8999,0.396,81
RAW,553.6,8327,8996,0.401,82
RAW,553.6,8321,8992,0.494,101
RAW,553.9,8340,9006,0.435,89
RAW,553.9,8330,9001,0.479,98
RAW,553.9,8326,9001,0.479,98
RAW,554.2,8339,9011,0.533,109
RAW,554.2,8344,9006,0.533,109
RAW,554.2,8336,9004,0.528,108
RAW,554.5,8347,9008,0.479,98
RAW,554.5,8346,9012,0.420,86
RAW,554.5,8340,9011,0.323,66
RAW,554.9,8359,9015,0.337,69
RAW,554.9,8354,9020,0.337,69
RAW,554.9,8355,9020,0.332,68
RAW,555.2,8362,9021,0.337,69
RAW,555.2,8367,9023,0.347,71
RAW,555.2,8364,9020,0.332,68
RAW,555.5,8376,9024,0.381,78
RAW,555.5,8362,9022,0.376,77
RAW,555.5,8368,9017,0.367,75
RAW,555.8,8381,9033,0.352,72
RAW,555.8,8380,9033,0.332,68
RAW,555.8,8367,9030,0.337,69
RAW,556.1,8378,9037,0.327,67
RAW,556.1,8388,9025,0.332,68
RAW,556.1,8382,9035,0.332,68
RAW,556.4,8363,9017,0.371,76
RAW,556.4,8372,9027,0.371,76
RAW,556.4,8383,9028,0.376,77
RAW,556.7,8305,8987,0.318,65
RAW,556.7,8319,8992,0.401,82
RAW,556.7,8333,9010,0.391,80
RAW,557.0,8275,8968,0.332,68
RAW,557.0,8281,8973,0.411,84
RAW,557.0,8284,8981,0.503,103
RAW,557.3,8253,8954,0.513,105
RAW,557.3,8259,8956,0.533,109
RAW,557.3,8261,8960,0.562,115
RAW,557.6,8244,8947,0.562,115
RAW,557.6,8249,8948,0.591,121
RAW,557.6,8248,8955,0.557,114
RAW,557.9,8233,8941,0.547,112
RAW,557.9,8233,8950,0.396,81
RAW,557.9,8231,8948,0.362,74
RAW,558.2,8240,8951,0.401,82
RAW,558.2,8238,8945,0.411,84
RAW,558.2,8233,8949,0.396,81
RAW,558.5,8243,8961,0.415,85
RAW,558.5,8243,8957,0.411,84
RAW,558.5,8240,8950,0.464,95
RAW,558.8,8253,8964,0.381,78
RAW,558.8,8250,8963,0.455,93
RAW,558.8,8245,8960,0.484,99
RAW,559.1,8259,8968,0.567,116
RAW,559.1,8264,8973,0.528,108
RAW,559.1,8263,8962,0.499,102
RAW,559.4,8266,8975,0.543,111
RAW,559.4,8265,8975,0.445,91
RAW,559.4,8262,8968,0.406,83
RAW,559.7,8268,8971,0.376,77
RAW,559.7,8272,8972,0.347,71
RAW,559.7,8270,8975,0.342,70
RAW,560.1,8276,8982,0.352,72
RAW,560.1,8276,8978,0.337,69
RAW,560.1,8272,8970,0.347,71
RAW,560.4,8282,8983,0.381,78
RAW,560.4,8283,8980,0.381,78
RAW,560.4,8278,8982,0.367,75
RAW,560.7,8283,8978,0.337,69
RAW,560.7,8286,8966,0.313,64
RAW,560.7,8289,8973,0.367,75
RAW,561.0,8287,8983,0.332,68
RAW,561.0,8289,8976,0.337,69
RAW,561.0,8283,8976,0.332,68
RAW,561.3,8289,8980,0.371,76
RAW,561.3,8287,8987,0.381,78
RAW,561.3,8289,8984,0.371,76
RAW,561.6,8293,8987,0.342,70
RAW,561.6,8294,8984,0.371,76
RAW,561.6,8293,8984,0.411,84
RAW,561.9,8299,8988,0.347,71
RAW,561.9,8305,8987,0.347,71
RAW,561.9,8299,8987,0.474,97
RAW,562.2,8318,8998,0.445,91
RAW,562.2,8312,8997,0.528,108
RAW,562.2,8303,8995,0.587,120
RAW,562.5,8317,9000,0.582,119
RAW,562.5,8319,8996,0.591,121
RAW,562.5,8315,8996,0.591,121
RAW,562.8,8330,9005,0.538,110
RAW,562.8,8331,9002,0.479,98
RAW,562.8,8327,9003,0.376,77
RAW,563.1,8333,9015,0.450,92
RAW,563.1,8330,9007,0.430,88
RAW,563.1,8331,9002,0.406,83
RAW,563.4,8338,9013,0.401,82
RAW,563.4,8340,9012,0.396,81
RAW,563.4,8337,9008,0.411,84
RAW,563.7,8343,9020,0.352,72
RAW,563.7,8337,9016,0.430,88
RAW,563.7,8339,9007,0.489,100
RAW,564.0,8348,9011,0.499,102
RAW,564.0,8344,9016,0.489,100
RAW,564.0,8342,9010,0.508,104
RAW,564.3,8335,9005,0.547,112
RAW,564.3,8335,9010,0.464,95
RAW,564.3,8347,9012,0.411,84
RAW,564.6,8300,8981,0.411,84
RAW,564.6,8314,8998,0.371,76
RAW,564.6,8332,9001,0.337,69
RAW,565.0,8255,8965,0.357,73
RAW,565.0,8261,8965,0.347,71
RAW,565.0,8274,8978,0.347,71
RAW,565.3,8233,8947,0.371,76
RAW,565.3,8242,8951,0.381,78
RAW,565.3,8250,8958,0.391,80
RAW,565.6,8220,8942,0.352,72
RAW,565.6,8225,8948,0.337,69
RAW,565.6,8230,8945,0.386,79
RAW,565.9,8217,8943,0.332,68
RAW,565.9,8214,8941,0.357,73
RAW,565.9,8224,8941,0.357,73
RAW,566.2,8207,8937,0.367,75
RAW,566.2,8207,8933,0.362,74
RAW,566.2,8210,8934,0.347,71
RAW,566.5,8209,8943,0.371,76
RAW,566.5,8209,8934,0.401,82
RAW,566.5,8205,8938,0.401,82
RAW,566.8,8224,8952,0.367,75
RAW,566.8,8220,8946,0.367,75
RAW,566.8,8211,8946,0.396,81
RAW,567.1,8237,8952,0.381,78
RAW,567.1,8227,8950,0.484,99
RAW,567.1,8226,8942,0.577,118
RAW,567.4,8243,8966,0.562,115
RAW,567.4,8240,8960,0.606,124
RAW,567.4,8235,8951,0.587,120
RAW,567.7,8250,8964,0.543,111
RAW,567.7,8252,8965,0.543,111
RAW,567.7,8246,8960,0.430,88
RAW,568.0,8260,8969,0.503,103
RAW,568.0,8254,8972,0.445,91
RAW,568.0,8252,8972,0.381,78
RAW,568.3,8263,8976,0.415,85
RAW,568.3,8263,8972,0.406,83
RAW,568.3,8260,8968,0.401,82
RAW,568.6,8264,8974,0.357,73
RAW,568.6,8262,8972,0.396,81
RAW,568.6,8264,8965,0.386,79
RAW,568.9,8270,8973,0.455,93
RAW,568.9,8270,8974,0.499,102
RAW,568.9,8272,8970,0.503,103
RAW,569.2,8274,8983,0.543,111
RAW,569.2,8278,8975,0.533,109
RAW,569.2,8272,8979,0.435,89
RAW,569.5,8286,8982,0.381,78
RAW,569.5,8285,8981,0.371,76
RAW,569.8,8296,8991,0.357,73
RAW,569.8,8291,8995,0.347,71
RAW,569.8,8295,8989,0.357,73
RAW,570.2,8297,8990,0.376,77
RAW,570.2,8302,8992,0.381,78
RAW,570.2,8291,8999,0.371,76
RAW,570.5,8305,9000,0.342,70
RAW,570.5,8300,8996,0.376,77
RAW,570.5,8303,8992,0.381,78
RAW,570.8,8309,9003,0.342,70
RAW,570.8,8303,8994,0.352,72
RAW,570.8,8306,8994,0.337,69
RAW,571.1,8311,9003,0.386,79
RAW,571.1,8315,9002,0.367,75
RAW,571.1,8314,9003,0.323,66
RAW,571.4,8321,9011,0.391,80
RAW,571.4,8311,9008,0.411,84
RAW,571.4,8316,9003,0.401,82
RAW,571.7,8321,9006,0.352,72
RAW,571.7,8317,9006,0.352,72
RAW,571.7,8316,9009,0.352,72
RAW,572.0,8333,9018,0.371,76
RAW,572.0,8328,9012,0.415,85
RAW,572.0,8325,9014,0.547,112
RAW,572.3,8341,9022,0.513,105
RAW,572.3,8340,9014,0.567,116
RAW,572.3,8329,9013,0.582,119
RAW,572.6,8345,9016,0.533,109
RAW,572.6,8337,9022,0.552,113
RAW,572.6,8339,9015,0.547,112
RAW,572.9,8329,9013,0.606,124
RAW,572.9,8338,9022,0.494,101
RAW,572.9,8334,9024,0.396,81
RAW,573.2,8295,8990,0.455,93
RAW,573.2,8308,9008,0.440,90
RAW,573.2,8322,9003,0.415,85
RAW,573.5,8268,8979,0.357,73
RAW,573.5,8273,8977,0.362,74
RAW,573.5,8285,8981,0.396,81
RAW,573.8,8255,8965,0.362,74
RAW,573.8,8252,8970,0.469,96
RAW,573.8,8260,8971,0.489,100
RAW,574.1,8233,8947,0.528,108
RAW,574.1,8242,8954,0.528,108
RAW,574.1,8254,8960,0.547,112
RAW,574.4,8236,8950,0.513,105
RAW,574.4,8235,8953,0.420,86
RAW,574.4,8238,8951,0.401,82
RAW,574.7,8239,8956,0.391,80
RAW,574.7,8238,8958,0.367,75
RAW,574.7,8237,8958,0.357,73
RAW,575.0,8254,8959,0.386,79
RAW,575.0,8239,8961,0.376,77
RAW,575.0,8242,8958,0.371,76
RAW,575.3,8250,8967,0.367,75
RAW,575.3,8249,8963,0.391,80
RAW,575.3,8250,8961,0.415,85
RAW,575.7,8257,8963,0.347,71
RAW,575.7,8256,8970,0.347,71
RAW,575.7,8254,8969,0.357,73
RAW,576.0,8253,8969,0.376,77
RAW,576.0,8255,8966,0.371,76
RAW,576.0,8258,8967,0.371,76
RAW,576.3,8266,8972,0.391,80
RAW,576.3,8262,8968,0.411,84
RAW,576.3,8264,8969,0.401,82
RAW,576.6,8269,8970,0.342,70
RAW,576.6,8268,8972,0.332,68
RAW,576.6,8267,8970,0.347,71
RAW,576.9,8279,8984,0.396,81
RAW,576.9,8278,8977,0.411,84
RAW,576.9,8274,8977,0.503,103
RAW,577.2,8297,8993,0.396,81
RAW,577.2,8294,8987,0.523,107
RAW,577.2,8291,8990,0.582,119
RAW,577.5,8311,9000,0.508,104
RAW,577.5,8305,8994,0.528,108
RAW,577.5,8295,8995,0.543,111
RAW,577.8,8305,9004,0.582,119
RAW,577.8,8308,8997,0.547,112
RAW,577.8,8306,9000,0.391,80
RAW,578.1,8315,9001,0.494,101
RAW,578.1,8314,9010,0.435,89
RAW,578.1,8308,9003,0.386,79
RAW,578.4,8317,9004,0.357,73
RAW,578.4,8317,9010,0.347,71
RAW,578.4,8314,8998,0.352,72
RAW,578.7,8330,9011,0.337,69
RAW,578.7,8320,9008,0.371,76
RAW,578.7,8320,9004,0.455,93
RAW,579.0,8336,9018,0.469,96
RAW,579.0,8336,9011,0.508,104
RAW,579.0,8328,9008,0.528,108
RAW,579.3,8342,9017,0.479,98
RAW,579.3,8332,9014,0.489,100
RAW,579.3,8335,9012,0.494,101
RAW,579.6,8344,9021,0.411,84
RAW,579.6,8345,9023,0.367,75
RAW,579.6,8341,9019,0.347,71
RAW,579.9,8349,9033,0.337,69
RAW,579.9,8351,9025,0.367,75
RAW,579.9,8353,9029,0.342,70
RAW,580.2,8363,9029,0.371,76
RAW,580.2,8361,9029,0.391,80
RAW,580.2,8357,9031,0.371,76
RAW,580.5,8360,9028,0.327,67
RAW,580.5,8363,9036,0.323,66
RAW,580.5,8363,9028,0.323,66
RAW,580.8,8367,9028,0.332,68
RAW,580.8,8364,9035,0.352,72
RAW,580.8,8360,9028,0.381,78
RAW,581.2,8338,9013,0.371,76
RAW,581.2,8346,9020,0.386,79
RAW,581.2,8357,9016,0.362,74
RAW,581.5,8296,8989,0.323,66
RAW,581.5,8317,8996,0.313,64
RAW,581.5,8331,9005,0.323,66
RAW,581.8,8268,8968,0.376,77
RAW,581.8,8271,8975,0.371,76
RAW,581.8,8277,8985,0.332,68
RAW,582.1,8245,8963,0.347,71
RAW,582.1,8251,8962,0.420,86
RAW,582.1,8267,8965,0.523,107
RAW,582.4,8246,8953,0.440,90
RAW,582.4,8248,8955,0.499,102
RAW,582.4,8239,8966,0.494,101
RAW,582.7,8244,8958,0.518,106
RAW,582.7,8241,8957,0.523,107
RAW,582.7,8242,8956,0.494,101
RAW,583.0,8251,8961,0.562,115
RAW,583.0,8249,8960,0.435,89
RAW,583.0,8251,8953,0.376,77
RAW,583.3,8251,8964,0.376,77
RAW,583.3,8248,8962,0.332,68
RAW,583.3,8249,8958,0.274,56
RAW,583.6,8267,8968,0.327,67
RAW,583.6,8260,8964,0.332,68
RAW,583.6,8254,8960,0.386,79
RAW,583.9,8263,8970,0.362,74
RAW,583.9,8269,8970,0.440,90
RAW,583.9,8255,8969,0.494,101
RAW,584.2,8273,8976,0.459,94
RAW,584.2,8269,8975,0.464,95
RAW,584.2,8269,8970,0.503,103
RAW,584.5,8281,8975,0.455,93
RAW,584.5,8272,8974,0.371,76
RAW,584.5,8272,8970,0.362,74
RAW,584.8,8278,8977,0.371,76
RAW,584.8,8283,8975,0.337,69
RAW,584.8,8280,8974,0.362,74
RAW,585.1,8282,8980,0.376,77
RAW,585.1,8285,8985,0.381,78
RAW,585.1,8280,8976,0.371,76
RAW,585.4,8287,8981,0.313,64
RAW,585.4,8285,8978,0.318,65
RAW,585.4,8281,8976,0.293,60
RAW,585.7,8295,8983,0.357,73
RAW,585.7,8293,8986,0.371,76
RAW,585.7,8288,8982,0.362,74
RAW,586.0,8289,8988,0.332,68
RAW,586.0,8292,8980,0.347,71
RAW,586.0,8297,8980,0.352,72
RAW,586.4,8301,8985,0.293,60
RAW,586.4,8302,8987,0.293,60
RAW,586.4,8292,8991,0.308,63
RAW,586.7,8305,8989,0.367,75
RAW,586.7,8299,8989,0.318,65
RAW,586.7,8303,8979,0.323,66
RAW,587.0,8315,8992,0.342,70
RAW,587.0,8303,9000,0.367,75
RAW,587.0,8301,8989,0.450,92
RAW,587.3,8319,8997,0.362,74
RAW,587.3,8315,8997,0.469,96
RAW,587.3,8314,9002,0.494,101
RAW,587.6,8321,9002,0.489,100
RAW,587.6,8320,9002,0.508,104
RAW,587.6,8316,8998,0.513,105
RAW,587.9,8330,9008,0.552,113
RAW,587.9,8323,9011,0.503,103
RAW,587.9,8319,9008,0.411,84
RAW,588.2,8328,9008,0.391,80
RAW,588.2,8322,9005,0.332,68
RAW,588.2,8329,9006,0.318,65
RAW,588.5,8331,9007,0.323,66
RAW,588.5,8333,9005,0.323,66
RAW,588.5,8320,9003,0.318,65
RAW,588.8,8329,9011,0.342,70
RAW,588.8,8338,9010,0.425,87
RAW,588.8,8335,9001,0.464,95
RAW,589.1,8332,9003,0.430,88
RAW,589.1,8337,9004,0.484,99
RAW,589.1,8337,9008,0.513,105
RAW,589.4,8334,9001,0.469,96
RAW,589.4,8327,9003,0.445,91
RAW,589.4,8331,9002,0.357,73
RAW,589.7,8281,8977,0.391,80
RAW,589.7,8297,8984,0.381,78
RAW,589.7,8316,8987,0.381,78
RAW,590.0,8252,8959,0.381,78
RAW,590.0,8256,8959,0.371,76
RAW,590.0,8269,8966,0.352,72
RAW,590.3,8233,8947,0.323,66
RAW,590.3,8245,8945,0.308,63
RAW,590.3,8250,8953,0.308,63
RAW,590.6,8224,8938,0.371,76
RAW,590.6,8230,8935,0.357,73
RAW,590.6,8235,8942,0.327,67
RAW,591.0,8231,8939,0.337,69
RAW,591.0,8229,8944,0.347,71
RAW,591.0,8226,8944,0.371,76
RAW,591.3,8230,8939,0.303,62
RAW,591.3,8233,8939,0.298,61
RAW,591.3,8227,8938,0.293,60
RAW,591.6,8252,8949,0.332,68
RAW,591.6,8241,8949,0.313,64
RAW,591.6,8238,8944,0.313,64
RAW,591.9,8256,8955,0.362,74
RAW,591.9,8257,8948,0.347,71
RAW,591.9,8252,8952,0.391,80
RAW,592.2,8258,8957,0.313,64
RAW,592.2,8256,8953,0.445,91
RAW,592.2,8258,8956,0.489,100
RAW,592.5,8257,8955,0.469,96
RAW,592.5,8258,8953,0.499,102
RAW,592.5,8251,8954,0.508,104
RAW,592.8,8255,8954,0.533,109
RAW,592.8,8255,8955,0.552,113
RAW,592.8,8255,8953,0.411,84
RAW,593.1,8257,8954,0.440,90
RAW,593.1,8259,8953,0.362,74
RAW,593.1,8256,8952,0.367,75
RAW,593.4,8249,8947,0.332,68
RAW,593.4,8255,8953,0.327,67
RAW,593.4,8252,8949,0.332,68
RAW,593.7,8260,8950,0.371,76
RAW,593.7,8252,8952,0.371,76
RAW,593.7,8250,8943,0.450,92
RAW,594.0,8257,8957,0.440,90
RAW,594.0,8256,8948,0.489,100
RAW,594.0,8264,8946,0.523,107
RAW,594.3,8263,8952,0.464,95
RAW,594.3,8256,8953,0.474,97
RAW,594.3,8256,8949,0.484,99
RAW,594.6,8266,8955,0.435,89
RAW,594.6,8269,8962,0.396,81
RAW,594.6,8267,8958,0.376,77
RAW,594.9,8283,8968,0.381,78
RAW,594.9,8279,8965,0.371,76
RAW,594.9,8274,8961,0.230,47
RAW,595.2,8293,8976,0.318,65
RAW,595.2,8287,8975,0.313,64
RAW,595.2,8286,8969,0.313,64
RAW,595.5,8309,8980,0.371,76
RAW,595.5,8300,8989,0.357,73
RAW,595.5,8294,8971,0.318,65
RAW,595.8,8305,8987,0.362,74
RAW,595.8,8308,8989,0.362,74
RAW,595.8,8303,8985,0.357,73
RAW,596.2,8317,8987,0.303,62
RAW,596.2,8314,8993,0.313,64
RAW,596.2,8315,8988,0.332,68
RAW,596.5,8327,9001,0.313,64
RAW,596.5,8319,8993,0.308,63
RAW,596.5,8320,8987,0.318,65
RAW,596.8,8332,8994,0.367,75
RAW,596.8,8335,8997,0.342,70
RAW,596.8,8330,8992,0.367,75
RAW,597.1,8331,9000,0.342,70
RAW,597.1,8331,8997,0.396,81
RAW,597.1,8333,8996,0.484,99
RAW,597.4,8325,8993,0.450,92
RAW,597.4,8328,8996,0.513,105
RAW,597.4,8331,8997,0.508,104
RAW,597.7,8302,8975,0.552,113
RAW,597.7,8309,8986,0.562,115
RAW,597.7,8315,8989,0.484,99
RAW,598.0,8258,8954,0.508,104
RAW,598.0,8275,8967,0.396,81
RAW,598.0,8284,8973,0.396,81
RAW,598.3,8249,8945,0.337,69
RAW,598.3,8248,8953,0.347,71
RAW,598.3,8249,8949,0.332,68
RAW,598.6,8226,8935,0.357,73
RAW,598.6,8244,8934,0.367,75
RAW,598.6,8240,8943,0.450,92
RAW,598.9,8221,8932,0.406,83
RAW,598.9,8221,8931,0.503,103
RAW,598.9,8224,8927,0.518,106
RAW,599.2,8227,8925,0.469,96
RAW,599.2,8223,8925,0.474,97
RAW,599.2,8226,8929,0.479,98
RAW,599.5,8234,8935,0.538,110
RAW,599.5,8222,8932,0.430,88
RAW,599.5,8225,8926,0.386,79
RAW,599.8,8236,8934,0.406,83
RAW,599.8,8238,8933,0.391,80
RAW,599.8,8237,8934,0.376,77

=== PEAK ANALYSIS RESULTS ===
IR Peaks Count: 423
IR Avg Peak Position: 1610.96
==============================


------------------------------------------
PHASE 2 (600-1200 tenths of seconds): Processed BPM/SpO2 data
Format: PROC,Time_0.1s,BPM,SpO2,GSR_V,GSR_raw
------------------------------------------
PROC,605.7,0,0,0.342,70
PROC,606.8,0,0,0.327,67
PROC,608.0,0,0,0.342,70
PROC,609.2,0,0,0.381,78
PROC,610.3,0,0,0.401,82
PROC,611.5,0,0,0.357,73
PROC,612.7,0,0,0.337,69
PROC,613.8,0,0,0.445,91
PROC,615.0,0,0,0.562,115
PROC,616.1,0,0,0.337,69
PROC,617.3,0,0,0.499,102
PROC,618.5,0,0,0.538,110
PROC,619.6,0,0,0.386,79
PROC,620.8,0,0,0.523,107
PROC,622.0,0,0,0.391,80
PROC,623.1,0,0,0.308,63
PROC,624.3,0,0,0.381,78
PROC,625.4,0,0,0.362,74
PROC,626.6,0,0,0.298,61
PROC,627.8,0,0,0.293,60
PROC,628.9,0,0,0.274,56
PROC,630.1,0,0,0.352,72
PROC,631.3,0,0,0.494,101
PROC,632.4,0,0,0.215,44
PROC,633.6,0,0,0.376,77
PROC,634.7,0,0,0.464,95
PROC,635.9,0,0,0.259,53
PROC,637.1,0,0,0.337,69
PROC,638.2,0,0,0.254,52
PROC,639.4,0,0,0.230,47
PROC,640.6,0,0,0.303,62
PROC,641.7,0,0,0.288,59
PROC,642.9,0,0,0.244,50
PROC,644.1,0,0,0.274,56
PROC,645.2,0,0,0.293,60
PROC,646.4,0,0,0.327,67
PROC,647.5,0,0,0.367,75
PROC,648.7,0,0,0.235,48
PROC,649.9,0,0,0.406,83
PROC,651.0,0,0,0.484,99
PROC,652.2,0,0,0.274,56
PROC,653.4,0,0,0.362,74
PROC,654.5,0,0,0.352,72
PROC,655.7,0,0,0.288,59
PROC,656.9,0,0,0.274,56
PROC,658.0,0,0,0.220,45
PROC,659.2,0,0,0.235,48
PROC,660.3,0,0,0.274,56
PROC,661.5,0,0,0.288,59
PROC,662.7,0,0,0.323,66
PROC,663.8,0,0,0.352,72
PROC,665.0,0,0,0.259,53
PROC,666.2,0,0,0.445,91
PROC,667.3,0,0,0.474,97
PROC,668.5,0,0,0.239,49
PROC,669.7,0,0,0.371,76
PROC,670.8,0,0,0.396,81
PROC,672.0,0,0,0.244,50
PROC,673.2,0,0,0.293,60
PROC,674.3,0,0,0.215,44
PROC,675.5,0,0,0.220,45
PROC,676.6,0,0,0.288,59
PROC,677.8,0,0,0.225,46
PROC,679.0,0,0,0.235,48
PROC,680.1,0,0,0.264,54
PROC,681.3,0,0,0.264,54
PROC,682.5,0,0,0.396,81
PROC,683.6,0,0,0.464,95
PROC,684.8,0,0,0.235,48
PROC,685.9,0,0,0.386,79
PROC,687.1,0,0,0.411,84
PROC,688.3,0,0,0.259,53
PROC,689.4,0,0,0.259,53
PROC,690.6,0,0,0.239,49
PROC,691.8,0,0,0.303,62
PROC,692.9,0,0,0.283,58
PROC,694.1,0,0,0.288,59
PROC,695.2,0,0,0.293,60
PROC,696.4,0,0,0.337,69
PROC,697.6,0,0,0.293,60
PROC,698.7,0,0,0.430,88
PROC,699.9,0,0,0.440,90
PROC,701.1,0,0,0.235,48
PROC,702.2,0,0,0.411,84
PROC,703.4,0,0,0.425,87
PROC,704.6,0,0,0.249,51
PROC,705.7,0,0,0.288,59
PROC,706.9,0,0,0.239,49
PROC,708.0,0,0,0.283,58
PROC,709.2,0,0,0.318,65
PROC,710.4,0,0,0.235,48
PROC,711.5,0,0,0.269,55
PROC,712.7,0,0,0.371,76
PROC,713.9,0,0,0.249,51
PROC,715.0,0,0,0.401,82
PROC,716.2,0,0,0.411,84
PROC,717.4,0,0,0.210,43
PROC,718.5,0,0,0.396,81
PROC,719.7,0,0,0.396,81
PROC,720.8,0,0,0.196,40
PROC,722.0,0,0,0.235,48
PROC,723.2,0,0,0.254,52
PROC,724.3,0,0,0.235,48
PROC,725.5,0,0,0.220,45
PROC,726.7,0,0,0.191,39
PROC,727.8,0,0,0.274,56
PROC,729.0,0,0,0.450,92
PROC,730.2,0,0,0.254,52
PROC,731.3,0,0,0.371,76
PROC,732.5,0,0,0.386,79
PROC,733.6,0,0,0.269,55
PROC,734.8,0,0,0.381,78
PROC,736.0,0,0,0.279,57
PROC,737.1,0,0,0.220,45
PROC,738.3,0,0,0.288,59
PROC,739.5,0,0,0.254,52
PROC,740.6,0,0,0.288,59
PROC,741.8,0,0,0.254,52
PROC,743.0,0,0,0.225,46
PROC,744.1,0,0,0.342,70
PROC,745.3,0,0,0.440,90
PROC,746.4,0,0,0.210,43
PROC,747.6,0,0,0.352,72
PROC,748.8,0,0,0.425,87
PROC,749.9,0,0,0.239,49
PROC,751.1,0,0,0.327,67
PROC,752.3,0,0,0.220,45
PROC,753.4,0,0,0.210,43
PROC,754.6,0,0,0.293,60
PROC,755.7,0,0,0.254,52
PROC,756.9,0,0,0.239,49
PROC,758.1,0,0,0.293,60
PROC,759.2,0,0,0.288,59
PROC,760.4,0,0,0.425,87
PROC,761.6,0,0,0.440,90
PROC,762.7,0,0,0.235,48
PROC,763.9,0,0,0.406,83
PROC,765.0,0,0,0.455,93
PROC,766.2,0,0,0.298,61
PROC,767.4,0,0,0.293,60
PROC,768.5,0,0,0.249,51
PROC,769.7,0,0,0.303,62
PROC,770.9,0,0,0.293,60
PROC,772.0,0,0,0.254,52
PROC,773.2,0,0,0.274,56
PROC,774.4,0,0,0.347,71
PROC,775.5,0,0,0.293,60
PROC,776.7,0,0,0.469,96
PROC,777.8,0,0,0.450,92
PROC,779.0,0,0,0.264,54
PROC,780.2,0,0,0.450,92
PROC,781.3,0,0,0.367,75
PROC,782.5,0,0,0.269,55
PROC,783.7,0,0,0.269,55
PROC,784.8,0,0,0.298,61
PROC,786.0,0,0,0.293,60
PROC,787.2,0,0,0.362,74
PROC,788.3,0,0,0.279,57
PROC,789.5,0,0,0.298,61
PROC,790.7,0,0,0.425,87
PROC,791.8,0,0,0.313,64
PROC,793.0,0,0,0.411,84
PROC,794.1,0,0,0.455,93
PROC,795.3,0,0,0.303,62
PROC,796.5,0,0,0.430,88
PROC,797.6,0,0,0.440,90
PROC,798.8,0,0,0.269,55
PROC,800.0,0,0,0.264,54
PROC,801.1,0,0,0.318,65
PROC,802.3,0,0,0.303,62
PROC,803.4,0,0,0.269,55
PROC,804.6,0,0,0.235,48
PROC,805.8,0,0,0.332,68
PROC,806.9,0,0,0.406,83
PROC,808.1,0,0,0.283,58
PROC,809.3,0,0,0.381,78
PROC,810.4,0,0,0.420,86
PROC,811.6,0,0,0.239,49
PROC,812.7,0,0,0.381,78
PROC,813.9,0,0,0.313,64
PROC,815.1,0,0,0.200,41
PROC,816.2,0,0,0.274,56
PROC,817.4,0,0,0.230,47
PROC,818.6,0,0,0.264,54
PROC,819.7,0,0,0.239,49
PROC,820.9,0,0,0.215,44
PROC,822.1,0,0,0.323,66
PROC,823.2,0,0,0.450,92
PROC,824.4,0,0,0.215,44
PROC,825.5,0,0,0.391,80
PROC,826.7,0,0,0.455,93
PROC,827.9,0,0,0.249,51
PROC,829.0,0,0,0.391,80
PROC,830.2,0,0,0.249,51
PROC,831.4,0,0,0.215,44
PROC,832.5,0,0,0.293,60
PROC,833.7,0,0,0.264,54
PROC,834.8,0,0,0.254,52
PROC,836.0,0,0,0.259,53
PROC,837.2,0,0,0.283,58
PROC,838.3,0,0,0.357,73
PROC,839.5,0,0,0.479,98
PROC,840.7,0,0,0.254,52
PROC,841.8,0,0,0.391,80
PROC,843.0,0,0,0.479,98
PROC,844.2,0,0,0.254,52
PROC,845.3,0,0,0.347,71
PROC,846.5,0,0,0.254,52
PROC,847.7,0,0,0.298,61
PROC,848.8,0,0,0.279,57
PROC,850.0,0,0,0.269,55
PROC,851.1,0,0,0.259,53
PROC,852.3,0,0,0.308,63
PROC,853.5,0,0,0.288,59
PROC,854.6,0,0,0.430,88
PROC,855.8,0,0,0.445,91
PROC,857.0,0,0,0.244,50
PROC,858.1,0,0,0.450,92
PROC,859.3,0,0,0.440,90
PROC,860.5,0,0,0.274,56
PROC,861.6,0,0,0.308,63
PROC,862.8,0,0,0.249,51
PROC,863.9,0,0,0.303,62
PROC,865.1,0,0,0.293,60
PROC,866.3,0,0,0.254,52
PROC,867.4,0,0,0.264,54
PROC,868.6,0,0,0.367,75
PROC,869.7,0,0,0.293,60
PROC,870.9,0,0,0.445,91
PROC,872.1,0,0,0.464,95
PROC,873.2,0,0,0.239,49
PROC,874.4,0,0,0.450,92
PROC,875.6,0,0,0.425,87
PROC,876.7,0,0,0.249,51
PROC,877.9,0,0,0.259,53
PROC,879.1,0,0,0.298,61
PROC,880.2,0,0,0.274,56
PROC,881.4,0,0,0.298,61
PROC,882.5,0,0,0.254,52
PROC,883.7,0,0,0.298,61
PROC,884.9,0,0,0.464,95
PROC,886.0,0,0,0.283,58
PROC,887.2,0,0,0.391,80
PROC,888.4,0,0,0.411,84
PROC,889.5,0,0,0.298,61
PROC,890.7,0,0,0.411,84
PROC,891.9,0,0,0.337,69
PROC,893.0,0,0,0.249,51
PROC,894.2,0,0,0.239,49
PROC,895.3,0,0,0.279,57
PROC,896.5,0,0,0.298,61
PROC,897.7,0,0,0.254,52
PROC,898.8,0,0,0.230,47
PROC,900.0,0,0,0.332,68
PROC,901.2,0,0,0.445,91
PROC,902.3,0,0,0.205,42
PROC,903.5,0,0,0.347,71
PROC,904.7,0,0,0.411,84
PROC,905.8,0,0,0.220,45
PROC,907.0,0,0,0.367,75
PROC,908.1,0,0,0.249,51
PROC,909.3,0,0,0.176,36
PROC,910.5,0,0,0.288,59
PROC,911.6,0,0,0.215,44
PROC,912.8,0,0,0.196,40
PROC,914.0,0,0,0.215,44
PROC,915.1,0,0,0.215,44
PROC,916.3,0,0,0.327,67
PROC,917.5,0,0,0.450,92
PROC,918.6,0,0,0.176,36
PROC,919.8,0,0,0.352,72
PROC,920.9,0,0,0.435,89
PROC,922.1,0,0,0.235,48
PROC,923.3,0,0,0.293,60
PROC,924.4,0,0,0.196,40
PROC,925.6,0,0,0.239,49
PROC,926.8,0,0,0.254,52
PROC,927.9,0,0,0.259,53
PROC,929.1,0,0,0.235,48
PROC,930.2,0,0,0.274,56
PROC,931.4,0,0,0.249,51
PROC,932.6,0,0,0.362,74
PROC,933.7,0,0,0.411,84
PROC,934.9,0,0,0.200,41
PROC,936.1,0,0,0.411,84
PROC,937.2,0,0,0.430,88
PROC,938.4,0,0,0.293,60
PROC,939.5,0,0,0.323,66
PROC,940.7,0,0,0.235,48
PROC,941.9,0,0,0.264,54
PROC,943.0,0,0,0.254,52
PROC,944.2,0,0,0.215,44
PROC,945.4,0,0,0.230,47
PROC,946.5,0,0,0.323,66
PROC,947.7,0,0,0.225,46
PROC,948.9,0,0,0.406,83
PROC,950.0,0,0,0.411,84
PROC,951.2,0,0,0.166,34
PROC,952.3,0,0,0.352,72
PROC,953.5,0,0,0.347,71
PROC,954.7,0,0,0.147,30
PROC,955.8,0,0,0.196,40
PROC,957.0,0,0,0.196,40
PROC,958.2,0,0,0.156,32
PROC,959.3,0,0,0.186,38
PROC,960.5,0,0,0.137,28
PROC,961.7,0,0,0.161,33
PROC,962.8,0,0,0.254,52
PROC,964.0,0,0,0.171,35
PROC,965.2,0,0,0.303,62
PROC,966.3,0,0,0.332,68
PROC,967.5,0,0,0.186,38
PROC,968.6,0,0,0.332,68
PROC,969.8,0,0,0.283,58
PROC,971.0,0,0,0.064,13
PROC,972.1,0,0,0.156,32
PROC,973.3,0,0,0.196,40
PROC,974.5,0,0,0.171,35
PROC,975.6,0,0,0.147,30
PROC,976.8,0,0,0.127,26
PROC,977.9,0,0,0.264,54
PROC,979.1,0,0,0.347,71
PROC,980.3,0,0,0.142,29
PROC,981.4,0,0,0.313,64
PROC,982.6,0,0,0.367,75
PROC,983.8,0,0,0.215,44
PROC,984.9,0,0,0.357,73
PROC,986.1,0,0,0.274,56
PROC,987.2,0,0,0.186,38
PROC,988.4,0,0,0.249,51
PROC,989.6,0,0,0.230,47
PROC,990.7,0,0,0.181,37
PROC,991.9,0,0,0.205,42
PROC,993.1,0,0,0.205,42
PROC,994.2,0,0,0.293,60
PROC,995.4,0,0,0.430,88
PROC,996.6,0,0,0.166,34
PROC,997.7,0,0,0.332,68
PROC,998.9,0,0,0.411,84
PROC,1000.0,0,0,0.210,43
PROC,1001.2,0,0,0.293,60
PROC,1002.4,0,0,0.264,54
PROC,1003.5,0,0,0.215,44
PROC,1004.7,0,0,0.274,56
PROC,1005.9,0,0,0.235,48
PROC,1007.0,0,0,0.176,36
PROC,1008.2,0,0,0.186,38
PROC,1009.4,0,0,0.200,41
PROC,1010.5,0,0,0.215,44
PROC,1011.7,0,0,0.210,43
PROC,1012.8,0,0,0.156,32
PROC,1014.0,0,0,0.332,68
PROC,1015.2,0,0,0.396,81
PROC,1016.3,0,0,0.171,35
PROC,1017.5,0,0,0.313,64
PROC,1018.7,0,0,0.347,71
PROC,1019.8,0,0,0.166,34
PROC,1021.0,0,0,0.323,66
PROC,1022.2,0,0,0.215,44
PROC,1023.3,0,0,0.156,32
PROC,1024.5,0,0,0.215,44
PROC,1025.7,0,0,0.191,39
PROC,1026.8,0,0,0.156,32
PROC,1028.0,0,0,0.152,31
PROC,1029.1,0,0,0.166,34
PROC,1030.3,0,0,0.220,45
PROC,1031.5,0,0,0.308,63
PROC,1032.6,0,0,0.142,29
PROC,1033.8,0,0,0.293,60
PROC,1035.0,0,0,0.391,80
PROC,1036.1,0,0,0.171,35
PROC,1037.3,0,0,0.298,61
PROC,1038.4,0,0,0.308,63
PROC,1039.6,0,0,0.205,42
PROC,1040.8,0,0,0.279,57
PROC,1041.9,0,0,0.191,39
PROC,1043.1,0,0,0.171,35
PROC,1044.3,0,0,0.166,34
PROC,1045.4,0,0,0.210,43
PROC,1046.6,0,0,0.225,46
PROC,1047.8,0,0,0.196,40
PROC,1048.9,0,0,0.161,33
PROC,1050.1,0,0,0.288,59
PROC,1051.3,0,0,0.411,84
PROC,1052.4,0,0,0.176,36
PROC,1053.6,0,0,0.318,65
PROC,1054.7,0,0,0.386,79
PROC,1055.9,0,0,0.215,44
PROC,1057.1,0,0,0.367,75
PROC,1058.2,0,0,0.318,65
PROC,1059.4,0,0,0.166,34
PROC,1060.6,0,0,0.293,60
PROC,1061.7,0,0,0.205,42
PROC,1062.9,0,0,0.176,36
PROC,1064.1,0,0,0.171,35
PROC,1065.2,0,0,0.215,44
PROC,1066.4,0,0,0.220,45
PROC,1067.6,0,0,0.249,51
PROC,1068.7,0,0,0.176,36
PROC,1069.9,0,0,0.230,47
PROC,1071.0,0,0,0.450,92
PROC,1072.2,0,0,0.186,38
PROC,1073.4,0,0,0.332,68
PROC,1074.5,0,0,0.371,76
PROC,1075.7,0,0,0.230,47
PROC,1076.9,0,0,0.371,76
PROC,1078.0,0,0,0.327,67
PROC,1079.2,0,0,0.171,35
PROC,1080.3,0,0,0.200,41
PROC,1081.5,0,0,0.220,45
PROC,1082.7,0,0,0.244,50
PROC,1083.8,0,0,0.215,44
PROC,1085.0,0,0,0.171,35
PROC,1086.2,0,0,0.249,51
PROC,1087.3,0,0,0.249,51
PROC,1088.5,0,0,0.147,30
PROC,1089.7,0,0,0.254,52
PROC,1090.8,0,0,0.381,78
PROC,1092.0,0,0,0.156,32
PROC,1093.2,0,0,0.332,68
PROC,1094.3,0,0,0.318,65
PROC,1095.5,0,0,0.117,24
PROC,1096.6,0,0,0.308,63
PROC,1097.8,0,0,0.244,50
PROC,1099.0,0,0,0.108,22
PROC,1100.1,0,0,0.132,27
PROC,1101.3,0,0,0.186,38
PROC,1102.5,0,0,0.161,33
PROC,1103.6,0,0,0.156,32
PROC,1104.8,0,0,0.132,27
PROC,1105.9,0,0,0.176,36
PROC,1107.1,0,0,0.342,70
PROC,1108.3,0,0,0.181,37
PROC,1109.4,0,0,0.293,60
PROC,1110.6,0,0,0.279,57
PROC,1111.8,0,0,0.205,42
PROC,1112.9,0,0,0.327,67
PROC,1114.1,0,0,0.230,47
PROC,1115.3,0,0,0.161,33
PROC,1116.4,0,0,0.196,40
PROC,1117.6,0,0,0.191,39
PROC,1118.7,0,0,0.225,46
PROC,1119.9,0,0,0.181,37
PROC,1121.1,0,0,0.147,30
PROC,1122.2,0,0,0.347,71
PROC,1123.4,0,0,0.352,72
PROC,1124.6,0,0,0.117,24
PROC,1125.7,0,0,0.327,67
PROC,1126.9,0,0,0.308,63
PROC,1128.1,0,0,0.137,28
PROC,1129.2,0,0,0.176,36
PROC,1130.4,0,0,0.127,26
PROC,1131.5,0,0,0.117,24
PROC,1132.7,0,0,0.191,39
PROC,1133.9,0,0,0.132,27
PROC,1135.0,0,0,0.171,35
PROC,1136.2,0,0,0.235,48
PROC,1137.4,0,0,0.176,36
PROC,1138.5,0,0,0.318,65
PROC,1139.7,0,0,0.332,68
PROC,1140.8,0,0,0.127,26
PROC,1142.0,0,0,0.279,57
PROC,1143.2,0,0,0.318,65
PROC,1144.3,0,0,0.191,39
PROC,1145.5,0,0,0.156,32
PROC,1146.7,0,0,0.137,28
PROC,1147.8,0,0,0.220,45
PROC,1149.0,0,0,0.210,43
PROC,1150.2,0,0,0.142,29
PROC,1151.3,0,0,0.215,44
PROC,1152.5,0,0,0.371,76
PROC,1153.6,0,0,0.196,40
PROC,1154.8,0,0,0.371,76
PROC,1156.0,0,0,0.332,68
PROC,1157.1,0,0,0.161,33
PROC,1158.3,0,0,0.293,60
PROC,1159.5,0,0,0.210,43
PROC,1160.6,0,0,0.147,30
PROC,1161.8,0,0,0.166,34
PROC,1162.9,0,0,0.176,36
PROC,1164.1,0,0,0.196,40
PROC,1165.3,0,0,0.259,53
PROC,1166.4,0,0,0.176,36
PROC,1167.6,0,0,0.313,64
PROC,1168.8,0,0,0.415,85
PROC,1169.9,0,0,0.191,39
PROC,1171.1,0,0,0.303,62
PROC,1172.2,0,0,0.303,62
PROC,1173.4,0,0,0.215,44
PROC,1174.6,0,0,0.186,38
PROC,1175.7,0,0,0.147,30
PROC,1176.9,0,0,0.137,28
PROC,1178.1,0,0,0.156,32
PROC,1179.2,0,0,0.156,32
PROC,1180.4,0,0,0.239,49
PROC,1181.6,0,0,0.318,65
PROC,1182.7,0,0,0.098,20
PROC,1183.9,0,0,0.308,63
PROC,1185.1,0,0,0.313,64
PROC,1186.2,0,0,0.098,20
PROC,1187.4,0,0,0.112,23
PROC,1188.5,0,0,0.078,16
PROC,1189.7,0,0,0.137,28
PROC,1190.9,0,0,0.181,37
PROC,1192.0,0,0,0.117,24
PROC,1193.2,0,0,0.137,28
PROC,1194.3,0,0,0.274,56
PROC,1195.5,0,0,0.137,28
PROC,1196.7,0,0,0.249,51
PROC,1197.8,0,0,0.308,63
PROC,1199.0,0,0,0.161,33

==========================================
=== 2-MINUTE DATA COLLECTION COMPLETE ===

Data Summary:
- Minute 1 (0-600 tenths sec): RAW IR/Red values
- Minute 2 (600-1200 tenths sec): Processed BPM/SpO2
- Full 2 minutes: GSR data (0.1s resolution)

Format markers:
  RAW,Time_0.1s,IR,Red,GSR_V,GSR_raw
  PROC,Time_0.1s,BPM,SpO2,GSR_V,GSR_raw

Copy all data above and save to CSV file
Press 's' to run again
