=~=~=~=~=~=~=~=~=~=~=~= PuTTY log 2026.05.15 07:08:53 =~=~=~=~=~=~=~=~=~=~=~=
ets Jul 29 2019 12:21:46

rst:0x1 (POWERON_RESET),boot:0x13 (SPI_FAST_FLASH_BOOT)
configsip: 0, SPIWP:0xee
clk_drv:0x00,q_drv:0x00,d_drv:0x00,cs0_drv:0x00,hd_drv:0x00,wp_drv:0x00
mode:DIO, clock div:1
load:0x3fff0030,len:4876
ho 0 tail 12 room 4
load:0x40078000,len:16560
load:0x40080400,len:3500
entry 0x400805b4
Initializing OLED on Wire1 (SDA=16, SCL=17)...SUCCESS
Initializing MAX30100 for raw data on Wire (SDA=21, SCL=22)...SUCCESS
Initializing PulseOximeter on Wire (SDA=21, SCL=22)...SUCCESS

==========================================
Press 's' to start 2-minute data collection
Minute 1: RAW IR/Red data (0.1s intervals)
Minute 2: Processed BPM/SpO2 data (0.1s intervals)
==========================================

==========================================
=== 2-MINUTE DATA COLLECTION STARTED ===
PHASE 1 (0-600 tenths of seconds): RAW IR/Red data
Format: RAW,Time_0.1s,IR_raw,Red_raw,GSR_V,GSR_raw
------------------------------------------
RAW,0.0,13091,18096,2.986,611
RAW,0.0,13089,18109,2.937,601
RAW,0.0,13092,18097,2.849,583
RAW,0.0,13094,18105,2.928,599
RAW,0.0,13091,18111,3.001,614
RAW,0.0,13088,18101,3.025,619
RAW,0.0,13094,18111,2.884,590
RAW,0.0,13093,18108,2.898,593
RAW,0.0,13096,18115,2.889,591
RAW,0.0,13111,18126,2.869,587
RAW,0.0,13096,18119,2.884,590
RAW,0.0,13098,18128,2.874,588
RAW,0.0,13096,18126,2.874,588
RAW,0.0,13106,18131,2.869,587
RAW,0.0,13106,18135,2.835,580
RAW,0.0,13111,18129,2.840,581
RAW,0.8,13102,18101,2.972,608
RAW,0.8,13086,18092,2.996,613
RAW,0.8,13089,18095,2.913,596
RAW,0.8,13093,18097,2.903,594
RAW,0.8,13098,18099,2.893,592
RAW,0.8,13087,18098,3.016,617
RAW,0.8,13094,18093,3.011,616
RAW,0.8,13087,18102,3.006,615
RAW,0.8,13089,18097,2.918,597
RAW,1.2,13096,18105,2.859,585
RAW,1.2,13096,18103,2.835,580
RAW,1.2,13090,18108,2.820,577
RAW,1.2,13094,18089,2.840,581
RAW,1.5,13095,18101,2.805,574
RAW,1.5,13094,18110,2.801,573
RAW,1.5,13090,18104,2.801,573
RAW,1.9,13098,18113,2.840,581
RAW,1.9,13099,18094,2.825,578
RAW,1.9,13097,18105,2.796,572
RAW,2.2,13103,18112,2.801,573
RAW,2.2,13095,18110,2.845,582
RAW,2.2,13101,18109,2.815,576
RAW,2.5,13104,18114,2.791,571
RAW,2.5,13115,18117,2.791,571
RAW,2.5,13104,18102,2.791,571
RAW,2.8,13113,18105,2.791,571
RAW,2.8,13109,18106,2.840,581
RAW,2.8,13107,18104,2.835,580
RAW,3.1,13110,18111,2.840,581
RAW,3.1,13111,18110,2.830,579
RAW,3.1,13099,18109,2.805,574
RAW,3.4,13120,18116,2.781,569
RAW,3.4,13111,18116,2.786,570
RAW,3.4,13117,18116,2.791,571
RAW,3.7,13120,18111,2.815,576
RAW,3.7,13113,18116,2.801,573
RAW,3.7,13116,18109,2.791,571
RAW,4.0,13117,18119,2.810,575
RAW,4.0,13114,18112,2.820,577
RAW,4.0,13118,18113,2.864,586
RAW,4.3,13113,18128,2.786,570
RAW,4.3,13118,18107,2.849,583
RAW,4.3,13109,18111,2.908,595
RAW,4.6,13119,18117,2.874,588
RAW,4.6,13120,18115,2.913,596
RAW,4.6,13112,18113,2.918,597
RAW,4.9,13117,18116,2.913,596
RAW,4.9,13125,18111,2.952,604
RAW,4.9,13120,18109,2.942,602
RAW,5.2,13117,18104,2.937,601
RAW,5.2,13116,18110,2.986,611
RAW,5.2,13120,18107,2.864,586
RAW,5.5,13112,18106,2.913,596
RAW,5.5,13121,18117,2.815,576
RAW,5.5,13121,18114,2.796,572
RAW,5.8,13119,18120,2.835,580
RAW,5.8,13124,18106,2.786,570
RAW,5.8,13119,18113,2.835,580
RAW,6.1,13132,18118,2.835,580
RAW,6.1,13122,18110,2.835,580
RAW,6.1,13124,18107,2.884,590
RAW,6.4,13126,18117,2.815,576
RAW,6.4,13126,18110,2.791,571
RAW,6.4,13131,18105,2.898,593
RAW,6.7,13124,18113,2.845,582
RAW,6.7,13134,18109,2.937,601
RAW,6.7,13119,18109,2.952,604
RAW,7.0,13107,18098,2.952,604
RAW,7.0,13122,18103,2.972,608
RAW,7.0,13119,18105,2.981,610
RAW,7.3,13101,18089,2.952,604
RAW,7.3,13105,18084,2.937,601
RAW,7.3,13110,18089,2.815,576
RAW,7.6,13092,18072,2.849,583
RAW,7.6,13096,18079,2.815,576
RAW,7.9,13089,18070,2.849,583
RAW,7.9,13092,18069,2.796,572
RAW,7.9,13097,18078,2.786,570
RAW,8.2,13079,18071,2.796,572
RAW,8.2,13083,18070,2.791,571
RAW,8.2,13085,18073,2.791,571
RAW,8.5,13078,18071,2.776,568
RAW,8.5,13080,18071,2.781,569
RAW,8.5,13077,18072,2.786,570
RAW,8.8,13086,18071,2.810,575
RAW,8.8,13079,18069,2.796,572
RAW,8.8,13077,18063,2.815,576
RAW,9.1,13082,18070,2.796,572
RAW,9.1,13078,18058,2.874,588
RAW,9.1,13081,18069,2.820,577
RAW,9.4,13083,18067,2.796,572
RAW,9.4,13082,18055,2.791,571
RAW,9.4,13080,18060,2.771,567
RAW,9.8,13079,18060,2.810,575
RAW,9.8,13071,18051,2.825,578
RAW,9.8,13083,18059,2.830,579
RAW,10.1,13075,18058,2.835,580
RAW,10.1,13079,18053,2.810,575
RAW,10.1,13077,18055,2.815,576
RAW,10.4,13079,18051,2.781,569
RAW,10.4,13080,18054,2.791,571
RAW,10.4,13076,18053,2.776,568
RAW,10.7,13081,18056,2.781,569
RAW,10.7,13079,18061,2.781,569
RAW,10.7,13069,18050,2.766,566
RAW,11.0,13080,18055,2.820,577
RAW,11.0,13087,18055,2.815,576
RAW,11.0,13081,18053,2.869,587
RAW,11.3,13090,18055,2.771,567
RAW,11.3,13077,18053,2.874,588
RAW,11.3,13072,18057,2.913,596
RAW,11.6,13086,18058,2.874,588
RAW,11.6,13081,18053,2.918,597
RAW,11.6,13079,18061,2.918,597
RAW,11.9,13088,18052,2.937,601
RAW,11.9,13092,18055,2.947,603
RAW,11.9,13080,18054,2.952,604
RAW,12.2,13097,18053,2.928,599
RAW,12.2,13088,18057,2.952,604
RAW,12.2,13085,18056,2.874,588
RAW,12.5,13099,18056,2.928,599
RAW,12.5,13090,18053,2.820,577
RAW,12.5,13092,18057,2.796,572
RAW,12.8,13087,18055,2.805,574
RAW,12.8,13092,18062,2.820,577
RAW,12.8,13083,18054,2.840,581
RAW,13.1,13093,18049,2.849,583
RAW,13.1,13084,18057,2.849,583
RAW,13.1,13097,18055,2.815,576
RAW,13.4,13092,18050,2.781,569
RAW,13.4,13094,18050,2.796,572
RAW,13.4,13094,18054,2.913,596
RAW,13.7,13090,18056,2.889,591
RAW,13.7,13086,18060,2.933,600
RAW,13.7,13091,18055,2.967,607
RAW,14.0,13097,18054,2.937,601
RAW,14.0,13100,18056,2.986,611
RAW,14.0,13099,18051,2.981,610
RAW,14.3,13104,18057,2.952,604
RAW,14.3,13093,18061,2.947,603
RAW,14.3,13098,18058,2.830,579
RAW,14.6,13094,18057,2.913,596
RAW,14.6,13106,18056,2.810,575
RAW,14.6,13093,18055,2.801,573
RAW,14.9,13107,18058,2.810,575
RAW,14.9,13101,18051,2.815,576
RAW,14.9,13103,18053,2.781,569
RAW,15.2,13097,18057,2.815,576
RAW,15.2,13098,18065,2.796,572
RAW,15.2,13091,18060,2.830,579
RAW,15.5,13104,18059,2.776,568
RAW,15.5,13101,18052,2.781,569
RAW,15.5,13104,18054,2.805,574
RAW,15.8,13096,18056,2.796,572
RAW,15.8,13103,18062,2.805,574
RAW,15.8,13093,18053,2.796,572
RAW,16.1,13086,18040,2.815,576
RAW,16.1,13100,18054,2.835,580
RAW,16.1,13101,18043,2.815,576
RAW,16.5,13078,18019,2.771,567
RAW,16.5,13072,18033,2.791,571
RAW,16.5,13080,18031,2.776,568
RAW,16.8,13059,18029,2.820,577
RAW,16.8,13067,18016,2.835,580
RAW,16.8,13061,18012,2.781,569
RAW,17.0,13054,18008,2.796,572
RAW,17.0,13060,18010,2.815,576
RAW,17.0,13062,18023,2.810,575
RAW,17.4,13065,18009,2.776,568
RAW,17.4,13043,18015,2.771,567
RAW,17.4,13059,18010,2.781,569
RAW,17.7,13043,18019,2.761,565
RAW,17.7,13051,18015,2.786,570
RAW,17.7,13045,18004,2.786,570
RAW,18.0,13045,18006,2.830,579
RAW,18.0,13043,18005,2.801,573
RAW,18.0,13048,18015,2.913,596
RAW,18.3,13054,18002,2.835,580
RAW,18.3,13046,18004,2.903,594
RAW,18.3,13046,18006,2.947,603
RAW,18.6,13049,18008,2.903,594
RAW,18.6,13054,18000,2.918,597
RAW,18.6,13063,18008,2.923,598
RAW,18.9,13067,18012,2.947,603
RAW,18.9,13061,18008,2.952,604
RAW,18.9,13059,18004,2.908,595
RAW,19.2,13061,18011,2.957,605
RAW,19.2,13058,18016,2.908,595
RAW,19.2,13059,18004,2.849,583
RAW,19.5,13056,18014,2.825,578
RAW,19.5,13053,18011,2.805,574
RAW,19.5,13052,18008,2.796,572
RAW,19.8,13064,18013,2.825,578
RAW,19.8,13057,18007,2.835,580
RAW,19.8,13052,18012,2.815,576
RAW,20.1,13066,18004,2.864,586
RAW,20.1,13061,18010,2.810,575
RAW,20.1,13065,18004,2.952,604
RAW,20.4,13072,18020,2.791,571
RAW,20.4,13071,18007,2.874,588
RAW,20.4,13061,18003,2.933,600
RAW,20.7,13065,18012,2.893,592
RAW,20.7,13058,18009,2.942,602
RAW,20.7,13064,18001,2.937,601
RAW,21.0,13064,18013,2.967,607
RAW,21.0,13058,18014,2.947,603
RAW,21.0,13065,18009,2.879,589
RAW,21.3,13070,18018,2.918,597
RAW,21.3,13074,18010,2.801,573
RAW,21.6,13073,18016,2.869,587
RAW,21.6,13072,18005,2.805,574
RAW,21.6,13066,18005,2.796,572
RAW,21.9,13075,18011,2.830,579
RAW,21.9,13070,18018,2.815,576
RAW,21.9,13064,18010,2.791,571
RAW,22.2,13065,18011,2.781,569
RAW,22.2,13070,18006,2.830,579
RAW,22.2,13073,18006,2.835,580
RAW,22.5,13075,18006,2.791,571
RAW,22.5,13076,18014,2.786,570
RAW,22.5,13075,18014,2.796,572
RAW,22.8,13080,18014,2.805,574
RAW,22.8,13066,18014,2.815,576
RAW,22.8,13071,18003,2.849,583
RAW,23.1,13079,18012,2.835,580
RAW,23.1,13077,18012,2.805,574
RAW,23.1,13077,18005,2.801,573
RAW,23.4,13072,18014,2.786,570
RAW,23.4,13075,18010,2.781,569
RAW,23.4,13076,18016,2.952,604
RAW,23.7,13081,18006,2.796,572
RAW,23.7,13080,18008,2.781,569
RAW,23.7,13087,18016,2.781,569
RAW,24.0,13078,18006,2.801,573
RAW,24.0,13072,18010,2.825,578
RAW,24.0,13076,18008,2.796,572
RAW,24.4,13081,18010,2.781,569
RAW,24.4,13082,18011,2.781,569
RAW,24.4,13073,18018,2.796,572
RAW,24.6,13090,18018,2.776,568
RAW,24.6,13081,18013,2.776,568
RAW,24.6,13080,18014,2.786,570
RAW,25.0,13079,18011,2.781,569
RAW,25.0,13089,18009,2.854,584
RAW,25.0,13085,18008,2.908,595
RAW,25.3,13092,18003,2.849,583
RAW,25.3,13080,18014,2.918,597
RAW,25.3,13085,18012,2.947,603
RAW,25.6,13086,17998,2.908,595
RAW,25.6,13091,18013,2.923,598
RAW,25.6,13091,18002,2.933,600
RAW,25.9,13066,17986,2.928,599
RAW,25.9,13071,17997,2.937,601
RAW,25.9,13074,18003,2.908,595
RAW,26.2,13049,17982,2.981,610
RAW,26.2,13064,17982,2.903,594
RAW,26.2,13062,17990,2.859,585
RAW,26.5,13039,17974,2.854,584
RAW,26.5,13043,17973,2.801,573
RAW,26.5,13059,17969,2.796,572
RAW,26.8,13044,17965,2.835,580
RAW,26.8,13033,17970,2.830,579
RAW,26.8,13044,17966,2.786,570
RAW,27.1,13035,17960,2.796,572
RAW,27.1,13042,17966,2.820,577
RAW,27.1,13036,17959,2.918,597
RAW,27.4,13036,17957,2.776,568
RAW,27.4,13047,17965,2.898,593
RAW,27.4,13037,17958,2.937,601
RAW,27.7,13035,17963,2.908,595
RAW,27.7,13037,17955,3.025,619
RAW,27.7,13041,17948,2.933,600
RAW,28.0,13041,17958,2.942,602
RAW,28.0,13045,17960,2.972,608
RAW,28.0,13042,17963,2.879,589
RAW,28.3,13041,17955,2.893,592
RAW,28.3,13043,17962,2.845,582
RAW,28.6,13035,17963,2.796,572
RAW,28.6,13035,17966,2.796,572
RAW,28.6,13052,17956,2.796,572
RAW,28.9,13039,17961,2.801,573
RAW,28.9,13041,17959,2.815,576
RAW,28.9,13035,17954,2.810,575
RAW,29.2,13040,17961,2.835,580
RAW,29.2,13046,17967,2.835,580
RAW,29.2,13038,17968,2.820,577
RAW,29.5,13046,17961,2.796,572
RAW,29.5,13048,17962,2.786,570
RAW,29.5,13053,17958,2.781,569
RAW,29.8,13044,17957,2.810,575
RAW,29.8,13043,17968,2.830,579
RAW,29.8,13044,17961,2.796,572
RAW,30.1,13047,17968,2.820,577
RAW,30.1,13045,17959,2.801,573
RAW,30.1,13040,17963,2.820,577
RAW,30.4,13048,17964,2.781,569
RAW,30.4,13049,17953,2.776,568
RAW,30.4,13043,17955,2.786,570
RAW,30.7,13047,17960,2.801,573
RAW,30.7,13055,17959,2.786,570
RAW,30.7,13049,17965,2.771,567
RAW,31.0,13047,17950,2.835,580
RAW,31.0,13057,17960,2.815,576
RAW,31.0,13046,17958,2.791,571
RAW,31.3,13058,17955,2.786,570
RAW,31.3,13044,17965,2.766,566
RAW,31.3,13052,17962,2.776,568
RAW,31.6,13055,17965,2.781,569
RAW,31.6,13055,17960,2.796,572
RAW,31.6,13050,17962,2.820,577
RAW,32.0,13057,17957,2.805,574
RAW,32.0,13061,17961,2.874,588
RAW,32.0,13050,17961,2.928,599
RAW,32.3,13055,17959,2.874,588
RAW,32.3,13065,17955,2.942,602
RAW,32.3,13051,17959,2.967,607
RAW,32.6,13057,17961,2.913,596
RAW,32.6,13056,17958,2.928,599
RAW,32.6,13059,17957,2.923,598
RAW,32.9,13064,17954,2.928,599
RAW,32.9,13053,17969,2.972,608
RAW,32.9,13058,17957,2.908,595
RAW,33.2,13053,17944,2.977,609
RAW,33.2,13060,17950,2.869,587
RAW,33.2,13054,17954,2.835,580
RAW,33.5,13058,17954,2.825,578
RAW,33.5,13061,17954,2.781,569
RAW,33.5,13061,17952,2.786,570
RAW,33.8,13062,17953,2.845,582
RAW,33.8,13069,17953,2.820,577
RAW,33.8,13059,17948,2.791,571
RAW,34.1,13060,17965,2.820,577
RAW,34.1,13058,17957,2.874,588
RAW,34.1,13059,17942,2.918,597
RAW,34.4,13069,17952,2.796,572
RAW,34.4,13059,17949,2.913,596
RAW,34.4,13063,17953,2.937,601
RAW,34.7,13070,17955,2.908,595
RAW,34.7,13075,17952,2.928,599
RAW,34.7,13069,17944,2.952,604
RAW,35.0,13060,17947,2.937,601
RAW,35.0,13064,17951,2.977,609
RAW,35.0,13066,17954,2.854,584
RAW,35.3,13051,17930,2.879,589
RAW,35.3,13052,17942,2.840,581
RAW,35.6,13033,17932,2.830,579
RAW,35.6,13039,17933,2.796,572
RAW,35.6,13039,17932,2.796,572
RAW,35.9,13036,17917,2.835,580
RAW,35.9,13031,17925,2.801,573
RAW,35.9,13038,17928,2.810,575
RAW,36.2,13025,17923,2.835,580
RAW,36.2,13027,17924,2.820,577
RAW,36.2,13029,17923,2.835,580
RAW,36.5,13022,17919,2.771,567
RAW,36.5,13024,17917,2.781,569
RAW,36.5,13022,17917,2.781,569
RAW,36.8,13020,17910,2.830,579
RAW,36.8,13027,17913,2.830,579
RAW,36.8,13017,17906,2.796,572
RAW,37.1,13023,17913,2.815,576
RAW,37.1,13023,17905,2.801,573
RAW,37.1,13021,17916,2.825,578
RAW,37.4,13024,17911,2.776,568
RAW,37.4,13018,17917,2.771,567
RAW,37.4,13030,17905,2.771,567
RAW,37.7,13031,17913,2.786,570
RAW,37.7,13028,17918,2.786,570
RAW,37.7,13022,17915,2.786,570
RAW,38.0,13033,17916,2.810,575
RAW,38.0,13028,17913,2.796,572
RAW,38.0,13021,17917,2.835,580
RAW,38.3,13030,17918,2.776,568
RAW,38.3,13036,17915,2.796,572
RAW,38.3,13028,17911,2.791,571
RAW,38.6,13028,17909,2.776,568
RAW,38.6,13021,17911,2.781,569
RAW,38.6,13027,17910,2.845,582
RAW,39.0,13031,17917,2.810,575
RAW,39.0,13033,17920,2.889,591
RAW,39.0,13035,17907,2.947,603
RAW,39.2,13035,17915,2.908,595
RAW,39.2,13031,17904,2.957,605
RAW,39.2,13023,17915,2.967,607
RAW,39.5,13040,17915,2.933,600
RAW,39.5,13033,17908,2.923,598
RAW,39.5,13030,17915,2.942,602
RAW,39.9,13038,17909,2.952,604
RAW,39.9,13040,17913,2.972,608
RAW,39.9,13035,17923,2.869,587
RAW,40.2,13029,17915,2.972,608
RAW,40.2,13026,17912,2.859,585
RAW,40.2,13028,17910,2.830,579
RAW,40.5,13040,17910,2.820,577
RAW,40.5,13027,17909,2.801,573
RAW,40.5,13031,17919,2.786,570
RAW,40.8,13046,17918,2.840,581
RAW,40.8,13034,17915,2.796,572
RAW,40.8,13038,17913,2.796,572
RAW,41.1,13039,17918,2.840,581
RAW,41.1,13039,17920,2.825,578
RAW,41.1,13041,17913,2.898,593
RAW,41.4,13040,17920,2.840,581
RAW,41.4,13041,17905,2.928,599
RAW,41.4,13036,17902,2.952,604
RAW,41.7,13041,17916,2.923,598
RAW,41.7,13041,17913,2.957,605
RAW,41.7,13047,17918,2.957,605
RAW,42.0,13043,17919,2.962,606
RAW,42.0,13038,17906,2.972,608
RAW,42.0,13040,17911,2.840,581
RAW,42.3,13051,17914,2.952,604
RAW,42.3,13038,17912,2.859,585
RAW,42.3,13042,17907,2.830,579
RAW,42.6,13050,17918,2.815,576
RAW,42.6,13044,17913,2.810,575
RAW,42.6,13045,17904,2.796,572
RAW,42.9,13043,17910,2.849,583
RAW,42.9,13050,17919,2.835,580
RAW,42.9,13045,17910,2.815,576
RAW,43.2,13049,17922,2.849,583
RAW,43.2,13052,17918,2.835,580
RAW,43.2,13043,17913,2.908,595
RAW,43.5,13045,17918,2.786,570
RAW,43.5,13044,17912,2.796,572
RAW,43.5,13048,17916,2.805,574
RAW,43.8,13052,17912,2.840,581
RAW,43.8,13055,17917,2.796,572
RAW,43.8,13046,17911,2.810,575
RAW,44.1,13036,17902,2.835,580
RAW,44.1,13040,17912,2.854,584
RAW,44.1,13051,17920,2.810,575
RAW,44.4,13020,17900,2.801,573
RAW,44.4,13028,17899,2.805,574
RAW,44.4,13039,17894,2.810,575
RAW,44.7,13011,17888,2.796,572
RAW,44.7,13020,17886,2.805,574
RAW,44.7,13022,17886,2.815,576
RAW,45.0,13014,17885,2.830,579
RAW,45.0,13007,17889,2.835,580
RAW,45.0,13008,17884,2.835,580
RAW,45.3,12998,17884,2.845,582
RAW,45.3,13005,17873,2.840,581
RAW,45.3,13004,17880,2.879,589
RAW,45.6,13006,17868,2.810,575
RAW,45.6,12999,17867,2.805,574
RAW,45.6,12996,17867,2.913,596
RAW,45.9,13002,17865,2.825,578
RAW,45.9,13004,17872,2.957,605
RAW,45.9,13004,17873,3.001,614
RAW,46.2,13007,17870,2.977,609
RAW,46.2,13000,17867,2.991,612
RAW,46.2,13003,17872,2.986,611
RAW,46.5,13003,17872,2.952,604
RAW,46.5,13001,17868,2.957,605
RAW,46.5,13013,17869,2.967,607
RAW,46.8,13011,17866,2.981,610
RAW,46.8,12999,17868,2.933,600
RAW,46.8,13015,17870,2.845,582
RAW,47.2,13003,17865,2.923,598
RAW,47.2,13011,17876,2.874,588
RAW,47.2,13009,17869,2.849,583
RAW,47.5,13009,17860,2.820,577
RAW,47.5,13011,17869,2.815,576
RAW,47.5,13007,17874,2.830,579
RAW,47.8,13025,17867,2.810,575
RAW,47.8,13013,17871,2.820,577
RAW,47.8,13003,17866,2.845,582
RAW,48.1,13011,17865,2.845,582
RAW,48.1,13005,17864,2.913,596
RAW,48.1,13018,17864,2.977,609
RAW,48.4,13005,17884,2.884,590
RAW,48.4,13024,17868,2.967,607
RAW,48.4,13014,17862,3.001,614
RAW,48.7,13018,17877,2.942,602
RAW,48.7,13010,17862,2.977,609
RAW,48.7,13014,17869,2.967,607
RAW,49.0,13021,17867,2.986,611
RAW,49.0,13025,17874,2.952,604
RAW,49.0,13017,17876,2.874,588
RAW,49.3,13023,17877,2.952,604
RAW,49.3,13029,17868,2.889,591
RAW,49.3,13020,17876,2.845,582
RAW,49.6,13024,17871,2.815,576
RAW,49.6,13025,17870,2.801,573
RAW,49.6,13014,17867,2.801,573
RAW,49.9,13022,17867,2.854,584
RAW,49.9,13024,17874,2.810,575
RAW,49.9,13031,17873,2.805,574
RAW,50.2,13023,17865,2.845,582
RAW,50.2,13014,17867,2.859,585
RAW,50.2,13024,17864,2.830,579
RAW,50.5,13024,17872,2.810,575
RAW,50.5,13022,17867,2.810,575
RAW,50.5,13022,17866,2.805,574
RAW,50.8,13028,17877,2.815,576
RAW,50.8,13029,17873,2.810,575
RAW,50.8,13029,17866,2.801,573
RAW,51.1,13017,17874,2.801,573
RAW,51.1,13022,17871,2.840,581
RAW,51.1,13024,17869,2.830,579
RAW,51.4,13024,17877,2.815,576
RAW,51.4,13031,17879,2.820,577
RAW,51.4,13020,17881,2.820,577
RAW,51.7,13032,17871,2.815,576
RAW,51.7,13030,17878,2.801,573
RAW,51.7,13026,17867,2.810,575
RAW,52.0,13036,17875,2.840,581
RAW,52.0,13028,17874,2.820,577
RAW,52.0,13028,17868,2.849,583
RAW,52.3,13024,17866,2.859,585
RAW,52.3,13028,17876,2.845,582
RAW,52.3,13038,17877,2.923,598
RAW,52.6,13036,17869,2.820,577
RAW,52.6,13036,17871,2.805,574
RAW,52.6,13029,17874,2.913,596
RAW,52.9,13032,17869,2.893,592
RAW,52.9,13031,17879,2.957,605
RAW,52.9,13025,17876,2.942,602
RAW,53.2,13023,17873,2.937,601
RAW,53.2,13029,17865,2.977,609
RAW,53.2,13034,17873,2.991,612
RAW,53.5,13008,17848,2.942,602
RAW,53.5,13012,17848,2.952,604
RAW,53.5,13016,17857,2.923,598
RAW,53.8,12995,17839,2.952,604
RAW,53.8,12996,17841,2.893,592
RAW,53.8,13006,17841,2.830,579
RAW,54.2,12988,17825,2.884,590
RAW,54.2,12988,17843,2.835,580
RAW,54.2,12990,17833,2.830,579
RAW,54.5,12989,17825,2.830,579
RAW,54.5,12986,17829,2.830,579
RAW,54.5,12984,17822,2.835,580
RAW,54.8,12984,17830,2.810,575
RAW,54.8,12983,17834,2.825,578
RAW,54.8,12980,17826,2.869,587
RAW,55.1,12981,17831,2.835,580
RAW,55.1,12976,17825,2.898,593
RAW,55.1,12989,17833,2.967,607
RAW,55.4,12977,17828,2.937,601
RAW,55.4,12978,17820,3.011,616
RAW,55.4,12990,17829,3.016,617
RAW,55.7,12988,17820,2.972,608
RAW,55.7,12987,17828,2.962,606
RAW,55.7,12977,17825,2.972,608
RAW,56.0,12982,17835,3.025,619
RAW,56.0,12988,17835,2.937,601
RAW,56.0,12982,17823,2.928,599
RAW,56.3,12991,17822,2.898,593
RAW,56.3,12985,17824,2.874,588
RAW,56.3,12982,17830,2.849,583
RAW,56.6,12987,17830,2.825,578
RAW,56.6,12988,17827,2.825,578
RAW,56.6,12983,17825,2.820,577
RAW,56.9,12984,17831,2.805,574
RAW,56.9,12983,17825,2.810,575
RAW,56.9,12984,17826,2.810,575
RAW,57.2,12981,17822,2.820,577
RAW,57.2,12991,17829,2.840,581
RAW,57.2,12989,17824,2.835,580
RAW,57.5,12988,17826,2.810,575
RAW,57.5,12992,17827,2.805,574
RAW,57.5,12994,17820,2.835,580
RAW,57.8,12987,17827,2.791,571
RAW,57.8,12989,17822,2.815,576
RAW,57.8,12996,17825,2.810,575
RAW,58.1,12999,17826,2.825,578
RAW,58.1,12990,17826,2.801,573
RAW,58.1,12981,17832,2.825,578
RAW,58.4,12995,17824,2.820,577
RAW,58.4,12994,17828,2.859,585
RAW,58.4,12995,17826,2.859,585
RAW,58.7,12999,17832,2.801,573
RAW,58.7,12995,17814,2.810,575
RAW,58.7,12997,17824,2.810,575
RAW,59.0,12998,17824,2.825,578
RAW,59.0,12993,17815,2.845,582
RAW,59.0,12985,17828,2.835,580
RAW,59.3,12995,17826,2.830,579
RAW,59.3,13005,17826,2.835,580
RAW,59.3,12999,17828,2.864,586
RAW,59.6,13000,17829,2.810,575
RAW,59.6,12994,17825,2.854,584
RAW,59.6,13002,17829,2.913,596
RAW,59.9,12995,17828,2.859,585
RAW,59.9,12993,17824,2.928,599
RAW,59.9,12996,17827,2.952,604
RAW,60.2,13007,17823,2.957,605
RAW,60.2,12998,17827,2.952,604
RAW,60.2,12992,17830,2.996,613
RAW,60.5,12992,17828,2.947,603
RAW,60.5,13008,17818,2.952,604
RAW,60.5,13003,17825,2.908,595
RAW,60.8,13003,17823,2.957,605
RAW,60.8,13004,17831,2.889,591
RAW,60.8,13001,17824,2.835,580
RAW,61.1,13010,17829,2.893,592
RAW,61.1,13000,17826,2.849,583
RAW,61.1,13007,17829,2.825,578
RAW,61.5,13000,17832,2.874,588
RAW,61.5,12999,17824,2.864,586
RAW,61.5,13003,17816,2.859,585
RAW,61.7,12993,17816,2.840,581
RAW,61.7,13006,17814,2.825,578
RAW,61.7,13001,17815,2.913,596
RAW,62.0,13002,17821,2.840,581
RAW,62.0,13010,17824,2.933,600
RAW,62.0,12998,17817,2.996,613
RAW,62.4,13003,17820,2.977,609
RAW,62.4,13005,17822,2.991,612
RAW,62.4,13006,17814,3.006,615
RAW,62.7,12989,17808,2.957,605
RAW,62.7,13000,17808,2.981,610
RAW,62.7,13003,17822,2.972,608
RAW,63.0,12983,17798,2.967,607
RAW,63.0,12978,17801,2.903,594
RAW,63.0,12986,17801,2.835,580
RAW,63.3,12959,17784,2.898,593
RAW,63.3,12969,17783,2.830,579
RAW,63.3,12968,17779,2.854,584
RAW,63.6,12951,17783,2.815,576
RAW,63.6,12948,17780,2.810,575
RAW,63.6,12960,17782,2.815,576
RAW,63.9,12948,17774,2.810,575
RAW,63.9,12948,17770,2.796,572
RAW,63.9,12951,17780,2.796,572
RAW,64.2,12946,17776,2.840,581
RAW,64.2,12958,17762,2.845,582
RAW,64.2,12953,17772,2.805,574
RAW,64.5,12948,17771,2.835,580
RAW,64.5,12950,17776,2.849,583
RAW,64.5,12950,17771,2.854,584
RAW,64.8,12964,17773,2.815,576
RAW,64.8,12962,17769,2.801,573
RAW,64.8,12947,17771,2.815,576
RAW,65.1,12952,17775,2.815,576
RAW,65.1,12957,17769,2.845,582
RAW,65.1,12958,17768,2.825,578
RAW,65.4,12945,17775,2.835,580
RAW,65.4,12954,17777,2.835,580
RAW,65.4,12948,17772,2.864,586
RAW,65.7,12950,17768,2.815,576
RAW,65.7,12950,17769,2.810,575
RAW,65.7,12959,17779,2.805,574
RAW,66.0,12953,17770,2.805,574
RAW,66.0,12948,17760,2.805,574
RAW,66.0,12953,17771,2.815,576
RAW,66.3,12953,17770,2.840,581
RAW,66.3,12959,17763,2.849,583
RAW,66.3,12949,17767,2.835,580
RAW,66.6,12951,17765,2.805,574
RAW,66.6,12951,17762,2.859,585
RAW,66.6,12946,17763,2.923,598
RAW,66.9,12946,17770,2.869,587
RAW,66.9,12952,17766,2.928,599
RAW,66.9,12953,17768,2.947,603
RAW,67.2,12954,17765,2.967,607
RAW,67.2,12956,17775,2.972,608
RAW,67.2,12946,17769,2.957,605
RAW,67.5,12953,17765,2.967,607
RAW,67.5,12956,17774,2.991,612
RAW,67.5,12950,17767,2.947,603
RAW,67.8,12954,17777,2.952,604
RAW,67.8,12959,17773,2.879,589
RAW,67.8,12954,17771,2.879,589
RAW,68.1,12961,17766,2.884,590
RAW,68.1,12963,17770,2.869,587
RAW,68.1,12953,17770,2.854,584
RAW,68.4,12960,17776,2.869,587
RAW,68.4,12955,17766,2.840,581
RAW,68.4,12954,17775,2.810,575
RAW,68.7,12955,17769,2.825,578
RAW,68.7,12962,17776,2.815,576
RAW,68.7,12956,17765,2.879,589
RAW,69.1,12963,17764,2.845,582
RAW,69.1,12963,17768,2.908,595
RAW,69.1,12959,17757,2.952,604
RAW,69.3,12961,17766,2.933,600
RAW,69.3,12978,17768,2.977,609
RAW,69.3,12962,17771,2.977,609
RAW,69.7,12974,17777,2.962,606
RAW,69.7,12965,17770,2.972,608
RAW,69.7,12956,17768,2.981,610
RAW,70.0,12973,17774,2.972,608
RAW,70.0,12966,17775,2.879,589
RAW,70.0,12967,17773,2.893,592
RAW,70.3,12966,17769,2.913,596
RAW,70.3,12969,17765,2.840,581
RAW,70.3,12973,17770,2.801,573
RAW,70.6,12972,17765,2.845,582
RAW,70.6,12967,17780,2.849,583
RAW,70.6,12972,17770,2.864,586
RAW,70.9,12970,17764,2.796,572
RAW,70.9,12969,17777,2.815,576
RAW,70.9,12965,17773,2.825,578
RAW,71.2,12974,17771,2.849,583
RAW,71.2,12974,17773,2.849,583
RAW,71.2,12979,17774,2.854,584
RAW,71.5,12972,17773,2.859,585
RAW,71.5,12968,17768,2.830,579
RAW,71.5,12972,17780,2.835,580
RAW,71.8,12958,17741,2.801,573
RAW,71.8,12952,17758,2.805,574
RAW,71.8,12964,17762,2.810,575
RAW,72.1,12942,17743,2.840,581
RAW,72.1,12943,17745,2.810,575
RAW,72.1,12948,17745,2.801,573
RAW,72.4,12935,17731,2.835,580
RAW,72.4,12937,17733,2.835,580
RAW,72.4,12941,17740,2.820,577
RAW,72.7,12939,17739,2.805,574
RAW,72.7,12932,17733,2.810,575
RAW,72.7,12942,17734,2.810,575
RAW,73.0,12948,17750,2.810,575
RAW,73.0,12939,17749,2.810,575
RAW,73.0,12935,17741,2.840,581
RAW,73.3,12953,17759,2.815,576
RAW,73.3,12944,17744,2.840,581
RAW,73.3,12946,17750,2.864,586
RAW,73.6,12946,17755,2.717,556
RAW,73.6,12944,17754,2.889,591
RAW,73.6,12943,17760,2.952,604
RAW,73.9,12956,17756,2.869,587
RAW,73.9,12957,17761,2.918,597
RAW,73.9,12940,17756,2.952,604
RAW,74.2,12957,17754,2.947,603
RAW,74.2,12948,17746,2.947,603
RAW,74.2,12953,17756,3.011,616
RAW,74.5,12961,17760,3.006,615
RAW,74.5,12952,17756,3.011,616
RAW,74.5,12954,17753,2.933,600
RAW,74.8,12958,17758,2.952,604
RAW,74.8,12954,17753,2.884,590
RAW,74.8,12959,17757,2.825,578
RAW,75.1,12962,17758,2.898,593
RAW,75.1,12958,17762,2.840,581
RAW,75.1,12959,17757,2.815,576
RAW,75.4,12961,17760,2.854,584
RAW,75.4,12964,17767,2.845,582
RAW,75.4,12967,17764,2.859,585
RAW,75.7,12956,17761,2.815,576
RAW,75.7,12958,17770,2.820,577
RAW,75.7,12962,17753,2.893,592
RAW,76.0,12957,17761,2.820,577
RAW,76.0,12957,17756,2.898,593
RAW,76.0,12961,17759,2.947,603
RAW,76.3,12960,17748,2.908,595
RAW,76.3,12953,17762,2.977,609
RAW,76.3,12958,17758,3.001,614
RAW,76.7,12958,17742,2.957,605
RAW,76.7,12953,17746,2.986,611
RAW,76.7,12946,17758,3.025,619
RAW,76.9,12952,17750,2.972,608
RAW,76.9,12956,17755,2.893,592
RAW,76.9,12956,17757,2.830,579
RAW,77.3,12951,17747,2.864,586
RAW,77.3,12950,17743,2.874,588
RAW,77.3,12950,17748,2.864,586
RAW,77.6,12949,17747,2.879,589
RAW,77.6,12960,17752,2.874,588
RAW,77.6,12951,17749,2.835,580
RAW,77.9,12961,17756,2.835,580
RAW,77.9,12959,17755,2.820,577
RAW,77.9,12960,17741,2.810,575
RAW,78.2,12987,17793,2.854,584
RAW,78.2,12976,17779,2.825,578
RAW,78.2,12974,17759,2.801,573
RAW,78.5,13001,17805,2.825,578
RAW,78.5,12996,17798,2.840,581
RAW,78.5,12988,17786,2.835,580
RAW,78.8,13000,17799,2.801,573
RAW,78.8,13000,17796,2.801,573
RAW,78.8,12994,17800,2.825,578
RAW,79.1,12995,17797,2.805,574
RAW,79.1,13002,17791,2.810,575
RAW,79.1,12993,17799,2.805,574
RAW,79.4,13000,17800,2.805,574
RAW,79.4,12981,17795,2.854,584
RAW,79.4,12998,17793,2.825,578
RAW,79.7,13000,17791,2.805,574
RAW,79.7,12992,17793,2.810,575
RAW,79.7,12992,17806,2.830,579
RAW,80.0,12994,17798,2.796,572
RAW,80.0,12999,17795,2.796,572
RAW,80.0,12991,17783,2.801,573
RAW,80.3,13003,17797,2.840,581
RAW,80.3,12997,17794,2.815,576
RAW,80.3,12988,17791,2.889,591
RAW,80.6,12972,17791,2.845,582
RAW,80.6,12990,17791,2.908,595
RAW,80.6,12982,17789,2.986,611
RAW,80.9,12965,17764,2.879,589
RAW,80.9,12971,17764,2.952,604
RAW,80.9,12967,17785,2.947,603
RAW,81.2,12947,17740,2.972,608
RAW,81.2,12961,17757,2.996,613
RAW,81.2,12952,17757,2.957,605
RAW,81.5,12939,17744,2.981,610
RAW,81.5,12944,17744,3.001,614
RAW,81.5,12951,17742,2.923,598
RAW,81.8,12931,17726,2.952,604
RAW,81.8,12928,17741,2.874,588
RAW,81.8,12929,17735,2.825,578
RAW,82.1,12924,17722,2.864,586
RAW,82.1,12925,17734,2.830,579
RAW,82.1,12925,17726,2.830,579
RAW,82.4,12911,17714,2.835,580
RAW,82.4,12908,17723,2.820,577
RAW,82.4,12924,17721,2.840,581
RAW,82.7,12918,17720,2.815,576
RAW,82.7,12915,17715,2.820,577
RAW,82.7,12922,17724,2.913,596
RAW,83.0,12919,17725,2.801,573
RAW,83.0,12924,17723,2.913,596
RAW,83.0,12925,17714,2.957,605
RAW,83.3,12923,17724,2.942,602
RAW,83.3,12930,17720,2.991,612
RAW,83.3,12928,17727,2.996,613
RAW,83.6,12932,17725,2.977,609
RAW,83.6,12936,17720,3.016,617
RAW,83.6,12927,17727,3.016,617
RAW,83.9,12932,17730,2.981,610
RAW,83.9,12931,17725,2.874,588
RAW,83.9,12928,17728,2.845,582
RAW,84.2,12937,17729,2.898,593
RAW,84.2,12927,17721,2.884,590
RAW,84.2,12937,17727,2.835,580
RAW,84.6,12929,17731,2.825,578
RAW,84.6,12934,17737,2.845,582
RAW,84.6,12935,17730,2.845,582
RAW,84.9,12927,17724,2.810,575
RAW,84.9,12937,17724,2.796,572
RAW,84.9,12940,17728,2.796,572
RAW,85.2,12930,17731,2.805,574
RAW,85.2,12940,17733,2.801,573
RAW,85.2,12930,17733,2.796,572
RAW,85.5,12925,17726,2.840,581
RAW,85.5,12925,17721,2.810,575
RAW,85.5,12928,17732,2.849,583
RAW,85.8,12932,17727,2.810,575
RAW,85.8,12929,17721,2.820,577
RAW,85.8,12931,17722,2.845,582
RAW,86.1,12931,17724,2.801,573
RAW,86.1,12929,17723,2.805,574
RAW,86.1,12935,17717,2.781,569
RAW,86.4,12934,17717,2.840,581
RAW,86.4,12931,17732,2.810,575
RAW,86.4,12928,17720,2.835,580
RAW,86.7,12928,17714,2.815,576
RAW,86.7,12924,17713,2.835,580
RAW,86.7,12931,17716,2.859,585
RAW,87.0,12926,17709,2.796,572
RAW,87.0,12927,17712,2.791,571
RAW,87.0,12921,17716,2.815,576
RAW,87.3,12925,17707,2.830,579
RAW,87.3,12922,17710,2.869,587
RAW,87.3,12915,17717,2.845,582
RAW,87.6,12922,17707,2.849,583
RAW,87.6,12926,17713,2.845,582
RAW,87.6,12923,17706,2.957,605
RAW,87.9,12931,17703,2.859,585
RAW,87.9,12927,17707,2.913,596
RAW,87.9,12926,17700,2.952,604
RAW,88.2,12931,17716,2.923,598
RAW,88.2,12929,17704,2.952,604
RAW,88.2,12929,17711,2.942,602
RAW,88.5,12933,17701,2.967,607
RAW,88.5,12926,17699,2.957,605
RAW,88.5,12935,17699,2.952,604
RAW,88.8,12923,17713,3.050,624
RAW,88.8,12934,17703,2.903,594
RAW,88.8,12929,17706,2.835,580
RAW,89.1,12933,17712,2.869,587
RAW,89.1,12942,17709,2.830,579
RAW,89.1,12935,17711,2.805,574
RAW,89.4,12937,17710,2.845,582
RAW,89.4,12933,17699,2.830,579
RAW,89.4,12933,17706,2.820,577
RAW,89.7,12926,17698,2.854,584
RAW,89.7,12932,17698,2.854,584
RAW,89.7,12942,17712,2.923,598
RAW,90.0,12922,17692,2.810,575
RAW,90.0,12913,17697,2.903,594
RAW,90.0,12919,17693,2.952,604
RAW,90.3,12900,17674,2.952,604
RAW,90.3,12906,17681,3.006,615
RAW,90.3,12912,17682,3.016,617
RAW,90.6,12888,17672,3.001,614
RAW,90.6,12885,17674,3.006,615
RAW,90.6,12891,17680,3.006,615
RAW,90.9,12878,17676,2.967,607
RAW,90.9,12890,17669,2.879,589
RAW,90.9,12887,17667,2.835,580
RAW,91.2,12865,17649,2.859,585
RAW,91.2,12873,17660,2.815,576
RAW,91.2,12877,17661,2.810,575
RAW,91.6,12865,17648,2.864,586
RAW,91.6,12859,17658,2.815,576
RAW,91.6,12873,17665,2.840,581
RAW,91.8,12871,17658,2.815,576
RAW,91.8,12868,17654,2.815,576
RAW,91.8,12865,17653,2.820,577
RAW,92.2,12868,17654,2.815,576
RAW,92.2,12864,17663,2.796,572
RAW,92.2,12866,17656,2.796,572
RAW,92.5,12883,17663,2.830,579
RAW,92.5,12873,17652,2.801,573
RAW,92.5,12874,17661,2.835,580
RAW,92.8,12877,17653,2.840,581
RAW,92.8,12872,17660,2.835,580
RAW,92.8,12880,17659,2.859,585
RAW,93.1,12872,17657,2.791,571
RAW,93.1,12881,17652,2.801,573
RAW,93.1,12873,17653,2.830,579
RAW,93.4,12874,17650,2.835,580
RAW,93.4,12883,17654,2.854,584
RAW,93.4,12880,17648,2.849,583
RAW,93.7,12881,17661,2.845,582
RAW,93.7,12880,17651,2.879,589
RAW,93.7,12877,17662,2.845,582
RAW,94.0,12885,17653,2.791,571
RAW,94.0,12891,17646,2.815,576
RAW,94.0,12889,17654,2.830,579
RAW,94.3,12880,17661,2.830,579
RAW,94.3,12886,17653,2.815,576
RAW,94.3,12876,17651,2.835,580
RAW,94.6,12881,17654,2.854,584
RAW,94.6,12884,17652,2.893,592
RAW,94.6,12881,17657,2.937,601
RAW,94.9,12883,17651,2.869,587
RAW,94.9,12884,17653,2.928,599
RAW,94.9,12875,17648,2.957,605
RAW,95.2,12879,17654,2.933,600
RAW,95.2,12880,17648,2.947,603
RAW,95.2,12883,17650,2.962,606
RAW,95.5,12884,17637,2.967,607
RAW,95.5,12887,17650,2.972,608
RAW,95.5,12874,17656,2.893,592
RAW,95.8,12873,17648,2.952,604
RAW,95.8,12878,17646,2.893,592
RAW,95.8,12879,17653,2.874,588
RAW,96.1,12876,17640,2.845,582
RAW,96.1,12881,17641,2.825,578
RAW,96.1,12878,17643,2.810,575
RAW,96.4,12878,17641,2.849,583
RAW,96.4,12883,17643,2.864,586
RAW,96.4,12883,17641,2.869,587
RAW,96.7,12880,17642,2.879,589
RAW,96.7,12886,17629,2.820,577
RAW,96.7,12874,17645,2.928,599
RAW,97.0,12891,17639,2.815,576
RAW,97.0,12883,17638,2.918,597
RAW,97.0,12882,17633,2.957,605
RAW,97.3,12890,17648,2.986,611
RAW,97.3,12892,17647,2.967,607
RAW,97.3,12881,17648,2.962,606
RAW,97.6,12886,17651,3.001,614
RAW,97.6,12890,17652,3.001,614
RAW,97.6,12888,17649,2.893,592
RAW,97.9,12887,17643,2.928,599
RAW,97.9,12881,17644,2.840,581
RAW,98.2,12885,17649,2.879,589
RAW,98.2,12896,17644,2.820,577
RAW,98.2,12900,17644,2.810,575
RAW,98.5,12897,17645,2.840,581
RAW,98.5,12897,17648,2.854,584
RAW,98.5,12895,17655,2.820,577
RAW,98.8,12889,17643,2.815,576
RAW,98.8,12887,17654,2.845,582
RAW,98.8,12898,17651,2.835,580
RAW,99.2,12873,17631,2.801,573
RAW,99.2,12879,17640,2.796,572
RAW,99.2,12890,17641,2.830,579
RAW,99.4,12856,17623,2.815,576
RAW,99.4,12877,17622,2.820,577
RAW,99.4,12873,17629,2.849,583
RAW,99.8,12855,17615,2.859,585
RAW,99.8,12844,17617,2.869,587
RAW,99.8,12857,17624,2.801,573
RAW,100.1,12845,17621,2.796,572
RAW,100.1,12852,17616,2.801,573
RAW,100.1,12847,17617,2.820,577
RAW,100.4,12827,17611,2.840,581
RAW,100.4,12835,17610,2.810,575
RAW,100.4,12839,17610,2.805,574
RAW,100.7,12838,17599,2.835,580
RAW,100.7,12828,17606,2.840,581
RAW,100.7,12838,17603,2.820,577
RAW,101.0,12827,17603,2.815,576
RAW,101.0,12835,17597,2.805,574
RAW,101.0,12826,17603,2.810,575
RAW,101.3,12829,17599,2.815,576
RAW,101.3,12819,17603,2.810,575
RAW,101.3,12822,17597,2.815,576
RAW,101.6,12830,17597,2.820,577
RAW,101.6,12826,17596,2.893,592
RAW,101.6,12827,17606,2.952,604
RAW,101.9,12827,17596,2.869,587
RAW,101.9,12831,17593,2.967,607
RAW,101.9,12829,17593,2.986,611
RAW,102.2,12833,17595,2.933,600
RAW,102.2,12834,17590,2.952,604
RAW,102.2,12836,17594,2.947,603
RAW,102.5,12842,17592,2.972,608
RAW,102.5,12833,17593,2.972,608
RAW,102.5,12831,17589,2.952,604
RAW,102.8,12856,17597,2.996,613
RAW,102.8,12841,17603,2.923,598
RAW,102.8,12838,17596,2.810,575
RAW,103.1,12840,17593,2.845,582
RAW,103.1,12845,17602,2.815,576
RAW,103.1,12846,17604,2.815,576
RAW,103.4,12841,17610,2.854,584
RAW,103.4,12847,17595,2.874,588
RAW,103.4,12849,17592,2.825,578
RAW,103.7,12857,17607,2.815,576
RAW,103.7,12855,17597,2.859,585
RAW,103.7,12850,17605,2.937,601
RAW,104.0,12860,17605,2.805,574
RAW,104.0,12854,17608,2.918,597
RAW,104.0,12856,17599,2.967,607
RAW,104.3,12850,17606,2.908,595
RAW,104.3,12858,17616,2.947,603
RAW,104.3,12851,17602,2.972,608
RAW,104.6,12861,17610,2.991,612
RAW,104.6,12862,17598,2.991,612
RAW,104.6,12844,17606,2.933,600
RAW,104.9,12851,17610,2.913,596
RAW,104.9,12846,17603,2.840,581
RAW,105.2,12852,17598,2.869,587
RAW,105.2,12847,17595,2.825,578
RAW,105.2,12852,17600,2.825,578
RAW,105.5,12850,17603,2.849,583
RAW,105.5,12862,17602,2.835,580
RAW,105.5,12848,17603,2.854,584
RAW,105.8,12847,17602,2.869,587
RAW,105.8,12848,17598,2.859,585
RAW,105.8,12853,17595,2.835,580
RAW,106.1,12843,17595,2.805,574
RAW,106.1,12838,17598,2.801,573
RAW,106.1,12850,17601,2.805,574
RAW,106.4,12841,17591,2.845,582
RAW,106.4,12837,17586,2.805,574
RAW,106.4,12848,17596,2.815,576
RAW,106.7,12851,17595,2.835,580
RAW,106.7,12851,17595,2.835,580
RAW,106.7,12853,17586,2.840,581
RAW,107.1,12850,17594,2.805,574
RAW,107.1,12846,17591,2.796,572
RAW,107.1,12852,17589,2.796,572
RAW,107.4,12866,17592,2.815,576
RAW,107.4,12859,17584,2.801,573
RAW,107.4,12858,17582,2.786,570
RAW,107.7,12858,17584,2.805,574
RAW,107.7,12850,17593,2.825,578
RAW,107.7,12854,17586,2.835,580
RAW,108.0,12866,17580,2.801,573
RAW,108.0,12855,17590,2.810,575
RAW,108.0,12859,17588,2.815,576
RAW,108.3,12844,17579,2.810,575
RAW,108.3,12837,17581,2.801,573
RAW,108.3,12854,17579,2.874,588
RAW,108.6,12827,17578,2.830,579
RAW,108.6,12838,17568,2.884,590
RAW,108.6,12838,17572,2.967,607
RAW,108.9,12815,17571,2.947,603
RAW,108.9,12820,17573,2.996,613
RAW,108.9,12819,17568,2.996,613
RAW,109.2,12804,17562,2.933,600
RAW,109.2,12810,17555,2.972,608
RAW,109.2,12821,17563,2.952,604
RAW,109.5,12813,17552,2.972,608
RAW,109.5,12808,17558,3.016,617
RAW,109.5,12807,17561,2.840,581
RAW,109.8,12802,17553,2.972,608
RAW,109.8,12804,17563,2.874,588
RAW,109.8,12812,17555,2.854,584
RAW,110.1,12801,17552,2.830,579
RAW,110.1,12808,17553,2.830,579
RAW,110.1,12808,17557,2.825,578
RAW,110.4,12812,17562,2.805,574
RAW,110.4,12812,17553,2.805,574
RAW,110.4,12817,17548,2.805,574
RAW,110.7,12810,17560,2.845,582
RAW,110.7,12804,17558,2.805,574
RAW,110.7,12805,17546,2.962,606
RAW,111.0,12815,17557,2.840,581
RAW,111.0,12818,17565,2.933,600
RAW,111.0,12808,17547,2.996,613
RAW,111.3,12816,17562,2.942,602
RAW,111.3,12817,17557,2.962,606
RAW,111.3,12818,17553,2.977,609
RAW,111.6,12819,17558,2.991,612
RAW,111.6,12828,17563,2.972,608
RAW,111.6,12817,17559,2.889,591
RAW,111.9,12820,17560,3.001,614
RAW,111.9,12821,17559,2.879,589
RAW,111.9,12820,17561,2.869,587
RAW,112.2,12824,17568,2.854,584
RAW,112.2,12826,17569,2.815,576
RAW,112.2,12829,17558,2.815,576
RAW,112.5,12817,17563,2.864,586
RAW,112.5,12828,17565,2.840,581
RAW,112.5,12822,17560,2.805,574
RAW,112.8,12830,17566,2.820,577
RAW,112.8,12822,17570,2.835,580
RAW,112.8,12820,17566,2.854,584
RAW,113.1,12827,17562,2.810,575
RAW,113.1,12831,17564,2.805,574
RAW,113.1,12817,17562,2.820,577
RAW,113.4,12830,17553,2.796,572
RAW,113.4,12825,17564,2.810,575
RAW,113.4,12824,17561,2.805,574
RAW,113.7,12832,17563,2.805,574
RAW,113.7,12837,17558,2.825,578
RAW,113.7,12830,17562,2.845,582
RAW,114.1,12836,17560,2.810,575
RAW,114.1,12822,17561,2.810,575
RAW,114.1,12838,17558,2.845,582
RAW,114.3,12827,17567,2.796,572
RAW,114.3,12821,17561,2.801,573
RAW,114.3,12825,17562,2.815,576
RAW,114.7,12830,17567,2.830,579
RAW,114.7,12832,17568,2.810,575
RAW,114.7,12835,17562,2.835,580
RAW,115.0,12832,17565,2.835,580
RAW,115.0,12838,17562,2.859,585
RAW,115.0,12833,17575,2.898,593
RAW,115.3,12826,17562,2.923,598
RAW,115.3,12838,17562,2.835,580
RAW,115.3,12827,17564,2.918,597
RAW,115.6,12831,17557,2.874,588
RAW,115.6,12819,17564,2.972,608
RAW,115.6,12830,17560,2.967,607
RAW,115.9,12828,17560,2.937,601
RAW,115.9,12822,17565,2.981,610
RAW,115.9,12826,17560,2.991,612
RAW,116.2,12835,17549,2.937,601
RAW,116.2,12833,17552,2.952,604
RAW,116.2,12826,17559,2.933,600
RAW,116.5,12817,17548,2.952,604
RAW,116.5,12824,17547,2.889,591
RAW,116.5,12825,17554,2.849,583
RAW,116.8,12806,17530,2.903,594
RAW,116.8,12808,17544,2.820,577
RAW,116.8,12804,17540,2.849,583
RAW,117.1,12807,17532,2.825,578
RAW,117.1,12805,17535,2.815,576
RAW,117.1,12807,17531,2.810,575
RAW,117.4,12793,17525,2.815,576
RAW,117.4,12792,17528,2.805,574
RAW,117.4,12795,17532,2.884,590
RAW,117.7,12788,17523,2.845,582
RAW,117.7,12785,17526,2.913,596
RAW,117.7,12785,17520,2.967,607
RAW,118.0,12791,17525,2.923,598
RAW,118.0,12782,17522,3.011,616
RAW,118.0,12785,17516,3.030,620
RAW,118.3,12786,17522,3.011,616
RAW,118.3,12781,17522,2.981,610
RAW,118.3,12789,17527,2.991,612
RAW,118.6,12782,17534,3.006,615
RAW,118.6,12783,17529,2.933,600
RAW,118.6,12792,17521,2.879,589
RAW,118.9,12796,17523,2.898,593
RAW,118.9,12784,17531,2.859,585
RAW,118.9,12785,17521,2.864,586
RAW,119.2,12790,17521,2.810,575
RAW,119.2,12787,17518,2.810,575
RAW,119.2,12780,17519,2.727,558
RAW,119.5,12798,17518,2.810,575
RAW,119.5,12787,17525,2.796,572
RAW,119.5,12793,17516,2.786,570
RAW,119.8,12799,17519,2.820,577
RAW,119.8,12795,17526,2.810,575
RAW,119.8,12794,17524,2.820,577
RAW,120.1,12800,17516,2.810,575
RAW,120.1,12787,17526,2.810,575
RAW,120.1,12798,17524,2.815,576
RAW,120.4,12800,17518,2.810,575
RAW,120.4,12798,17521,2.805,574
RAW,120.4,12798,17524,2.810,575
RAW,120.7,12803,17519,2.810,575
RAW,120.7,12804,17520,2.815,576
RAW,120.7,12802,17524,2.840,581
RAW,121.1,12802,17527,2.835,580
RAW,121.1,12807,17526,2.845,582
RAW,121.1,12802,17525,2.874,588
RAW,121.3,12806,17523,2.893,592
RAW,121.3,12804,17528,2.835,580
RAW,121.3,12804,17525,2.810,575
RAW,121.7,12810,17535,2.849,583
RAW,121.7,12802,17522,2.859,585
RAW,121.7,12797,17523,2.791,571
RAW,122.0,12801,17516,2.835,580
RAW,122.0,12801,17528,2.845,582
RAW,122.0,12806,17524,2.898,593
RAW,122.3,12802,17527,2.801,573
RAW,122.3,12806,17526,2.879,589
RAW,122.3,12796,17522,2.913,596
RAW,122.6,12802,17522,2.874,588
RAW,122.6,12802,17522,2.942,602
RAW,122.6,12797,17531,2.952,604
RAW,122.9,12808,17532,2.967,607
RAW,122.9,12801,17521,2.962,606
RAW,122.9,12795,17520,2.962,606
RAW,123.2,12809,17519,2.962,606
RAW,123.2,12805,17524,2.957,605
RAW,123.2,12803,17522,2.864,586
RAW,123.5,12810,17525,2.952,604
RAW,123.5,12807,17524,2.845,582
RAW,123.5,12803,17531,2.815,576
RAW,123.8,12804,17532,2.874,588
RAW,123.8,12807,17526,2.854,584
RAW,123.8,12816,17532,2.815,576
RAW,124.1,12810,17518,2.849,583
RAW,124.1,12804,17527,2.854,584
RAW,124.1,12808,17521,2.864,586
RAW,124.4,12813,17519,2.835,580
RAW,124.4,12810,17518,2.801,573
RAW,124.4,12810,17515,2.908,595
RAW,124.7,12810,17520,2.840,581
RAW,124.7,12812,17520,2.996,613
RAW,124.7,12815,17517,3.016,617
RAW,125.0,12808,17530,2.977,609
RAW,125.0,12808,17526,2.977,609
RAW,125.0,12816,17513,3.001,614
RAW,125.3,12817,17528,2.962,606
RAW,125.3,12819,17521,2.967,607
RAW,125.3,12824,17525,2.859,585
RAW,125.6,12815,17523,2.898,593
RAW,125.6,12816,17524,2.825,578
RAW,125.9,12804,17521,2.913,596
RAW,125.9,12824,17525,2.840,581
RAW,125.9,12811,17529,2.849,583
RAW,126.2,12791,17504,2.810,575
RAW,126.2,12807,17512,2.801,573
RAW,126.2,12802,17517,2.840,581
RAW,126.5,12780,17507,2.810,575
RAW,126.5,12786,17493,2.815,576
RAW,126.5,12791,17502,2.815,576
RAW,126.8,12776,17480,2.820,577
RAW,126.8,12785,17491,2.840,581
RAW,126.8,12786,17492,2.796,572
RAW,127.1,12772,17482,2.835,580
RAW,127.1,12774,17486,2.845,582
RAW,127.1,12778,17488,2.874,588
RAW,127.4,12777,17485,2.825,578
RAW,127.4,12771,17491,2.796,572
RAW,127.4,12767,17479,2.815,576
RAW,127.7,12775,17477,2.830,579
RAW,127.7,12772,17480,2.854,584
RAW,127.7,12770,17484,2.835,580
RAW,128.0,12774,17488,2.835,580
RAW,128.0,12781,17484,2.805,574
RAW,128.0,12769,17482,2.835,580
RAW,128.3,12773,17483,2.796,572
RAW,128.3,12771,17487,2.815,576
RAW,128.3,12769,17492,2.810,575
RAW,128.6,12780,17495,2.805,574
RAW,128.6,12778,17481,2.810,575
RAW,128.6,12772,17489,2.810,575
RAW,128.9,12785,17486,2.835,580
RAW,128.9,12778,17488,2.820,577
RAW,128.9,12783,17490,2.879,589
RAW,129.3,12786,17482,2.810,575
RAW,129.3,12777,17484,2.874,588
RAW,129.3,12786,17494,2.933,600
RAW,129.6,12797,17493,2.898,593
RAW,129.6,12791,17488,2.933,600
RAW,129.6,12782,17486,2.962,606
RAW,129.9,12790,17496,2.952,604
RAW,129.9,12786,17493,2.972,608
RAW,129.9,12789,17504,2.967,607
RAW,130.2,12794,17494,2.981,610
RAW,130.2,12789,17503,2.986,611
RAW,130.2,12783,17486,2.933,600
RAW,130.5,12799,17493,2.962,606
RAW,130.5,12793,17493,2.849,583
RAW,130.5,12795,17491,2.849,583
RAW,130.8,12798,17491,2.864,586
RAW,130.8,12793,17483,2.869,587
RAW,130.8,12784,17487,2.854,584
RAW,131.1,12800,17492,2.859,585
RAW,131.1,12790,17493,2.840,581
RAW,131.1,12789,17486,2.854,584
RAW,131.4,12798,17490,2.815,576
RAW,131.4,12797,17491,2.815,576
RAW,131.4,12799,17496,2.913,596
RAW,131.7,12788,17500,2.835,580
RAW,131.7,12798,17502,2.928,599
RAW,131.7,12788,17492,2.962,606
RAW,132.0,12802,17497,2.967,607
RAW,132.0,12793,17494,2.991,612
RAW,132.0,12795,17495,2.991,612
RAW,132.3,12801,17495,2.967,607
RAW,132.3,12795,17499,2.977,609
RAW,132.3,12800,17492,2.859,585
RAW,132.6,12797,17492,2.889,591
RAW,132.6,12799,17488,2.825,578
RAW,132.9,12803,17500,2.869,587
RAW,132.9,12803,17497,2.854,584
RAW,132.9,12817,17497,2.830,579
RAW,133.2,12804,17501,2.845,582
RAW,133.2,12797,17500,2.859,585
RAW,133.2,12811,17500,2.854,584
RAW,133.5,12810,17500,2.796,572
RAW,133.5,12810,17507,2.830,579
RAW,133.5,12808,17498,2.810,575
RAW,133.8,12809,17494,2.859,585
RAW,133.8,12808,17502,2.864,586
RAW,133.8,12816,17510,2.849,583
RAW,134.1,12812,17496,2.815,576
RAW,134.1,12811,17502,2.825,578
RAW,134.1,12811,17503,2.840,581
RAW,134.4,12812,17498,2.801,573
RAW,134.4,12810,17506,2.815,576
RAW,134.4,12801,17503,2.801,573
RAW,134.7,12795,17487,2.835,580
RAW,134.7,12799,17496,2.810,575
RAW,134.7,12812,17493,2.820,577
RAW,135.0,12775,17477,2.849,583
RAW,135.0,12789,17483,2.849,583
RAW,135.0,12789,17491,2.801,573
RAW,135.3,12777,17480,2.805,574
RAW,135.3,12779,17488,2.810,575
RAW,135.3,12781,17478,2.815,576
RAW,135.6,12766,17473,2.801,573
RAW,135.6,12773,17479,2.801,573
RAW,135.6,12780,17475,2.796,572
RAW,135.9,12772,17471,2.830,579
RAW,135.9,12763,17464,2.845,582
RAW,135.9,12765,17472,2.884,590
RAW,136.3,12761,17473,2.825,578
RAW,136.3,12767,17471,2.918,597
RAW,136.3,12769,17470,2.991,612
RAW,136.6,12762,17462,2.913,596
RAW,136.6,12770,17465,2.933,600
RAW,136.6,12760,17466,2.952,604
RAW,136.9,12779,17468,2.952,604
RAW,136.9,12769,17471,2.957,605
RAW,136.9,12764,17464,3.006,615
RAW,137.2,12781,17474,2.981,610
RAW,137.2,12773,17476,2.972,608
RAW,137.2,12771,17469,2.874,588
RAW,137.5,12785,17469,2.957,605
RAW,137.5,12774,17467,2.835,580
RAW,137.5,12774,17472,2.835,580
RAW,137.8,12785,17467,2.874,588
RAW,137.8,12775,17473,2.820,577
RAW,137.8,12774,17470,2.815,576
RAW,138.1,12776,17466,2.859,585
RAW,138.1,12772,17467,2.849,583
RAW,138.1,12782,17473,2.835,580
RAW,138.4,12776,17477,2.815,576
RAW,138.4,12786,17469,2.820,577
RAW,138.4,12779,17468,2.933,600
RAW,138.7,12784,17467,2.796,572
RAW,138.7,12774,17473,2.928,599
RAW,138.7,12784,17466,2.972,608
RAW,139.0,12775,17467,2.957,605
RAW,139.0,12777,17469,2.986,611
RAW,139.0,12778,17473,2.991,612
RAW,139.3,12792,17465,2.996,613
RAW,139.3,12788,17466,3.001,614
RAW,139.3,12786,17470,2.908,595
RAW,139.6,12787,17476,2.898,593
RAW,139.6,12783,17467,2.835,580
RAW,139.9,12791,17476,2.849,583
RAW,139.9,12794,17467,2.869,587
RAW,139.9,12788,17466,2.869,587
RAW,140.2,12793,17477,2.864,586
RAW,140.2,12799,17470,2.849,583
RAW,140.2,12798,17478,2.840,581
RAW,140.5,12799,17478,2.801,573
RAW,140.5,12795,17478,2.815,576
RAW,140.5,12796,17478,2.815,576
RAW,140.8,12802,17479,2.859,585
RAW,140.8,12792,17482,2.815,576
RAW,140.8,12795,17483,2.805,574
RAW,141.1,12803,17478,2.840,581
RAW,141.1,12799,17479,2.825,578
RAW,141.1,12801,17487,2.810,575
RAW,141.4,12806,17483,2.825,578
RAW,141.4,12797,17487,2.815,576
RAW,141.4,12790,17472,2.805,574
RAW,141.7,12810,17486,2.801,573
RAW,141.7,12793,17489,2.801,573
RAW,141.7,12797,17479,2.796,572
RAW,142.0,12807,17480,2.815,576
RAW,142.0,12795,17480,2.835,580
RAW,142.0,12797,17481,2.815,576
RAW,142.3,12802,17478,2.801,573
RAW,142.3,12807,17495,2.845,582
RAW,142.3,12792,17484,2.840,581
RAW,142.6,12808,17484,2.810,575
RAW,142.6,12801,17485,2.801,573
RAW,142.6,12804,17479,2.815,576
RAW,142.9,12806,17483,2.801,573
RAW,142.9,12801,17479,2.835,580
RAW,142.9,12800,17480,2.928,599
RAW,143.2,12799,17483,2.864,586
RAW,143.2,12805,17486,2.957,605
RAW,143.2,12797,17481,2.952,604
RAW,143.6,12803,17484,2.913,596
RAW,143.6,12805,17487,2.952,604
RAW,143.6,12803,17497,2.957,605
RAW,143.9,12796,17476,2.977,609
RAW,143.9,12794,17476,2.962,606
RAW,143.9,12808,17479,2.947,603
RAW,144.1,12785,17467,2.977,609
RAW,144.1,12793,17471,2.986,611
RAW,144.1,12792,17472,2.879,589
RAW,144.5,12777,17471,2.942,602
RAW,144.5,12774,17462,2.845,582
RAW,144.5,12779,17460,2.825,578
RAW,144.8,12762,17453,2.835,580
RAW,144.8,12771,17453,2.796,572
RAW,144.8,12774,17464,2.810,575
RAW,145.1,12768,17456,2.815,576
RAW,145.1,12759,17455,2.845,582
RAW,145.1,12760,17453,2.854,584
RAW,145.4,12762,17450,2.810,575
RAW,145.4,12760,17455,2.869,587
RAW,145.4,12758,17440,2.972,608
RAW,145.7,12765,17449,2.869,587
RAW,145.7,12762,17459,2.947,603
RAW,145.7,12757,17441,2.972,608
RAW,146.0,12768,17449,2.981,610
RAW,146.0,12763,17455,2.986,611
RAW,146.0,12763,17449,3.021,618
RAW,146.3,12766,17451,3.030,620
RAW,146.3,12753,17445,2.991,612
RAW,146.3,12769,17448,2.859,585
RAW,146.6,12766,17445,2.918,597
RAW,146.6,12763,17458,2.835,580
RAW,146.6,12770,17446,2.820,577
RAW,146.9,12762,17454,2.869,587
RAW,146.9,12771,17447,2.810,575
RAW,146.9,12768,17450,2.805,574
RAW,147.2,12776,17451,2.859,585
RAW,147.2,12768,17454,2.835,580
RAW,147.2,12759,17450,2.830,579
RAW,147.5,12766,17454,2.810,575
RAW,147.5,12772,17452,2.805,574
RAW,147.5,12764,17450,2.805,574
RAW,147.8,12772,17445,2.805,574
RAW,147.8,12770,17447,2.796,572
RAW,147.8,12768,17449,2.796,572
RAW,148.1,12772,17450,2.835,580
RAW,148.1,12768,17449,2.849,583
RAW,148.1,12767,17449,2.815,576
RAW,148.4,12771,17445,2.810,575
RAW,148.4,12772,17453,2.835,580
RAW,148.4,12770,17449,2.801,573
RAW,148.7,12772,17443,2.801,573
RAW,148.7,12772,17441,2.801,573
RAW,148.7,12776,17444,2.805,574
RAW,149.0,12770,17459,2.805,574
RAW,149.0,12780,17449,2.835,580
RAW,149.0,12774,17447,2.864,586
RAW,149.3,12777,17451,2.840,581
RAW,149.3,12774,17451,2.864,586
RAW,149.3,12766,17446,2.854,584
RAW,149.6,12774,17451,2.825,578
RAW,149.6,12773,17450,2.810,575
RAW,149.6,12769,17443,2.810,575
RAW,149.9,12776,17458,2.845,582
RAW,149.9,12768,17450,2.835,580
RAW,149.9,12772,17446,2.918,597
RAW,150.2,12767,17452,2.874,588
RAW,150.2,12776,17460,2.962,606
RAW,150.2,12768,17453,2.977,609
RAW,150.5,12768,17450,2.933,600
RAW,150.5,12772,17448,2.957,605
RAW,150.5,12772,17452,2.967,607
RAW,150.9,12776,17448,2.937,601
RAW,150.9,12775,17446,2.952,604
RAW,150.9,12770,17448,2.928,599
RAW,151.1,12787,17452,2.972,608
RAW,151.1,12784,17455,2.898,593
RAW,151.1,12786,17440,2.864,586
RAW,151.4,12782,17450,2.849,583
RAW,151.4,12771,17451,2.835,580
RAW,151.4,12776,17448,2.835,580
RAW,151.8,12783,17448,2.810,575
RAW,151.8,12776,17447,2.815,576
RAW,151.8,12783,17449,2.815,576
RAW,152.1,12774,17447,2.849,583
RAW,152.1,12773,17443,2.815,576
RAW,152.1,12773,17439,2.947,603
RAW,152.4,12780,17449,2.859,585
RAW,152.4,12776,17442,2.947,603
RAW,152.4,12775,17438,3.001,614
RAW,152.7,12786,17446,2.913,596
RAW,152.7,12778,17454,2.957,605
RAW,152.7,12776,17442,2.957,605
RAW,153.0,12764,17435,3.006,615
RAW,153.0,12769,17444,3.021,618
RAW,153.0,12776,17441,2.972,608
RAW,153.3,12756,17422,2.991,612
RAW,153.3,12754,17437,2.893,592
RAW,153.3,12762,17430,2.840,581
RAW,153.6,12748,17417,2.849,583
RAW,153.6,12747,17427,2.825,578
RAW,153.6,12744,17430,2.815,576
RAW,153.9,12742,17416,2.815,576
RAW,153.9,12736,17414,2.810,575
RAW,153.9,12736,17417,2.805,574
RAW,154.2,12732,17415,2.849,583
RAW,154.2,12735,17413,2.825,578
RAW,154.2,12733,17413,2.835,580
RAW,154.5,12740,17410,2.820,577
RAW,154.5,12739,17408,2.820,577
RAW,154.5,12731,17411,2.849,583
RAW,154.8,12734,17413,2.791,571
RAW,154.8,12729,17410,2.796,572
RAW,154.8,12746,17413,2.796,572
RAW,155.1,12743,17414,2.815,576
RAW,155.1,12737,17412,2.825,578
RAW,155.1,12735,17417,2.845,582
RAW,155.4,12739,17416,2.845,582
RAW,155.4,12742,17411,2.864,586
RAW,155.4,12748,17409,2.830,579
RAW,155.7,12743,17411,2.835,580
RAW,155.7,12745,17419,2.810,575
RAW,155.7,12735,17415,2.796,572
RAW,156.0,12732,17419,2.845,582
RAW,156.0,12741,17412,2.810,575
RAW,156.0,12741,17410,2.781,569
RAW,156.3,12741,17409,2.840,581
RAW,156.3,12733,17413,2.840,581
RAW,156.3,12732,17415,2.845,582
RAW,156.6,12734,17415,2.820,577
RAW,156.6,12734,17407,2.810,575
RAW,156.6,12733,17410,2.889,591
RAW,156.9,12737,17418,2.801,573
RAW,156.9,12743,17405,2.889,591
RAW,156.9,12733,17419,2.937,601
RAW,157.2,12741,17413,2.928,599
RAW,157.2,12742,17413,2.972,608
RAW,157.2,12742,17420,2.967,607
RAW,157.5,12734,17419,2.952,604
RAW,157.5,12742,17413,2.981,610
RAW,157.5,12743,17414,3.030,620
RAW,157.8,12747,17416,2.952,604
RAW,157.8,12740,17406,2.957,605
RAW,157.8,12741,17407,2.825,578
RAW,158.1,12740,17410,2.967,607
RAW,158.1,12741,17416,2.840,581
RAW,158.1,12747,17416,2.859,585
RAW,158.4,12736,17414,2.879,589
RAW,158.4,12741,17414,2.859,585
RAW,158.4,12752,17408,2.840,581
RAW,158.8,12751,17411,2.810,575
RAW,158.8,12742,17412,2.815,576
RAW,158.8,12742,17408,2.810,575
RAW,159.1,12756,17420,2.859,585
RAW,159.1,12746,17414,2.849,583
RAW,159.1,12748,17409,2.942,602
RAW,159.4,12744,17414,2.898,593
RAW,159.4,12751,17417,2.977,609
RAW,159.4,12761,17409,2.977,609
RAW,159.7,12748,17415,2.957,605
RAW,159.7,12748,17410,2.962,606
RAW,159.7,12739,17408,2.986,611
RAW,160.0,12754,17417,2.967,607
RAW,160.0,12744,17415,2.957,605
RAW,160.0,12749,17412,2.840,581
RAW,160.3,12752,17409,2.937,601
RAW,160.3,12751,17407,2.859,585
RAW,160.3,12742,17408,2.815,576
RAW,160.6,12748,17412,2.830,579
RAW,160.6,12757,17408,2.859,585
RAW,160.6,12750,17415,2.840,581
RAW,160.9,12754,17412,2.810,575
RAW,160.9,12764,17415,2.810,575
RAW,160.9,12752,17412,2.830,579
RAW,161.2,12750,17407,2.820,577
RAW,161.2,12754,17412,2.845,582
RAW,161.2,12746,17409,2.854,584
RAW,161.5,12759,17411,2.835,580
RAW,161.5,12748,17408,2.864,586
RAW,161.5,12755,17414,2.801,573
RAW,161.8,12762,17411,2.801,573
RAW,161.8,12757,17418,2.796,572
RAW,161.8,12760,17408,2.835,580
RAW,162.1,12735,17394,2.835,580
RAW,162.1,12751,17408,2.810,575
RAW,162.1,12748,17406,2.805,574
RAW,162.4,12725,17397,2.825,578
RAW,162.4,12738,17396,2.825,578
RAW,162.4,12740,17398,2.825,578
RAW,162.7,12723,17393,2.830,579
RAW,162.7,12717,17378,2.805,574
RAW,162.7,12723,17397,2.810,575
RAW,163.0,12715,17380,2.801,573
RAW,163.0,12716,17382,2.801,573
RAW,163.0,12721,17386,2.815,576
RAW,163.3,12707,17378,2.825,578
RAW,163.3,12719,17386,2.835,580
RAW,163.3,12711,17374,2.820,577
RAW,163.6,12697,17374,2.820,577
RAW,163.6,12710,17371,2.849,583
RAW,163.6,12706,17383,2.957,605
RAW,163.9,12707,17381,2.869,587
RAW,163.9,12699,17370,2.937,601
RAW,163.9,12695,17371,2.937,601
RAW,164.2,12701,17366,2.937,601
RAW,164.2,12705,17382,2.991,612
RAW,164.2,12704,17371,2.996,613
RAW,164.5,12704,17373,2.991,612
RAW,164.5,12705,17380,2.991,612
RAW,164.5,12711,17376,2.937,601
RAW,164.8,12710,17369,2.972,608
RAW,164.8,12708,17367,2.874,588
RAW,164.8,12702,17371,2.815,576
RAW,165.1,12703,17381,2.893,592
RAW,165.1,12711,17369,2.845,582
RAW,165.1,12703,17373,2.815,576
RAW,165.4,12707,17374,2.864,586
RAW,165.4,12714,17376,2.854,584
RAW,165.4,12713,17371,2.835,580
RAW,165.8,12713,17368,2.820,577
RAW,165.8,12700,17369,2.815,576
RAW,165.8,12713,17374,2.967,607
RAW,166.1,12715,17372,2.805,574
RAW,166.1,12714,17379,2.913,596
RAW,166.1,12708,17368,2.952,604
RAW,166.4,12716,17371,2.942,602
RAW,166.4,12719,17381,2.996,613
RAW,166.4,12715,17366,2.996,613
RAW,166.7,12718,17372,2.972,608
RAW,166.7,12721,17376,2.996,613
RAW,166.7,12713,17375,2.933,600
RAW,167.0,12724,17370,2.913,596
RAW,167.0,12717,17382,2.835,580
RAW,167.3,12716,17377,2.879,589
RAW,167.3,12724,17379,2.854,584
RAW,167.3,12722,17376,2.869,587
RAW,167.6,12730,17386,2.874,588
RAW,167.6,12722,17378,2.874,588
RAW,167.6,12713,17378,2.820,577
RAW,167.9,12724,17378,2.815,576
RAW,167.9,12722,17377,2.815,576
RAW,167.9,12731,17370,2.801,573
RAW,168.2,12735,17379,2.854,584
RAW,168.2,12725,17376,2.820,577
RAW,168.2,12721,17373,2.796,572
RAW,168.5,12720,17379,2.840,581
RAW,168.5,12725,17382,2.840,581
RAW,168.5,12720,17381,2.830,579
RAW,168.8,12734,17372,2.801,573
RAW,168.8,12731,17382,2.805,574
RAW,168.8,12728,17381,2.893,592
RAW,169.1,12730,17378,2.801,573
RAW,169.1,12729,17379,2.810,575
RAW,169.1,12719,17372,2.801,573
RAW,169.4,12736,17375,2.796,572
RAW,169.4,12721,17373,2.840,581
RAW,169.4,12726,17375,2.835,580
RAW,169.7,12732,17369,2.796,572
RAW,169.7,12734,17383,2.845,582
RAW,169.7,12731,17378,2.849,583
RAW,170.0,12740,17376,2.796,572
RAW,170.0,12729,17375,2.801,573
RAW,170.0,12732,17380,2.830,579
RAW,170.3,12723,17366,2.830,579
RAW,170.3,12724,17369,2.840,581
RAW,170.3,12729,17379,2.903,594
RAW,170.6,12711,17358,2.854,584
RAW,170.6,12720,17362,2.923,598
RAW,170.6,12724,17362,2.957,605
RAW,170.9,12708,17346,2.913,596
RAW,170.9,12707,17354,2.942,602
RAW,170.9,12707,17369,2.952,604
RAW,171.2,12700,17349,2.991,612
RAW,171.2,12703,17349,2.972,608
RAW,171.2,12697,17354,2.952,604
RAW,171.5,12691,17343,2.977,609
RAW,171.5,12694,17342,2.967,607
RAW,171.5,12692,17349,2.879,589
RAW,171.8,12689,17342,2.947,603
RAW,171.8,12695,17341,2.845,582
RAW,171.8,12695,17340,2.830,579
RAW,172.1,12679,17338,2.845,582
RAW,172.1,12687,17342,2.810,575
RAW,172.1,12686,17341,2.815,576
RAW,172.4,12687,17346,2.820,577
RAW,172.4,12686,17338,2.835,580
RAW,172.4,12688,17333,2.835,580
RAW,172.7,12685,17342,2.815,576
RAW,172.7,12696,17346,2.810,575
RAW,172.7,12689,17333,2.957,605
RAW,173.1,12697,17347,2.815,576
RAW,173.1,12689,17344,2.942,602
RAW,173.1,12694,17341,2.967,607
RAW,173.4,12691,17340,2.952,604
RAW,173.4,12688,17343,2.981,610
RAW,173.4,12690,17337,3.040,622
RAW,173.7,12693,17337,3.006,615
RAW,173.7,12691,17342,3.006,615
RAW,173.7,12699,17341,2.874,588
RAW,174.0,12701,17337,2.874,588
RAW,174.0,12704,17334,2.810,575
RAW,174.3,12699,17342,2.908,595
RAW,174.3,12692,17338,2.835,580
RAW,174.3,12691,17339,2.810,575
RAW,174.6,12700,17341,2.854,584
RAW,174.6,12697,17348,2.835,580
RAW,174.6,12705,17337,2.830,579
RAW,174.9,12702,17346,2.825,578
RAW,174.9,12705,17340,2.805,574
RAW,174.9,12696,17345,2.801,573
RAW,175.2,12701,17347,2.810,575
RAW,175.2,12698,17340,2.805,574
RAW,175.2,12701,17342,2.801,573
RAW,175.5,12699,17344,2.810,575
RAW,175.5,12699,17341,2.849,583
RAW,175.5,12707,17336,2.835,580
RAW,175.8,12711,17344,2.810,575
RAW,175.8,12712,17348,2.815,576
RAW,175.8,12701,17344,2.830,579
RAW,176.1,12709,17348,2.801,573
RAW,176.1,12704,17352,2.796,572
RAW,176.1,12708,17354,2.801,573
RAW,176.4,12704,17351,2.815,576
RAW,176.4,12713,17348,2.815,576
RAW,176.4,12718,17353,2.835,580
RAW,176.7,12710,17352,2.859,585
RAW,176.7,12708,17351,2.874,588
RAW,176.7,12712,17357,2.810,575
RAW,177.0,12713,11994,2.805,574
RAW,177.0,12708,11995,2.830,579
RAW,177.0,12707,11991,2.815,576
RAW,177.3,12709,11991,2.874,588
RAW,177.3,12703,11992,2.825,578
RAW,177.3,12712,11993,2.903,594
RAW,177.6,12710,11997,2.835,580
RAW,177.6,12708,11996,2.962,606
RAW,177.6,12713,11997,2.986,611
RAW,177.9,12713,11991,2.933,600
RAW,177.9,12714,11998,2.957,605
RAW,177.9,12712,11992,2.952,604
RAW,178.2,12717,11996,2.952,604
RAW,178.2,12717,11998,2.957,605
RAW,178.2,12712,12000,2.967,607
RAW,178.5,12717,11997,2.986,611
RAW,178.5,12712,11996,2.937,601
RAW,178.5,12721,11996,2.854,584
RAW,178.8,12724,12003,2.884,590
RAW,178.8,12713,11997,2.874,588
RAW,178.8,12717,12002,2.874,588
RAW,179.1,12715,11994,2.815,576
RAW,179.1,12714,11997,2.815,576
RAW,179.1,12717,12000,2.830,579
RAW,179.4,12726,11995,2.825,578
RAW,179.4,12724,12002,2.849,583
RAW,179.4,12726,11999,2.893,592
RAW,179.7,12709,11990,2.869,587
RAW,179.7,12712,11996,2.928,599
RAW,179.7,12713,11996,2.947,603
RAW,180.0,12695,11980,2.889,591
RAW,180.0,12698,11987,2.928,599
RAW,180.0,12708,11987,2.928,599
RAW,180.4,12682,11981,2.962,606
RAW,180.4,12686,11982,2.937,601
RAW,180.4,12687,11978,2.918,597
RAW,180.6,12673,11972,2.952,604
RAW,180.6,12664,11978,2.913,596
RAW,180.6,12681,11976,2.845,582
RAW,181.0,12661,11971,2.854,584
RAW,181.0,12666,11966,2.835,580
RAW,181.0,12666,11968,2.840,581
RAW,181.3,12659,11968,2.830,579
RAW,181.3,12663,11972,2.815,576
RAW,181.3,12659,11962,2.825,578
RAW,181.6,12662,11960,2.864,586
RAW,181.6,12659,11958,2.830,579
RAW,181.6,12663,11971,2.820,577
RAW,181.9,12663,11973,2.942,602
RAW,181.9,12654,11971,2.854,584
RAW,181.9,12660,11962,2.864,586
RAW,182.2,12664,11967,2.810,575
RAW,182.2,12653,11962,2.820,577
RAW,182.2,12660,11961,2.815,576
RAW,182.5,12661,11964,2.810,575
RAW,182.5,12653,11959,2.854,584
RAW,182.5,12652,11970,2.859,585
RAW,182.8,12659,11959,2.854,584
RAW,182.8,12656,11960,2.854,584
RAW,182.8,12660,11967,2.849,583
RAW,183.1,12668,11965,2.805,574
RAW,183.1,12653,11973,2.810,575
RAW,183.1,12655,11969,2.815,576
RAW,183.4,12662,11959,2.849,583
RAW,183.4,12661,11965,2.815,576
RAW,183.4,12661,11956,2.815,576
RAW,183.7,12662,11966,2.849,583
RAW,183.7,12657,11970,2.849,583
RAW,183.7,12658,11973,2.835,580
RAW,184.0,12654,11962,2.810,575
RAW,184.0,12660,11965,2.815,576
RAW,184.0,12655,11970,2.864,586
RAW,184.3,12658,11964,2.815,576
RAW,184.3,12661,11969,2.889,591
RAW,184.3,12661,11956,2.947,603
RAW,184.6,12660,11965,2.952,604
RAW,184.6,12655,11968,2.972,608
RAW,184.6,12660,11972,2.981,610
RAW,184.9,12660,11967,2.957,605
RAW,184.9,12660,11961,2.991,612
RAW,184.9,12655,11960,3.011,616
RAW,185.2,12664,11961,2.952,604
RAW,185.2,12664,11969,2.967,607
RAW,185.2,12649,11970,2.893,592
RAW,185.5,12664,11977,2.981,610
RAW,185.5,12664,11971,2.893,592
RAW,185.5,12661,11969,2.884,590
RAW,185.8,12661,11967,2.893,592
RAW,185.8,12661,11968,2.859,585
RAW,185.8,12661,11962,2.864,586
RAW,186.1,12670,11961,2.830,579
RAW,186.1,12662,11967,2.835,580
RAW,186.1,12649,11964,2.835,580
RAW,186.4,12662,11969,2.835,580
RAW,186.4,12658,11962,2.796,572
RAW,186.4,12659,11962,2.893,592
RAW,186.7,12666,11968,2.874,588
RAW,186.7,12667,11965,2.937,601
RAW,186.7,12672,11967,2.933,600
RAW,187.0,12669,11971,2.913,596
RAW,187.0,12664,11965,2.933,600
RAW,187.0,12661,11963,2.933,600
RAW,187.3,12666,11964,2.918,597
RAW,187.3,12670,11969,2.933,600
RAW,187.3,12667,11969,2.845,582
RAW,187.6,12664,11969,2.908,595
RAW,187.6,12661,11961,2.835,580
RAW,187.9,12668,11973,2.874,588
RAW,187.9,12677,11965,2.849,583
RAW,187.9,12666,11965,2.869,587
RAW,188.3,12667,11961,2.835,580
RAW,188.3,12668,11971,2.815,576
RAW,188.3,12665,11963,2.810,575
RAW,188.6,12673,11970,2.845,582
RAW,188.6,12673,11967,2.854,584
RAW,188.6,12670,11961,2.869,587
RAW,188.9,12667,11955,2.864,586
RAW,188.9,12670,11961,2.854,584
RAW,188.9,12667,11971,2.845,582
RAW,189.2,12643,11949,2.810,575
RAW,189.2,12646,11958,2.805,574
RAW,189.2,12658,11951,2.815,576
RAW,189.5,12627,11940,2.830,579
RAW,189.5,12643,11943,2.815,576
RAW,189.5,12641,11948,2.815,576
RAW,189.8,12617,11933,2.864,586
RAW,189.8,12620,11937,2.835,580
RAW,189.8,12617,11937,2.830,579
RAW,190.1,12599,11930,2.820,577
RAW,190.1,12615,11932,2.815,576
RAW,190.1,12607,11939,2.815,576
RAW,190.4,12599,11921,2.801,573
RAW,190.4,12595,11925,2.815,576
RAW,190.4,12601,11934,2.810,575
RAW,190.7,12597,11928,2.835,580
RAW,190.7,12594,11923,2.845,582
RAW,190.7,12597,11926,2.805,574
RAW,191.0,12590,11924,2.849,583
RAW,191.0,12586,11917,2.849,583
RAW,191.0,12581,11920,2.913,596
RAW,191.3,12590,11925,2.815,576
RAW,191.3,12591,11923,2.874,588
RAW,191.3,12584,11921,2.967,607
RAW,191.6,12588,11925,2.928,599
RAW,191.6,12583,11922,2.991,612
RAW,191.6,12589,11918,2.972,608
RAW,191.9,12576,11916,2.991,612
RAW,191.9,12586,11919,2.991,612
RAW,191.9,12589,11919,3.006,615
RAW,192.2,12585,11908,2.952,604
RAW,192.2,12580,11908,2.962,606
RAW,192.2,12583,11914,2.864,586
RAW,192.5,12575,11915,2.977,609
RAW,192.5,12582,11916,2.835,580
RAW,192.5,12579,11917,2.820,577
RAW,192.8,12576,11918,2.903,594
RAW,192.8,12579,11910,2.864,586
RAW,192.8,12579,11910,2.820,577
RAW,193.1,12579,11916,2.820,577
RAW,193.1,12581,11916,2.825,578
RAW,193.1,12576,11905,2.820,577
RAW,193.4,12575,11917,2.820,577
RAW,193.4,12574,11910,2.815,576
RAW,193.4,12578,11918,2.913,596
RAW,193.7,12578,11913,2.859,585
RAW,193.7,12578,11906,2.923,598
RAW,193.7,12585,11906,2.933,600
RAW,194.0,12577,11912,2.918,597
RAW,194.0,12586,11915,2.957,605
RAW,194.0,12577,11903,2.986,611
RAW,194.3,12578,11918,2.923,598
RAW,194.3,12575,11921,2.933,600
RAW,194.3,12583,11916,2.849,583
RAW,194.6,12577,11908,2.893,592
RAW,194.6,12580,11912,2.874,588
RAW,194.9,12585,11912,2.889,591
RAW,194.9,12580,11913,2.840,581
RAW,194.9,12580,11916,2.864,586
RAW,195.3,12581,11910,2.835,580
RAW,195.3,12574,11923,2.801,573
RAW,195.3,12581,11909,2.805,574
RAW,195.6,12578,11906,2.810,575
RAW,195.6,12579,11916,2.815,576
RAW,195.6,12579,11918,2.815,576
RAW,195.9,12586,11918,2.864,586
RAW,195.9,12587,11922,2.815,576
RAW,195.9,12576,11916,2.840,581
RAW,196.2,12587,11919,2.820,577
RAW,196.2,12582,11915,2.815,576
RAW,196.2,12590,11915,2.820,577
RAW,196.5,12580,11916,2.801,573
RAW,196.5,12590,11910,2.805,574
RAW,196.5,12579,11912,2.810,575
RAW,196.8,12590,11919,2.849,583
RAW,196.8,12581,11915,2.835,580
RAW,196.8,12582,11915,2.801,573
RAW,197.1,12592,11913,2.845,582
RAW,197.1,12587,11924,2.859,585
RAW,197.1,12578,11915,2.869,587
RAW,197.4,12586,11918,2.830,579
RAW,197.4,12586,11925,2.805,574
RAW,197.4,12583,11920,2.820,577
RAW,197.7,12579,11908,2.845,582
RAW,197.7,12592,11911,2.864,586
RAW,197.7,12585,11915,2.859,585
RAW,198.0,12561,11902,2.854,584
RAW,198.0,12573,11907,2.830,579
RAW,198.0,12570,11907,2.942,602
RAW,198.3,12545,11903,2.810,575
RAW,198.3,12554,11901,2.918,597
RAW,198.3,12551,11905,2.952,604
RAW,198.6,12526,11895,2.913,596
RAW,198.6,12538,11892,2.972,608
RAW,198.6,12540,11901,2.957,605
RAW,198.9,12519,11873,2.972,608
RAW,198.9,12530,11886,2.967,607
RAW,198.9,12527,11885,2.977,609
RAW,199.2,12519,11871,2.962,606
RAW,199.2,12523,11877,2.981,610
RAW,199.2,12529,11879,2.840,581
RAW,199.5,12503,11867,2.918,597
RAW,199.5,12510,11872,2.835,580
RAW,199.5,12507,11870,2.825,578
RAW,199.8,12501,11873,2.849,583
RAW,199.8,12497,11863,2.835,580
RAW,199.8,12501,11859,2.820,577
RAW,200.1,12497,11877,2.859,585
RAW,200.1,12499,11863,2.869,587
RAW,200.1,12491,11861,2.874,588
RAW,200.4,12501,11867,2.849,583
RAW,200.4,12498,11865,2.845,582
RAW,200.4,12502,11858,2.908,595
RAW,200.7,12495,11862,2.893,592
RAW,200.7,12501,11859,2.952,604
RAW,200.7,12491,11860,2.972,608
RAW,201.0,12494,11863,2.937,601
RAW,201.0,12498,11861,2.933,600
RAW,201.0,12497,11865,2.957,605
RAW,201.3,12495,11864,2.923,598
RAW,201.3,12499,11864,2.889,591
RAW,201.3,12496,11863,2.825,578
RAW,201.6,12492,11864,2.849,583
RAW,201.6,12495,11855,2.830,579
RAW,201.6,12491,11862,2.815,576
RAW,201.9,12499,11858,2.835,580
RAW,201.9,12494,11861,2.835,580
RAW,201.9,12497,11862,2.835,580
RAW,202.2,12496,11856,2.820,577
RAW,202.2,12491,11859,2.815,576
RAW,202.2,12501,11862,2.835,580
RAW,202.6,12497,11862,2.810,575
RAW,202.6,12493,11865,2.805,574
RAW,202.6,12494,11865,2.815,576
RAW,202.9,12492,11857,2.849,583
RAW,202.9,12490,11863,2.815,576
RAW,202.9,12495,11859,2.830,579
RAW,203.2,12500,11860,2.849,583
RAW,203.2,12499,11860,2.874,588
RAW,203.2,12491,11857,2.869,587
RAW,203.5,12499,11856,2.815,576
RAW,203.5,12507,11859,2.815,576
RAW,203.5,12499,11860,2.820,577
RAW,203.8,12503,11864,2.854,584
RAW,203.8,12496,11862,2.845,582
RAW,203.8,12492,11860,2.825,578
RAW,204.1,12504,11859,2.810,575
RAW,204.1,12508,11864,2.849,583
RAW,204.1,12501,11858,2.869,587
RAW,204.4,12505,11868,2.796,572
RAW,204.4,12503,11870,2.815,576
RAW,204.4,12505,11862,2.815,576
RAW,204.7,12511,11866,2.815,576
RAW,204.7,12509,11861,2.805,574
RAW,204.7,12508,11866,2.874,588
RAW,205.0,12510,11869,2.810,575
RAW,205.0,12515,11871,2.918,597
RAW,205.0,12507,11870,2.972,608
RAW,205.3,12516,11863,2.898,593
RAW,205.3,12512,11863,2.952,604
RAW,205.3,12509,11873,2.991,612
RAW,205.6,12517,11862,2.952,604
RAW,205.6,12514,11860,2.952,604
RAW,205.6,12512,11867,2.957,605
RAW,205.9,12518,11872,2.991,612
RAW,205.9,12520,11869,2.962,606
RAW,205.9,12521,11867,2.869,587
RAW,206.2,12517,11870,3.011,616
RAW,206.2,12515,11869,2.889,591
RAW,206.2,12513,11866,2.859,585
RAW,206.5,12521,11873,2.869,587
RAW,206.5,12516,11868,2.820,577
RAW,206.5,12519,11876,2.805,574
RAW,206.8,12503,11866,2.898,593
RAW,206.8,12507,11861,2.859,585
RAW,206.8,12514,11863,2.810,575
RAW,207.1,12480,11856,2.815,576
RAW,207.1,12498,11850,2.840,581
RAW,207.1,12495,11851,2.947,603
RAW,207.4,12469,11843,2.825,578
RAW,207.4,12473,11848,2.908,595
RAW,207.4,12485,11844,2.928,599
RAW,207.7,12461,11840,2.903,594
RAW,207.7,12466,11838,2.937,601
RAW,207.7,12477,11843,2.928,599
RAW,208.0,12451,11838,2.962,606
RAW,208.0,12461,11834,2.952,604
RAW,208.0,12464,11839,2.854,584
RAW,208.3,12449,11829,2.898,593
RAW,208.3,12444,11834,2.835,580
RAW,208.3,12450,11830,2.849,583
RAW,208.6,12439,11824,2.820,577
RAW,208.6,12441,11834,2.810,575
RAW,208.6,12443,11830,2.815,576
RAW,208.9,12443,11824,2.815,576
RAW,208.9,12437,11824,2.845,582
RAW,208.9,12443,11831,2.849,583
RAW,209.2,12438,11829,2.859,585
RAW,209.2,12441,11829,2.874,588
RAW,209.2,12443,11828,2.820,577
RAW,209.5,12450,11832,2.810,575
RAW,209.5,12447,11826,2.815,576
RAW,209.5,12442,11840,2.810,575
RAW,209.9,12445,11835,2.849,583
RAW,209.9,12441,11826,2.805,574
RAW,209.9,12441,11827,2.805,574
RAW,210.1,12445,11826,2.845,582
RAW,210.1,12443,11834,2.854,584
RAW,210.1,12441,11828,2.810,575
RAW,210.5,12447,11834,2.815,576
RAW,210.5,12441,11829,2.815,576
RAW,210.5,12442,11833,2.801,573
RAW,210.8,12443,11831,2.801,573
RAW,210.8,12442,11827,2.805,574
RAW,210.8,12439,11819,2.820,577
RAW,211.1,12448,11826,2.840,581
RAW,211.1,12443,11827,2.845,582
RAW,211.1,12438,11826,2.835,580
RAW,211.4,12446,11833,2.810,575
RAW,211.4,12443,11829,2.854,584
RAW,211.4,12451,11828,2.869,587
RAW,211.7,12451,11836,2.810,575
RAW,211.7,12450,11834,2.845,582
RAW,211.7,12438,11829,2.928,599
RAW,212.0,12447,11827,2.913,596
RAW,212.0,12447,11826,2.967,607
RAW,212.0,12447,11834,3.006,615
RAW,212.3,12449,11829,3.021,618
RAW,212.3,12439,11818,2.996,613
RAW,212.3,12440,11830,2.981,610
RAW,212.6,12447,11827,2.893,592
RAW,212.6,12446,11833,2.967,607
RAW,212.6,12446,11821,2.918,597
RAW,212.9,12446,11830,2.991,612
RAW,212.9,12448,11834,2.859,585
RAW,212.9,12449,11834,2.830,579
RAW,213.2,12456,11835,2.893,592
RAW,213.2,12452,11834,2.869,587
RAW,213.2,12443,11826,2.830,579
RAW,213.5,12450,11831,2.830,579
RAW,213.5,12445,11829,2.820,577
RAW,213.5,12455,11829,2.835,580
RAW,213.8,12457,11836,2.820,577
RAW,213.8,12452,11836,2.815,576
RAW,213.8,12449,11825,2.893,592
RAW,214.1,12451,11827,2.835,580
RAW,214.1,12453,11831,2.918,597
RAW,214.1,12450,11827,2.933,600
RAW,214.4,12457,11824,2.913,596
RAW,214.4,12456,11829,2.952,604
RAW,214.4,12451,11828,2.986,611
RAW,214.7,12453,11822,2.928,599
RAW,214.7,12456,11821,2.928,599
RAW,214.7,12449,11822,2.854,584
RAW,215.0,12451,11830,3.006,615
RAW,215.0,12450,11825,2.893,592
RAW,215.3,12445,11824,2.923,598
RAW,215.3,12451,11831,2.845,582
RAW,215.3,12447,11820,2.835,580
RAW,215.6,12453,11821,2.820,577
RAW,215.6,12452,11824,2.835,580
RAW,215.6,12457,11825,2.810,575
RAW,215.9,12416,11820,2.849,583
RAW,215.9,12430,11822,2.815,576
RAW,215.9,12444,11817,2.810,575
RAW,216.2,12409,11803,2.845,582
RAW,216.2,12406,11799,2.849,583
RAW,216.2,12415,11810,2.820,577
RAW,216.5,12393,11794,2.815,576
RAW,216.5,12409,11798,2.820,577
RAW,216.5,12408,11807,2.810,575
RAW,216.8,12383,11789,2.805,574
RAW,216.8,12396,11789,2.805,574
RAW,216.8,12386,11791,2.810,575
RAW,217.1,12373,11778,2.845,582
RAW,217.1,12371,11780,2.835,580
RAW,217.1,12374,11788,2.835,580
RAW,217.4,12361,11768,2.830,579
RAW,217.4,12364,11767,2.849,583
RAW,217.4,12364,11773,2.864,586
RAW,217.8,12356,11759,2.805,574
RAW,217.8,12355,11768,2.820,577
RAW,217.8,12350,11769,2.840,581
RAW,218.1,12343,11754,2.830,579
RAW,218.1,12348,11761,2.864,586
RAW,218.1,12347,11762,2.859,585
RAW,218.4,12340,11750,2.874,588
RAW,218.4,12342,11749,2.849,583
RAW,218.4,12338,11764,2.903,594
RAW,218.7,12335,11751,2.815,576
RAW,218.7,12337,11756,2.893,592
RAW,218.7,12335,11757,2.947,603
RAW,219.0,12333,11755,2.928,599
RAW,219.0,12332,11751,2.942,602
RAW,219.0,12323,11748,2.957,605
RAW,219.3,12324,11746,2.991,612
RAW,219.3,12339,11743,2.991,612
RAW,219.3,12325,11745,2.962,606
RAW,219.6,12323,11741,2.957,605
RAW,219.6,12328,11736,2.957,605
RAW,219.6,12324,11743,2.859,585
RAW,219.9,12326,11740,2.952,604
RAW,219.9,12319,11739,2.854,584
RAW,219.9,12322,11743,2.825,578
RAW,220.2,12323,11731,2.869,587
RAW,220.2,12319,11732,2.849,583
RAW,220.2,12322,11729,2.815,576
RAW,220.5,12318,11731,2.859,585
RAW,220.5,12315,11731,2.869,587
RAW,220.5,12323,11727,2.835,580
RAW,220.8,12311,11719,2.820,577
RAW,220.8,12311,11733,2.840,581
RAW,220.8,12313,11731,2.923,598
RAW,221.1,12308,11730,2.874,588
RAW,221.1,12302,11724,2.957,605
RAW,221.1,12309,11729,3.006,615
RAW,221.4,12304,11718,2.952,604
RAW,221.4,12313,11728,2.952,604
RAW,221.4,12306,11721,2.972,608
RAW,221.7,12310,11723,2.913,596
RAW,221.7,12311,11716,2.937,601
RAW,221.7,12314,11729,2.835,580
RAW,222.0,12327,11736,2.903,594
RAW,222.0,12320,11731,2.835,580
RAW,222.0,12328,11731,2.815,576
RAW,222.3,12338,11733,2.854,584
RAW,222.3,12323,11739,2.820,577
RAW,222.3,12326,11736,2.854,584
RAW,222.6,12329,11745,2.820,577
RAW,222.6,12333,11741,2.854,584
RAW,222.6,12333,11744,2.825,578
RAW,222.9,12334,11738,2.815,576
RAW,222.9,12324,11745,2.805,574
RAW,222.9,12326,11741,2.820,577
RAW,223.2,12317,11728,2.889,591
RAW,223.2,12329,11735,2.835,580
RAW,223.2,12338,11725,2.835,580
RAW,223.5,12320,11728,2.849,583
RAW,223.5,12329,11732,2.854,584
RAW,223.5,12318,11730,2.869,587
RAW,223.8,12322,11722,2.825,578
RAW,223.8,12320,11723,2.810,575
RAW,223.8,12310,11721,2.801,573
RAW,224.1,12304,11726,2.854,584
RAW,224.1,12314,11733,2.849,583
RAW,224.1,12319,11722,2.830,579
RAW,224.4,12309,11726,2.830,579
RAW,224.4,12303,11719,2.849,583
RAW,224.4,12314,11727,2.835,580
RAW,224.8,12311,11716,2.928,599
RAW,224.8,12306,11722,2.830,579
RAW,224.8,12319,11724,2.835,580
RAW,225.1,12287,11706,2.810,575
RAW,225.1,12293,11709,2.815,576
RAW,225.1,12299,11710,2.815,576
RAW,225.4,12266,11684,2.849,583
RAW,225.4,12273,11695,2.908,595
RAW,225.4,12269,11703,2.967,607
RAW,225.7,12239,11674,2.874,588
RAW,225.7,12250,11678,2.952,604
RAW,225.7,12251,11684,2.981,610
RAW,226.0,12231,11661,2.952,604
RAW,226.0,12226,11665,2.952,604
RAW,226.0,12238,11671,2.972,608
RAW,226.3,12205,11650,2.977,609
RAW,226.3,12210,11649,2.977,609
RAW,226.3,12211,11654,2.908,595
RAW,226.6,12180,11634,2.981,610
RAW,226.6,12194,11641,2.913,596
RAW,226.6,12199,11637,2.889,591
RAW,226.9,12172,11623,2.854,584
RAW,226.9,12173,11622,2.835,580
RAW,226.9,12186,11630,2.830,579
RAW,227.2,12164,11609,2.864,586
RAW,227.2,12156,11612,2.854,584
RAW,227.2,12170,11617,2.825,578
RAW,227.5,12143,11602,2.845,582
RAW,227.5,12157,11602,2.835,580
RAW,227.5,12155,11606,2.913,596
RAW,227.8,12138,11593,2.717,556
RAW,227.8,12146,11591,2.898,593
RAW,227.8,12147,11598,2.923,598
RAW,228.1,12136,11585,2.889,591
RAW,228.1,12132,11585,2.923,598
RAW,228.1,12136,11588,2.923,598
RAW,228.4,12123,11578,2.947,603
RAW,228.4,12122,11581,2.957,605
RAW,228.4,12124,11580,2.889,591
RAW,228.7,12104,11571,2.889,591
RAW,228.7,12103,11570,2.874,588
RAW,229.0,12104,11558,2.859,585
RAW,229.0,12096,11561,2.820,577
RAW,229.0,12100,11564,2.835,580
RAW,229.3,12089,11559,2.854,584
RAW,229.3,12096,11558,2.825,578
RAW,229.3,12098,11557,2.859,585
RAW,229.6,12083,11550,2.849,583
RAW,229.6,12079,11549,2.864,586
RAW,229.6,12093,11547,2.849,583
RAW,229.9,12072,11540,2.805,574
RAW,229.9,12075,11549,2.820,577
RAW,229.9,12085,11548,2.815,576
RAW,230.2,12074,11536,2.845,582
RAW,230.2,12066,11542,2.830,579
RAW,230.2,12080,11543,2.820,577
RAW,230.5,12073,11535,2.801,573
RAW,230.5,12070,11542,2.854,584
RAW,230.5,12071,11539,2.854,584
RAW,230.8,12070,11539,2.805,574
RAW,230.8,12068,11539,2.825,578
RAW,230.8,12072,11536,2.830,579
RAW,231.1,12064,11536,2.796,572
RAW,231.1,12069,11532,2.815,576
RAW,231.1,12084,11539,2.805,574
RAW,231.4,12060,11538,2.810,575
RAW,231.4,12068,11531,2.835,580
RAW,231.4,12061,11540,2.849,583
RAW,231.8,12068,11537,2.820,577
RAW,231.8,12070,11532,2.815,576
RAW,231.8,12070,11532,2.835,580
RAW,232.1,12074,11534,2.815,576
RAW,232.1,12069,11532,2.830,579
RAW,232.1,12061,11521,2.889,591
RAW,232.4,12066,11531,2.840,581
RAW,232.4,12061,11532,2.908,595
RAW,232.4,12067,11535,2.986,611
RAW,232.7,12069,11531,2.942,602
RAW,232.7,12075,11531,2.986,611
RAW,232.7,12066,11529,2.991,612
RAW,233.0,12070,11529,2.981,610
RAW,233.0,12077,11527,2.957,605
RAW,233.0,12066,11533,2.957,605
RAW,233.3,12076,11538,2.986,611
RAW,233.3,12069,11533,2.991,612
RAW,233.3,12071,11527,2.845,582
RAW,233.6,12070,11536,3.001,614
RAW,233.6,12071,11538,2.869,587
RAW,233.6,12072,11530,2.854,584
RAW,233.9,12077,11540,2.845,582
RAW,233.9,12073,11538,2.820,577
RAW,233.9,12065,11532,2.801,573
RAW,234.2,12070,11526,2.815,576
RAW,234.2,12076,11522,2.830,579
RAW,234.2,12067,11532,2.830,579
RAW,234.5,12046,11519,2.849,583
RAW,234.5,12063,11517,2.864,586
RAW,234.5,12062,11525,2.937,601
RAW,234.8,12029,11502,2.859,585
RAW,234.8,12038,11508,2.933,600
RAW,234.8,12035,11506,2.962,606
RAW,235.1,12015,11493,2.918,597
RAW,235.1,12013,11499,2.928,599
RAW,235.1,12031,11496,2.918,597
RAW,235.4,12001,11493,2.942,602
RAW,235.4,12014,11490,2.952,604
RAW,235.4,12014,11487,2.879,589
RAW,235.7,11977,11473,2.937,601
RAW,235.7,11977,11470,2.869,587
RAW,235.7,11997,11479,2.830,579
RAW,236.0,11968,11468,2.835,580
RAW,236.0,11986,11465,2.820,577
RAW,236.0,11980,11471,2.820,577
RAW,236.3,11966,11464,2.835,580
RAW,236.3,11962,11462,2.815,576
RAW,236.3,11962,11465,2.801,573
RAW,236.6,11947,11450,2.854,584
RAW,236.6,11961,11450,2.849,583
RAW,236.6,11959,11458,2.801,573
RAW,236.9,11947,11456,2.805,574
RAW,236.9,11951,11454,2.815,576
RAW,236.9,11945,11446,2.810,575
RAW,237.2,11940,11440,2.805,574
RAW,237.2,11946,11443,2.830,579
RAW,237.2,11952,11445,2.820,577
RAW,237.5,11929,11434,2.840,581
RAW,237.5,11926,11440,2.845,582
RAW,237.5,11930,11439,2.835,580
RAW,237.8,11922,11425,2.835,580
RAW,237.8,11915,11428,2.845,582
RAW,237.8,11921,11430,2.849,583
RAW,238.1,11908,11429,2.805,574
RAW,238.1,11920,11415,2.815,576
RAW,238.1,11916,11428,2.849,583
RAW,238.4,11900,11403,2.835,580
RAW,238.4,11902,11411,2.854,584
RAW,238.4,11902,11418,2.849,583
RAW,238.7,11904,11406,2.854,584
RAW,238.7,11899,11413,2.840,581
RAW,238.7,11901,11411,2.854,584
RAW,239.1,11889,11403,2.820,577
RAW,239.1,11888,11399,2.840,581
RAW,239.1,11897,11409,2.937,601
RAW,239.4,11895,11403,2.908,595
RAW,239.4,11894,11395,2.947,603
RAW,239.4,11893,11399,2.957,605
RAW,239.6,11893,11403,2.962,606
RAW,239.6,11893,11405,2.986,611
RAW,239.6,11897,11399,2.986,611
RAW,240.0,11887,11396,2.947,603
RAW,240.0,11892,11404,2.947,603
RAW,240.0,11898,11398,2.889,591
RAW,240.3,11881,11396,2.952,604
RAW,240.3,11884,11402,2.854,584
RAW,240.3,11880,11395,2.835,580
RAW,240.6,11885,11397,2.874,588
RAW,240.6,11885,11392,2.859,585
RAW,240.6,11881,11387,2.815,576
RAW,240.9,11879,11391,2.835,580
RAW,240.9,11883,11386,2.849,583
RAW,240.9,11884,11381,2.840,581
RAW,241.2,11881,11382,2.810,575
RAW,241.2,11879,11384,2.849,583
RAW,241.2,11882,11389,2.864,586
RAW,241.5,11875,11382,2.840,581
RAW,241.5,11876,11385,2.947,603
RAW,241.5,11879,11389,2.972,608
RAW,241.8,11887,11395,2.947,603
RAW,241.8,11879,11390,2.942,602
RAW,241.8,11883,11382,2.957,605
RAW,242.1,11883,11387,2.918,597
RAW,242.1,11882,11386,2.937,601
RAW,242.1,11889,11386,2.859,585
RAW,242.4,11895,11397,2.874,588
RAW,242.4,11893,11391,2.820,577
RAW,242.7,11864,11376,2.869,587
RAW,242.7,11877,11380,2.840,581
RAW,242.7,11887,11384,2.859,585
RAW,243.0,11843,11370,2.830,579
RAW,243.0,11854,11371,2.815,576
RAW,243.0,11867,11373,2.810,575
RAW,243.3,11823,11358,2.805,574
RAW,243.3,11823,11352,2.815,576
RAW,243.3,11828,11355,2.815,576
RAW,243.6,11801,11336,2.840,581
RAW,243.6,11821,11343,2.849,583
RAW,243.6,11818,11347,2.820,577
RAW,243.9,11780,11323,2.830,579
RAW,243.9,11780,11330,2.840,581
RAW,243.9,11801,11336,2.874,588
RAW,244.2,11760,11307,2.835,580
RAW,244.2,11763,11316,2.796,572
RAW,244.2,11765,11311,2.830,579
RAW,244.5,11744,11290,2.849,583
RAW,244.5,11753,11300,2.859,585
RAW,244.5,11757,11314,2.835,580
RAW,244.8,11734,11284,2.835,580
RAW,244.8,11736,11295,2.815,576
RAW,244.8,11741,11291,2.864,586
RAW,245.1,11719,11289,2.815,576
RAW,245.1,11736,11286,2.810,575
RAW,245.1,11730,11291,2.815,576
RAW,245.4,11720,11270,2.801,573
RAW,245.4,11729,11277,2.815,576
RAW,245.4,11717,11274,2.815,576
RAW,245.7,11720,11277,2.854,584
RAW,245.7,11715,11263,2.820,577
RAW,245.7,11708,11279,2.913,596
RAW,246.0,11705,11269,2.854,584
RAW,246.0,11715,11272,2.913,596
RAW,246.0,11714,11275,2.952,604
RAW,246.3,11714,11264,2.913,596
RAW,246.3,11707,11266,2.937,601
RAW,246.3,11710,11264,2.952,604
RAW,246.6,11706,11268,2.981,610
RAW,246.6,11708,11266,2.977,609
RAW,246.6,11707,11266,2.986,611
RAW,246.9,11701,11269,3.001,614
RAW,246.9,11706,11261,3.006,615
RAW,246.9,11706,11271,2.893,592
RAW,247.3,11714,11276,2.967,607
RAW,247.3,11707,11269,2.854,584
RAW,247.3,11710,11266,2.830,579
RAW,247.6,11719,11272,2.874,588
RAW,247.6,11728,11275,2.854,584
RAW,247.6,11715,11277,2.849,583
RAW,247.9,11727,11276,2.854,584
RAW,247.9,11729,11271,2.869,587
RAW,247.9,11715,11265,2.864,586
RAW,248.2,11724,11268,2.820,577
RAW,248.2,11723,11272,2.830,579
RAW,248.2,11719,11278,2.933,600
RAW,248.5,11722,11271,2.845,582
RAW,248.5,11717,11268,2.913,596
RAW,248.5,11715,11278,2.913,596
RAW,248.8,11723,11269,2.937,601
RAW,248.8,11720,11265,2.947,603
RAW,248.8,11720,11272,2.962,606
RAW,249.1,11727,11277,2.918,597
RAW,249.1,11725,11282,2.913,596
RAW,249.1,11724,11267,2.874,588
RAW,249.4,11731,11279,2.893,592
RAW,249.4,11729,11274,2.830,579
RAW,249.4,11733,11286,2.830,579
RAW,249.7,11723,11275,2.849,583
RAW,249.7,11717,11286,2.845,582
RAW,249.7,11722,11279,2.845,582
RAW,250.0,11722,11272,2.869,587
RAW,250.0,11713,11272,2.879,589
RAW,250.0,11729,11283,2.845,582
RAW,250.3,11722,11270,2.810,575
RAW,250.3,11721,11267,2.801,573
RAW,250.3,11719,11272,2.805,574
RAW,250.6,11725,11265,2.849,583
RAW,250.6,11721,11260,2.810,575
RAW,250.6,11723,11275,2.801,573
RAW,250.9,11707,11261,2.830,579
RAW,250.9,11710,11265,2.859,585
RAW,250.9,11721,11265,2.835,580
RAW,251.2,11713,11253,2.810,575
RAW,251.2,11714,11259,2.796,572
RAW,251.2,11717,11269,2.810,575
RAW,251.5,11703,11241,2.786,570
RAW,251.5,11707,11243,2.796,572
RAW,251.5,11705,11256,2.801,573
RAW,251.8,11676,11236,2.815,576
RAW,251.8,11683,11243,2.825,578
RAW,251.8,11689,11243,2.810,575
RAW,252.1,11647,11206,2.796,572
RAW,252.1,11657,11218,2.820,577
RAW,252.1,11667,11227,2.830,579
RAW,252.4,11620,11194,2.796,572
RAW,252.4,11634,11201,2.805,574
RAW,252.4,11636,11207,2.864,586
RAW,252.7,11592,11176,2.830,579
RAW,252.7,11605,11183,2.884,590
RAW,252.7,11616,11200,2.957,605
RAW,253.0,11560,11160,2.918,597
RAW,253.0,11572,11163,2.977,609
RAW,253.0,11577,11171,2.967,607
RAW,253.3,11534,11138,2.947,603
RAW,253.3,11541,11144,2.947,603
RAW,253.3,11552,11150,2.952,604
RAW,253.6,11509,11123,2.972,608
RAW,253.6,11524,11129,2.986,611
RAW,253.6,11529,11141,2.830,579
RAW,253.9,11513,11119,2.991,612
RAW,253.9,11511,11119,2.854,584
RAW,253.9,11508,11120,2.845,582
RAW,254.3,11485,11096,2.835,580
RAW,254.3,11492,11111,2.815,576
RAW,254.3,11503,11112,2.810,575
RAW,254.6,11477,11093,2.796,572
RAW,254.6,11479,11098,2.810,575
RAW,254.6,11476,11091,2.801,573
RAW,254.9,11475,11087,2.835,580
RAW,254.9,11473,11095,2.840,581
RAW,254.9,11481,11091,2.928,599
RAW,255.2,11467,11084,2.835,580
RAW,255.2,11464,11080,2.947,603
RAW,255.2,11471,11091,2.947,603
RAW,255.5,11454,11074,2.898,593
RAW,255.5,11458,11078,2.903,594
RAW,255.5,11457,11081,2.918,597
RAW,255.8,11437,11058,2.933,600
RAW,255.8,11445,11067,2.977,609
RAW,255.8,11445,11067,2.879,589
RAW,256.1,11426,11044,2.942,602
RAW,256.1,11439,11054,2.845,582
RAW,256.1,11429,11057,2.835,580
RAW,256.4,11408,11027,2.820,577
RAW,256.4,11414,11027,2.820,577
RAW,256.4,11426,11038,2.825,578
RAW,256.7,11390,11011,2.830,579
RAW,256.7,11409,11019,2.801,573
RAW,256.7,11407,11028,2.801,573
RAW,257.0,11381,10990,2.835,580
RAW,257.0,11393,11005,2.820,577
RAW,257.0,11392,11009,2.796,572
RAW,257.3,11346,10978,2.796,572
RAW,257.3,11359,10989,2.815,576
RAW,257.3,11368,10991,2.801,573
RAW,257.6,11343,10965,2.786,570
RAW,257.6,11348,10974,2.796,572
RAW,257.6,11341,10974,2.801,573
RAW,257.9,11327,10961,2.908,595
RAW,257.9,11338,10967,2.825,578
RAW,257.9,11337,10965,2.835,580
RAW,258.2,11309,10938,2.820,577
RAW,258.2,11317,10951,2.835,580
RAW,258.2,11329,10951,2.849,583
RAW,258.5,11296,10930,2.796,572
RAW,258.5,11304,10943,2.815,576
RAW,258.5,11307,10939,2.815,576
RAW,258.8,11284,10922,2.835,580
RAW,258.8,11294,10929,2.835,580
RAW,258.8,11293,10925,2.849,583
RAW,259.1,11275,10906,2.859,585
RAW,259.1,11281,10910,2.835,580
RAW,259.1,11276,10910,2.849,583
RAW,259.4,11260,10905,2.801,573
RAW,259.4,11266,10901,2.854,584
RAW,259.4,11274,10905,2.923,598
RAW,259.7,11263,10893,2.903,594
RAW,259.7,11264,10904,2.942,602
RAW,259.7,11267,10895,2.947,603
RAW,260.0,11247,10887,2.981,610
RAW,260.0,11251,10893,2.962,606
RAW,260.0,11254,10896,2.991,612
RAW,260.3,11257,10888,2.947,603
RAW,260.3,11258,10886,2.952,604
RAW,260.3,11260,10889,2.874,588
RAW,260.6,11256,10883,2.952,604
RAW,260.6,11253,10885,2.830,579
RAW,260.6,11249,10890,2.815,576
RAW,261.0,11231,10870,2.854,584
RAW,261.0,11238,10876,2.849,583
RAW,261.0,11247,10878,2.815,576
RAW,261.3,11187,10838,2.830,579
RAW,261.3,11202,10849,2.864,586
RAW,261.3,11218,10862,2.859,585
RAW,261.6,11150,10811,2.796,572
RAW,261.6,11165,10812,2.810,575
RAW,261.6,11177,10829,2.874,588
RAW,261.9,11117,10783,2.825,578
RAW,261.9,11128,10790,2.933,600
RAW,261.9,11136,10793,2.957,605
RAW,262.2,11086,10765,2.947,603
RAW,262.2,11102,10767,2.947,603
RAW,262.2,11111,10774,2.937,601
RAW,262.5,11066,10750,2.903,594
RAW,262.5,11066,10756,2.913,596
RAW,262.5,11080,10756,2.820,577
RAW,262.8,11048,10733,2.845,582
RAW,262.8,11045,10736,2.820,577
RAW,263.1,11031,10716,2.854,584
RAW,263.1,11015,10712,2.840,581
RAW,263.1,11026,10722,2.840,581
RAW,263.4,11007,10713,2.815,576
RAW,263.4,11014,10707,2.820,577
RAW,263.4,11015,10717,2.796,572
RAW,263.7,10993,10694,2.801,573
RAW,263.7,10997,10700,2.796,572
RAW,263.7,11001,10701,2.791,571
RAW,264.0,10987,10692,2.815,576
RAW,264.0,10987,10691,2.835,580
RAW,264.0,10988,10698,2.761,565
RAW,264.3,10977,10677,2.835,580
RAW,264.3,10976,10680,2.864,586
RAW,264.3,10986,10692,2.825,578
RAW,264.6,10965,10661,2.796,572
RAW,264.6,10966,10668,2.835,580
RAW,264.6,10970,10674,2.801,573
RAW,264.9,10934,10658,2.849,583
RAW,264.9,10949,10652,2.840,581
RAW,264.9,10955,10657,2.840,581
RAW,265.2,10938,10649,2.810,575
RAW,265.2,10930,10645,2.796,572
RAW,265.2,10938,10648,2.840,581
RAW,265.5,10925,10638,2.825,578
RAW,265.5,10924,10636,2.796,572
RAW,265.5,10931,10636,2.820,577
RAW,265.8,10920,10629,2.805,574
RAW,265.8,10917,10631,2.805,574
RAW,265.8,10921,10624,2.815,576
RAW,266.1,10905,10619,2.849,583
RAW,266.1,10905,10611,2.801,573
RAW,266.1,10913,10625,2.918,597
RAW,266.4,10893,10598,2.805,574
RAW,266.4,10887,10602,2.864,586
RAW,266.4,10896,10606,2.947,603
RAW,266.7,10894,10606,2.913,596
RAW,266.7,10906,10603,2.942,602
RAW,266.7,10886,10610,2.942,602
RAW,267.0,10885,10596,2.957,605
RAW,267.0,10894,10599,2.986,611
RAW,267.0,10895,10601,2.986,611
RAW,267.3,10882,10598,2.972,608
RAW,267.3,10887,10598,2.952,604
RAW,267.3,10887,10598,2.874,588
RAW,267.6,10885,10589,2.874,588
RAW,267.6,10880,10598,2.835,580
RAW,267.6,10882,10595,2.820,577
RAW,267.9,10864,10581,2.849,583
RAW,267.9,10870,10582,2.854,584
RAW,267.9,10871,10581,2.874,588
RAW,268.3,10875,10588,2.835,580
RAW,268.3,10874,10579,2.830,579
RAW,268.3,10872,10579,2.889,591
RAW,268.5,10872,10578,2.810,575
RAW,268.5,10873,10585,2.874,588
RAW,268.5,10880,10577,2.918,597
RAW,268.9,10867,10580,2.869,587
RAW,268.9,10869,10577,2.913,596
RAW,268.9,10862,10571,2.918,597
RAW,269.2,10862,10578,2.933,600
RAW,269.2,10870,10577,2.933,600
RAW,269.2,10868,10569,2.942,602
RAW,269.5,10872,10578,2.908,595
RAW,269.5,10863,10586,2.859,585
RAW,269.5,10868,10580,2.864,586
RAW,269.8,10849,10562,2.825,578
RAW,269.8,10851,10570,2.805,574
RAW,269.8,10864,10567,2.815,576
RAW,270.1,10823,10544,2.854,584
RAW,270.1,10831,10551,2.845,582
RAW,270.1,10856,10560,2.859,585
RAW,270.4,10798,10535,2.840,581
RAW,270.4,10813,10534,2.845,582
RAW,270.4,10814,10542,2.820,577
RAW,270.7,10781,10519,2.810,575
RAW,270.7,10788,10517,2.801,573
RAW,270.7,10787,10527,2.810,575
RAW,271.0,10768,10512,2.840,581
RAW,271.0,10765,10508,2.854,584
RAW,271.0,10781,10514,2.810,575
RAW,271.3,10750,10503,2.835,580
RAW,271.3,10763,10502,2.757,564
RAW,271.3,10763,10506,2.752,563
RAW,271.6,10722,10488,2.815,576
RAW,271.6,10727,10482,2.810,575
RAW,271.6,10743,10492,2.815,576
RAW,271.9,10731,10482,2.791,571
RAW,271.9,10726,10485,2.791,571
RAW,271.9,10732,10479,2.815,576
RAW,272.2,10714,10469,2.805,574
RAW,272.2,10723,10471,2.835,580
RAW,272.2,10718,10474,2.835,580
RAW,272.5,10716,10474,2.801,573
RAW,272.5,10718,10476,2.796,572
RAW,272.5,10718,10471,2.835,580
RAW,272.8,10719,10465,2.810,575
RAW,272.8,10710,10464,2.796,572
RAW,272.8,10717,10473,2.879,589
RAW,273.1,10709,10473,2.840,581
RAW,273.1,10708,10469,2.942,602
RAW,273.1,10707,10461,2.991,612
RAW,273.4,10719,10472,2.952,604
RAW,273.4,10708,10471,2.991,612
RAW,273.4,10711,10467,2.977,609
RAW,273.7,10720,10468,2.972,608
RAW,273.7,10713,10470,2.952,604
RAW,273.7,10710,10477,2.952,604
RAW,274.0,10709,10468,2.981,610
RAW,274.0,10712,10466,2.981,610
RAW,274.0,10715,10470,2.830,579
RAW,274.3,10717,10472,2.937,601
RAW,274.3,10704,10472,2.889,591
RAW,274.3,10713,10466,2.845,582
RAW,274.6,10714,10467,2.820,577
RAW,274.6,10712,10472,2.830,579
RAW,274.6,10714,10468,2.810,575
RAW,274.9,10720,10470,2.815,576
RAW,274.9,10717,10469,2.815,576
RAW,274.9,10714,10466,2.815,576
RAW,275.2,10719,10470,2.835,580
RAW,275.2,10719,10471,2.893,592
RAW,275.2,10720,10466,2.918,597
RAW,275.5,10733,10471,2.874,588
RAW,275.5,10728,10476,2.913,596
RAW,275.5,10723,10467,2.972,608
RAW,275.9,10717,10460,2.913,596
RAW,275.9,10710,10466,2.918,597
RAW,275.9,10721,10465,2.918,597
RAW,276.2,10721,10472,2.933,600
RAW,276.2,10721,10461,2.918,597
RAW,276.2,10712,10459,2.879,589
RAW,276.5,10719,10466,2.898,593
RAW,276.5,10718,10464,2.859,585
RAW,276.5,10719,10469,2.825,578
RAW,276.8,10730,10478,2.815,576
RAW,276.8,10738,10473,2.815,576
RAW,276.8,10728,10468,2.801,573
RAW,277.1,10736,10483,2.840,581
RAW,277.1,10735,10475,2.815,576
RAW,277.1,10732,10475,2.810,575
RAW,277.4,10741,10492,2.849,583
RAW,277.4,10743,10486,2.835,580
RAW,277.4,10742,10490,2.820,577
RAW,277.7,10759,10502,2.801,573
RAW,277.7,10751,10498,2.801,573
RAW,277.7,10748,10499,2.815,576
RAW,278.0,10772,10516,2.791,571
RAW,278.0,10772,10509,2.815,576
RAW,278.0,10766,10507,2.815,576
RAW,278.3,10780,10515,2.820,577
RAW,278.3,10781,10511,2.835,580
RAW,278.3,10771,10509,2.801,573
RAW,278.6,10770,10511,2.835,580
RAW,278.6,10772,10511,2.835,580
RAW,278.6,10775,10510,2.845,582
RAW,278.9,10759,10504,2.801,573
RAW,278.9,10767,10511,2.791,571
RAW,278.9,10757,10513,2.845,582
RAW,279.2,10749,10498,2.835,580
RAW,279.2,10754,10500,2.849,583
RAW,279.2,10749,10505,2.854,584
RAW,279.5,10722,10489,2.859,585
RAW,279.5,10731,10490,2.840,581
RAW,279.5,10735,10498,2.913,596
RAW,279.8,10732,10490,2.801,573
RAW,279.8,10724,10482,2.893,592
RAW,279.8,10718,10493,2.937,601
RAW,280.1,10728,10490,2.918,597
RAW,280.1,10727,10490,2.928,599
RAW,280.1,10714,10486,2.952,604
RAW,280.4,10727,10486,3.001,614
RAW,280.4,10728,10498,2.977,609
RAW,280.4,10728,10484,2.972,608
RAW,280.7,10728,10489,2.952,604
RAW,280.7,10722,10493,2.962,606
RAW,280.7,10723,10483,2.849,583
RAW,281.0,10729,10498,2.947,603
RAW,281.0,10731,10491,2.840,581
RAW,281.0,10724,10496,2.815,576
RAW,281.3,10747,10509,2.849,583
RAW,281.3,10739,10498,2.849,583
RAW,281.3,10736,10501,2.830,579
RAW,281.6,10746,10512,2.845,582
RAW,281.6,10735,10504,2.849,583
RAW,281.6,10740,10503,2.869,587
RAW,281.9,10757,10519,2.805,574
RAW,281.9,10759,10511,2.845,582
RAW,281.9,10746,10509,2.913,596
RAW,282.2,10759,10515,2.874,588
RAW,282.2,10759,10519,2.937,601
RAW,282.2,10754,10514,2.962,606
RAW,282.5,10767,10521,2.952,604
RAW,282.5,10762,10527,2.947,603
RAW,282.5,10765,10516,2.947,603
RAW,282.9,10771,10524,2.918,597
RAW,282.9,10780,10531,2.913,596
RAW,282.9,10774,10524,2.830,579
RAW,283.2,10790,10533,2.874,588
RAW,283.2,10777,10533,2.825,578
RAW,283.2,10775,10532,2.820,577
RAW,283.5,10793,10542,2.859,585
RAW,283.5,10776,10539,2.830,579
RAW,283.5,10782,10535,2.849,583
RAW,283.8,10794,10549,2.820,577
RAW,283.8,10793,10547,2.805,574
RAW,283.8,10799,10549,2.835,580
RAW,284.1,10813,10561,2.801,573
RAW,284.1,10807,10557,2.810,575
RAW,284.1,10803,10554,2.810,575
RAW,284.4,10827,10578,2.766,566
RAW,284.4,10822,10570,2.830,579
RAW,284.4,10816,10570,2.815,576
RAW,284.7,10835,10584,2.830,579
RAW,284.7,10831,10579,2.835,580
RAW,284.7,10833,10580,2.903,594
RAW,285.0,10841,10594,2.830,579
RAW,285.0,10853,10587,2.801,573
RAW,285.0,10846,10589,2.805,574
RAW,285.3,10850,10595,2.835,580
RAW,285.3,10854,10590,2.854,584
RAW,285.3,10852,10597,2.815,576
RAW,285.6,10852,10601,2.840,581
RAW,285.6,10855,10595,2.830,579
RAW,285.6,10857,10596,2.845,582
RAW,285.9,10866,10611,2.815,576
RAW,285.9,10865,10606,2.801,573
RAW,285.9,10868,10604,2.815,576
RAW,286.2,10872,10605,2.815,576
RAW,286.2,10861,10610,2.815,576
RAW,286.2,10858,10603,2.849,583
RAW,286.5,10884,10623,2.820,577
RAW,286.5,10876,10624,2.908,595
RAW,286.5,10867,10609,2.957,605
RAW,286.8,10888,10628,2.879,589
RAW,286.8,10889,10625,2.947,603
RAW,286.8,10891,10623,2.972,608
RAW,287.1,10898,10627,2.928,599
RAW,287.1,10888,10621,2.947,603
RAW,287.1,10880,10622,2.952,604
RAW,287.4,10902,10633,2.991,612
RAW,287.4,10892,10638,2.967,607
RAW,287.4,10892,10630,2.898,593
RAW,287.7,10900,10635,2.991,612
RAW,287.7,10905,10638,2.908,595
RAW,287.7,10899,10644,2.859,585
RAW,288.0,10899,10641,2.849,583
RAW,288.0,10896,10635,2.825,578
RAW,288.0,10901,10633,2.820,577
RAW,288.3,10899,10643,2.849,583
RAW,288.3,10909,10639,2.874,588
RAW,288.3,10906,10639,2.815,576
RAW,288.6,10900,10639,2.845,582
RAW,288.6,10901,10645,2.835,580
RAW,288.6,10891,10644,2.913,596
RAW,288.9,10892,10642,2.815,576
RAW,288.9,10894,10641,2.889,591
RAW,288.9,10896,10641,2.913,596
RAW,289.2,10888,10633,2.879,589
RAW,289.2,10882,10633,2.898,593
RAW,289.2,10891,10632,2.933,600
RAW,289.5,10878,10627,2.918,597
RAW,289.5,10878,10630,2.937,601
RAW,289.5,10880,10629,2.869,587
RAW,289.9,10872,10625,2.869,587
RAW,289.9,10868,10627,2.840,581
RAW,290.1,10870,10613,2.835,580
RAW,290.1,10873,10619,2.830,579
RAW,290.1,10867,10619,2.805,574
RAW,290.5,10864,10616,2.830,579
RAW,290.5,10866,10617,2.835,580
RAW,290.5,10864,10620,2.845,582
RAW,290.8,10868,10624,2.845,582
RAW,290.8,10869,10620,2.859,585
RAW,290.8,10864,10622,2.845,582
RAW,291.1,10862,10624,2.815,576
RAW,291.1,10879,10617,2.796,572
RAW,291.1,10870,10618,2.805,574
RAW,291.4,10870,10620,2.854,584
RAW,291.4,10872,10619,2.859,585
RAW,291.4,10872,10625,2.805,574
RAW,291.7,10865,10618,2.835,580
RAW,291.7,10863,10616,2.854,584
RAW,291.7,10871,10613,2.757,564
RAW,292.0,10851,10602,2.801,573
RAW,292.0,10863,10601,2.805,574
RAW,292.0,10863,10610,2.810,575
RAW,292.3,10847,10594,2.786,570
RAW,292.3,10850,10597,2.815,576
RAW,292.3,10850,10593,2.801,573
RAW,292.6,10816,10573,2.815,576
RAW,292.6,10833,10573,2.845,582
RAW,292.6,10842,10591,2.835,580
RAW,292.9,10805,10551,2.805,574
RAW,292.9,10799,10558,2.805,574
RAW,292.9,10814,10563,2.845,582
RAW,293.2,10796,10539,2.801,573
RAW,293.2,10792,10549,2.820,577
RAW,293.2,10785,10550,2.898,593
RAW,293.5,10778,10528,2.825,578
RAW,293.5,10785,10534,2.937,601
RAW,293.5,10785,10542,2.991,612
RAW,293.8,10771,10513,2.967,607
RAW,293.8,10775,10512,2.991,612
RAW,293.8,10765,10521,2.991,612
RAW,294.1,10750,10502,2.933,600
RAW,294.1,10754,10507,2.957,605
RAW,294.1,10768,10508,2.962,606
RAW,294.4,10743,10492,2.996,613
RAW,294.4,10745,10495,2.967,607
RAW,294.4,10753,10490,2.835,580
RAW,294.7,10722,10476,2.918,597
RAW,294.7,10730,10476,2.869,587
RAW,294.7,10732,10478,2.840,581
RAW,295.0,10704,10458,2.820,577
RAW,295.0,10715,10461,2.835,580
RAW,295.0,10712,10464,2.825,578
RAW,295.3,10692,10442,2.815,576
RAW,295.3,10698,10451,2.805,574
RAW,295.3,10699,10441,2.845,582
RAW,295.6,10692,10430,2.835,580
RAW,295.6,10699,10443,2.893,592
RAW,295.6,10688,10444,2.933,600
RAW,295.9,10681,10432,2.874,588
RAW,295.9,10687,10431,2.947,603
RAW,295.9,10683,10438,2.957,605
RAW,296.2,10674,10422,2.923,598
RAW,296.2,10683,10424,2.913,596
RAW,296.2,10690,10433,2.928,599
RAW,296.5,10679,10424,2.952,604
RAW,296.5,10674,10425,2.903,594
RAW,296.5,10669,10424,2.874,588
RAW,296.8,10654,10408,2.893,592
RAW,296.8,10670,10417,2.835,580
RAW,296.8,10676,10436,2.845,582
RAW,297.1,10623,10387,2.810,575
RAW,297.1,10624,10385,2.815,576
RAW,297.1,10638,10395,2.810,575
RAW,297.5,10606,10383,2.815,576
RAW,297.5,10627,10393,2.815,576
RAW,297.5,10626,10384,2.805,574
RAW,297.8,10595,10365,2.845,582
RAW,297.8,10595,10374,2.830,579
RAW,297.8,10600,10374,2.825,578
RAW,298.1,10593,10357,2.796,572
RAW,298.1,10587,10366,2.810,575
RAW,298.1,10587,10364,2.810,575
RAW,298.4,10572,10344,2.796,572
RAW,298.4,10580,10352,2.801,573
RAW,298.4,10586,10355,2.796,572
RAW,298.7,10570,10343,2.840,581
RAW,298.7,10565,10344,2.815,576
RAW,298.7,10570,10345,2.801,573
RAW,299.0,10570,10346,2.849,583
RAW,299.0,10571,10345,2.859,585
RAW,299.0,10569,10343,2.835,580
RAW,299.3,10564,10343,2.801,573
RAW,299.3,10569,10339,2.801,573
RAW,299.3,10565,10338,2.849,583
RAW,299.6,10565,10341,2.835,580
RAW,299.6,10563,10338,2.854,584
RAW,299.6,10568,10339,2.840,581
RAW,299.9,10555,10331,2.854,584
RAW,299.9,10549,10331,2.830,579
RAW,299.9,10559,10336,2.913,596
RAW,300.2,10551,10325,2.801,573
RAW,300.2,10552,10329,2.908,595
RAW,300.2,10549,10319,2.937,601
RAW,300.5,10531,10318,2.923,598
RAW,300.5,10544,10318,2.952,604
RAW,300.5,10543,10322,2.962,606
RAW,300.8,10541,10318,2.977,609
RAW,300.8,10535,10321,2.972,608
RAW,300.8,10531,10311,2.972,608
RAW,301.1,10546,10322,2.947,603
RAW,301.1,10545,10323,2.942,602
RAW,301.1,10548,10323,2.840,581
RAW,301.4,10558,10330,2.879,589
RAW,301.4,10551,10328,2.820,577
RAW,301.4,10545,10326,2.810,575
RAW,301.7,10558,10320,2.796,572
RAW,301.7,10566,10322,2.845,582
RAW,301.7,10551,10338,2.810,575
RAW,302.0,10551,10327,2.771,567
RAW,302.0,10552,10323,2.854,584
RAW,302.0,10552,10318,2.889,591
RAW,302.3,10553,10324,2.845,582
RAW,302.3,10562,10329,2.864,586
RAW,302.3,10557,10319,2.913,596
RAW,302.6,10556,10322,2.933,600
RAW,302.6,10558,10330,2.967,607
RAW,302.6,10555,10326,2.957,605
RAW,302.9,10567,10338,2.952,604
RAW,302.9,10565,10335,2.952,604
RAW,302.9,10558,10332,2.972,608
RAW,303.2,10577,10339,2.923,598
RAW,303.2,10573,10328,2.854,584
RAW,303.2,10568,10333,2.835,580
RAW,303.5,10588,10345,2.840,581
RAW,303.5,10588,10352,2.815,576
RAW,303.5,10580,10353,2.815,576
RAW,303.8,10588,10342,2.845,582
RAW,303.8,10585,10345,2.801,573
RAW,303.8,10590,10355,2.840,581
RAW,304.1,10587,10339,2.801,573
RAW,304.1,10583,10343,2.796,572
RAW,304.1,10582,10344,2.825,578
RAW,304.5,10581,10341,2.805,574
RAW,304.5,10587,10342,2.810,575
RAW,304.5,10587,10338,2.805,574
RAW,304.8,10571,10333,2.820,577
RAW,304.8,10576,10338,2.801,573
RAW,304.8,10577,10335,2.835,580
RAW,305.1,10588,10339,2.835,580
RAW,305.1,10579,10338,2.859,585
RAW,305.1,10576,10338,2.849,583
RAW,305.4,10573,10342,2.796,572
RAW,305.4,10584,10335,2.835,580
RAW,305.4,10582,10343,2.796,572
RAW,305.7,10574,10336,2.859,585
RAW,305.7,10579,10330,2.840,581
RAW,305.7,10587,10335,2.820,577
RAW,306.0,10587,10331,2.825,578
RAW,306.0,10585,10344,2.840,581
RAW,306.0,10584,10336,2.825,578
RAW,306.3,10558,10322,2.796,572
RAW,306.3,10571,10325,2.815,576
RAW,306.3,10576,10337,2.820,577
RAW,306.6,10543,10314,2.835,580
RAW,306.6,10549,10315,2.796,572
RAW,306.6,10549,10315,2.889,591
RAW,306.9,10535,10299,2.810,575
RAW,306.9,10531,10307,2.933,600
RAW,306.9,10543,10312,2.972,608
RAW,307.2,10526,10301,2.928,599
RAW,307.2,10530,10298,2.937,601
RAW,307.2,10533,10301,2.972,608
RAW,307.5,10504,10287,2.952,604
RAW,307.5,10513,10282,2.947,603
RAW,307.5,10516,10295,2.962,606
RAW,307.8,10488,10269,2.967,607
RAW,307.8,10496,10271,2.972,608
RAW,307.8,10500,10285,2.879,589
RAW,308.1,10478,10264,2.981,610
RAW,308.1,10478,10262,2.893,592
RAW,308.1,10478,10269,2.840,581
RAW,308.4,10473,10255,2.825,578
RAW,308.4,10469,10256,2.830,579
RAW,308.4,10477,10261,2.825,578
RAW,308.7,10465,10255,2.849,583
RAW,308.7,10466,10247,2.854,584
RAW,308.7,10464,10255,2.815,576
RAW,309.0,10458,10254,2.840,581
RAW,309.0,10466,10251,2.913,596
RAW,309.0,10469,10248,2.937,601
RAW,309.3,10454,10245,2.859,585
RAW,309.3,10458,10245,2.913,596
RAW,309.3,10464,10247,2.923,598
RAW,309.6,10459,10234,2.893,592
RAW,309.6,10448,10245,2.923,598
RAW,309.6,10456,10239,2.928,599
RAW,309.9,10456,10244,2.947,603
RAW,309.9,10454,10233,2.893,592
RAW,309.9,10460,10240,2.859,585
RAW,310.2,10461,10240,2.879,589
RAW,310.2,10448,10240,2.835,580
RAW,310.2,10451,10230,2.845,582
RAW,310.5,10457,10234,2.810,575
RAW,310.5,10456,10232,2.810,575
RAW,310.5,10454,10241,2.835,580
RAW,310.8,10445,10225,2.835,580
RAW,310.8,10450,10230,2.854,584
RAW,310.8,10443,10227,2.864,586
RAW,311.1,10455,10240,2.864,586
RAW,311.1,10444,10231,2.830,579
RAW,311.1,10448,10229,2.835,580
RAW,311.5,10451,10230,2.815,576
RAW,311.5,10449,10229,2.810,575
RAW,311.5,10452,10236,2.796,572
RAW,311.8,10449,10220,2.835,580
RAW,311.8,10449,10225,2.796,572
RAW,311.8,10451,10228,2.801,573
RAW,312.0,10445,10235,2.835,580
RAW,312.0,10449,10220,2.835,580
RAW,312.0,10446,10234,2.810,575
RAW,312.4,10445,10229,2.805,574
RAW,312.4,10452,10230,2.810,575
RAW,312.4,10450,10224,2.801,573
RAW,312.7,10450,10223,2.796,572
RAW,312.7,10451,10230,2.801,573
RAW,312.7,10449,10235,2.801,573
RAW,313.0,10453,10231,2.830,579
RAW,313.0,10454,10225,2.830,579
RAW,313.0,10451,10230,2.849,583
RAW,313.3,10463,10233,2.825,578
RAW,313.3,10456,10231,2.845,582
RAW,313.3,10447,10228,2.893,592
RAW,313.6,10449,10225,2.815,576
RAW,313.6,10455,10227,2.874,588
RAW,313.6,10453,10225,2.933,600
RAW,313.9,10461,10240,2.923,598
RAW,313.9,10458,10229,2.981,610
RAW,313.9,10449,10229,2.996,613
RAW,314.2,10467,10234,2.991,612
RAW,314.2,10471,10234,2.957,605
RAW,314.2,10467,10234,2.991,612
RAW,314.5,10450,10223,2.947,603
RAW,314.5,10454,10228,2.957,605
RAW,314.5,10460,10236,2.859,585
RAW,314.8,10438,10218,2.972,608
RAW,314.8,10441,10217,2.835,580
RAW,314.8,10445,10228,2.810,575
RAW,315.1,10431,10214,2.879,589
RAW,315.1,10432,10220,2.849,583
RAW,315.1,10437,10215,2.835,580
RAW,315.4,10422,10215,2.820,577
RAW,315.4,10434,10214,2.830,579
RAW,315.4,10433,10215,2.830,579
RAW,315.7,10409,10201,2.801,573
RAW,315.7,10419,10198,2.805,574
RAW,315.7,10423,10203,2.884,590
RAW,316.0,10400,10177,2.835,580
RAW,316.0,10391,10185,2.923,598
RAW,316.0,10409,10188,2.928,599
RAW,316.3,10385,10180,2.942,602
RAW,316.3,10389,10177,2.952,604
RAW,316.3,10390,10178,2.972,608
RAW,316.6,10390,10182,2.923,598
RAW,316.6,10385,10180,2.942,602
RAW,316.6,10389,10179,2.835,580
RAW,316.9,10389,10179,2.903,594
RAW,316.9,10388,10179,2.874,588
RAW,317.2,10379,10168,2.874,588
RAW,317.2,10381,10174,2.840,581
RAW,317.2,10386,10178,2.854,584
RAW,317.5,10382,10170,2.815,576
RAW,317.5,10384,10179,2.801,573
RAW,317.5,10382,10167,2.801,573
RAW,317.8,10383,10178,2.810,575
RAW,317.8,10389,10173,2.796,572
RAW,317.8,10387,10176,2.801,573
RAW,318.1,10380,10171,2.845,582
RAW,318.1,10386,10168,2.810,575
RAW,318.1,10388,10175,2.835,580
RAW,318.4,10383,10170,2.805,574
RAW,318.4,10379,10172,2.815,576
RAW,318.4,10384,10166,2.810,575
RAW,318.7,10385,10175,2.805,574
RAW,318.7,10384,10174,2.796,572
RAW,318.7,10384,10167,2.815,576
RAW,319.0,10384,10168,2.835,580
RAW,319.0,10384,10171,2.835,580
RAW,319.0,10382,10168,2.825,578
RAW,319.4,10383,10175,2.810,575
RAW,319.4,10380,10164,2.849,583
RAW,319.4,10380,10167,2.854,584
RAW,319.7,10395,10179,2.796,572
RAW,319.7,10404,10180,2.830,579
RAW,319.7,10392,10175,2.893,592
RAW,320.0,10390,10175,2.840,581
RAW,320.0,10387,10182,2.840,581
RAW,320.0,10392,10180,2.835,580
RAW,320.3,10396,10180,2.830,579
RAW,320.3,10402,10185,2.830,579
RAW,320.3,10396,10180,2.849,583
RAW,320.6,10391,10173,2.796,572
RAW,320.6,10391,10172,2.908,595
RAW,320.6,10396,10175,2.957,605
RAW,320.9,10391,10180,2.913,596
RAW,320.9,10390,10176,2.957,605
RAW,320.9,10388,10177,2.952,604
RAW,321.2,10396,10184,2.972,608
RAW,321.2,10408,10179,2.977,609
RAW,321.2,10395,10175,2.972,608
RAW,321.5,10393,10169,2.933,600
RAW,321.5,10393,10174,2.928,599
RAW,321.5,10396,10174,2.835,580
RAW,321.8,10392,10164,2.879,589
RAW,321.8,10391,10170,2.810,575
RAW,321.8,10394,10172,2.820,577
RAW,322.1,10401,10173,2.864,586
RAW,322.1,10399,10172,2.845,582
RAW,322.1,10389,10170,2.893,592
RAW,322.4,10401,10180,2.835,580
RAW,322.4,10398,10178,2.864,586
RAW,322.4,10392,10174,2.889,591
RAW,322.7,10412,10183,2.825,578
RAW,322.7,10397,10183,2.869,587
RAW,322.7,10404,10175,2.913,596
RAW,323.0,10412,10180,2.879,589
RAW,323.0,10409,10181,2.947,603
RAW,323.0,10404,10174,2.947,603
RAW,323.3,10402,10183,2.923,598
RAW,323.3,10408,10184,2.933,600
RAW,323.3,10408,10181,2.947,603
RAW,323.6,10401,10175,2.928,599
RAW,323.6,10394,10172,2.879,589
RAW,323.6,10409,10176,2.840,581
RAW,323.9,10385,10157,2.835,580
RAW,323.9,10385,10169,2.820,577
RAW,323.9,10388,10174,2.801,573
RAW,324.2,10381,10178,2.845,582
RAW,324.2,10376,10165,2.849,583
RAW,324.2,10377,10162,2.830,579
RAW,324.5,10382,10169,2.815,576
RAW,324.5,10389,10165,2.810,575
RAW,324.5,10390,10173,2.893,592
RAW,324.8,10366,10151,2.801,573
RAW,324.8,10371,10158,2.766,566
RAW,324.8,10374,10155,2.801,573
RAW,325.1,10365,10157,2.835,580
RAW,325.1,10373,10166,2.849,583
RAW,325.1,10373,10164,2.845,582
RAW,325.4,10372,10157,2.840,581
RAW,325.4,10365,10157,2.864,586
RAW,325.4,10372,10154,2.786,570
RAW,325.7,10371,10157,2.801,573
RAW,325.7,10369,10166,2.796,572
RAW,325.7,10370,10155,2.815,576
RAW,326.0,10382,10166,2.830,579
RAW,326.0,10382,10161,2.825,578
RAW,326.0,10372,10168,2.796,572
RAW,326.4,10384,10175,2.830,579
RAW,326.4,10384,10169,2.849,583
RAW,326.4,10378,10170,2.830,579
RAW,326.6,10383,10174,2.820,577
RAW,326.6,10387,10170,2.810,575
RAW,326.6,10387,10168,2.810,575
RAW,327.0,10391,10166,2.820,577
RAW,327.0,10388,10163,2.805,574
RAW,327.0,10388,10169,2.874,588
RAW,327.3,10396,10170,2.820,577
RAW,327.3,10394,10171,2.933,600
RAW,327.3,10388,10165,2.972,608
RAW,327.6,10387,10173,2.913,596
RAW,327.6,10391,10163,2.962,606
RAW,327.6,10383,10167,2.996,613
RAW,327.9,10388,10168,2.947,603
RAW,327.9,10390,10170,2.942,602
RAW,327.9,10386,10169,2.952,604
RAW,328.2,10390,10171,2.957,605
RAW,328.2,10387,10170,2.986,611
RAW,328.2,10390,10168,2.893,592
RAW,328.5,10398,10178,2.996,613
RAW,328.5,10400,10173,2.879,589
RAW,328.5,10394,10169,2.849,583
RAW,328.8,10395,10165,2.845,582
RAW,328.8,10395,10169,2.820,577
RAW,328.8,10401,10174,2.815,576
RAW,329.1,10396,10169,2.849,583
RAW,329.1,10389,10166,2.830,579
RAW,329.1,10388,10165,2.805,574
RAW,329.4,10394,10169,2.849,583
RAW,329.4,10388,10166,2.845,582
RAW,329.4,10390,10163,2.923,598
RAW,329.7,10392,10168,2.835,580
RAW,329.7,10391,10168,2.898,593
RAW,329.7,10397,10163,2.908,595
RAW,330.0,10398,10170,2.913,596
RAW,330.0,10398,10169,2.913,596
RAW,330.0,10402,10158,2.923,598
RAW,330.3,10390,10161,2.957,605
RAW,330.3,10393,10161,2.942,602
RAW,330.3,10396,10164,2.859,585
RAW,330.6,10386,10159,2.928,599
RAW,330.6,10391,10169,2.874,588
RAW,330.6,10393,10160,2.810,575
RAW,330.9,10389,10158,2.757,564
RAW,330.9,10386,10160,2.815,576
RAW,330.9,10384,10157,2.840,581
RAW,331.2,10386,10162,2.815,576
RAW,331.2,10389,10154,2.859,585
RAW,331.2,10390,10156,2.849,583
RAW,331.5,10383,10158,2.864,586
RAW,331.5,10385,10153,2.815,576
RAW,331.5,10384,10155,2.840,581
RAW,331.8,10381,10152,2.801,573
RAW,331.8,10378,10164,2.815,576
RAW,331.8,10376,10158,2.820,577
RAW,332.1,10382,10160,2.801,573
RAW,332.1,10383,10154,2.796,572
RAW,332.1,10387,10155,2.810,575
RAW,332.4,10379,10152,2.840,581
RAW,332.4,10384,10150,2.835,580
RAW,332.4,10386,10157,2.835,580
RAW,332.7,10358,10127,2.805,574
RAW,332.7,10359,10143,2.796,572
RAW,332.7,10373,10150,2.810,575
RAW,333.0,10337,10125,2.815,576
RAW,333.0,10345,10120,2.801,573
RAW,333.0,10353,10134,2.801,573
RAW,333.4,10319,10111,2.820,577
RAW,333.4,10327,10112,2.830,579
RAW,333.4,10342,10119,2.820,577
RAW,333.6,10310,10101,2.830,579
RAW,333.6,10317,10109,2.849,583
RAW,333.6,10320,10108,2.820,577
RAW,334.0,10299,10086,2.810,575
RAW,334.0,10316,10097,2.849,583
RAW,334.0,10307,10100,2.957,605
RAW,334.3,10284,10083,2.908,595
RAW,334.3,10290,10085,2.957,605
RAW,334.3,10289,10085,2.991,612
RAW,334.6,10273,10069,2.991,612
RAW,334.6,10278,10069,2.967,607
RAW,334.6,10286,10078,2.996,613
RAW,334.9,10256,10069,2.942,602
RAW,334.9,10265,10064,2.952,604
RAW,334.9,10263,10071,2.903,594
RAW,335.2,10244,10054,2.952,604
RAW,335.2,10250,10058,2.854,584
RAW,335.2,10255,10062,2.815,576
RAW,335.5,10255,10062,2.864,586
RAW,335.5,10251,10060,2.830,579
RAW,335.5,10251,10052,2.840,581
RAW,335.8,10253,10061,2.815,576
RAW,335.8,10263,10064,2.805,574
RAW,335.8,10258,10064,2.815,576
RAW,336.1,10258,10060,2.810,575
RAW,336.1,10253,10052,2.801,573
RAW,336.1,10256,10058,2.884,590
RAW,336.4,10267,10066,2.835,580
RAW,336.4,10262,10066,2.918,597
RAW,336.4,10263,10060,2.918,597
RAW,336.7,10265,10068,2.913,596
RAW,336.7,10269,10063,2.962,606
RAW,336.7,10271,10062,2.991,612
RAW,337.0,10263,10058,2.928,599
RAW,337.0,10261,10069,2.913,596
RAW,337.0,10272,10067,2.893,592
RAW,337.3,10260,10058,2.903,594
RAW,337.3,10266,10065,2.849,583
RAW,337.6,10246,10057,2.869,587
RAW,337.6,10246,10052,2.849,583
RAW,337.6,10256,10056,2.835,580
RAW,337.9,10245,10044,2.830,579
RAW,337.9,10256,10044,2.815,576
RAW,337.9,10258,10052,2.805,574
RAW,338.2,10248,10048,2.796,572
RAW,338.2,10245,10044,2.810,575
RAW,338.2,10241,10042,2.835,580
RAW,338.5,10246,10044,2.825,578
RAW,338.5,10243,10049,2.815,576
RAW,338.5,10249,10045,2.840,581
RAW,338.8,10239,10046,2.810,575
RAW,338.8,10244,10047,2.815,576
RAW,338.8,10238,10044,2.825,578
RAW,339.1,10232,10029,2.801,573
RAW,339.1,10244,10037,2.796,572
RAW,339.1,10240,10038,2.801,573
RAW,339.4,10234,10033,2.840,581
RAW,339.4,10238,10032,2.810,575
RAW,339.4,10239,10032,2.835,580
RAW,339.7,10237,10028,2.840,581
RAW,339.7,10236,10030,2.835,580
RAW,339.7,10234,10031,2.840,581
RAW,340.0,10242,10035,2.820,577
RAW,340.0,10238,10029,2.805,574
RAW,340.0,10231,10034,2.815,576
RAW,340.3,10232,10034,2.830,579
RAW,340.3,10234,10030,2.835,580
RAW,340.3,10239,10022,2.849,583
RAW,340.6,10217,10022,2.820,577
RAW,340.6,10217,10023,2.845,582
RAW,340.6,10220,10021,2.923,598
RAW,341.0,10225,10021,2.815,576
RAW,341.0,10233,10024,2.898,593
RAW,341.0,10224,10020,2.942,602
RAW,341.3,10223,10018,2.913,596
RAW,341.3,10223,10019,2.874,588
RAW,341.3,10225,10029,2.952,604
RAW,341.6,10229,10015,2.972,608
RAW,341.6,10227,10016,2.952,604
RAW,341.6,10217,10026,2.972,608
RAW,341.9,10218,10009,2.942,602
RAW,341.9,10223,10012,2.957,605
RAW,341.9,10220,10022,2.874,588
RAW,342.2,10196,9993,2.937,601
RAW,342.2,10204,10005,2.825,578
RAW,342.2,10213,10002,2.825,578
RAW,342.5,10184,9986,2.859,585
RAW,342.5,10191,9992,2.815,576
RAW,342.5,10188,9992,2.835,580
RAW,342.8,10175,9989,2.835,580
RAW,342.8,10180,9987,2.869,587
RAW,342.8,10182,9993,2.874,588
RAW,343.1,10177,9992,2.830,579
RAW,343.1,10177,9999,2.840,581
RAW,343.1,10178,9992,2.913,596
RAW,343.4,10175,9985,2.898,593
RAW,343.4,10179,9988,2.962,606
RAW,343.4,10181,9995,2.913,596
RAW,343.7,10177,9991,2.942,602
RAW,343.7,10172,9990,2.972,608
RAW,343.7,10170,9987,2.967,607
RAW,344.0,10164,9989,2.918,597
RAW,344.0,10169,9990,2.908,595
RAW,344.0,10177,9990,2.835,580
RAW,344.3,10163,9987,2.869,587
RAW,344.3,10165,9983,2.825,578
RAW,344.3,10158,9984,2.805,574
RAW,344.6,10169,9980,2.825,578
RAW,344.6,10169,9982,2.845,582
RAW,344.6,10166,9977,2.830,579
RAW,344.9,10175,9987,2.820,577
RAW,344.9,10166,9981,2.835,580
RAW,344.9,10164,9984,2.845,582
RAW,345.2,10172,9990,2.805,574
RAW,345.2,10174,9984,2.805,574
RAW,345.2,10174,9984,2.801,573
RAW,345.5,10174,9988,2.805,574
RAW,345.5,10175,9985,2.849,583
RAW,345.5,10171,9990,2.845,582
RAW,345.8,10174,9984,2.840,581
RAW,345.8,10177,9997,2.859,585
RAW,345.8,10176,9993,2.884,590
RAW,346.1,10178,9994,2.796,572
RAW,346.1,10175,9988,2.805,574
RAW,346.1,10186,9993,2.796,572
RAW,346.4,10185,9996,2.854,584
RAW,346.4,10186,10002,2.815,576
RAW,346.4,10186,9996,2.815,576
RAW,346.7,10178,9995,2.835,580
RAW,346.7,10174,9990,2.854,584
RAW,346.7,10182,9997,2.820,577
RAW,347.0,10185,9997,2.801,573
RAW,347.0,10185,9995,2.801,573
RAW,347.0,10186,9998,2.815,576
RAW,347.3,10178,9994,2.805,574
RAW,347.3,10178,9986,2.815,576
RAW,347.3,10183,9994,2.835,580
RAW,347.6,10191,9991,2.849,583
RAW,347.6,10187,9993,2.913,596
RAW,347.6,10182,9998,3.011,616
RAW,348.0,10192,10004,2.884,590
RAW,348.0,10195,10004,2.967,607
RAW,348.0,10188,9997,2.991,612
RAW,348.3,10203,10009,2.933,600
RAW,348.3,10195,10005,2.952,604
RAW,348.3,10198,10003,2.957,605
RAW,348.5,10202,10014,2.952,604
RAW,348.5,10199,10009,2.986,611
RAW,348.5,10201,10006,2.913,596
RAW,348.9,10202,9999,2.991,612
RAW,348.9,10202,10005,2.898,593
RAW,348.9,10202,10007,2.849,583
RAW,349.2,10202,10009,2.840,581
RAW,349.2,10206,10001,2.825,578
RAW,349.2,10201,10008,2.845,582
RAW,349.5,10204,10001,2.864,586
RAW,349.5,10206,10012,2.815,576
RAW,349.5,10202,10000,2.820,577
RAW,349.8,10199,10011,2.845,582
RAW,349.8,10201,10005,2.835,580
RAW,349.8,10197,9998,2.879,589
RAW,350.1,10201,10006,2.805,574
RAW,350.1,10201,10005,2.908,595
RAW,350.1,10201,10003,2.923,598
RAW,350.4,10206,9993,2.898,593
RAW,350.4,10202,10005,2.918,597
RAW,350.4,10206,10000,2.913,596
RAW,350.7,10196,10007,2.952,604
RAW,350.7,10194,9995,2.967,607
RAW,350.7,10189,9995,2.840,581
RAW,351.0,10194,9993,2.874,588
RAW,351.0,10198,10006,2.874,588
RAW,351.3,10185,9998,2.830,579
RAW,351.3,10189,9997,2.825,578
RAW,351.3,10197,9995,2.840,581
RAW,351.6,10180,9992,2.830,579
RAW,351.6,10183,9991,2.869,587
RAW,351.6,10187,9988,2.835,580
RAW,351.9,10160,9982,2.849,583
RAW,351.9,10165,9982,2.835,580
RAW,351.9,10174,9982,2.825,578
RAW,352.2,10146,9974,2.810,575
RAW,352.2,10161,9980,2.805,574
RAW,352.2,10150,9976,2.796,572
RAW,352.5,10152,9971,2.820,577
RAW,352.5,10156,9972,2.791,571
RAW,352.5,10152,9966,2.791,571
RAW,352.8,10148,9964,2.849,583
RAW,352.8,10152,9970,2.835,580
RAW,352.8,10153,9974,2.835,580
RAW,353.1,10139,9964,2.801,573
RAW,353.1,10141,9961,2.810,575
RAW,353.1,10143,9964,2.805,574
RAW,353.4,10157,9972,2.786,570
RAW,353.4,10157,9977,2.879,589
RAW,353.4,10148,9974,2.874,588
RAW,353.7,10162,9979,2.830,579
RAW,353.7,10157,9979,2.815,576
RAW,353.7,10155,9977,2.830,579
RAW,354.0,10168,9990,2.825,578
RAW,354.0,10166,9990,2.854,584
RAW,354.0,10164,9992,2.864,586
RAW,354.3,10170,9988,2.805,574
RAW,354.3,10158,9991,2.815,576
RAW,354.3,10164,9992,2.889,591
RAW,354.6,10172,9994,2.845,582
RAW,354.6,10167,9991,2.947,603
RAW,354.6,10163,9988,2.996,613
RAW,354.9,10173,9991,2.957,605
RAW,354.9,10180,9983,2.957,605
RAW,354.9,10170,9992,2.981,610
RAW,355.2,10181,9986,2.947,603
RAW,355.2,10173,9991,2.942,602
RAW,355.2,10171,9989,2.952,604
RAW,355.5,10177,9997,2.952,604
RAW,355.5,10180,9996,2.952,604
RAW,355.5,10168,9991,2.830,579
RAW,355.9,10186,10005,2.957,605
RAW,355.9,10185,9998,2.845,582
RAW,355.9,10182,10002,2.830,579
RAW,356.2,10191,10001,2.830,579
RAW,356.2,10181,9998,2.830,579
RAW,356.2,10187,9996,2.810,575
RAW,356.5,10192,10000,2.815,576
RAW,356.5,10181,10002,2.801,573
RAW,356.5,10176,10005,2.820,577
RAW,356.8,10198,10013,2.840,581
RAW,356.8,10193,10005,2.889,591
RAW,356.8,10190,10000,2.903,594
RAW,357.1,10189,10011,2.889,591
RAW,357.1,10197,10006,2.947,603
RAW,357.1,10198,10001,2.952,604
RAW,357.4,10200,10007,2.913,596
RAW,357.4,10204,10011,2.942,602
RAW,357.4,10198,10004,2.933,600
RAW,357.7,10206,10013,2.972,608
RAW,357.7,10206,10005,2.937,601
RAW,357.7,10199,10010,2.835,580
RAW,358.0,10212,10012,2.874,588
RAW,358.0,10206,10015,2.854,584
RAW,358.0,10197,10015,2.859,585
RAW,358.3,10213,10018,2.815,576
RAW,358.3,10204,10019,2.815,576
RAW,358.3,10204,10019,2.815,576
RAW,358.6,10219,10029,2.815,576
RAW,358.6,10215,10025,2.796,572
RAW,358.6,10211,10017,2.805,574
RAW,358.9,10219,10012,2.825,578
RAW,358.9,10226,10022,2.835,580
RAW,358.9,10224,10028,2.825,578
RAW,359.2,10203,10002,2.805,574
RAW,359.2,10205,10012,2.796,572
RAW,359.2,10210,10016,2.830,579
RAW,359.5,10186,9998,2.820,577
RAW,359.5,10191,10001,2.796,572
RAW,359.5,10191,10003,2.801,573
RAW,359.8,10175,9987,2.830,579
RAW,359.8,10179,9985,2.810,575
RAW,359.8,10188,9992,2.854,584
RAW,360.1,10168,9978,2.849,583
RAW,360.1,10165,9978,2.849,583
RAW,360.1,10170,9987,2.854,584
RAW,360.4,10146,9966,2.801,573
RAW,360.4,10156,9971,2.835,580
RAW,360.4,10161,9974,2.810,575
RAW,360.7,10130,9952,2.840,581
RAW,360.7,10137,9964,2.840,581
RAW,360.7,10138,9962,2.810,575
RAW,361.0,10120,9937,2.830,579
RAW,361.0,10118,9944,2.835,580
RAW,361.0,10128,9952,2.869,587
RAW,361.3,10108,9943,2.796,572
RAW,361.3,10113,9946,2.874,588
RAW,361.3,10110,9944,2.923,598
RAW,361.6,10100,9925,2.893,592
RAW,361.6,10098,9928,2.933,600
RAW,361.6,10100,9930,2.937,601
RAW,361.9,10074,9916,2.937,601
RAW,361.9,10079,9923,2.962,606
RAW,361.9,10089,9922,2.972,608
RAW,362.2,10061,9891,2.952,604
RAW,362.2,10071,9906,2.957,605
RAW,362.2,10080,9907,2.893,592
RAW,362.5,10068,9899,2.942,602
RAW,362.5,10064,9894,2.845,582
RAW,362.5,10066,9906,2.825,578
RAW,362.9,10060,9894,2.874,588
RAW,362.9,10064,9891,2.835,580
RAW,362.9,10059,9895,2.869,587
RAW,363.1,10052,9893,2.864,586
RAW,363.1,10065,9893,2.854,584
RAW,363.1,10052,9892,2.840,581
RAW,363.5,10063,9897,2.825,578
RAW,363.5,10055,9889,2.815,576
RAW,363.5,10059,9892,2.884,590
RAW,363.8,10070,9909,2.840,581
RAW,363.8,10068,9901,2.942,602
RAW,363.8,10064,9894,2.918,597
RAW,364.1,10092,9918,2.918,597
RAW,364.1,10087,9910,2.957,605
RAW,364.1,10081,9906,2.942,602
RAW,364.4,10094,9927,2.918,597
RAW,364.4,10092,9918,2.918,597
RAW,364.4,10099,9920,2.835,580
RAW,364.7,10108,9936,2.845,582
RAW,364.7,10107,9937,2.815,576
RAW,365.0,10123,9948,2.864,586
RAW,365.0,10116,9945,2.854,584
RAW,365.0,10125,9942,2.830,579
RAW,365.3,10125,9952,2.825,578
RAW,365.3,10124,9952,2.815,576
RAW,365.3,10121,9942,2.845,582
RAW,365.6,10140,9959,2.820,577
RAW,365.6,10135,9959,2.805,574
RAW,365.6,10124,9954,2.805,574
RAW,365.9,10148,9970,2.820,577
RAW,365.9,10142,9961,2.815,576
RAW,365.9,10133,9963,2.854,584
RAW,366.2,10156,9974,2.845,582
RAW,366.2,10144,9970,2.854,584
RAW,366.2,10142,9974,2.835,580
RAW,366.5,10152,9971,2.805,574
RAW,366.5,10153,9977,2.801,573
RAW,366.5,10151,9973,2.810,575
RAW,366.8,10158,9976,2.849,583
RAW,366.8,10151,9973,2.810,575
RAW,366.8,10156,9973,2.801,573
RAW,367.1,10153,9976,2.825,578
RAW,367.1,10160,9974,2.830,579
RAW,367.1,10161,9972,2.825,578
RAW,367.4,10160,9981,2.805,574
RAW,367.4,10159,9978,2.810,575
RAW,367.4,10155,9974,2.791,571
RAW,367.7,10166,9987,2.796,572
RAW,367.7,10168,9983,2.805,574
RAW,367.7,10164,9980,2.805,574
RAW,368.0,10178,9992,2.815,576
RAW,368.0,10171,9991,2.859,585
RAW,368.0,10164,9991,2.913,596
RAW,368.3,10169,9976,2.825,578
RAW,368.3,10177,9985,2.933,600
RAW,368.3,10179,9998,2.986,611
RAW,368.6,10159,9977,2.913,596
RAW,368.6,10162,9980,2.942,602
RAW,368.6,10163,9978,2.947,603
RAW,368.9,10131,9965,2.942,602
RAW,368.9,10142,9966,2.977,609
RAW,368.9,10154,9971,3.040,622
RAW,369.2,10116,9950,3.030,620
RAW,369.2,10117,9955,2.991,612
RAW,369.2,10121,9951,2.859,585
RAW,369.5,10106,9946,2.933,600
RAW,369.5,10105,9941,2.835,580
RAW,369.5,10113,9938,2.825,578
RAW,369.8,10101,9934,2.874,588
RAW,369.8,10096,9937,2.810,575
RAW,369.8,10104,9938,2.810,575
RAW,370.1,10086,9921,2.835,580
RAW,370.1,10093,9923,2.859,585
RAW,370.1,10089,9918,2.815,576
RAW,370.5,10081,9915,2.801,573
RAW,370.5,10082,9924,2.840,581
RAW,370.5,10088,9920,2.908,595
RAW,370.8,10060,9897,2.869,587
RAW,370.8,10062,9901,2.913,596
RAW,370.8,10067,9905,2.908,595
RAW,371.1,10058,9903,2.933,600
RAW,371.1,10069,9909,2.937,601
RAW,371.1,10063,9903,2.928,599
RAW,371.4,10052,9890,2.947,603
RAW,371.4,10050,9895,2.967,607
RAW,371.4,10060,9895,2.893,592
RAW,371.7,10055,9885,2.864,586
RAW,371.7,10052,9894,2.830,579
RAW,371.7,10051,9888,2.835,580
RAW,372.0,10046,9884,2.859,585
RAW,372.0,10042,9885,2.869,587
RAW,372.0,10049,9890,2.849,583
RAW,372.3,10040,9883,2.849,583
RAW,372.3,10038,9894,2.815,576
RAW,372.3,10052,9886,2.845,582
RAW,372.6,10038,9879,2.801,573
RAW,372.6,10040,9888,2.810,575
RAW,372.6,10041,9883,2.801,573
RAW,372.9,10032,9876,2.796,572
RAW,372.9,10030,9884,2.786,570
RAW,372.9,10033,9880,2.820,577
RAW,373.2,10038,9878,2.835,580
RAW,373.2,10034,9885,2.815,576
RAW,373.2,10038,9881,2.840,581
RAW,373.5,10035,9876,2.805,574
RAW,373.5,10040,9888,2.801,573
RAW,373.5,10039,9884,2.801,573
RAW,373.8,10033,9888,2.810,575
RAW,373.8,10038,9879,2.805,574
RAW,373.8,10044,9880,2.810,575
RAW,374.1,10032,9887,2.815,576
RAW,374.1,10042,9880,2.835,580
RAW,374.1,10041,9888,2.849,583
RAW,374.4,10038,9890,2.835,580
RAW,374.4,10041,9874,2.835,580
RAW,374.4,10043,9883,2.859,585
RAW,374.7,10044,9882,2.810,575
RAW,374.7,10044,9885,2.830,579
RAW,374.7,10037,9877,2.840,581
RAW,375.0,10032,9879,2.840,581
RAW,375.0,10037,9875,2.903,594
RAW,375.0,10038,9875,2.942,602
RAW,375.3,10033,9877,2.913,596
RAW,375.3,10037,9882,2.972,608
RAW,375.3,10033,9870,2.986,611
RAW,375.6,10038,9879,2.947,603
RAW,375.6,10043,9879,2.952,604
RAW,375.6,10033,9877,2.952,604
RAW,375.9,10047,9879,2.952,604
RAW,375.9,10047,9885,2.957,605
RAW,375.9,10042,9883,2.859,585
RAW,376.2,10040,9879,2.991,612
RAW,376.2,10054,9883,2.869,587
RAW,376.2,10049,9889,2.840,581
RAW,376.5,10047,9889,2.835,580
RAW,376.5,10051,9878,2.815,576
RAW,376.5,10051,9878,2.859,585
RAW,376.8,10054,9897,2.820,577
RAW,376.8,10058,9885,2.815,576
RAW,376.8,10058,9892,2.815,576
RAW,377.1,10059,9899,2.840,581
RAW,377.1,10066,9897,2.815,576
RAW,377.1,10059,9890,2.923,598
RAW,377.5,10059,9898,2.859,585
RAW,377.5,10062,9889,3.011,616
RAW,377.5,10060,9888,2.972,608
RAW,377.8,10060,9892,2.898,593
RAW,377.8,10068,9897,2.913,596
RAW,377.8,10060,9887,2.933,600
RAW,378.1,10045,9877,2.962,606
RAW,378.1,10051,9893,2.937,601
RAW,378.1,10058,9890,2.830,579
RAW,378.4,10033,9873,2.889,591
RAW,378.4,10036,9874,2.859,585
RAW,378.7,10006,9851,2.835,580
RAW,378.7,10008,9860,2.835,580
RAW,378.7,10011,9863,2.820,577
RAW,379.0,9996,9847,2.805,574
RAW,379.0,9994,9848,2.810,575
RAW,379.0,9994,9852,2.796,572
RAW,379.3,9981,9834,2.820,577
RAW,379.3,9976,9833,2.825,578
RAW,379.3,9990,9840,2.815,576
RAW,379.6,9962,9827,2.830,579
RAW,379.6,9979,9828,2.815,576
RAW,379.6,9981,9834,2.840,581
RAW,379.9,9953,9823,2.791,571
RAW,379.9,9955,9817,2.815,576
RAW,379.9,9962,9821,2.884,590
RAW,380.2,9949,9814,2.830,579
RAW,380.2,9959,9816,2.835,580
RAW,380.2,9950,9812,2.840,581
RAW,380.5,9945,9811,2.849,583
RAW,380.5,9948,9813,2.859,585
RAW,380.5,9951,9808,2.840,581
RAW,380.8,9947,9813,2.810,575
RAW,380.8,9951,9811,2.810,575
RAW,380.8,9948,9814,2.815,576
RAW,381.1,9945,9805,2.835,580
RAW,381.1,9942,9817,2.849,583
RAW,381.1,9948,9809,2.810,575
RAW,381.4,9942,9809,2.835,580
RAW,381.4,9953,9803,2.859,585
RAW,381.4,9937,9806,2.845,582
RAW,381.7,9931,9799,2.805,574
RAW,381.7,9932,9803,2.810,575
RAW,381.7,9936,9797,2.918,597
RAW,382.0,9930,9797,2.801,573
RAW,382.0,9927,9802,2.893,592
RAW,382.0,9925,9797,2.942,602
RAW,382.3,9929,9804,2.918,597
RAW,382.3,9927,9802,2.977,609
RAW,382.3,9926,9796,2.972,608
RAW,382.6,9928,9800,2.947,603
RAW,382.6,9934,9790,2.952,604
RAW,382.6,9934,9796,2.991,612
RAW,382.9,9923,9806,2.947,603
RAW,382.9,9931,9794,2.952,604
RAW,382.9,9934,9804,2.845,582
RAW,383.2,9916,9784,2.972,608
RAW,383.2,9926,9783,2.874,588
RAW,383.2,9916,9788,2.859,585
RAW,383.5,9915,9784,2.874,588
RAW,383.5,9923,9783,2.874,588
RAW,383.5,9923,9780,2.859,585
RAW,383.8,9909,9782,2.849,583
RAW,383.8,9915,9785,2.752,563
RAW,383.8,9916,9783,2.810,575
RAW,384.1,9915,9779,2.859,585
RAW,384.1,9911,9777,2.859,585
RAW,384.1,9912,9781,2.913,596
RAW,384.4,9904,9771,2.879,589
RAW,384.4,9909,9777,2.937,601
RAW,384.4,9909,9771,2.947,603
RAW,384.8,9901,9771,2.908,595
RAW,384.8,9902,9776,2.913,596
RAW,384.8,9902,9774,2.928,599
RAW,385.0,9901,9772,2.913,596
RAW,385.0,9899,9773,2.923,598
RAW,385.0,9896,9768,2.835,580
RAW,385.4,9893,9770,2.908,595
RAW,385.4,9888,9766,2.854,584
RAW,385.4,9899,9764,2.849,583
RAW,385.7,9898,9772,2.845,582
RAW,385.7,9892,9766,2.835,580
RAW,385.7,9893,9768,2.859,585
RAW,386.0,9912,9774,2.820,577
RAW,386.0,9891,9768,2.815,576
RAW,386.0,9899,9770,2.815,576
RAW,386.3,9911,9776,2.835,580
RAW,386.3,9910,9778,2.835,580
RAW,386.3,9908,9775,2.835,580
RAW,386.6,9900,9772,2.874,588
RAW,386.6,9902,9779,2.835,580
RAW,386.6,9904,9783,2.830,579
RAW,386.9,9886,9765,2.796,572
RAW,386.9,9889,9757,2.801,573
RAW,386.9,9897,9760,2.835,580
RAW,387.2,9875,9763,2.830,579
RAW,387.2,9878,9760,2.805,574
RAW,387.2,9889,9759,2.796,572
RAW,387.5,9866,9761,2.830,579
RAW,387.5,9869,9754,2.830,579
RAW,387.5,9877,9753,2.835,580
RAW,387.8,9851,9747,2.815,576
RAW,387.8,9852,9752,2.810,575
RAW,387.8,9864,9754,2.796,572
RAW,388.1,9840,9737,2.796,572
RAW,388.1,9846,9752,2.761,565
RAW,388.1,9855,9750,2.801,573
RAW,388.4,9832,9728,2.830,579
RAW,388.4,9831,9731,2.830,579
RAW,388.4,9842,9741,2.889,591
RAW,388.7,9823,9720,2.801,573
RAW,388.7,9821,9723,2.893,592
RAW,388.7,9825,9725,2.972,608
RAW,389.0,9804,9704,2.874,588
RAW,389.0,9815,9710,2.928,599
RAW,389.0,9816,9722,2.928,599
RAW,389.3,9798,9709,2.918,597
RAW,389.3,9796,9710,2.986,611
RAW,389.3,9809,9708,2.986,611
RAW,389.6,9796,9701,2.986,611
RAW,389.6,9801,9706,2.952,604
RAW,389.6,9793,9702,2.869,587
RAW,389.9,9790,9694,2.947,603
RAW,389.9,9796,9702,2.825,578
RAW,389.9,9804,9703,2.796,572
RAW,390.2,9786,9693,2.830,579
RAW,390.2,9782,9700,2.796,572
RAW,390.2,9781,9697,2.805,574
RAW,390.5,9772,9689,2.849,583
RAW,390.5,9776,9689,2.835,580
RAW,390.5,9781,9689,2.815,576
RAW,390.8,9768,9685,2.796,572
RAW,390.8,9770,9681,2.796,572
RAW,390.8,9766,9684,2.893,592
RAW,391.1,9755,9668,2.815,576
RAW,391.1,9759,9685,2.884,590
RAW,391.1,9759,9679,2.893,592
RAW,391.4,9746,9657,2.923,598
RAW,391.4,9746,9662,2.918,597
RAW,391.4,9749,9670,2.918,597
RAW,391.8,9744,9658,2.923,598
RAW,391.8,9747,9657,2.937,601
RAW,391.8,9745,9662,2.859,585
RAW,392.0,9745,9653,2.898,593
RAW,392.0,9745,9655,2.840,581
RAW,392.0,9741,9649,2.796,572
RAW,392.4,9745,9664,2.849,583
RAW,392.4,9741,9657,2.830,579
RAW,392.4,9748,9661,2.840,581
RAW,392.7,9752,9661,2.820,577
RAW,392.7,9744,9657,2.801,573
RAW,392.7,9749,9658,2.835,580
RAW,393.0,9757,9666,2.869,587
RAW,393.0,9753,9672,2.786,570
RAW,393.0,9753,9664,2.796,572
RAW,393.3,9760,9673,2.786,570
RAW,393.3,9758,9674,2.776,568
RAW,393.3,9753,9669,2.737,560
RAW,393.6,9765,9677,2.825,578
RAW,393.6,9766,9675,2.801,573
RAW,393.6,9757,9673,2.815,576
RAW,393.9,9769,9677,2.796,572
RAW,393.9,9766,9675,2.786,570
RAW,393.9,9761,9677,2.781,569
RAW,394.2,9785,9693,2.786,570
RAW,394.2,9773,9687,2.781,569
RAW,394.2,9776,9684,2.781,569
RAW,394.5,9795,9701,2.815,576
RAW,394.5,9793,9695,2.849,583
RAW,394.5,9783,9699,2.810,575
RAW,394.8,9787,9697,2.810,575
RAW,394.8,9780,9698,2.835,580
RAW,394.8,9788,9695,2.835,580
RAW,395.1,9794,9698,2.781,569
RAW,395.1,9786,9696,2.815,576
RAW,395.1,9779,9685,2.864,586
RAW,395.4,9797,9698,2.835,580
RAW,395.4,9795,9699,2.908,595
RAW,395.4,9796,9703,2.962,606
RAW,395.7,9800,9690,2.893,592
RAW,395.7,9785,9689,2.942,602
RAW,395.7,9791,9693,2.977,609
RAW,396.0,9773,9678,2.933,600
RAW,396.0,9773,9683,2.933,600
RAW,396.0,9793,9688,2.942,602
RAW,396.3,9751,9665,2.972,608
RAW,396.3,9764,9665,2.937,601
RAW,396.3,9769,9668,2.820,577
RAW,396.6,9733,9652,2.952,604
RAW,396.6,9740,9655,2.854,584
RAW,396.6,9739,9662,2.849,583
RAW,396.9,9723,9646,2.805,574
RAW,396.9,9729,9655,2.796,572
RAW,396.9,9734,9653,2.801,573
RAW,397.2,9707,9638,2.791,571
RAW,397.2,9714,9639,2.796,572
RAW,397.2,9717,9637,2.796,572
RAW,397.5,9700,9637,2.830,579
RAW,397.5,9703,9635,2.859,585
RAW,397.5,9704,9637,2.889,591
RAW,397.8,9695,9621,2.874,588
RAW,397.8,9695,9635,2.952,604
RAW,397.8,9706,9630,2.952,604
RAW,398.1,9694,9636,2.913,596
RAW,398.1,9693,9624,2.903,594
RAW,398.1,9691,9629,2.903,594
RAW,398.4,9691,9638,2.957,605
RAW,398.4,9695,9633,2.913,596
RAW,398.4,9705,9629,2.810,575
RAW,398.7,9675,9618,2.864,586
RAW,398.7,9685,9620,2.840,581
RAW,398.7,9685,9615,2.830,579
RAW,399.0,9684,9626,2.791,571
RAW,399.0,9683,9617,2.796,572
RAW,399.0,9685,9620,2.796,572
RAW,399.4,9677,9616,2.786,570
RAW,399.4,9683,9616,2.786,570
RAW,399.4,9685,9623,2.786,570
RAW,399.7,9677,9622,2.796,572
RAW,399.7,9678,9622,2.825,578
RAW,399.7,9677,9619,2.820,577
RAW,400.0,9684,9619,2.776,568
RAW,400.0,9684,9619,2.805,574
RAW,400.0,9675,9623,2.825,578
RAW,400.3,9681,9625,2.776,568
RAW,400.3,9686,9619,2.781,569
RAW,400.3,9681,9624,2.786,570
RAW,400.6,9688,9628,2.815,576
RAW,400.6,9693,9627,2.791,571
RAW,400.6,9682,9625,2.825,578
RAW,400.9,9697,9633,2.835,580
RAW,400.9,9690,9631,2.835,580
RAW,400.9,9688,9629,2.830,579
RAW,401.2,9689,9628,2.801,573
RAW,401.2,9684,9628,2.796,572
RAW,401.2,9687,9632,2.791,571
RAW,401.5,9687,9624,2.835,580
RAW,401.5,9685,9620,2.820,577
RAW,401.5,9683,9626,2.796,572
RAW,401.8,9691,9630,2.830,579
RAW,401.8,9688,9637,2.835,580
RAW,401.8,9685,9624,2.913,596
RAW,402.1,9689,9627,2.796,572
RAW,402.1,9687,9633,2.889,591
RAW,402.1,9687,9627,2.918,597
RAW,402.4,9689,9631,2.893,592
RAW,402.4,9689,9633,2.937,601
RAW,402.4,9686,9633,2.947,603
RAW,402.7,9682,9633,2.952,604
RAW,402.7,9683,9622,2.962,606
RAW,402.7,9688,9621,2.972,608
RAW,403.0,9679,9617,2.918,597
RAW,403.0,9684,9625,2.942,602
RAW,403.0,9682,9621,2.854,584
RAW,403.3,9685,9610,2.918,597
RAW,403.3,9684,9619,2.810,575
RAW,403.3,9687,9620,2.801,573
RAW,403.6,9673,9617,2.859,585
RAW,403.6,9677,9612,2.810,575
RAW,403.6,9677,9617,2.825,578
RAW,403.9,9680,9615,2.845,582
RAW,403.9,9678,9622,2.845,582
RAW,403.9,9680,9613,2.840,581
RAW,404.2,9675,9611,2.801,573
RAW,404.2,9673,9612,2.835,580
RAW,404.2,9679,9614,2.879,589
RAW,404.5,9667,9610,2.889,591
RAW,404.5,9666,9604,2.937,601
RAW,404.5,9673,9612,2.893,592
RAW,404.8,9675,9612,2.913,596
RAW,404.8,9676,9612,2.952,604
RAW,404.8,9667,9611,2.937,601
RAW,405.1,9664,9603,2.898,593
RAW,405.1,9675,9606,2.874,588
RAW,405.1,9672,9612,2.820,577
RAW,405.4,9646,9587,2.845,582
RAW,405.4,9654,9604,2.801,573
RAW,405.4,9658,9606,2.849,583
RAW,405.7,9624,9580,2.820,577
RAW,405.7,9633,9577,2.815,576
RAW,405.7,9631,9587,2.820,577
RAW,406.0,9615,9575,2.825,578
RAW,406.0,9623,9572,2.810,575
RAW,406.0,9622,9569,2.849,583
RAW,406.4,9604,9569,2.781,569
RAW,406.4,9610,9568,2.796,572
RAW,406.4,9617,9569,2.810,575
RAW,406.6,9590,9556,2.791,571
RAW,406.6,9596,9562,2.825,578
RAW,406.6,9600,9563,2.840,581
RAW,407.0,9580,9552,2.835,580
RAW,407.0,9586,9553,2.840,581
RAW,407.0,9592,9557,2.810,575
RAW,407.3,9571,9547,2.796,572
RAW,407.3,9572,9544,2.796,572
RAW,407.3,9573,9548,2.781,569
RAW,407.6,9584,9549,2.825,578
RAW,407.6,9579,9554,2.801,573
RAW,407.6,9576,9545,2.776,568
RAW,407.9,9576,9546,2.820,577
RAW,407.9,9567,9547,2.820,577
RAW,407.9,9575,9544,2.810,575
RAW,408.2,9580,9549,2.791,571
RAW,408.2,9580,9553,2.796,572
RAW,408.2,9573,9550,2.805,574
RAW,408.5,9576,9545,2.786,570
RAW,408.5,9577,9552,2.796,572
RAW,408.5,9573,9550,2.869,587
RAW,408.8,9584,9555,2.815,576
RAW,408.8,9581,9556,2.913,596
RAW,408.8,9575,9556,2.952,604
RAW,409.1,9577,9552,2.893,592
RAW,409.1,9582,9555,2.957,605
RAW,409.1,9582,9553,2.981,610
RAW,409.4,9587,9558,2.918,597
RAW,409.4,9582,9553,2.942,602
RAW,409.4,9576,9551,2.923,598
RAW,409.7,9593,9560,2.937,601
RAW,409.7,9586,9557,2.986,611
RAW,409.7,9592,9559,2.859,585
RAW,410.0,9596,9561,2.962,606
RAW,410.0,9599,9561,2.874,588
RAW,410.0,9589,9569,2.805,574
RAW,410.3,9599,9564,2.815,576
RAW,410.3,9598,9565,2.810,575
RAW,410.3,9593,9571,2.791,571
RAW,410.6,9604,9568,2.845,582
RAW,410.6,9603,9568,2.801,573
RAW,410.6,9601,9561,2.801,573
RAW,410.9,9614,9584,2.815,576
RAW,410.9,9612,9579,2.845,582
RAW,410.9,9605,9569,2.898,593
RAW,411.2,9622,9587,2.854,584
RAW,411.2,9612,9576,2.898,593
RAW,411.2,9613,9576,2.913,596
RAW,411.5,9623,9600,2.835,580
RAW,411.5,9631,9590,2.893,592
RAW,411.5,9623,9588,2.903,594
RAW,411.8,9637,9594,2.933,600
RAW,411.8,9629,9595,2.903,594
RAW,411.8,9630,9600,2.825,578
RAW,412.1,9639,9607,2.849,583
RAW,412.1,9643,9601,2.869,587
RAW,412.1,9643,9603,2.835,580
RAW,412.4,9651,9601,2.801,573
RAW,412.4,9642,9605,2.810,575
RAW,412.4,9642,9599,2.820,577
RAW,412.7,9644,9602,2.830,579
RAW,412.7,9651,9608,2.820,577
RAW,412.7,9651,9602,2.830,579
RAW,413.0,9650,9607,2.854,584
RAW,413.0,9646,9604,2.805,574
RAW,413.0,9641,9601,2.801,573
RAW,413.4,9651,9612,2.791,571
RAW,413.4,9649,9606,2.781,569
RAW,413.4,9647,9603,2.801,573
RAW,413.6,9654,9612,2.796,572
RAW,413.6,9652,9610,2.771,567
RAW,413.6,9649,9606,2.815,576
RAW,414.0,9656,9607,2.835,580
RAW,414.0,9653,9609,2.810,575
RAW,414.0,9649,9606,2.791,571
RAW,414.3,9654,9608,2.786,570
RAW,414.3,9660,9609,2.786,570
RAW,414.3,9654,9609,2.796,572
RAW,414.6,9657,9604,2.791,571
RAW,414.6,9655,9610,2.781,569
RAW,414.6,9659,9611,2.801,573
RAW,414.9,9632,9594,2.796,572
RAW,414.9,9644,9600,2.820,577
RAW,414.9,9646,9607,2.805,574
RAW,415.2,9624,9594,2.825,578
RAW,415.2,9635,9591,2.820,577
RAW,415.2,9637,9597,2.874,588
RAW,415.5,9620,9577,2.786,570
RAW,415.5,9620,9580,2.859,585
RAW,415.5,9614,9581,2.947,603
RAW,415.8,9613,9575,2.884,590
RAW,415.8,9612,9585,2.957,605
RAW,415.8,9611,9582,2.972,608
RAW,416.1,9603,9575,2.981,610
RAW,416.1,9601,9574,2.942,602
RAW,416.1,9604,9570,2.977,609
RAW,416.4,9599,9575,2.928,599
RAW,416.4,9604,9581,2.947,603
RAW,416.4,9601,9576,2.854,584
RAW,416.7,9606,9571,2.957,605
RAW,416.7,9602,9575,2.825,578
RAW,416.7,9602,9568,2.820,577
RAW,417.0,9604,9581,2.869,587
RAW,417.0,9603,9581,2.854,584
RAW,417.0,9604,9577,2.801,573
RAW,417.3,9613,9583,2.815,576
RAW,417.3,9604,9583,2.801,573
RAW,417.3,9608,9584,2.805,574
RAW,417.6,9617,9583,2.796,572
RAW,417.6,9604,9584,2.791,571
RAW,417.6,9612,9584,2.879,589
RAW,417.9,9611,9583,2.825,578
RAW,417.9,9603,9579,2.889,591
RAW,417.9,9608,9580,2.903,594
RAW,418.2,9613,9591,2.913,596
RAW,418.2,9613,9586,2.942,602
RAW,418.2,9617,9586,2.947,603
RAW,418.5,9613,9585,2.898,593
RAW,418.5,9614,9583,2.913,596
RAW,418.5,9612,9589,2.835,580
RAW,418.8,9613,9594,2.879,589
RAW,418.8,9610,9587,2.879,589
RAW,419.1,9616,9596,2.879,589
RAW,419.1,9624,9593,2.825,578
RAW,419.1,9620,9589,2.815,576
RAW,419.4,9619,9588,2.805,574
RAW,419.4,9620,9588,2.791,571
RAW,419.4,9622,9589,2.796,572
RAW,419.7,9620,9583,2.801,573
RAW,419.7,9619,9578,2.791,571
RAW,419.7,9622,9586,2.796,572
RAW,420.0,9618,9587,2.830,579
RAW,420.0,9611,9587,2.776,568
RAW,420.0,9614,9589,2.825,578
RAW,420.3,9611,9585,2.796,572
RAW,420.3,9624,9588,2.796,572
RAW,420.3,9624,9584,2.796,572
RAW,420.6,9618,9595,2.796,572
RAW,420.6,9615,9590,2.786,570
RAW,420.6,9622,9586,2.752,563
RAW,421.0,9616,9585,2.825,578
RAW,421.0,9625,9587,2.810,575
RAW,421.0,9624,9588,2.786,570
RAW,421.3,9612,9585,2.825,578
RAW,421.3,9614,9591,2.840,581
RAW,421.3,9620,9587,2.796,572
RAW,421.6,9623,9578,2.786,570
RAW,421.6,9623,9586,2.781,569
RAW,421.6,9614,9586,2.796,572
RAW,421.9,9623,9582,2.820,577
RAW,421.9,9619,9581,2.830,579
RAW,421.9,9621,9579,2.830,579
RAW,422.2,9622,9588,2.845,582
RAW,422.2,9618,9594,2.820,577
RAW,422.2,9620,9584,2.913,596
RAW,422.5,9631,9594,2.805,574
RAW,422.5,9632,9582,2.903,594
RAW,422.5,9630,9588,2.937,601
RAW,422.8,9625,9593,2.908,595
RAW,422.8,9629,9597,2.923,598
RAW,422.8,9628,9595,2.933,600
RAW,423.1,9619,9583,2.972,608
RAW,423.1,9627,9592,2.952,604
RAW,423.1,9624,9598,2.962,606
RAW,423.4,9606,9582,2.928,599
RAW,423.4,9610,9586,2.952,604
RAW,423.4,9615,9581,2.830,579
RAW,423.7,9608,9574,2.884,590
RAW,423.7,9600,9574,2.815,576
RAW,423.7,9599,9576,2.781,569
RAW,424.0,9590,9573,2.840,581
RAW,424.0,9595,9567,2.835,580
RAW,424.0,9593,9567,2.805,574
RAW,424.3,9578,9561,2.835,580
RAW,424.3,9591,9561,2.845,582
RAW,424.3,9595,9570,2.869,587
RAW,424.6,9567,9552,2.820,577
RAW,424.6,9574,9554,2.845,582
RAW,424.6,9583,9553,2.893,592
RAW,424.9,9568,9547,2.869,587
RAW,424.9,9566,9551,2.928,599
RAW,424.9,9560,9548,2.962,606
RAW,425.2,9566,9549,2.933,600
RAW,425.2,9570,9554,2.923,598
RAW,425.2,9562,9546,2.942,602
RAW,425.5,9560,9553,2.908,595
RAW,425.5,9568,9548,2.879,589
RAW,425.5,9569,9549,2.815,576
RAW,425.8,9569,9552,2.830,579
RAW,425.8,9559,9547,2.801,573
RAW,425.8,9563,9548,2.805,574
RAW,426.1,9577,9556,2.835,580
RAW,426.1,9572,9552,2.820,577
RAW,426.1,9572,9554,2.830,579
RAW,426.4,9575,9561,2.805,574
RAW,426.4,9578,9555,2.796,572
RAW,426.4,9575,9556,2.825,578
RAW,426.7,9589,9569,2.776,568
RAW,426.7,9583,9570,2.786,570
RAW,426.7,9576,9571,2.791,571
RAW,427.0,9592,9572,2.805,574
RAW,427.0,9584,9568,2.810,575
RAW,427.0,9589,9568,2.796,572
RAW,427.3,9600,9580,2.820,577
RAW,427.3,9600,9577,2.835,580
RAW,427.3,9598,9572,2.835,580
RAW,427.6,9605,9581,2.786,570
RAW,427.6,9608,9584,2.810,575
RAW,427.6,9610,9582,2.796,572
RAW,428.0,9610,9578,2.849,583
RAW,428.0,9609,9583,2.830,579
RAW,428.0,9611,9583,2.825,578
RAW,428.3,9610,9584,2.791,571
RAW,428.3,9610,9592,2.810,575
RAW,428.3,9604,9582,2.830,579
RAW,428.6,9629,9590,2.796,572
RAW,428.6,9622,9595,2.791,571
RAW,428.6,9613,9591,2.796,572
RAW,428.9,9627,9595,2.796,572
RAW,428.9,9624,9597,2.801,573
RAW,428.9,9619,9600,2.840,581
RAW,429.2,9621,9588,2.815,576
RAW,429.2,9616,9603,2.889,591
RAW,429.2,9616,9597,2.957,605
RAW,429.5,9628,9593,2.889,591
RAW,429.5,9623,9600,2.913,596
RAW,429.5,9621,9591,2.977,609
RAW,429.8,9623,9596,2.923,598
RAW,429.8,9622,9600,2.933,600
RAW,429.8,9619,9595,2.937,601
RAW,430.1,9623,9595,2.972,608
RAW,430.1,9625,9597,2.942,602
RAW,430.1,9619,9599,2.869,587
RAW,430.4,9623,9588,2.967,607
RAW,430.4,9628,9595,2.859,585
RAW,430.4,9633,9595,2.864,586
RAW,430.7,9621,9588,2.835,580
RAW,430.7,9624,9594,2.796,572
RAW,430.7,9616,9589,2.796,572
RAW,431.0,9623,9593,2.849,583
RAW,431.0,9619,9585,2.849,583
RAW,431.0,9621,9589,2.815,576
RAW,431.3,9624,9584,2.825,578
RAW,431.3,9610,9590,2.835,580
RAW,431.3,9623,9587,2.928,599
RAW,431.6,9618,9589,2.810,575
RAW,431.6,9621,9589,2.889,591
RAW,431.6,9615,9592,2.903,594
RAW,431.9,9607,9576,2.884,590
RAW,431.9,9618,9588,2.903,594
RAW,431.9,9613,9586,2.913,596
RAW,432.2,9604,9575,2.908,595
RAW,432.2,9613,9584,2.928,599
RAW,432.2,9610,9584,2.859,585
RAW,432.5,9598,9570,2.889,591
RAW,432.5,9592,9569,2.815,576
RAW,432.5,9602,9572,2.840,581
RAW,432.8,9576,9558,2.805,574
RAW,432.8,9577,9553,2.805,574
RAW,432.8,9580,9564,2.796,572
RAW,433.1,9575,9558,2.825,578
RAW,433.1,9575,9554,2.801,573
RAW,433.1,9573,9559,2.825,578
RAW,433.4,9563,9551,2.835,580
RAW,433.4,9572,9560,2.849,583
RAW,433.4,9562,9551,2.825,578
RAW,433.7,9551,9549,2.786,570
RAW,433.7,9558,9549,2.786,570
RAW,433.7,9567,9551,2.791,571
RAW,434.0,9555,9552,2.840,581
RAW,434.0,9548,9544,2.820,577
RAW,434.0,9548,9542,2.786,570
RAW,434.3,9567,9548,2.810,575
RAW,434.3,9561,9555,2.830,579
RAW,434.3,9557,9544,2.835,580
RAW,434.6,9569,9551,2.786,570
RAW,434.6,9560,9552,2.776,568
RAW,434.6,9567,9546,2.791,571
RAW,434.9,9586,9557,2.791,571
RAW,434.9,9572,9561,2.791,571
RAW,434.9,9569,9552,2.796,572
RAW,435.3,9575,9560,2.796,572
RAW,435.3,9573,9563,2.810,575
RAW,435.3,9577,9560,2.830,579
RAW,435.5,9587,9567,2.786,570
RAW,435.5,9581,9563,2.796,572
RAW,435.5,9579,9565,2.835,580
RAW,435.9,9582,9570,2.781,569
RAW,435.9,9579,9567,2.849,583
RAW,435.9,9584,9566,2.913,596
RAW,436.2,9580,9564,2.889,591
RAW,436.2,9576,9566,2.952,604
RAW,436.2,9582,9564,2.991,612
RAW,436.5,9593,9566,2.977,609
RAW,436.5,9582,9566,2.991,612
RAW,436.5,9579,9558,2.972,608
RAW,436.8,9602,9590,2.937,601
RAW,436.8,9606,9589,2.933,600
RAW,436.8,9597,9577,2.864,586
RAW,437.1,9616,9596,2.996,613
RAW,437.1,9614,9590,2.864,586
RAW,437.1,9606,9588,2.801,573
RAW,437.4,9633,9615,2.840,581
RAW,437.4,9631,9603,2.835,580
RAW,437.4,9623,9602,2.835,580
RAW,437.7,9636,9609,2.810,575
RAW,437.7,9637,9615,2.796,572
RAW,437.7,9639,9606,2.796,572
RAW,438.0,9641,9619,2.801,573
RAW,438.0,9637,9613,2.791,571
RAW,438.0,9643,9611,2.874,588
RAW,438.3,9646,9620,2.825,578
RAW,438.3,9646,9618,2.903,594
RAW,438.3,9639,9610,2.942,602
RAW,438.6,9651,9619,2.884,590
RAW,438.6,9655,9619,2.918,597
RAW,438.6,9653,9612,2.937,601
RAW,438.9,9650,9627,2.898,593
RAW,438.9,9651,9618,2.903,594
RAW,438.9,9659,9617,2.854,584
RAW,439.2,9656,9620,2.874,588
RAW,439.2,9660,9618,2.864,586
RAW,439.5,9648,9617,2.874,588
RAW,439.5,9648,9618,2.874,588
RAW,439.5,9647,9622,2.869,587
RAW,439.8,9639,9611,2.801,573
RAW,439.8,9644,9616,2.810,575
RAW,439.8,9651,9614,2.796,572
RAW,440.1,9638,9609,2.825,578
RAW,440.1,9643,9607,2.796,572
RAW,440.1,9635,9611,2.796,572
RAW,440.4,9636,9606,2.830,579
RAW,440.4,9643,9605,2.810,575
RAW,440.4,9652,9614,2.820,577
RAW,440.7,9645,9608,2.796,572
RAW,440.7,9643,9605,2.796,572
RAW,440.7,9638,9608,2.805,574
RAW,441.0,9640,9603,2.786,570
RAW,441.0,9644,9607,2.791,571
RAW,441.0,9648,9607,2.781,569
RAW,441.3,9635,9601,2.820,577
RAW,441.3,9641,9600,2.820,577
RAW,441.3,9647,9613,2.830,579
RAW,441.6,9614,9592,2.781,569
RAW,441.6,9621,9597,2.825,578
RAW,441.6,9622,9601,2.869,587
RAW,441.9,9605,9584,2.776,568
RAW,441.9,9606,9582,2.786,570
RAW,441.9,9610,9583,2.825,578
RAW,442.2,9597,9575,2.791,571
RAW,442.2,9601,9581,2.825,578
RAW,442.2,9605,9581,2.849,583
RAW,442.5,9601,9583,2.845,582
RAW,442.5,9603,9583,2.830,579
RAW,442.5,9597,9574,2.893,592
RAW,442.9,9589,9574,2.796,572
RAW,442.9,9591,9574,2.918,597
RAW,442.9,9595,9573,2.933,600
RAW,443.2,9582,9563,2.937,601
RAW,443.2,9587,9567,2.933,600
RAW,443.2,9593,9572,2.942,602
RAW,443.5,9582,9557,2.967,607
RAW,443.5,9575,9558,2.977,609
RAW,443.5,9581,9560,2.957,605
RAW,443.8,9578,9556,2.937,601
RAW,443.8,9579,9559,2.913,596
RAW,443.8,9581,9562,2.835,580
RAW,444.1,9568,9558,2.859,585
RAW,444.1,9582,9553,2.815,576
RAW,444.1,9583,9558,2.796,572
RAW,444.4,9559,9542,2.840,581
RAW,444.4,9563,9552,2.840,581
RAW,444.4,9565,9548,2.830,579
RAW,444.7,9540,9528,2.801,573
RAW,444.7,9545,9537,2.830,579
RAW,444.7,9553,9539,2.879,589
RAW,445.0,9549,9536,2.801,573
RAW,445.0,9540,9527,2.854,584
RAW,445.0,9545,9527,2.913,596
RAW,445.3,9548,9531,2.864,586
RAW,445.3,9548,9540,2.933,600
RAW,445.3,9548,9533,2.937,601
RAW,445.6,9535,9520,2.937,601
RAW,445.6,9548,9521,2.952,604
RAW,445.6,9548,9537,2.947,603
RAW,445.9,9523,9515,2.898,593
RAW,445.9,9522,9514,2.864,586
RAW,445.9,9519,9517,2.805,574
RAW,446.2,9572,9540,2.835,580
RAW,446.2,9559,9544,2.805,574
RAW,446.2,9554,9536,2.854,584
RAW,446.5,9576,9550,2.859,585
RAW,446.5,9568,9551,2.815,576
RAW,446.5,9561,9550,2.805,574
RAW,446.8,9593,9559,2.796,572
RAW,446.8,9584,9563,2.801,573
RAW,446.8,9584,9562,2.796,572
RAW,447.1,9572,9560,2.781,569
RAW,447.1,9574,9557,2.791,571
RAW,447.1,9585,9563,2.801,573
RAW,447.4,9569,9549,2.820,577
RAW,447.4,9573,9549,2.820,577
RAW,447.4,9572,9556,2.786,570
RAW,447.7,9577,9545,2.796,572
RAW,447.7,9566,9550,2.840,581
RAW,447.7,9570,9550,2.840,581
RAW,448.0,9572,9562,2.781,569
RAW,448.0,9572,9550,2.796,572
RAW,448.0,9577,9551,2.810,575
RAW,448.3,9582,9562,2.810,575
RAW,448.3,9587,9563,2.820,577
RAW,448.3,9580,9558,2.835,580
RAW,448.6,9572,9550,2.840,581
RAW,448.6,9577,9550,2.796,572
RAW,448.6,9579,9553,2.815,576
RAW,448.9,9575,9548,2.805,574
RAW,448.9,9568,9549,2.786,570
RAW,448.9,9570,9545,2.796,572
RAW,449.2,9572,9549,2.796,572
RAW,449.2,9573,9557,2.776,568
RAW,449.2,9569,9554,2.849,583
RAW,449.5,9583,9559,2.825,578
RAW,449.5,9579,9552,2.908,595
RAW,449.5,9570,9556,2.937,601
RAW,449.9,9573,9538,2.879,589
RAW,449.9,9576,9552,2.923,598
RAW,449.9,9580,9557,2.952,604
RAW,450.1,9564,9540,2.918,597
RAW,450.1,9568,9548,2.947,603
RAW,450.1,9568,9545,2.933,600
RAW,450.5,9541,9526,2.957,605
RAW,450.5,9553,9538,2.981,610
RAW,450.5,9566,9531,2.830,579
RAW,450.8,9528,9516,2.967,607
RAW,450.8,9532,9521,2.869,587
RAW,450.8,9538,9522,2.854,584
RAW,451.1,9530,9520,2.815,576
RAW,451.1,9523,9520,2.805,574
RAW,451.1,9529,9524,2.791,571
RAW,451.4,9513,9510,2.810,575
RAW,451.4,9511,9512,2.835,580
RAW,451.4,9520,9511,2.845,582
RAW,451.7,9508,9503,2.840,581
RAW,451.7,9518,9499,2.830,579
RAW,451.7,9507,9504,2.918,597
RAW,452.0,9498,9499,2.830,579
RAW,452.0,9508,9501,2.893,592
RAW,452.0,9501,9500,2.898,593
RAW,452.3,9491,9506,2.903,594
RAW,452.3,9503,9502,2.908,595
RAW,452.3,9507,9500,2.977,609
RAW,452.6,9495,9502,2.918,597
RAW,452.6,9490,9498,2.898,593
RAW,452.6,9498,9503,2.849,583
RAW,452.9,9495,9496,2.923,598
RAW,452.9,9500,9493,2.815,576
RAW,452.9,9501,9490,2.835,580
RAW,453.2,9489,9488,2.801,573
RAW,453.2,9489,9489,2.796,572
RAW,453.2,9495,9491,2.835,580
RAW,453.5,9484,9487,2.830,579
RAW,453.5,9492,9483,2.796,572
RAW,453.5,9486,9487,2.801,573
RAW,453.8,9486,9489,2.825,578
RAW,453.8,9498,9492,2.869,587
RAW,453.8,9496,9489,2.849,583
RAW,454.1,9484,9482,2.796,572
RAW,454.1,9488,9490,2.791,571
RAW,454.1,9491,9484,2.791,571
RAW,454.4,9479,9489,2.835,580
RAW,454.4,9478,9480,2.835,580
RAW,454.4,9479,9486,2.810,575
RAW,454.7,9489,9487,2.810,575
RAW,454.7,9480,9486,2.820,577
RAW,454.7,9490,9486,2.830,579
RAW,455.0,9486,9487,2.786,570
RAW,455.0,9491,9481,2.761,565
RAW,455.0,9486,9484,2.796,572
RAW,455.3,9496,9489,2.791,571
RAW,455.3,9489,9489,2.786,570
RAW,455.3,9483,9485,2.786,570
RAW,455.6,9490,9490,2.815,576
RAW,455.6,9496,9491,2.805,574
RAW,455.6,9486,9490,2.840,581
RAW,455.9,9490,9486,2.796,572
RAW,455.9,9498,9493,2.801,573
RAW,455.9,9492,9492,2.859,585
RAW,456.2,9508,9499,2.791,571
RAW,456.2,9498,9494,2.864,586
RAW,456.2,9497,9487,2.913,596
RAW,456.5,9504,9504,2.893,592
RAW,456.5,9506,9491,2.928,599
RAW,456.5,9502,9499,2.952,604
RAW,456.9,9504,9493,2.957,605
RAW,456.9,9501,9502,2.977,609
RAW,456.9,9509,9503,3.001,614
RAW,457.1,9508,9496,2.952,604
RAW,457.1,9502,9496,2.952,604
RAW,457.1,9501,9491,2.845,582
RAW,457.5,9511,9508,2.986,611
RAW,457.5,9519,9505,2.859,585
RAW,457.5,9512,9504,2.835,580
RAW,457.8,9510,9505,2.835,580
RAW,457.8,9505,9502,2.815,576
RAW,457.8,9507,9502,2.835,580
RAW,458.1,9517,9513,2.796,572
RAW,458.1,9519,9508,2.815,576
RAW,458.1,9509,9507,2.815,576
RAW,458.4,9526,9514,2.791,571
RAW,458.4,9526,9509,2.810,575
RAW,458.4,9522,9515,2.874,588
RAW,458.7,9540,9527,2.840,581
RAW,458.7,9533,9519,2.913,596
RAW,458.7,9526,9519,2.913,596
RAW,459.0,9534,9527,2.893,592
RAW,459.0,9536,9521,2.893,592
RAW,459.0,9542,9526,2.947,603
RAW,459.3,9533,9519,2.903,594
RAW,459.3,9537,9517,2.908,595
RAW,459.3,9546,9520,2.825,578
RAW,459.6,9514,9507,2.840,581
RAW,459.6,9517,9512,2.835,580
RAW,459.9,9498,9499,2.874,588
RAW,459.9,9509,9507,2.849,583
RAW,459.9,9515,9506,2.840,581
RAW,460.2,9498,9497,2.805,574
RAW,460.2,9502,9496,2.796,572
RAW,460.2,9496,9501,2.796,572
RAW,460.5,9492,9497,2.825,578
RAW,460.5,9501,9501,2.845,582
RAW,460.5,9492,9505,2.796,572
RAW,460.8,9486,9493,2.796,572
RAW,460.8,9486,9501,2.830,579
RAW,460.8,9492,9491,2.830,579
RAW,461.1,9494,9495,2.796,572
RAW,461.1,9500,9493,2.796,572
RAW,461.1,9485,9489,2.771,567
RAW,461.4,9498,9499,2.791,571
RAW,461.4,9499,9498,2.776,568
RAW,461.4,9493,9504,2.796,572
RAW,461.7,9500,9501,2.796,572
RAW,461.7,9501,9504,2.820,577
RAW,461.7,9499,9506,2.810,575
RAW,462.0,9505,9499,2.786,570
RAW,462.0,9496,9501,2.796,572
RAW,462.0,9497,9506,2.820,577
RAW,462.3,9496,9498,2.771,567
RAW,462.3,9504,9499,2.781,569
RAW,462.3,9497,9509,2.796,572
RAW,462.6,9497,9505,2.810,575
RAW,462.6,9486,9500,2.786,570
RAW,462.6,9485,9496,2.835,580
RAW,462.9,9509,9507,2.840,581
RAW,462.9,9505,9512,2.845,582
RAW,462.9,9502,9501,2.947,603
RAW,463.2,9504,9508,2.835,580
RAW,463.2,9506,9510,2.908,595
RAW,463.2,9507,9515,2.928,599
RAW,463.5,9524,9519,2.967,607
RAW,463.5,9516,9517,2.977,609
RAW,463.5,9508,9515,2.937,601
RAW,463.8,9520,9510,2.933,600
RAW,463.8,9520,9517,2.972,608
RAW,463.8,9521,9512,2.996,613
RAW,464.1,9517,9516,2.933,600
RAW,464.1,9516,9510,2.879,589
RAW,464.1,9520,9510,2.801,573
RAW,464.5,9523,9513,2.835,580
RAW,464.5,9524,9513,2.810,575
RAW,464.5,9522,9512,2.801,573
RAW,464.8,9521,9513,2.820,577
RAW,464.8,9522,9513,2.825,578
RAW,464.8,9522,9513,2.820,577
RAW,465.1,9516,9518,2.791,571
RAW,465.1,9520,9508,2.805,574
RAW,465.1,9519,9517,2.893,592
RAW,465.4,9512,9508,2.796,572
RAW,465.4,9513,9511,2.874,588
RAW,465.4,9515,9507,2.898,593
RAW,465.7,9512,9508,2.898,593
RAW,465.7,9515,9516,2.898,593
RAW,465.7,9515,9508,2.918,597
RAW,466.0,9513,9503,2.952,604
RAW,466.0,9513,9513,2.947,603
RAW,466.0,9520,9510,2.859,585
RAW,466.3,9510,9510,2.859,585
RAW,466.3,9516,9510,2.815,576
RAW,466.6,9516,9504,2.874,588
RAW,466.6,9505,9505,2.825,578
RAW,466.6,9511,9506,2.801,573
RAW,466.9,9509,9500,2.835,580
RAW,466.9,9504,9492,2.820,577
RAW,466.9,9513,9505,2.752,563
RAW,467.2,9502,9498,2.801,573
RAW,467.2,9503,9496,2.791,571
RAW,467.2,9512,9500,2.796,572
RAW,467.5,9505,9502,2.791,571
RAW,467.5,9509,9500,2.796,572
RAW,467.5,9503,9496,2.791,571
RAW,467.8,9499,9491,2.791,571
RAW,467.8,9503,9492,2.825,578
RAW,467.8,9506,9501,2.820,577
RAW,468.1,9482,9492,2.796,572
RAW,468.1,9484,9488,2.815,576
RAW,468.1,9496,9490,2.815,576
RAW,468.4,9479,9474,2.776,568
RAW,468.4,9476,9480,2.781,569
RAW,468.4,9482,9491,2.791,571
RAW,468.7,9465,9466,2.810,575
RAW,468.7,9468,9477,2.810,575
RAW,468.7,9468,9476,2.810,575
RAW,469.0,9456,9464,2.830,579
RAW,469.0,9463,9466,2.854,584
RAW,469.0,9470,9469,2.835,580
RAW,469.3,9448,9458,2.810,575
RAW,469.3,9448,9469,2.786,570
RAW,469.3,9451,9470,2.796,572
RAW,469.6,9456,9462,2.825,578
RAW,469.6,9445,9458,2.820,577
RAW,469.6,9447,9462,2.869,587
RAW,469.9,9465,9479,2.805,574
RAW,469.9,9465,9474,2.928,599
RAW,469.9,9456,9469,2.947,603
RAW,470.2,9473,9485,2.893,592
RAW,470.2,9469,9481,2.933,600
RAW,470.2,9466,9481,2.937,601
RAW,470.5,9482,9487,2.923,598
RAW,470.5,9485,9485,2.937,601
RAW,470.5,9488,9487,2.928,599
RAW,470.8,9486,9500,2.952,604
RAW,470.8,9487,9497,2.957,605
RAW,470.8,9483,9495,2.849,583
RAW,471.1,9503,9497,2.937,601
RAW,471.1,9501,9499,2.835,580
RAW,471.1,9490,9495,2.840,581
RAW,471.5,9502,9513,2.815,576
RAW,471.5,9507,9507,2.801,573
RAW,471.5,9496,9504,2.796,572
RAW,471.8,9511,9523,2.801,573
RAW,471.8,9511,9517,2.815,576
RAW,471.8,9514,9516,2.840,581
RAW,472.1,9521,9526,2.849,583
RAW,472.1,9518,9528,2.874,588
RAW,472.1,9516,9525,2.918,597
RAW,472.4,9540,9543,2.849,583
RAW,472.4,9538,9534,2.893,592
RAW,472.4,9532,9536,2.903,594
RAW,472.7,9549,9540,2.937,601
RAW,472.7,9543,9546,2.933,600
RAW,472.7,9540,9538,2.903,594
RAW,473.0,9542,9546,2.933,600
RAW,473.0,9542,9542,2.893,592
RAW,473.0,9542,9541,2.815,576
RAW,473.3,9542,9541,2.835,580
RAW,473.3,9541,9544,2.805,574
RAW,473.3,9549,9542,2.796,572
RAW,473.6,9553,9542,2.766,566
RAW,473.6,9543,9543,2.801,573
RAW,473.6,9540,9543,2.796,572
RAW,473.9,9555,9550,2.810,575
RAW,473.9,9546,9543,2.810,575
RAW,473.9,9546,9551,2.825,578
RAW,474.2,9554,9555,2.815,576
RAW,474.2,9552,9556,2.810,575
RAW,474.2,9541,9546,2.820,577
RAW,474.5,9551,9553,2.791,571
RAW,474.5,9554,9555,2.781,569
RAW,474.5,9550,9552,2.796,572
RAW,474.8,9551,9556,2.796,572
RAW,474.8,9555,9549,2.801,573
RAW,474.8,9549,9549,2.835,580
RAW,475.1,9549,9550,2.820,577
RAW,475.1,9559,9559,2.825,578
RAW,475.1,9557,9558,2.810,575
RAW,475.4,9555,9560,2.796,572
RAW,475.4,9557,9549,2.801,573
RAW,475.4,9551,9550,2.791,571
RAW,475.7,9555,9546,2.815,576
RAW,475.7,9550,9543,2.786,570
RAW,475.7,9560,9548,2.781,569
RAW,476.0,9552,9547,2.830,579
RAW,476.0,9556,9552,2.830,579
RAW,476.0,9555,9548,2.810,575
RAW,476.3,9544,9540,2.791,571
RAW,476.3,9547,9538,2.810,575
RAW,476.3,9550,9543,2.859,585
RAW,476.6,9523,9533,2.781,569
RAW,476.6,9539,9531,2.859,585
RAW,476.6,9527,9533,2.928,599
RAW,476.9,9511,9518,2.913,596
RAW,476.9,9518,9527,2.952,604
RAW,476.9,9517,9523,2.967,607
RAW,477.2,9494,9509,2.933,600
RAW,477.2,9496,9511,2.981,610
RAW,477.2,9505,9509,2.977,609
RAW,477.5,9477,9493,2.937,601
RAW,477.5,9486,9495,2.977,609
RAW,477.5,9492,9500,2.854,584
RAW,477.8,9474,9491,2.967,607
RAW,477.8,9481,9493,2.854,584
RAW,477.8,9485,9493,2.893,592
RAW,478.1,9467,9480,2.903,594
RAW,478.1,9472,9492,2.825,578
RAW,478.1,9470,9488,2.796,572
RAW,478.4,9456,9482,2.801,573
RAW,478.4,9462,9486,2.796,572
RAW,478.4,9457,9481,2.791,571
RAW,478.8,9461,9481,2.820,577
RAW,478.8,9461,9478,2.801,573
RAW,478.8,9462,9476,2.893,592
RAW,479.0,9462,9474,2.864,586
RAW,479.0,9468,9474,2.913,596
RAW,479.0,9464,9473,2.918,597
RAW,479.4,9441,9466,2.879,589
RAW,479.4,9460,9473,2.893,592
RAW,479.4,9462,9477,2.913,596
RAW,479.7,9433,9454,2.908,595
RAW,479.7,9441,9462,2.893,592
RAW,479.7,9436,9461,2.825,578
RAW,480.0,9412,9432,2.898,593
RAW,480.0,9416,9438,2.840,581
RAW,480.0,9428,9451,2.801,573
RAW,480.3,9389,9429,2.835,580
RAW,480.3,9388,9426,2.835,580
RAW,480.3,9398,9416,2.840,581
RAW,480.6,9410,9445,2.815,576
RAW,480.6,9407,9440,2.796,572
RAW,480.6,9397,9432,2.791,571
RAW,480.9,9416,9452,2.830,579
RAW,480.9,9424,9446,2.840,581
RAW,480.9,9418,9442,2.820,577
RAW,481.2,9421,9447,2.815,576
RAW,481.2,9425,9449,2.801,573
RAW,481.2,9424,9456,2.820,577
RAW,481.5,9421,9447,2.791,571
RAW,481.5,9423,9438,2.796,572
RAW,481.5,9427,9449,2.796,572
RAW,481.8,9423,9447,2.796,572
RAW,481.8,9425,9450,2.781,569
RAW,481.8,9429,9442,2.791,571
RAW,482.1,9428,9448,2.801,573
RAW,482.1,9425,9452,2.796,572
RAW,482.1,9433,9449,2.805,574
RAW,482.4,9441,9455,2.776,568
RAW,482.4,9433,9451,2.796,572
RAW,482.4,9430,9458,2.796,572
RAW,482.7,9446,9456,2.776,568
RAW,482.7,9434,9454,2.791,571
RAW,482.7,9437,9456,2.801,573
RAW,483.0,9444,9459,2.820,577
RAW,483.0,9446,9461,2.820,577
RAW,483.0,9440,9453,2.801,573
RAW,483.3,9445,9448,2.810,575
RAW,483.3,9441,9454,2.908,595
RAW,483.3,9444,9456,2.967,607
RAW,483.6,9450,9458,2.864,586
RAW,483.6,9447,9455,2.928,599
RAW,483.6,9438,9451,2.952,604
RAW,483.9,9453,9461,2.967,607
RAW,483.9,9450,9461,2.981,610
RAW,483.9,9446,9465,2.972,608
RAW,484.2,9450,9461,2.967,607
RAW,484.2,9443,9463,2.967,607
RAW,484.2,9449,9458,2.874,588
RAW,484.5,9456,9469,2.918,597
RAW,484.5,9449,9461,2.840,581
RAW,484.5,9449,9459,2.801,573
RAW,484.8,9450,9464,2.815,576
RAW,484.8,9459,9468,2.801,573
RAW,484.8,9463,9458,2.801,573
RAW,485.1,9458,9466,2.849,583
RAW,485.1,9459,9463,2.801,573
RAW,485.1,9458,9467,2.810,575
RAW,485.4,9462,9467,2.796,572
RAW,485.4,9457,9472,2.791,571
RAW,485.4,9459,9465,2.884,590
RAW,485.7,9444,9454,2.796,572
RAW,485.7,9454,9459,2.889,591
RAW,485.7,9459,9457,2.898,593
RAW,486.0,9439,9449,2.913,596
RAW,486.0,9442,9453,2.933,600
RAW,486.0,9449,9451,2.898,593
RAW,486.4,9418,9439,2.947,603
RAW,486.4,9424,9443,2.947,603
RAW,486.4,9430,9443,2.864,586
RAW,486.7,9426,9444,2.849,583
RAW,486.7,9422,9451,2.810,575
RAW,487.0,9417,9441,2.874,588
RAW,487.0,9427,9435,2.835,580
RAW,487.0,9418,9439,2.820,577
RAW,487.3,9411,9436,2.830,579
RAW,487.3,9412,9437,2.801,573
RAW,487.3,9412,9439,2.840,581
RAW,487.6,9414,9442,2.791,571
RAW,487.6,9406,9435,2.801,573
RAW,487.6,9412,9441,2.791,571
RAW,487.9,9413,9442,2.786,570
RAW,487.9,9412,9434,2.781,569
RAW,487.9,9409,9443,2.781,569
RAW,488.2,9429,9446,2.840,581
RAW,488.2,9417,9442,2.786,570
RAW,488.2,9415,9446,2.815,576
RAW,488.5,9448,9463,2.781,569
RAW,488.5,9441,9456,2.786,570
RAW,488.5,9436,9454,2.810,575
RAW,488.8,9453,9468,2.776,568
RAW,488.8,9460,9474,2.786,570
RAW,488.8,9455,9462,2.791,571
RAW,489.1,9450,9472,2.815,576
RAW,489.1,9453,9464,2.796,572
RAW,489.1,9450,9464,2.786,570
RAW,489.4,9453,9469,2.830,579
RAW,489.4,9454,9469,2.835,580
RAW,489.4,9451,9470,2.845,582
RAW,489.7,9450,9469,2.791,571
RAW,489.7,9449,9472,2.810,575
RAW,489.7,9452,9472,2.801,573
RAW,490.0,9463,9474,2.830,579
RAW,490.0,9457,9474,2.771,567
RAW,490.0,9453,9468,2.903,594
RAW,490.3,9465,9483,2.830,579
RAW,490.3,9465,9468,2.933,600
RAW,490.3,9458,9473,2.952,604
RAW,490.6,9466,9485,2.913,596
RAW,490.6,9469,9475,2.937,601
RAW,490.6,9469,9479,2.928,599
RAW,490.9,9468,9479,2.928,599
RAW,490.9,9475,9477,2.947,603
RAW,490.9,9469,9477,2.933,600
RAW,491.2,9476,9483,2.957,605
RAW,491.2,9475,9482,2.898,593
RAW,491.2,9475,9479,2.908,595
RAW,491.5,9484,9490,2.869,587
RAW,491.5,9480,9490,2.825,578
RAW,491.5,9480,9482,2.820,577
RAW,491.8,9480,9491,2.815,576
RAW,491.8,9484,9496,2.801,573
RAW,491.8,9480,9487,2.810,575
RAW,492.1,9494,9495,2.820,577
RAW,492.1,9491,9494,2.801,573
RAW,492.1,9482,9491,2.869,587
RAW,492.4,9496,9497,2.825,578
RAW,492.4,9497,9504,2.898,593
RAW,492.4,9494,9500,2.952,604
RAW,492.7,9491,9504,2.874,588
RAW,492.7,9492,9499,2.898,593
RAW,492.7,9495,9495,2.898,593
RAW,493.0,9496,9500,2.933,600
RAW,493.0,9500,9503,2.942,602
RAW,493.0,9498,9497,2.937,601
RAW,493.4,9511,9499,2.918,597
RAW,493.4,9507,9500,2.864,586
RAW,493.4,9504,9506,2.820,577
RAW,493.7,9506,9503,2.830,579
RAW,493.7,9504,9504,2.810,575
RAW,493.7,9501,9507,2.791,571
RAW,494.0,9502,9499,2.791,571
RAW,494.0,9503,9511,2.786,570
RAW,494.0,9499,9500,2.791,571
RAW,494.3,9496,9499,2.796,572
RAW,494.3,9497,9495,2.830,579
RAW,494.3,9504,9508,2.830,579
RAW,494.6,9488,9490,2.820,577
RAW,494.6,9488,9492,2.801,573
RAW,494.6,9492,9489,2.801,573
RAW,494.9,9464,9478,2.791,571
RAW,494.9,9473,9476,2.781,569
RAW,494.9,9482,9483,2.781,569
RAW,495.2,9454,9476,2.796,572
RAW,495.2,9458,9472,2.810,575
RAW,495.2,9457,9470,2.840,581
RAW,495.5,9446,9467,2.835,580
RAW,495.5,9456,9468,2.854,584
RAW,495.5,9451,9470,2.815,576
RAW,495.8,9438,9456,2.781,569
RAW,495.8,9444,9466,2.781,569
RAW,495.8,9446,9465,2.796,572
RAW,496.1,9428,9451,2.810,575
RAW,496.1,9429,9454,2.820,577
RAW,496.1,9436,9460,2.805,574
RAW,496.4,9429,9447,2.820,577
RAW,496.4,9422,9444,2.825,578
RAW,496.4,9435,9452,2.830,579
RAW,496.7,9431,9454,2.801,573
RAW,496.7,9427,9451,2.801,573
RAW,496.7,9423,9454,2.889,591
RAW,497.0,9443,9462,2.781,569
RAW,497.0,9435,9460,2.903,594
RAW,497.0,9431,9455,2.972,608
RAW,497.3,9449,9468,2.942,602
RAW,497.3,9448,9468,2.962,606
RAW,497.3,9442,9461,2.967,607
RAW,497.6,9451,9474,2.933,600
RAW,497.6,9457,9466,2.952,604
RAW,497.6,9442,9467,2.972,608
RAW,497.9,9448,9467,2.942,602
RAW,497.9,9451,9467,2.898,593
RAW,497.9,9457,9471,2.815,576
RAW,498.2,9451,9467,2.893,592
RAW,498.2,9443,9468,2.786,570
RAW,498.2,9447,9463,2.840,581
RAW,498.5,9444,9468,2.908,595
RAW,498.5,9449,9465,2.849,583
RAW,498.5,9453,9467,2.854,584
RAW,498.8,9450,9465,2.796,572
RAW,498.8,9453,9463,2.805,574
RAW,498.8,9445,9460,2.840,581
RAW,499.1,9445,9469,2.835,580
RAW,499.1,9448,9464,2.884,590
RAW,499.1,9447,9466,2.898,593
RAW,499.4,9436,9463,2.889,591
RAW,499.4,9441,9470,2.942,602
RAW,499.4,9444,9469,2.937,601
RAW,499.7,9436,9461,2.893,592
RAW,499.7,9439,9460,2.908,595
RAW,499.7,9442,9456,2.908,595
RAW,500.0,9444,9466,2.898,593
RAW,500.0,9439,9457,2.820,577
RAW,500.0,9435,9461,2.801,573
RAW,500.4,9443,9459,2.835,580
RAW,500.4,9447,9460,2.825,578
RAW,500.4,9442,9466,2.810,575
RAW,500.6,9435,9454,2.796,572
RAW,500.6,9442,9460,2.820,577
RAW,500.6,9438,9458,2.840,581
RAW,501.0,9444,9459,2.796,572
RAW,501.0,9449,9458,2.796,572
RAW,501.0,9442,9457,2.830,579
RAW,501.3,9453,9468,2.791,571
RAW,501.3,9442,9455,2.830,579
RAW,501.3,9444,9456,2.835,580
RAW,501.6,9451,9460,2.820,577
RAW,501.6,9456,9470,2.815,576
RAW,501.6,9453,9459,2.781,569
RAW,501.9,9455,9464,2.757,564
RAW,501.9,9449,9464,2.781,569
RAW,501.9,9448,9459,2.830,579
RAW,502.2,9440,9456,2.825,578
RAW,502.2,9447,9459,2.796,572
RAW,502.2,9449,9463,2.786,570
RAW,502.5,9447,9455,2.815,576
RAW,502.5,9442,9462,2.830,579
RAW,502.5,9448,9463,2.801,573
RAW,502.8,9449,9455,2.781,569
RAW,502.8,9453,9465,2.791,571
RAW,502.8,9450,9460,2.796,572
RAW,503.1,9425,9445,2.796,572
RAW,503.1,9432,9450,2.796,572
RAW,503.1,9439,9451,2.796,572
RAW,503.4,9432,9446,2.757,564
RAW,503.4,9428,9447,2.805,574
RAW,503.4,9422,9442,2.889,591
RAW,503.7,9430,9450,2.820,577
RAW,503.7,9438,9455,2.889,591
RAW,503.7,9434,9453,2.967,607
RAW,504.0,9427,9447,2.889,591
RAW,504.0,9424,9445,2.933,600
RAW,504.0,9423,9452,2.942,602
RAW,504.3,9428,9454,2.918,597
RAW,504.3,9433,9444,2.977,609
RAW,504.3,9425,9446,2.967,607
RAW,504.6,9425,9458,2.986,611
RAW,504.6,9430,9455,2.972,608
RAW,504.6,9429,9448,2.845,582
RAW,504.9,9432,9460,2.942,602
RAW,504.9,9430,9458,2.820,577
RAW,504.9,9435,9456,2.805,574
RAW,505.2,9430,9458,2.859,585
RAW,505.2,9431,9466,2.805,574
RAW,505.2,9435,9462,2.801,573
RAW,505.5,9439,9463,2.840,581
RAW,505.5,9435,9465,2.830,579
RAW,505.5,9436,9458,2.810,575
RAW,505.8,9437,9473,2.801,573
RAW,505.8,9442,9469,2.796,572
RAW,505.8,9442,9462,2.874,588
RAW,506.1,9446,9472,2.796,572
RAW,506.1,9442,9469,2.874,588
RAW,506.1,9441,9459,2.903,594
RAW,506.4,9454,9469,2.913,596
RAW,506.4,9439,9467,2.937,601
RAW,506.4,9445,9466,2.947,603
RAW,506.7,9448,9483,2.918,597
RAW,506.7,9438,9472,2.952,604
RAW,506.7,9441,9471,2.884,590
RAW,507.0,9449,9480,2.928,599
RAW,507.0,9449,9477,2.835,580
RAW,507.3,9461,9484,2.825,578
RAW,507.3,9462,9485,2.835,580
RAW,507.3,9460,9481,2.835,580
RAW,507.6,9461,9491,2.849,583
RAW,507.6,9468,9491,2.810,575
RAW,507.6,9459,9477,2.796,572
RAW,508.0,9474,9492,2.791,571
RAW,508.0,9474,9496,2.737,560
RAW,508.0,9470,9499,2.796,572
RAW,508.3,9477,9495,2.825,578
RAW,508.3,9476,9493,2.791,571
RAW,508.3,9473,9489,2.781,569
RAW,508.6,9477,9493,2.810,575
RAW,508.6,9479,9500,2.825,578
RAW,508.6,9477,9490,2.796,572
RAW,508.9,9484,9497,2.786,570
RAW,508.9,9478,9504,2.776,568
RAW,508.9,9486,9498,2.766,566
RAW,509.2,9485,9492,2.771,567
RAW,509.2,9479,9498,2.776,568
RAW,509.2,9484,9500,2.796,572
RAW,509.5,9476,9496,2.830,579
RAW,509.5,9475,9497,2.825,578
RAW,509.5,9475,9496,2.820,577
RAW,509.8,9484,9496,2.786,570
RAW,509.8,9482,9499,2.830,579
RAW,509.8,9480,9499,2.835,580
RAW,510.1,9481,9500,2.786,570
RAW,510.1,9485,9496,2.801,573
RAW,510.1,9489,9499,2.796,572
RAW,510.4,9481,9503,2.781,569
RAW,510.4,9478,9505,2.845,582
RAW,510.4,9478,9503,2.908,595
RAW,510.7,9473,9499,2.820,577
RAW,510.7,9473,9496,2.918,597
RAW,510.7,9481,9497,2.952,604
RAW,511.0,9477,9494,2.893,592
RAW,511.0,9480,9496,2.952,604
RAW,511.0,9481,9492,2.933,600
RAW,511.3,9480,9490,2.967,607
RAW,511.3,9484,9495,2.942,602
RAW,511.3,9481,9494,2.937,601
RAW,511.6,9474,9487,2.962,606
RAW,511.6,9475,9490,2.986,611
RAW,511.6,9480,9489,2.840,581
RAW,511.9,9460,9481,2.937,601
RAW,511.9,9463,9484,2.820,577
RAW,511.9,9469,9486,2.810,575
RAW,512.2,9441,9470,2.815,576
RAW,512.2,9449,9467,2.801,573
RAW,512.2,9455,9475,2.801,573
RAW,512.5,9431,9462,2.825,578
RAW,512.5,9441,9463,2.825,578
RAW,512.5,9445,9461,2.830,579
RAW,512.8,9414,9441,2.801,573
RAW,512.8,9419,9449,2.835,580
RAW,512.8,9423,9452,2.947,603
RAW,513.1,9404,9435,2.796,572
RAW,513.1,9403,9446,2.893,592
RAW,513.1,9405,9447,2.918,597
RAW,513.4,9394,9437,2.898,593
RAW,513.4,9403,9430,2.923,598
RAW,513.4,9402,9430,2.937,601
RAW,513.7,9383,9427,2.952,604
RAW,513.7,9395,9434,2.933,600
RAW,513.7,9396,9426,2.859,585
RAW,514.0,9371,9416,2.830,579
RAW,514.0,9378,9417,2.801,573
RAW,514.3,9377,9424,2.845,582
RAW,514.3,9375,9419,2.805,574
RAW,514.3,9375,9422,2.796,572
RAW,514.6,9369,9414,2.830,579
RAW,514.6,9378,9415,2.815,576
RAW,514.6,9379,9419,2.796,572
RAW,514.9,9366,9412,2.796,572
RAW,514.9,9367,9411,2.805,574
RAW,514.9,9376,9412,2.805,574
RAW,515.2,9368,9414,2.796,572
RAW,515.2,9361,9417,2.796,572
RAW,515.2,9364,9418,2.796,572
RAW,515.5,9364,9409,2.815,576
RAW,515.5,9360,9414,2.825,578
RAW,515.5,9365,9411,2.796,572
RAW,515.9,9360,9410,2.830,579
RAW,515.9,9360,9409,2.820,577
RAW,515.9,9363,9407,2.845,582
RAW,516.2,9366,9402,2.791,571
RAW,516.2,9357,9401,2.805,574
RAW,516.2,9356,9403,2.825,578
RAW,516.5,9365,9400,2.796,572
RAW,516.5,9364,9403,2.825,578
RAW,516.5,9360,9403,2.840,581
RAW,516.8,9358,9404,2.835,580
RAW,516.8,9362,9407,2.845,582
RAW,516.8,9359,9399,2.815,576
RAW,517.1,9362,9408,2.796,572
RAW,517.1,9357,9410,2.791,571
RAW,517.1,9361,9412,2.796,572
RAW,517.4,9367,9414,2.928,599
RAW,517.4,9364,9407,2.791,571
RAW,517.4,9359,9414,2.869,587
RAW,517.7,9362,9405,2.815,576
RAW,517.7,9363,9407,2.913,596
RAW,517.7,9358,9410,2.942,602
RAW,518.0,9370,9415,2.879,589
RAW,518.0,9371,9410,2.928,599
RAW,518.0,9365,9413,2.933,600
RAW,518.3,9372,9420,2.913,596
RAW,518.3,9362,9412,2.952,604
RAW,518.3,9366,9409,2.933,600
RAW,518.6,9367,9415,2.957,605
RAW,518.6,9370,9415,2.972,608
RAW,518.6,9371,9418,2.845,582
RAW,518.9,9376,9418,2.937,601
RAW,518.9,9374,9411,2.859,585
RAW,518.9,9372,9416,2.859,585
RAW,519.2,9376,9417,2.810,575
RAW,519.2,9379,9411,2.796,572
RAW,519.2,9376,9417,2.791,571
RAW,519.5,9370,9414,2.801,573
RAW,519.5,9376,9420,2.835,580
RAW,519.5,9372,9410,2.830,579
RAW,519.8,9375,9419,2.854,584
RAW,519.8,9377,9421,2.849,583
RAW,519.8,9376,9415,2.903,594
RAW,520.1,9386,9416,2.805,574
RAW,520.1,9379,9421,2.879,589
RAW,520.1,9377,9417,2.893,592
RAW,520.4,9384,9417,2.913,596
RAW,520.4,9386,9427,2.913,596
RAW,520.4,9382,9420,2.903,594
RAW,520.7,9386,9421,2.933,600
RAW,520.7,9381,9417,2.933,600
RAW,520.7,9389,9425,2.835,580
RAW,521.0,9390,9416,2.898,593
RAW,521.0,9382,9418,2.815,576
RAW,521.0,9388,9428,2.815,576
RAW,521.3,9368,9409,2.801,573
RAW,521.3,9376,9414,2.796,572
RAW,521.3,9382,9411,2.747,562
RAW,521.6,9358,9396,2.830,579
RAW,521.6,9358,9401,2.815,576
RAW,521.6,9370,9401,2.825,578
RAW,521.9,9349,9395,2.786,570
RAW,521.9,9346,9399,2.845,582
RAW,521.9,9348,9397,2.845,582
RAW,522.2,9330,9379,2.781,569
RAW,522.2,9335,9388,2.810,575
RAW,522.2,9344,9393,2.791,571
RAW,522.5,9319,9370,2.810,575
RAW,522.5,9319,9375,2.835,580
RAW,522.5,9327,9373,2.820,577
RAW,522.8,9305,9361,2.835,580
RAW,522.8,9308,9362,2.820,577
RAW,522.8,9307,9373,2.825,578
RAW,523.2,9304,9358,2.796,572
RAW,523.2,9299,9364,2.791,571
RAW,523.2,9303,9359,2.791,571
RAW,523.5,9298,9363,2.810,575
RAW,523.5,9298,9351,2.791,571
RAW,523.5,9294,9363,2.796,572
RAW,523.8,9292,9363,2.840,581
RAW,523.8,9291,9363,2.830,579
RAW,523.8,9292,9363,2.791,571
RAW,524.1,9300,9362,2.791,571
RAW,524.1,9291,9361,2.805,574
RAW,524.1,9291,9361,2.805,574
RAW,524.4,9301,9363,2.786,570
RAW,524.4,9294,9361,2.796,572
RAW,524.4,9293,9359,2.898,593
RAW,524.7,9297,9362,2.849,583
RAW,524.7,9299,9363,2.942,602
RAW,524.7,9298,9363,2.957,605
RAW,525.0,9307,9360,2.947,603
RAW,525.0,9299,9357,2.967,607
RAW,525.0,9298,9359,2.991,612
RAW,525.3,9300,9356,2.918,597
RAW,525.3,9301,9359,2.942,602
RAW,525.3,9297,9360,2.918,597
RAW,525.6,9294,9363,2.947,603
RAW,525.6,9299,9361,2.913,596
RAW,525.6,9296,9361,2.849,583
RAW,525.9,9289,9354,2.913,596
RAW,525.9,9297,9359,2.854,584
RAW,525.9,9286,9351,2.830,579
RAW,526.2,9299,9357,2.796,572
RAW,526.2,9290,9351,2.810,575
RAW,526.2,9291,9353,2.805,574
RAW,526.5,9292,9360,2.801,573
RAW,526.5,9295,9357,2.796,572
RAW,526.5,9288,9357,2.840,581
RAW,526.8,9290,9349,2.845,582
RAW,526.8,9296,9354,2.879,589
RAW,526.8,9292,9354,2.918,597
RAW,527.1,9294,9350,2.869,587
RAW,527.1,9294,9351,2.893,592
RAW,527.1,9290,9349,2.913,596
RAW,527.4,9287,9346,2.879,589
RAW,527.4,9293,9345,2.903,594
RAW,527.4,9292,9347,2.908,595
RAW,527.7,9288,9349,2.928,599
RAW,527.7,9287,9342,2.854,584
RAW,527.7,9288,9347,2.801,573
RAW,528.0,9290,9349,2.845,582
RAW,528.0,9294,9351,2.845,582
RAW,528.0,9290,9350,2.835,580
RAW,528.3,9283,9350,2.801,573
RAW,528.3,9285,9351,2.796,572
RAW,528.3,9289,9345,2.796,572
RAW,528.6,9283,9347,2.825,578
RAW,528.6,9285,9355,2.835,580
RAW,528.6,9281,9353,2.835,580
RAW,528.9,9283,9343,2.830,579
RAW,528.9,9279,9341,2.810,575
RAW,528.9,9282,9339,2.815,576
RAW,529.2,9281,9346,2.781,569
RAW,529.2,9285,9352,2.781,569
RAW,529.2,9284,9344,2.796,572
RAW,529.5,9292,9356,2.781,569
RAW,529.5,9292,9353,2.796,572
RAW,529.5,9288,9352,2.781,569
RAW,529.8,9300,9351,2.801,573
RAW,529.8,9300,9360,2.810,575
RAW,529.8,9295,9360,2.801,573
RAW,530.2,9307,9359,2.786,570
RAW,530.2,9303,9357,2.791,571
RAW,530.2,9301,9359,2.796,572
RAW,530.5,9310,9374,2.781,569
RAW,530.5,9306,9362,2.781,569
RAW,530.5,9307,9367,2.786,570
RAW,530.8,9305,9358,2.815,576
RAW,530.8,9311,9361,2.815,576
RAW,530.8,9310,9363,2.801,573
RAW,531.1,9291,9349,2.820,577
RAW,531.1,9296,9355,2.835,580
RAW,531.1,9303,9354,2.903,594
RAW,531.4,9282,9338,2.786,570
RAW,531.4,9287,9347,2.879,589
RAW,531.4,9290,9356,2.933,600
RAW,531.7,9271,9336,2.923,598
RAW,531.7,9271,9338,2.972,608
RAW,531.7,9274,9340,2.977,609
RAW,532.0,9270,9327,2.957,605
RAW,532.0,9266,9330,2.977,609
RAW,532.0,9267,9335,2.977,609
RAW,532.3,9262,9333,2.937,601
RAW,532.3,9264,9327,2.937,601
RAW,532.3,9260,9337,2.840,581
RAW,532.6,9256,9332,2.918,597
RAW,532.6,9262,9332,2.815,576
RAW,532.6,9262,9330,2.796,572
RAW,532.9,9256,9332,2.864,586
RAW,532.9,9252,9338,2.820,577
RAW,532.9,9260,9331,2.801,573
RAW,533.2,9254,9322,2.796,572
RAW,533.2,9258,9332,2.796,572
RAW,533.2,9258,9326,2.810,575
RAW,533.5,9256,9331,2.791,571
RAW,533.5,9262,9333,2.801,573
RAW,533.5,9261,9332,2.879,589
RAW,533.8,9260,9323,2.854,584
RAW,533.8,9250,9329,2.903,594
RAW,533.8,9248,9334,2.977,609
RAW,534.1,9260,9333,2.918,597
RAW,534.1,9262,9335,2.937,601
RAW,534.1,9259,9335,2.952,604
RAW,534.4,9251,9335,2.893,592
RAW,534.4,9248,9325,2.903,594
RAW,534.4,9252,9322,2.815,576
RAW,534.7,9253,9328,2.898,593
RAW,534.7,9255,9328,2.854,584
RAW,534.7,9253,9330,2.810,575
RAW,535.0,9250,9320,2.825,578
RAW,535.0,9252,9324,2.830,579
RAW,535.0,9252,9324,2.840,581
RAW,535.3,9250,9328,2.796,572
RAW,535.3,9252,9320,2.771,567
RAW,535.3,9245,9325,2.796,572
RAW,535.6,9252,9320,2.776,568
RAW,535.6,9251,9318,2.796,572
RAW,535.6,9249,9326,2.791,571
RAW,535.9,9255,9324,2.820,577
RAW,535.9,9251,9328,2.815,576
RAW,535.9,9248,9321,2.835,580
RAW,536.2,9247,9323,2.786,570
RAW,536.2,9249,9315,2.796,572
RAW,536.2,9251,9319,2.796,572
RAW,536.5,9250,9323,2.776,568
RAW,536.5,9247,9318,2.791,571
RAW,536.5,9247,9314,2.786,570
RAW,536.8,9257,9318,2.801,573
RAW,536.8,9251,9322,2.810,575
RAW,536.8,9246,9318,2.796,572
RAW,537.2,9259,9327,2.815,576
RAW,537.2,9253,9326,2.830,579
RAW,537.2,9250,9318,2.854,584
RAW,537.5,9266,9329,2.791,571
RAW,537.5,9261,9326,2.791,571
RAW,537.5,9259,9327,2.796,572
RAW,537.7,9263,9332,2.835,580
RAW,537.7,9262,9333,2.849,583
RAW,537.7,9263,9320,2.801,573
RAW,538.1,9269,9328,2.830,579
RAW,538.1,9262,9327,2.820,577
RAW,538.1,9265,9332,2.947,603
RAW,538.4,9268,9333,2.840,581
RAW,538.4,9265,9331,2.913,596
RAW,538.4,9258,9322,2.986,611
RAW,538.7,9280,9340,2.908,595
RAW,538.7,9273,9339,2.937,601
RAW,538.7,9272,9329,2.937,601
RAW,539.0,9286,9343,2.967,607
RAW,539.0,9277,9343,2.967,607
RAW,539.0,9273,9337,2.913,596
RAW,539.3,9284,9353,2.918,597
RAW,539.3,9294,9344,2.874,588
RAW,539.3,9282,9341,2.805,574
RAW,539.6,9277,9338,2.845,582
RAW,539.6,9287,9335,2.801,573
RAW,539.6,9290,9346,2.796,572
RAW,539.9,9268,9327,2.835,580
RAW,539.9,9272,9337,2.815,576
RAW,539.9,9276,9335,2.796,572
RAW,540.2,9262,9330,2.810,575
RAW,540.2,9264,9324,2.815,576
RAW,540.2,9262,9327,2.874,588
RAW,540.5,9258,9323,2.810,575
RAW,540.5,9262,9328,2.854,584
RAW,540.5,9269,9333,2.849,583
RAW,540.8,9263,9331,2.918,597
RAW,540.8,9253,9331,2.942,602
RAW,540.8,9258,9331,2.937,601
RAW,541.1,9257,9325,2.937,601
RAW,541.1,9252,9328,2.933,600
RAW,541.1,9248,9324,2.942,602
RAW,541.4,9256,9332,2.898,593
RAW,541.4,9257,9330,2.840,581
RAW,541.4,9260,9333,2.796,572
RAW,541.7,9264,9331,2.820,577
RAW,541.7,9256,9337,2.796,572
RAW,541.7,9263,9337,2.796,572
RAW,542.0,9263,9334,2.801,573
RAW,542.0,9266,9340,2.830,579
RAW,542.0,9261,9340,2.835,580
RAW,542.3,9274,9345,2.805,574
RAW,542.3,9268,9347,2.786,570
RAW,542.3,9268,9343,2.825,578
RAW,542.6,9278,9349,2.801,573
RAW,542.6,9277,9349,2.771,567
RAW,542.6,9270,9349,2.776,568
RAW,542.9,9272,9350,2.815,576
RAW,542.9,9272,9341,2.791,571
RAW,542.9,9273,9343,2.815,576
RAW,543.2,9271,9346,2.835,580
RAW,543.2,9281,9346,2.840,581
RAW,543.2,9275,9345,2.820,577
RAW,543.5,9281,9351,2.781,569
RAW,543.5,9280,9351,2.805,574
RAW,543.5,9291,9351,2.781,569
RAW,543.8,9287,9355,2.830,579
RAW,543.8,9284,9355,2.830,579
RAW,543.8,9280,9352,2.786,570
RAW,544.1,9293,9356,2.805,574
RAW,544.1,9288,9357,2.815,576
RAW,544.1,9291,9356,2.830,579
RAW,544.4,9306,9354,2.776,568
RAW,544.4,9292,9354,2.796,572
RAW,544.4,9289,9360,2.796,572
RAW,544.7,9301,9360,2.698,552
RAW,544.7,9303,9356,2.781,569
RAW,544.7,9297,9357,2.864,586
RAW,545.0,9302,9357,2.815,576
RAW,545.0,9299,9367,2.913,596
RAW,545.0,9296,9356,2.952,604
RAW,545.4,9303,9363,2.893,592
RAW,545.4,9299,9362,2.933,600
RAW,545.4,9298,9363,2.977,609
RAW,545.7,9308,9372,2.923,598
RAW,545.7,9306,9366,2.937,601
RAW,545.7,9301,9362,2.952,604
RAW,546.0,9302,9362,2.967,607
RAW,546.0,9306,9363,2.933,600
RAW,546.0,9311,9365,2.864,586
RAW,546.3,9314,9376,2.952,604
RAW,546.3,9314,9369,2.820,577
RAW,546.3,9309,9365,2.849,583
RAW,546.6,9309,9371,2.835,580
RAW,546.6,9312,9376,2.801,573
RAW,546.6,9313,9362,2.796,572
RAW,546.9,9313,9371,2.849,583
RAW,546.9,9320,9380,2.835,580
RAW,546.9,9310,9370,2.810,575
RAW,547.2,9319,9379,2.825,578
RAW,547.2,9318,9383,2.840,581
RAW,547.2,9328,9379,2.923,598
RAW,547.5,9331,9381,2.835,580
RAW,547.5,9330,9378,2.889,591
RAW,547.5,9323,9375,2.903,594
RAW,547.8,9326,9378,2.874,588
RAW,547.8,9327,9376,2.908,595
RAW,547.8,9325,9383,2.893,592
RAW,548.1,9333,9391,2.889,591
RAW,548.1,9329,9387,2.923,598
RAW,548.1,9329,9376,2.796,572
RAW,548.4,9331,9385,2.884,590
RAW,548.4,9338,9388,2.835,580
RAW,548.4,9336,9384,2.830,579
RAW,548.7,9310,9369,2.796,572
RAW,548.7,9318,9369,2.796,572
RAW,548.7,9316,9382,2.791,571
RAW,549.0,9312,9372,2.815,576
RAW,549.0,9311,9368,2.786,570
RAW,549.0,9308,9371,2.835,580
RAW,549.3,9302,9365,2.801,573
RAW,549.3,9309,9366,2.835,580
RAW,549.3,9309,9377,2.835,580
RAW,549.6,9308,9367,2.796,572
RAW,549.6,9303,9372,2.791,571
RAW,549.6,9295,9364,2.791,571
RAW,549.9,9297,9362,2.825,578
RAW,549.9,9300,9367,2.815,576
RAW,549.9,9305,9373,2.801,573
RAW,550.2,9297,9366,2.801,573
RAW,550.2,9291,9358,2.825,578
RAW,550.2,9302,9370,2.825,578
RAW,550.5,9295,9356,2.786,570
RAW,550.5,9291,9363,2.801,573
RAW,550.5,9294,9362,2.815,576
RAW,550.8,9304,9366,2.776,568
RAW,550.8,9299,9361,2.781,569
RAW,550.8,9295,9362,2.786,570
RAW,551.1,9298,9367,2.801,573
RAW,551.1,9298,9372,2.825,578
RAW,551.1,9304,9365,2.796,572
RAW,551.4,9299,9363,2.796,572
RAW,551.4,9294,9358,2.791,571
RAW,551.4,9298,9362,2.815,576
RAW,551.7,9301,9365,2.796,572
RAW,551.7,9300,9364,2.810,575
RAW,551.7,9296,9365,2.893,592
RAW,552.0,9292,9357,2.864,586
RAW,552.0,9305,9365,2.918,597
RAW,552.0,9301,9362,2.972,608
RAW,552.3,9282,9358,2.957,605
RAW,552.3,9286,9346,2.991,612
RAW,552.3,9287,9353,2.977,609
RAW,552.7,9288,9358,2.933,600
RAW,552.7,9288,9354,2.947,603
RAW,552.7,9283,9357,2.874,588
RAW,553.0,9281,9348,2.991,612
RAW,553.0,9288,9357,2.893,592
RAW,553.0,9286,9352,2.801,573
RAW,553.3,9290,9349,2.869,587
RAW,553.3,9296,9355,2.830,579
RAW,553.3,9290,9359,2.830,579
RAW,553.6,9291,9355,2.801,573
RAW,553.6,9285,9347,2.791,571
RAW,553.6,9288,9344,2.796,572
RAW,553.9,9292,9353,2.781,569
RAW,553.9,9288,9351,2.796,572
RAW,553.9,9288,9351,2.859,585
RAW,554.2,9295,9349,2.820,577
RAW,554.2,9293,9352,2.879,589
RAW,554.2,9291,9344,2.918,597
RAW,554.5,9290,9354,2.874,588
RAW,554.5,9298,9352,2.898,593
RAW,554.5,9300,9357,2.947,603
RAW,554.8,9300,9354,2.903,594
RAW,554.8,9297,9353,2.913,596
RAW,554.8,9294,9349,2.879,589
RAW,555.1,9301,9357,2.869,587
RAW,555.1,9300,9361,2.864,586
RAW,555.4,9302,9362,2.889,591
RAW,555.4,9308,9361,2.840,581
RAW,555.4,9307,9363,2.830,579
RAW,555.7,9306,9368,2.810,575
RAW,555.7,9310,9361,2.869,587
RAW,555.7,9307,9368,2.796,572
RAW,556.0,9309,9373,2.825,578
RAW,556.0,9310,9366,2.805,574
RAW,556.0,9312,9373,2.796,572
RAW,556.3,9323,9370,2.884,590
RAW,556.3,9316,9371,2.820,577
RAW,556.3,9313,9366,2.825,578
RAW,556.6,9327,9385,2.786,570
RAW,556.6,9325,9381,2.791,571
RAW,556.6,9325,9376,2.801,573
RAW,556.9,9324,9376,2.781,569
RAW,556.9,9332,9382,2.786,570
RAW,556.9,9329,9381,2.796,572
RAW,557.2,9342,9386,2.791,571
RAW,557.2,9333,9386,2.820,577
RAW,557.2,9324,9380,2.820,577
RAW,557.5,9328,9382,2.791,571
RAW,557.5,9329,9388,2.820,577
RAW,557.5,9332,9387,2.815,576
RAW,557.8,9326,9380,2.791,571
RAW,557.8,9334,9384,2.796,572
RAW,557.8,9333,9384,2.781,569
RAW,558.1,9317,9367,2.805,574
RAW,558.1,9326,9375,2.791,571
RAW,558.1,9317,9383,2.835,580
RAW,558.4,9301,9352,2.835,580
RAW,558.4,9299,9364,2.835,580
RAW,558.4,9308,9362,2.820,577
RAW,558.7,9293,9353,2.805,574
RAW,558.7,9288,9353,2.835,580
RAW,558.7,9292,9356,2.913,596
RAW,559.0,9281,9350,2.898,593
RAW,559.0,9282,9351,2.933,600
RAW,559.0,9286,9351,2.933,600
RAW,559.3,9278,9344,2.942,602
RAW,559.3,9283,9341,2.967,607
RAW,559.3,9276,9349,2.967,607
RAW,559.7,9276,9336,2.928,599
RAW,559.7,9273,9342,2.933,600
RAW,559.7,9277,9344,2.835,580
RAW,560.0,9267,9326,2.928,599
RAW,560.0,9263,9331,2.835,580
RAW,560.0,9263,9337,2.805,574
RAW,560.3,9262,9327,2.835,580
RAW,560.3,9262,9330,2.815,576
RAW,560.3,9259,9328,2.801,573
RAW,560.6,9261,9328,2.796,572
RAW,560.6,9264,9330,2.815,576
RAW,560.6,9267,9325,2.835,580
RAW,560.9,9258,9325,2.791,571
RAW,560.9,9253,9326,2.796,572
RAW,560.9,9260,9325,2.869,587
RAW,561.2,9251,9317,2.820,577
RAW,561.2,9251,9321,2.884,590
RAW,561.2,9257,9324,2.933,600
RAW,561.5,9247,9318,2.928,599
RAW,561.5,9242,9314,2.942,602
RAW,561.5,9246,9312,2.928,599
RAW,561.8,9238,9317,2.908,595
RAW,561.8,9248,9320,2.913,596
RAW,561.8,9239,9311,2.830,579
RAW,562.1,9248,9320,2.864,586
RAW,562.1,9246,9319,2.801,573
RAW,562.4,9234,9308,2.869,587
RAW,562.4,9230,9305,2.854,584
RAW,562.4,9246,9308,2.830,579
RAW,562.7,9243,9307,2.801,573
RAW,562.7,9238,9313,2.791,571
RAW,562.7,9232,9315,2.786,570
RAW,563.0,9240,9316,2.791,571
RAW,563.0,9237,9310,2.786,570
RAW,563.0,9237,9316,2.781,569
RAW,563.3,9242,9314,2.810,575
RAW,563.3,9243,9310,2.810,575
RAW,563.3,9245,9315,2.810,575
RAW,563.6,9242,9304,2.810,575
RAW,563.6,9238,9311,2.796,572
RAW,563.6,9247,9310,2.810,575
RAW,563.9,9247,9314,2.776,568
RAW,563.9,9245,9306,2.791,571
RAW,563.9,9244,9308,2.791,571
RAW,564.2,9260,9312,2.781,569
RAW,564.2,9249,9319,2.796,572
RAW,564.2,9247,9311,2.835,580
RAW,564.5,9248,9312,2.840,581
RAW,564.5,9254,9315,2.840,581
RAW,564.5,9254,9309,2.810,575
RAW,564.8,9260,9312,2.791,571
RAW,564.8,9253,9313,2.791,571
RAW,564.8,9254,9314,2.786,570
RAW,565.1,9257,9314,2.820,577
RAW,565.1,9255,9323,2.776,568
RAW,565.1,9255,9319,2.786,570
RAW,565.4,9263,9317,2.810,575
RAW,565.4,9261,9317,2.796,572
RAW,565.4,9253,9325,2.874,588
RAW,565.7,9262,9320,2.786,570
RAW,565.7,9258,9323,2.869,587
RAW,565.7,9260,9319,2.913,596
RAW,566.0,9256,9320,2.879,589
RAW,566.0,9264,9318,2.923,598
RAW,566.0,9255,9318,2.933,600
RAW,566.3,9266,9328,2.952,604
RAW,566.3,9265,9322,2.952,604
RAW,566.3,9257,9323,2.947,603
RAW,566.6,9263,9330,2.937,601
RAW,566.6,9272,9326,2.957,605
RAW,566.6,9272,9325,2.859,585
RAW,567.0,9271,9331,2.947,603
RAW,567.0,9271,9330,2.815,576
RAW,567.0,9276,9333,2.796,572
RAW,567.2,9271,9322,2.825,578
RAW,567.2,9268,9323,2.830,579
RAW,567.2,9271,9331,2.859,585
RAW,567.5,9254,9311,2.835,580
RAW,567.5,9263,9323,2.845,582
RAW,567.5,9263,9323,2.805,574
RAW,567.9,9241,9305,2.796,572
RAW,567.9,9245,9304,2.796,572
RAW,567.9,9246,9308,2.869,587
RAW,568.2,9232,9297,2.840,581
RAW,568.2,9231,9299,2.937,601
RAW,568.2,9239,9305,2.893,592
RAW,568.5,9231,9302,2.913,596
RAW,568.5,9224,9302,2.933,600
RAW,568.5,9234,9296,2.933,600
RAW,568.8,9222,9285,2.903,594
RAW,568.8,9212,9291,2.913,596
RAW,568.8,9223,9288,2.835,580
RAW,569.1,9221,9295,2.830,579
RAW,569.1,9222,9290,2.796,572
RAW,569.4,9227,9301,2.840,581
RAW,569.4,9221,9297,2.884,590
RAW,569.4,9226,9294,2.820,577
RAW,569.7,9225,9290,2.830,579
RAW,569.7,9230,9291,2.820,577
RAW,569.7,9224,9289,2.835,580
RAW,570.0,9225,9283,2.796,572
RAW,570.0,9217,9280,2.781,569
RAW,570.0,9214,9282,2.820,577
RAW,570.3,9225,9292,2.805,574
RAW,570.3,9227,9298,2.815,576
RAW,570.3,9229,9286,2.840,581
RAW,570.6,9229,9291,2.835,580
RAW,570.6,9234,9292,2.830,579
RAW,570.6,9223,9293,2.830,579
RAW,570.9,9230,9293,2.786,570
RAW,570.9,9223,9294,2.786,570
RAW,570.9,9227,9292,2.781,569
RAW,571.2,9228,9296,2.805,574
RAW,571.2,9233,9294,2.796,572
RAW,571.2,9232,9294,2.776,568
RAW,571.5,9234,9298,2.810,575
RAW,571.5,9232,9295,2.815,576
RAW,571.5,9229,9301,2.810,575
RAW,571.8,9230,9301,2.791,571
RAW,571.8,9230,9306,2.805,574
RAW,571.8,9231,9301,2.791,571
RAW,572.1,9228,9302,2.791,571
RAW,572.1,9232,9298,2.791,571
RAW,572.1,9236,9291,2.801,573
RAW,572.4,9245,9305,2.796,572
RAW,572.4,9238,9308,2.815,576
RAW,572.4,9236,9296,2.903,594
RAW,572.7,9249,9306,2.815,576
RAW,572.7,9246,9307,2.898,593
RAW,572.7,9243,9305,2.977,609
RAW,573.0,9249,9304,2.884,590
RAW,573.0,9247,9302,2.913,596
RAW,573.0,9240,9299,2.942,602
RAW,573.3,9248,9304,2.923,598
RAW,573.3,9245,9303,2.957,605
RAW,573.3,9243,9300,2.972,608
RAW,573.6,9249,9306,3.045,623
RAW,573.6,9254,9307,2.991,612
RAW,573.6,9254,9307,2.869,587
RAW,573.9,9254,9313,2.937,601
RAW,573.9,9250,9313,2.825,578
RAW,573.9,9253,9300,2.810,575
RAW,574.2,9269,9309,2.835,580
RAW,574.2,9260,9314,2.810,575
RAW,574.2,9263,9307,2.796,572
RAW,574.5,9259,9307,2.840,581
RAW,574.5,9263,9311,2.835,580
RAW,574.5,9255,9313,2.835,580
RAW,574.8,9260,9307,2.801,573
RAW,574.8,9262,9310,2.786,570
RAW,574.8,9258,9308,2.874,588
RAW,575.2,9253,9305,2.825,578
RAW,575.2,9248,9309,2.893,592
RAW,575.2,9252,9302,2.903,594
RAW,575.5,9251,9306,2.913,596
RAW,575.5,9251,9307,2.923,598
RAW,575.5,9246,9303,2.918,597
RAW,575.8,9255,9306,2.933,600
RAW,575.8,9252,9315,2.947,603
RAW,575.8,9256,9309,2.869,587
RAW,576.1,9259,9301,2.874,588
RAW,576.1,9254,9311,2.815,576
RAW,576.1,9252,9309,2.791,571
RAW,576.4,9249,9307,2.835,580
RAW,576.4,9249,9306,2.840,581
RAW,576.4,9257,9309,2.830,579
RAW,576.7,9240,9299,2.835,580
RAW,576.7,9248,9297,2.825,578
RAW,576.7,9243,9303,2.815,576
RAW,577.0,9229,9293,2.791,571
RAW,577.0,9237,9292,2.796,572
RAW,577.0,9238,9291,2.796,572
RAW,577.3,9225,9285,2.805,574
RAW,577.3,9224,9284,2.791,571
RAW,577.3,9220,9290,2.781,569
RAW,577.6,9208,9274,2.805,574
RAW,577.6,9220,9282,2.820,577
RAW,577.6,9222,9281,2.801,573
RAW,577.9,9210,9270,2.781,569
RAW,577.9,9212,9275,2.781,569
RAW,577.9,9209,9276,2.801,573
RAW,578.2,9201,9275,2.791,571
RAW,578.2,9207,9278,2.796,572
RAW,578.2,9211,9271,2.776,568
RAW,578.5,9208,9268,2.801,573
RAW,578.5,9213,9277,2.810,575
RAW,578.5,9209,9276,2.791,571
RAW,578.8,9206,9277,2.815,576
RAW,578.8,9210,9270,2.825,578
RAW,578.8,9204,9275,2.849,583
RAW,579.1,9214,9281,2.791,571
RAW,579.1,9208,9280,2.796,572
RAW,579.1,9210,9275,2.835,580
RAW,579.4,9209,9275,2.801,573
RAW,579.4,9213,9270,2.840,581
RAW,579.4,9210,9279,2.947,603
RAW,579.7,9210,9278,2.859,585
RAW,579.7,9215,9278,2.918,597
RAW,579.7,9208,9283,2.952,604
RAW,580.0,9213,9267,2.903,594
RAW,580.0,9216,9278,2.937,601
RAW,580.0,9216,9272,2.933,600
RAW,580.3,9217,9276,2.947,603
RAW,580.3,9210,9274,2.937,601
RAW,580.3,9215,9271,2.913,596
RAW,580.6,9216,9278,2.962,606
RAW,580.6,9214,9278,2.913,596
RAW,580.6,9212,9271,2.845,582
RAW,580.9,9217,9276,2.869,587
RAW,580.9,9217,9276,2.825,578
RAW,580.9,9219,9277,2.801,573
RAW,581.2,9227,9276,2.796,572
RAW,581.2,9224,9285,2.801,573
RAW,581.2,9220,9278,2.801,573
RAW,581.5,9219,9280,2.830,579
RAW,581.5,9218,9281,2.835,580
RAW,581.5,9220,9279,2.840,581
RAW,581.8,9223,9282,2.815,576
RAW,581.8,9218,9285,2.884,590
RAW,581.8,9215,9277,2.937,601
RAW,582.2,9229,9286,2.864,586
RAW,582.2,9223,9281,2.913,596
RAW,582.2,9228,9281,2.903,594
RAW,582.5,9222,9280,2.903,594
RAW,582.5,9226,9280,2.942,602
RAW,582.5,9231,9280,2.942,602
RAW,582.8,9229,9285,2.928,599
RAW,582.8,9226,9283,2.874,588
RAW,582.8,9230,9287,2.835,580
RAW,583.1,9226,9281,2.830,579
RAW,583.1,9232,9291,2.796,572
RAW,583.1,9224,9281,2.801,573
RAW,583.4,9234,9284,2.796,572
RAW,583.4,9236,9280,2.796,572
RAW,583.4,9233,9286,2.781,569
RAW,583.7,9235,9285,2.840,581
RAW,583.7,9230,9287,2.801,573
RAW,583.7,9232,9288,2.815,576
RAW,584.0,9238,9288,2.796,572
RAW,584.0,9238,9292,2.796,572
RAW,584.0,9236,9283,2.796,572
RAW,584.3,9244,9295,2.786,570
RAW,584.3,9244,9296,2.791,571
RAW,584.3,9238,9290,2.791,571
RAW,584.6,9247,9295,2.830,579
RAW,584.6,9245,9289,2.835,580
RAW,584.6,9250,9292,2.791,571
RAW,584.9,9255,9300,2.820,577
RAW,584.9,9251,9298,2.830,579
RAW,584.9,9253,9296,2.835,580
RAW,585.2,9252,9291,2.796,572
RAW,585.2,9252,9303,2.801,573
RAW,585.2,9254,9302,2.796,572
RAW,585.5,9252,9294,2.835,580
RAW,585.5,9254,9290,2.835,580
RAW,585.5,9255,9301,2.815,576
RAW,585.8,9243,9285,2.820,577
RAW,585.8,9244,9292,2.815,576
RAW,585.8,9245,9290,2.835,580
RAW,586.1,9226,9282,2.771,567
RAW,586.1,9232,9283,2.791,571
RAW,586.1,9235,9286,2.854,584
RAW,586.4,9226,9278,2.796,572
RAW,586.4,9228,9277,2.869,587
RAW,586.4,9221,9283,2.913,596
RAW,586.7,9222,9282,2.928,599
RAW,586.7,9224,9282,2.942,602
RAW,586.7,9225,9275,2.986,611
RAW,587.0,9216,9275,2.923,598
RAW,587.0,9222,9282,2.933,600
RAW,587.0,9218,9273,2.933,600
RAW,587.3,9214,9274,2.928,599
RAW,587.3,9212,9276,2.937,601
RAW,587.3,9219,9277,2.835,580
RAW,587.6,9215,9274,2.967,607
RAW,587.6,9221,9272,2.859,585
RAW,587.6,9218,9277,2.801,573
RAW,587.9,9219,9282,2.835,580
RAW,587.9,9217,9267,2.845,582
RAW,587.9,9214,9277,2.854,584
RAW,588.2,9224,9279,2.786,570
RAW,588.2,9220,9284,2.796,572
RAW,588.2,9221,9276,2.796,572
RAW,588.5,9221,9279,2.840,581
RAW,588.5,9220,9277,2.835,580
RAW,588.5,9228,9274,2.913,596
RAW,588.8,9231,9282,2.815,576
RAW,588.8,9230,9278,2.913,596
RAW,588.8,9233,9279,2.933,600
RAW,589.2,9229,9282,2.884,590
RAW,589.2,9228,9276,2.908,595
RAW,589.2,9225,9280,2.923,598
RAW,589.5,9228,9280,2.933,600
RAW,589.5,9227,9279,2.898,593
RAW,589.5,9225,9280,2.820,577
RAW,589.8,9230,9279,2.854,584
RAW,589.8,9233,9275,2.820,577
RAW,590.1,9240,9284,2.820,577
RAW,590.1,9240,9287,2.810,575
RAW,590.1,9235,9278,2.825,578
RAW,590.4,9235,9285,2.796,572
RAW,590.4,9238,9280,2.801,573
RAW,590.4,9244,9290,2.791,571
RAW,590.7,9245,9285,2.835,580
RAW,590.7,9238,9281,2.815,576
RAW,590.7,9240,9279,2.796,572
RAW,591.0,9232,9277,2.805,574
RAW,591.0,9235,9276,2.835,580
RAW,591.0,9233,9281,2.845,582
RAW,591.3,9231,9275,2.815,576
RAW,591.3,9234,9277,2.805,574
RAW,591.3,9240,9280,2.791,571
RAW,591.6,9225,9276,2.825,578
RAW,591.6,9232,9274,2.805,574
RAW,591.6,9229,9271,2.815,576
RAW,591.9,9225,9272,2.830,579
RAW,591.9,9226,9272,2.820,577
RAW,591.9,9226,9276,2.830,579
RAW,592.2,9213,9266,2.796,572
RAW,592.2,9227,9276,2.786,570
RAW,592.2,9234,9272,2.791,571
RAW,592.5,9224,9273,2.757,564
RAW,592.5,9223,9264,2.781,569
RAW,592.5,9221,9263,2.791,571
RAW,592.8,9227,9271,2.835,580
RAW,592.8,9227,9267,2.815,576
RAW,592.8,9225,9270,2.825,578
RAW,593.1,9225,9268,2.786,570
RAW,593.1,9219,9276,2.796,572
RAW,593.1,9224,9272,2.874,588
RAW,593.4,9230,9280,2.791,571
RAW,593.4,9232,9272,2.874,588
RAW,593.4,9232,9272,2.913,596
RAW,593.7,9238,9282,2.908,595
RAW,593.7,9232,9282,2.937,601
RAW,593.7,9232,9279,2.928,599
RAW,594.0,9241,9280,2.947,603
RAW,594.0,9244,9284,2.986,611
RAW,594.0,9236,9288,2.991,612
RAW,594.3,9237,9284,2.933,600
RAW,594.3,9238,9283,2.952,604
RAW,594.3,9239,9276,2.835,580
RAW,594.6,9230,9270,2.962,606
RAW,594.6,9234,9279,2.854,584
RAW,594.6,9238,9275,2.840,581
RAW,594.9,9229,9276,2.859,585
RAW,594.9,9233,9276,2.835,580
RAW,594.9,9231,9277,2.849,583
RAW,595.2,9215,9264,2.796,572
RAW,595.2,9216,9261,2.796,572
RAW,595.2,9226,9262,2.801,573
RAW,595.5,9212,9272,2.796,572
RAW,595.5,9219,9260,2.801,573
RAW,595.5,9221,9264,2.884,590
RAW,595.8,9215,9264,2.796,572
RAW,595.8,9206,9263,2.893,592
RAW,595.8,9217,9262,2.923,598
RAW,596.1,9210,9261,2.889,591
RAW,596.1,9214,9265,2.903,594
RAW,596.1,9215,9266,2.893,592
RAW,596.5,9210,9257,2.903,594
RAW,596.5,9205,9257,2.898,593
RAW,596.5,9210,9256,2.825,578
RAW,596.7,9204,9258,2.864,586
RAW,596.7,9209,9260,2.820,577
RAW,597.0,9213,9259,2.869,587
RAW,597.0,9210,9264,2.835,580
RAW,597.0,9206,9261,2.845,582
RAW,597.4,9212,9262,2.786,570
RAW,597.4,9211,9262,2.815,576
RAW,597.4,9210,9258,2.796,572
RAW,597.7,9212,9259,2.840,581
RAW,597.7,9219,9262,2.825,578
RAW,597.7,9212,9258,2.805,574
RAW,598.0,9214,9264,2.810,575
RAW,598.0,9215,9264,2.810,575
RAW,598.0,9213,9256,2.835,580
RAW,598.3,9215,9263,2.776,568
RAW,598.3,9216,9270,2.796,572
RAW,598.3,9217,9263,2.805,574
RAW,598.6,9217,9269,2.776,568
RAW,598.6,9213,9263,2.796,572
RAW,598.6,9218,9257,2.786,570
RAW,598.9,9222,9261,2.810,575
RAW,598.9,9218,9261,2.825,578
RAW,598.9,9218,9256,2.727,558
RAW,599.2,9211,9261,2.776,568
RAW,599.2,9214,9260,2.781,569
RAW,599.2,9209,9262,2.830,579
RAW,599.5,9216,9256,2.771,567
RAW,599.5,9218,9264,2.791,571
RAW,599.5,9213,9259,2.796,572
RAW,599.8,9223,9268,2.815,576
RAW,599.8,9224,9256,2.796,572
RAW,599.8,9216,9263,2.815,576

=== PEAK ANALYSIS RESULTS ===
IR Peaks Count: 462
IR Avg Peak Position: 1506.56
==============================


------------------------------------------
PHASE 2 (600-1200 tenths of seconds): Processed BPM/SpO2 data
Format: PROC,Time_0.1s,BPM,SpO2,GSR_V,GSR_raw
------------------------------------------
PROC,605.6,0,0,2.830,579
PROC,606.8,0,0,2.820,577
PROC,607.9,0,0,2.889,591
PROC,609.1,0,0,2.874,588
PROC,610.2,0,0,2.820,577
PROC,611.4,0,0,2.874,588
PROC,612.6,0,0,2.791,571
PROC,613.7,0,0,2.835,580
PROC,614.9,0,0,2.805,574
PROC,616.0,0,0,2.889,591
PROC,617.2,0,0,2.903,594
PROC,618.3,0,0,2.835,580
PROC,619.5,0,0,2.835,580
PROC,620.7,0,0,2.781,569
PROC,621.8,0,0,2.859,585
PROC,623.0,0,0,2.815,576
PROC,624.1,0,0,2.874,588
PROC,625.3,0,0,2.923,598
PROC,626.4,0,0,2.791,571
PROC,627.6,0,0,2.805,574
PROC,628.7,0,0,2.776,568
PROC,629.9,0,0,2.879,589
PROC,631.1,0,0,2.830,579
PROC,632.2,0,0,2.835,580
PROC,633.4,0,0,2.918,597
PROC,634.5,0,0,2.771,567
PROC,635.7,0,0,2.835,580
PROC,636.8,0,0,2.810,575
PROC,638.0,0,0,2.893,592
PROC,639.2,0,0,2.776,568
PROC,640.3,0,0,2.815,576
PROC,641.5,0,0,2.981,610
PROC,642.6,0,0,2.791,571
PROC,643.8,0,0,2.830,579
PROC,645.0,0,0,2.791,571
PROC,646.1,0,0,2.874,588
PROC,647.3,0,0,2.893,592
PROC,648.4,0,0,2.835,580
PROC,649.6,0,0,2.869,587
PROC,650.7,0,0,2.786,570
PROC,651.9,0,0,2.830,579
PROC,653.0,0,0,2.810,575
PROC,654.2,0,0,2.913,596
PROC,655.3,0,0,2.869,587
PROC,656.5,0,0,2.786,570
PROC,657.7,0,0,2.820,577
PROC,658.8,0,0,2.796,572
PROC,660.0,0,0,2.884,590
PROC,661.1,0,0,2.835,580
PROC,662.3,0,0,2.820,577
PROC,663.5,0,0,2.937,601
PROC,664.6,0,0,2.786,570
PROC,665.8,0,0,2.840,581
PROC,666.9,0,0,2.796,572
PROC,668.1,0,0,2.879,589
PROC,669.2,0,0,2.786,570
PROC,670.4,0,0,2.815,576
PROC,671.5,0,0,2.967,607
PROC,672.7,0,0,2.805,574
PROC,673.9,0,0,2.825,578
PROC,675.0,0,0,2.815,576
PROC,676.2,0,0,2.913,596
PROC,677.3,0,0,2.874,588
PROC,678.5,0,0,2.830,579
PROC,679.6,0,0,2.869,587
PROC,680.8,0,0,2.776,568
PROC,682.0,0,0,2.810,575
PROC,683.1,0,0,2.805,574
PROC,684.3,0,0,2.933,600
PROC,685.4,0,0,2.923,598
PROC,686.6,0,0,2.805,574
PROC,687.7,0,0,2.859,585
PROC,688.9,0,0,2.825,578
PROC,690.0,0,0,2.889,591
PROC,691.2,0,0,2.796,572
PROC,692.4,0,0,2.840,581
PROC,693.5,0,0,2.918,597
PROC,694.7,0,0,2.786,570
PROC,695.8,0,0,2.830,579
PROC,697.0,0,0,2.796,572
PROC,698.2,0,0,2.884,590
PROC,699.3,0,0,2.791,571
PROC,700.5,0,0,2.805,574
PROC,701.6,0,0,2.962,606
PROC,702.8,0,0,2.776,568
PROC,703.9,0,0,2.796,572
PROC,705.1,0,0,2.820,577
PROC,706.2,0,0,2.937,601
PROC,707.4,0,0,2.859,585
PROC,708.5,0,0,2.810,575
PROC,709.7,0,0,2.962,606
PROC,710.9,0,0,2.781,569
PROC,712.0,0,0,2.781,569
PROC,713.2,0,0,2.835,580
PROC,714.3,0,0,2.933,600
PROC,715.5,0,0,2.898,593
PROC,716.7,0,0,2.791,571
PROC,717.8,0,0,2.849,583
PROC,719.0,0,0,2.845,582
PROC,720.1,0,0,2.854,584
PROC,721.3,0,0,2.796,572
PROC,722.4,0,0,2.864,586
PROC,723.6,0,0,2.952,604
PROC,724.7,0,0,2.796,572
PROC,725.9,0,0,2.820,577
PROC,727.1,0,0,2.801,573
PROC,728.2,0,0,2.889,591
PROC,729.4,0,0,2.801,573
PROC,730.5,0,0,2.849,583
PROC,731.7,0,0,2.952,604
PROC,732.8,0,0,2.781,569
PROC,734.0,0,0,2.776,568
PROC,735.2,0,0,2.810,575
PROC,736.3,0,0,2.947,603
PROC,737.5,0,0,2.781,569
PROC,738.6,0,0,2.820,577
PROC,739.8,0,0,2.967,607
PROC,740.9,0,0,2.791,571
PROC,742.1,0,0,2.796,572
PROC,743.2,0,0,2.840,581
PROC,744.4,0,0,2.937,601
PROC,745.6,0,0,2.854,584
PROC,746.7,0,0,2.791,571
PROC,747.9,0,0,2.957,605
PROC,749.0,0,0,2.791,571
PROC,750.2,0,0,2.796,572
PROC,751.3,0,0,2.791,571
PROC,752.5,0,0,2.937,601
PROC,753.7,0,0,2.942,602
PROC,754.8,0,0,2.835,580
PROC,756.0,0,0,2.864,586
PROC,757.1,0,0,2.796,572
PROC,758.3,0,0,2.835,580
PROC,759.4,0,0,2.791,571
PROC,760.6,0,0,3.030,620
PROC,761.7,0,0,2.947,603
PROC,762.9,0,0,2.786,570
PROC,764.1,0,0,2.810,575
PROC,765.2,0,0,2.815,576
PROC,766.4,0,0,2.898,593
PROC,767.5,0,0,2.781,569
PROC,768.7,0,0,2.830,579
PROC,769.8,0,0,2.962,606
PROC,771.0,0,0,2.854,584
PROC,772.2,0,0,2.810,575
PROC,773.3,0,0,2.815,576
PROC,774.5,0,0,2.913,596
PROC,775.6,0,0,2.781,569
PROC,776.8,0,0,2.825,578
PROC,777.9,0,0,2.986,611
PROC,779.1,0,0,2.791,571
PROC,780.2,0,0,2.796,572
PROC,781.4,0,0,2.786,570
PROC,782.6,0,0,2.923,598
PROC,783.7,0,0,2.815,576
PROC,784.9,0,0,2.791,571
PROC,786.0,0,0,2.913,596
PROC,787.2,0,0,2.815,576
PROC,788.3,0,0,2.801,573
PROC,789.5,0,0,2.810,575
PROC,790.7,0,0,2.952,604
PROC,791.8,0,0,2.820,577
PROC,793.0,0,0,2.781,569
PROC,794.1,0,0,2.918,597
PROC,795.3,0,0,2.810,575
PROC,796.4,0,0,2.786,570
PROC,797.6,0,0,2.761,565
PROC,798.7,0,0,2.898,593
PROC,799.9,0,0,2.923,598
PROC,801.1,0,0,2.835,580
PROC,802.2,0,0,2.830,579
PROC,803.4,0,0,2.815,576
PROC,804.5,0,0,2.874,588
PROC,805.7,0,0,2.771,567
PROC,806.8,0,0,2.815,576
PROC,808.0,0,0,2.952,604
PROC,809.2,0,0,2.825,578
PROC,810.3,0,0,2.791,571
PROC,811.5,0,0,2.776,568
PROC,812.6,0,0,2.913,596
PROC,813.8,0,0,2.830,579
PROC,814.9,0,0,2.796,572
PROC,816.1,0,0,2.928,599
PROC,817.3,0,0,2.825,578
PROC,818.4,0,0,2.825,578
PROC,819.6,0,0,2.796,572
PROC,820.7,0,0,2.913,596
PROC,821.9,0,0,2.801,573
PROC,823.0,0,0,2.776,568
PROC,824.2,0,0,2.928,599
PROC,825.3,0,0,2.835,580
PROC,826.5,0,0,2.791,571
PROC,827.7,0,0,2.786,570
PROC,828.8,0,0,2.893,592
PROC,830.0,0,0,2.928,599
PROC,831.1,0,0,2.820,577
PROC,832.3,0,0,2.840,581
PROC,833.5,0,0,2.771,567
PROC,834.6,0,0,2.859,585
PROC,835.8,0,0,2.786,570
PROC,836.9,0,0,2.840,581
PROC,838.1,0,0,2.977,609
PROC,839.2,0,0,2.796,572
PROC,840.4,0,0,2.776,568
PROC,841.5,0,0,2.796,572
PROC,842.7,0,0,2.903,594
PROC,843.9,0,0,2.805,574
PROC,845.0,0,0,2.805,574
PROC,846.2,0,0,2.923,598
PROC,847.3,0,0,2.801,573
PROC,848.5,0,0,2.845,582
PROC,849.6,0,0,2.776,568
PROC,850.8,0,0,2.918,597
PROC,852.0,0,0,2.805,574
PROC,853.1,0,0,2.791,571
PROC,854.3,0,0,2.913,596
PROC,855.4,0,0,2.835,580
PROC,856.6,0,0,2.801,573
PROC,857.7,0,0,2.761,565
PROC,858.9,0,0,2.898,593
PROC,860.0,0,0,2.928,599
PROC,861.2,0,0,2.825,578
PROC,862.4,0,0,2.835,580
PROC,863.5,0,0,2.796,572
PROC,864.7,0,0,2.845,582
PROC,865.8,0,0,2.781,569
PROC,867.0,0,0,2.835,580
PROC,868.2,0,0,2.962,606
PROC,869.3,0,0,2.820,577
PROC,870.5,0,0,2.786,570
PROC,871.6,0,0,2.786,570
PROC,872.8,0,0,2.928,599
PROC,873.9,0,0,2.815,576
PROC,875.1,0,0,2.796,572
PROC,876.2,0,0,2.942,602
PROC,877.4,0,0,2.801,573
PROC,878.6,0,0,2.815,576
PROC,879.7,0,0,2.791,571
PROC,880.9,0,0,2.918,597
PROC,882.0,0,0,2.815,576
PROC,883.2,0,0,2.786,570
PROC,884.3,0,0,2.933,600
PROC,885.5,0,0,2.810,575
PROC,886.7,0,0,2.796,572
PROC,887.8,0,0,2.791,571
PROC,889.0,0,0,2.913,596
PROC,890.1,0,0,2.913,596
PROC,891.3,0,0,2.835,580
PROC,892.4,0,0,2.859,585
PROC,893.6,0,0,2.810,575
PROC,894.7,0,0,2.859,585
PROC,895.9,0,0,2.776,568
PROC,897.1,0,0,2.889,591
PROC,898.2,0,0,2.972,608
PROC,899.4,0,0,2.805,574
PROC,900.5,0,0,2.801,573
PROC,901.7,0,0,2.781,569
PROC,902.8,0,0,2.908,595
PROC,904.0,0,0,2.820,577
PROC,905.2,0,0,2.810,575
PROC,906.3,0,0,2.874,588
PROC,907.5,0,0,2.801,573
PROC,908.6,0,0,2.791,571
PROC,909.8,0,0,2.781,569
PROC,910.9,0,0,2.928,599
PROC,912.1,0,0,2.810,575
PROC,913.2,0,0,2.801,573
PROC,914.4,0,0,2.933,600
PROC,915.6,0,0,2.810,575
PROC,916.7,0,0,2.810,575
PROC,917.9,0,0,2.781,569
PROC,919.0,0,0,2.903,594
PROC,920.2,0,0,2.835,580
PROC,921.3,0,0,2.830,579
PROC,922.5,0,0,2.918,597
PROC,923.7,0,0,2.830,579
PROC,924.8,0,0,2.825,578
PROC,926.0,0,0,2.776,568
PROC,927.1,0,0,2.796,572
PROC,928.3,0,0,2.913,596
PROC,929.4,0,0,2.815,576
PROC,930.6,0,0,2.874,588
PROC,931.8,0,0,2.781,569
PROC,932.9,0,0,2.835,580
PROC,934.1,0,0,2.825,578
PROC,935.2,0,0,2.903,594
PROC,936.4,0,0,2.952,604
PROC,937.5,0,0,2.786,570
PROC,938.7,0,0,2.815,576
PROC,939.8,0,0,2.781,569
PROC,941.0,0,0,2.937,601
PROC,942.2,0,0,2.810,575
PROC,943.3,0,0,2.820,577
PROC,944.5,0,0,2.933,600
PROC,945.6,0,0,2.825,578
PROC,946.8,0,0,2.854,584
PROC,948.0,0,0,2.771,567
PROC,949.1,0,0,3.069,628
PROC,950.3,0,0,2.796,572
PROC,951.4,0,0,2.796,572
PROC,952.6,0,0,2.928,599
PROC,953.7,0,0,2.835,580
PROC,954.9,0,0,2.820,577
PROC,956.0,0,0,2.791,571
PROC,957.2,0,0,2.903,594
PROC,958.4,0,0,2.805,574
PROC,959.5,0,0,2.854,584
PROC,960.7,0,0,2.923,598
PROC,961.8,0,0,2.786,570
PROC,963.0,0,0,2.810,575
PROC,964.1,0,0,2.781,569
PROC,965.3,0,0,2.903,594
PROC,966.5,0,0,2.933,600
PROC,967.6,0,0,2.801,573
PROC,968.8,0,0,2.825,578
PROC,969.9,0,0,2.781,569
PROC,971.1,0,0,2.849,583
PROC,972.2,0,0,2.835,580
PROC,973.4,0,0,2.893,592
PROC,974.5,0,0,2.923,598
PROC,975.7,0,0,2.849,583
PROC,976.9,0,0,2.810,575
PROC,978.0,0,0,2.786,570
PROC,979.2,0,0,2.928,599
PROC,980.3,0,0,2.825,578
PROC,981.5,0,0,2.830,579
PROC,982.6,0,0,2.928,599
PROC,983.8,0,0,2.820,577
PROC,985.0,0,0,2.830,579
PROC,986.1,0,0,2.776,568
PROC,987.3,0,0,2.893,592
PROC,988.4,0,0,2.801,573
PROC,989.6,0,0,2.815,576
PROC,990.7,0,0,2.957,605
PROC,991.9,0,0,2.830,579
PROC,993.0,0,0,2.820,577
PROC,994.2,0,0,2.796,572
PROC,995.4,0,0,2.908,595
PROC,996.5,0,0,2.820,577
PROC,997.7,0,0,2.835,580
PROC,998.8,0,0,2.933,600
PROC,1000.0,0,0,2.796,572
PROC,1001.2,0,0,2.835,580
PROC,1002.3,0,0,2.796,572
PROC,1003.5,0,0,2.903,594
PROC,1004.6,0,0,2.937,601
PROC,1005.8,0,0,2.810,575
PROC,1006.9,0,0,2.820,577
PROC,1008.1,0,0,2.781,569
PROC,1009.2,0,0,2.913,596
PROC,1010.4,0,0,2.835,580
PROC,1011.6,0,0,2.820,577
PROC,1012.7,0,0,2.928,599
PROC,1013.9,0,0,2.801,573
PROC,1015.0,0,0,2.796,572
PROC,1016.2,0,0,2.791,571
PROC,1017.3,0,0,2.947,603
PROC,1018.5,0,0,2.825,578
PROC,1019.7,0,0,2.796,572
PROC,1020.8,0,0,2.937,601
PROC,1022.0,0,0,2.815,576
PROC,1023.1,0,0,2.840,581
PROC,1024.3,0,0,2.786,570
PROC,1025.4,0,0,2.923,598
PROC,1026.6,0,0,2.933,600
PROC,1027.7,0,0,2.791,571
PROC,1028.9,0,0,2.815,576
PROC,1030.1,0,0,2.845,582
PROC,1031.2,0,0,2.884,590
PROC,1032.4,0,0,2.776,568
PROC,1033.5,0,0,2.801,573
PROC,1034.7,0,0,2.957,605
PROC,1035.8,0,0,2.830,579
PROC,1037.0,0,0,2.796,572
PROC,1038.2,0,0,2.820,577
PROC,1039.3,0,0,2.937,601
PROC,1040.5,0,0,2.796,572
PROC,1041.6,0,0,2.771,567
PROC,1042.8,0,0,2.972,608
PROC,1043.9,0,0,2.815,576
PROC,1045.1,0,0,2.786,570
PROC,1046.3,0,0,2.791,571
PROC,1047.4,0,0,2.942,602
PROC,1048.6,0,0,2.908,595
PROC,1049.7,0,0,2.796,572
PROC,1050.9,0,0,2.859,585
PROC,1052.1,0,0,2.742,561
PROC,1053.2,0,0,2.889,591
PROC,1054.4,0,0,2.796,572
PROC,1055.5,0,0,2.825,578
PROC,1056.7,0,0,2.991,612
PROC,1057.8,0,0,2.791,571
PROC,1059.0,0,0,2.805,574
PROC,1060.2,0,0,2.805,574
PROC,1061.3,0,0,2.908,595
PROC,1062.5,0,0,2.840,581
PROC,1063.6,0,0,2.854,584
PROC,1064.8,0,0,2.903,594
PROC,1065.9,0,0,2.796,572
PROC,1067.1,0,0,2.815,576
PROC,1068.2,0,0,2.815,576
PROC,1069.4,0,0,2.923,598
PROC,1070.6,0,0,2.913,596
PROC,1071.7,0,0,2.810,575
PROC,1072.9,0,0,2.820,577
PROC,1074.0,0,0,2.786,570
PROC,1075.2,0,0,2.889,591
PROC,1076.3,0,0,2.830,579
PROC,1077.5,0,0,2.820,577
PROC,1078.7,0,0,2.933,600
PROC,1079.8,0,0,2.781,569
PROC,1081.0,0,0,2.825,578
PROC,1082.1,0,0,2.825,578
PROC,1083.3,0,0,2.889,591
PROC,1084.4,0,0,2.849,583
PROC,1085.6,0,0,2.830,579
PROC,1086.8,0,0,2.869,587
PROC,1087.9,0,0,2.796,572
PROC,1089.1,0,0,2.874,588
PROC,1090.2,0,0,2.771,567
PROC,1091.4,0,0,2.869,587
PROC,1092.5,0,0,2.928,599
PROC,1093.7,0,0,2.815,576
PROC,1094.8,0,0,2.849,583
PROC,1096.0,0,0,2.810,575
PROC,1097.2,0,0,2.933,600
PROC,1098.3,0,0,2.805,574
PROC,1099.5,0,0,2.796,572
PROC,1100.6,0,0,2.937,601
PROC,1101.8,0,0,2.796,572
PROC,1102.9,0,0,2.791,571
PROC,1104.1,0,0,2.781,569
PROC,1105.3,0,0,2.913,596
PROC,1106.4,0,0,2.864,586
PROC,1107.6,0,0,2.830,579
PROC,1108.7,0,0,2.962,606
PROC,1109.9,0,0,2.810,575
PROC,1111.1,0,0,2.840,581
PROC,1112.2,0,0,2.791,571
PROC,1113.4,0,0,2.908,595
PROC,1114.5,0,0,2.908,595
PROC,1115.7,0,0,2.747,562
PROC,1116.8,0,0,2.937,601
PROC,1118.0,0,0,2.791,571
PROC,1119.1,0,0,2.849,583
PROC,1120.3,0,0,2.835,580
PROC,1121.4,0,0,2.913,596
PROC,1122.6,0,0,2.869,587
PROC,1123.8,0,0,2.830,579
PROC,1124.9,0,0,2.933,600
PROC,1126.1,0,0,2.796,572
PROC,1127.2,0,0,2.835,580
PROC,1128.4,0,0,2.820,577
PROC,1129.5,0,0,2.908,595
PROC,1130.7,0,0,2.898,593
PROC,1131.9,0,0,2.835,580
PROC,1133.0,0,0,2.859,585
PROC,1134.2,0,0,2.796,572
PROC,1135.3,0,0,2.796,572
PROC,1136.5,0,0,2.835,580
PROC,1137.6,0,0,2.937,601
PROC,1138.8,0,0,2.913,596
PROC,1139.9,0,0,2.796,572
PROC,1141.1,0,0,2.849,583
PROC,1142.3,0,0,2.776,568
PROC,1143.4,0,0,2.840,581
PROC,1144.6,0,0,2.835,580
PROC,1145.7,0,0,2.879,589
PROC,1146.9,0,0,2.913,596
PROC,1148.1,0,0,2.796,572
PROC,1149.2,0,0,2.849,583
PROC,1150.4,0,0,2.830,579
PROC,1151.5,0,0,2.874,588
PROC,1152.7,0,0,2.820,577
PROC,1153.8,0,0,2.854,584
PROC,1155.0,0,0,2.933,600
PROC,1156.1,0,0,2.801,573
PROC,1157.3,0,0,2.840,581
PROC,1158.4,0,0,2.810,575
PROC,1159.6,0,0,2.889,591
PROC,1160.8,0,0,2.796,572
PROC,1161.9,0,0,2.835,580
PROC,1163.1,0,0,2.962,606
PROC,1164.2,0,0,2.796,572
PROC,1165.4,0,0,2.810,575
PROC,1166.6,0,0,2.810,575
PROC,1167.7,0,0,2.893,592
PROC,1168.9,0,0,2.781,569
PROC,1170.0,0,0,2.859,585
PROC,1171.2,0,0,2.962,606
PROC,1172.3,0,0,2.781,569
PROC,1173.5,0,0,2.796,572
PROC,1174.6,0,0,2.805,574
PROC,1175.8,0,0,2.947,603
PROC,1176.9,0,0,2.796,572
PROC,1178.1,0,0,2.801,573
PROC,1179.3,0,0,2.972,608
PROC,1180.4,0,0,2.805,574
PROC,1181.6,0,0,2.781,569
PROC,1182.7,0,0,2.835,580
PROC,1183.9,0,0,2.913,596
PROC,1185.1,0,0,2.796,572
PROC,1186.2,0,0,2.796,572
PROC,1187.4,0,0,2.972,608
PROC,1188.5,0,0,2.786,570
PROC,1189.7,0,0,2.791,571
PROC,1190.8,0,0,2.796,572
PROC,1192.0,0,0,2.957,605
PROC,1193.1,0,0,2.884,590
PROC,1194.3,0,0,2.815,576
PROC,1195.4,0,0,2.967,607
PROC,1196.6,0,0,2.898,593
PROC,1197.8,0,0,2.786,570
PROC,1198.9,0,0,2.781,569

==========================================
=== 2-MINUTE DATA COLLECTION COMPLETE ===

Data Summary:
- Minute 1 (0-600 tenths sec): RAW IR/Red values
- Minute 2 (600-1200 tenths sec): Processed BPM/SpO2
- Full 2 minutes: GSR data (0.1s resolution)

Format markers:
  RAW,Time_0.1s,IR,Red,GSR_V,GSR_raw
  PROC,Time_0.1s,BPM,SpO2,GSR_V,GSR_raw

Copy all data above and save to CSV file
Press 's' to run again
