=~=~=~=~=~=~=~=~=~=~=~= PuTTY log 2026.05.02 06:56:58 =~=~=~=~=~=~=~=~=~=~=~=
ets Jul 29 2019 12:21:46

rst:0x1 (POWERON_RESET),boot:0x13 (SPI_FAST_FLASH_BOOT)
configsip: 0, SPIWP:0xee
clk_drv:0x00,q_drv:0x00,d_drv:0x00,cs0_drv:0x00,hd_drv:0x00,wp_drv:0x00
mode:DIO, clock div:1
load:0x3fff0030,len:4876
ho 0 tail 12 room 4
load:0x40078000,len:16560
load:0x40080400,len:3500
entry 0x400805b4
Initializing OLED on Wire1 (SDA=16, SCL=17)...SUCCESS
Initializing MAX30100 for raw data on Wire (SDA=21, SCL=22)...SUCCESS
Initializing PulseOximeter on Wire (SDA=21, SCL=22)...SUCCESS

==========================================
Press 's' to start 2-minute data collection
Minute 1: RAW IR/Red data (0.1s intervals)
Minute 2: Processed BPM/SpO2 data (0.1s intervals)
==========================================

==========================================
=== 2-MINUTE DATA COLLECTION STARTED ===
PHASE 1 (0-600 tenths of seconds): RAW IR/Red data
Format: RAW,Time_0.1s,IR_raw,Red_raw,GSR_V,GSR_raw
------------------------------------------

RAW,73.5,10112,5030,2.972,608
RAW,73.5,10114,5029,2.981,610
RAW,73.5,10112,5032,2.972,608
RAW,73.8,10100,5034,2.977,609
RAW,73.8,10105,5027,2.986,611
RAW,73.8,10113,5028,2.991,612
RAW,74.1,10108,5030,2.981,610
RAW,74.1,10110,5031,2.991,612
RAW,74.1,10114,5027,2.991,612
RAW,74.4,10108,5024,2.977,609
RAW,74.4,10118,5027,2.986,611
RAW,74.4,10112,5032,2.977,609
RAW,74.7,10097,5022,2.991,612
RAW,74.7,10102,5022,3.006,615
RAW,74.7,10106,5027,2.996,613
RAW,75.0,10102,5027,2.981,610
RAW,75.0,10101,5024,2.996,613
RAW,75.0,10105,5028,3.045,623
RAW,75.3,10105,5031,2.981,610
RAW,75.3,10105,5027,3.030,620
RAW,75.3,10097,5020,3.025,619
RAW,75.6,10104,5030,3.025,619
RAW,75.6,10101,5021,3.025,619
RAW,75.6,10100,5019,3.040,622
RAW,75.9,10109,5023,3.050,624
RAW,75.9,10103,5021,3.011,616
RAW,75.9,10100,5028,3.030,620
RAW,76.2,10097,5021,3.035,621
RAW,76.2,10092,5026,3.050,624
RAW,76.2,10098,5024,2.991,612
RAW,76.5,10100,5020,3.035,621
RAW,76.5,10105,5024,2.972,608
RAW,76.5,10102,5024,2.986,611
RAW,76.8,10107,5021,3.011,616
RAW,76.8,10110,5025,2.991,612
RAW,76.8,10104,5023,2.996,613
RAW,77.1,10101,5022,2.991,612
RAW,77.1,10106,5025,2.996,613
RAW,77.1,10107,5020,3.001,614
RAW,77.4,10106,5023,2.986,611
RAW,77.4,10107,5019,2.972,608
RAW,77.4,10100,5019,2.991,612
RAW,77.7,10100,5019,2.972,608
RAW,77.7,10102,5023,2.996,613
RAW,77.7,10100,5013,3.001,614
RAW,78.0,10066,5014,2.996,613
RAW,78.0,10081,5016,3.001,614
RAW,78.0,10085,5014,3.011,616
RAW,78.3,10054,5008,3.035,621
RAW,78.3,10053,5009,3.040,622
RAW,78.3,10065,5009,2.996,613
RAW,78.6,10039,10232,2.977,609
RAW,78.6,10041,10228,2.981,610
RAW,78.9,10013,10218,2.991,612
RAW,78.9,10025,10221,2.986,611
RAW,78.9,10020,10220,2.986,611
RAW,79.2,10002,10209,2.981,610
RAW,79.2,10009,10209,2.986,611
RAW,79.2,10006,10213,2.972,608
RAW,79.5,9996,10197,2.981,610
RAW,79.5,9991,10202,2.981,610
RAW,79.5,10004,10201,2.977,609
RAW,79.8,9988,10199,2.981,610
RAW,79.8,9988,10202,2.977,609
RAW,79.8,9991,10200,2.977,609
RAW,80.1,9979,10198,2.972,608
RAW,80.1,9977,10190,2.977,609
RAW,80.1,9989,10192,2.991,612
RAW,80.4,9974,10188,2.986,611
RAW,80.4,9978,10188,2.996,613
RAW,80.4,9975,10188,3.030,620
RAW,80.7,9978,10186,2.972,608
RAW,80.7,9971,10184,2.972,608
RAW,80.7,9970,10185,2.972,608
RAW,81.1,9958,10184,2.977,609
RAW,81.1,9967,10184,3.001,614
RAW,81.1,9971,10188,2.972,608
RAW,81.4,9952,10177,2.991,612
RAW,81.4,9966,10178,2.986,611
RAW,81.4,9968,10184,2.972,608
RAW,81.7,9961,10177,2.967,607
RAW,81.7,9964,10178,2.981,610
RAW,81.7,9953,10181,2.991,612
RAW,82.0,9955,10176,2.972,608
RAW,82.0,9957,10181,2.981,610
RAW,82.0,9954,10179,2.972,608
RAW,82.3,9957,10171,2.977,609
RAW,82.3,9955,10170,2.977,609
RAW,82.3,9952,10177,3.030,620
RAW,82.6,9947,10173,2.991,612
RAW,82.6,9950,10169,3.035,621
RAW,82.6,9947,10171,3.021,618
RAW,82.9,9944,10170,3.021,618
RAW,82.9,9956,10168,3.035,621
RAW,82.9,9940,10171,3.021,618
RAW,83.2,9945,10170,3.025,619
RAW,83.2,9951,10168,3.030,620
RAW,83.2,9950,10168,3.025,619
RAW,83.5,9946,10168,3.045,623
RAW,83.5,9952,10169,3.030,620
RAW,83.5,9944,10173,2.981,610
RAW,83.8,9960,10163,3.021,618
RAW,83.8,9949,10162,2.972,608
RAW,83.8,9955,10162,2.991,612
RAW,84.1,9955,10162,2.981,610
RAW,84.1,9950,10168,2.972,608
RAW,84.1,9956,10165,2.991,612
RAW,84.4,9949,10163,2.991,612
RAW,84.4,9954,10163,2.991,612
RAW,84.4,9947,10158,2.996,613
RAW,84.7,9950,10163,2.991,612
RAW,84.7,9950,10161,2.991,612
RAW,84.7,9957,10160,3.011,616
RAW,85.0,9953,10153,2.972,608
RAW,85.0,9952,10163,3.011,616
RAW,85.0,9950,10157,3.016,617
RAW,85.3,9945,10152,3.006,615
RAW,85.3,9945,10160,3.011,616
RAW,85.3,9949,10157,3.016,617
RAW,85.6,9948,10157,3.016,617
RAW,85.6,9945,10155,3.016,617
RAW,85.6,9955,10160,3.016,617
RAW,85.9,9932,10139,3.021,618
RAW,85.9,9932,10144,2.977,609
RAW,85.9,9943,10152,2.986,611
RAW,86.2,9907,10126,3.025,619
RAW,86.2,9911,10134,2.977,609
RAW,86.2,9922,10129,2.972,608
RAW,86.5,9885,10131,2.986,611
RAW,86.5,9893,10122,2.996,613
RAW,86.5,9905,10131,2.986,611
RAW,86.8,9887,10119,2.977,609
RAW,86.8,9881,10125,2.991,612
RAW,86.8,9890,10117,2.986,611
RAW,87.1,9862,10108,2.981,610
RAW,87.1,9870,10114,2.967,607
RAW,87.1,9876,10122,2.986,611
RAW,87.4,9862,10110,2.967,607
RAW,87.4,9860,10102,2.981,610
RAW,87.4,9864,10106,2.972,608
RAW,87.7,9846,10104,2.972,608
RAW,87.7,9853,10103,2.977,609
RAW,87.7,9857,10104,2.986,611
RAW,88.1,9837,10102,2.986,611
RAW,88.1,9854,10102,2.991,612
RAW,88.1,9845,10111,2.986,611
RAW,88.3,9834,10095,2.981,610
RAW,88.3,9840,10106,2.977,609
RAW,88.3,9844,10093,2.972,608
RAW,88.7,9837,10093,2.972,608
RAW,88.7,9841,10093,2.991,612
RAW,88.7,9834,10097,2.986,611
RAW,89.0,9830,10093,2.986,611
RAW,89.0,9828,10095,2.981,610
RAW,89.0,9826,10091,2.991,612
RAW,89.3,9828,10091,2.972,608
RAW,89.3,9835,10104,2.972,608
RAW,89.3,9832,10088,2.972,608
RAW,89.6,9829,10096,2.967,607
RAW,89.6,9824,10092,2.972,608
RAW,89.6,9830,10094,3.011,616
RAW,89.9,9817,10092,2.991,612
RAW,89.9,9818,10088,3.040,622
RAW,89.9,9822,10089,3.035,621
RAW,90.2,9826,10088,3.021,618
RAW,90.2,9813,10091,3.035,621
RAW,90.2,9818,10091,3.040,622
RAW,90.5,9820,10088,3.030,620
RAW,90.5,9818,10090,3.030,620
RAW,90.5,9827,10084,3.030,620
RAW,90.8,9816,10087,3.040,622
RAW,90.8,9821,10086,3.035,621
RAW,90.8,9822,10091,2.991,612
RAW,91.1,9813,10082,3.035,621
RAW,91.1,9823,10091,2.991,612
RAW,91.1,9819,10084,2.977,609
RAW,91.4,9813,10090,2.981,610
RAW,91.4,9821,10081,2.977,609
RAW,91.4,9810,10078,2.986,611
RAW,91.7,9814,10085,2.972,608
RAW,91.7,9812,10081,2.972,608
RAW,91.7,9811,10085,2.981,610
RAW,92.0,9812,10089,2.972,608
RAW,92.0,9816,10076,2.981,610
RAW,92.0,9812,10080,3.021,618
RAW,92.3,9817,10087,2.996,613
RAW,92.3,9813,10082,3.011,616
RAW,92.3,9821,10080,3.030,620
RAW,92.6,9822,10084,2.991,612
RAW,92.6,9814,10085,3.011,616
RAW,92.6,9821,10080,3.016,617
RAW,92.9,9822,10086,3.030,620
RAW,92.9,9824,10084,3.030,620
RAW,92.9,9825,10083,3.025,619
RAW,93.2,9820,10088,3.030,620
RAW,93.2,9825,10090,3.006,615
RAW,93.2,9819,10082,2.977,609
RAW,93.5,9822,10084,2.996,613
RAW,93.5,9818,10092,2.977,609
RAW,93.5,9823,10087,2.972,608
RAW,93.8,9801,10066,2.972,608
RAW,93.8,9811,10082,2.977,609
RAW,93.8,9820,10083,2.972,608
RAW,94.1,9785,10061,2.986,611
RAW,94.1,9789,10065,2.981,610
RAW,94.1,9799,10067,2.986,611
RAW,94.4,9770,10057,2.957,605
RAW,94.4,9774,10055,2.991,612
RAW,94.4,9780,10057,2.972,608
RAW,94.7,9753,10050,2.967,607
RAW,94.7,9764,10047,2.967,607
RAW,94.7,9765,10055,2.977,609
RAW,95.0,9750,10038,2.981,610
RAW,95.0,9745,10040,2.977,609
RAW,95.0,9752,10043,2.977,609
RAW,95.3,9735,10038,2.972,608
RAW,95.3,9734,10037,2.967,607
RAW,95.3,9743,10039,2.996,613
RAW,95.7,9722,10031,2.977,609
RAW,95.7,9724,10034,2.972,608
RAW,95.7,9722,10035,2.986,611
RAW,95.9,9713,10027,2.967,607
RAW,95.9,9718,10026,2.972,608
RAW,95.9,9715,10028,2.981,610
RAW,96.3,9710,10026,2.977,609
RAW,96.3,9712,10020,2.996,613
RAW,96.3,9707,10020,2.972,608
RAW,96.6,9703,10026,2.991,612
RAW,96.6,9706,10025,2.986,611
RAW,96.6,9706,10022,3.021,618
RAW,96.9,9702,10015,2.981,610
RAW,96.9,9702,10018,2.981,610
RAW,96.9,9709,10022,3.011,616
RAW,97.2,9700,10016,2.977,609
RAW,97.2,9701,10021,3.016,617
RAW,97.2,9697,10020,3.025,619
RAW,97.5,9707,10015,3.021,618
RAW,97.5,9704,10017,3.035,621
RAW,97.5,9706,10021,3.035,621
RAW,97.8,9698,10012,3.030,620
RAW,97.8,9700,10016,3.040,622
RAW,97.8,9702,10023,3.035,621
RAW,98.1,9701,10012,3.030,620
RAW,98.1,9691,10019,3.030,620
RAW,98.1,9700,10017,2.977,609
RAW,98.4,9708,10018,3.035,621
RAW,98.4,9696,10014,2.991,612
RAW,98.4,9695,10011,2.996,613
RAW,98.7,9703,10014,2.996,613
RAW,98.7,9696,10022,2.981,610
RAW,98.7,9701,10016,2.991,612
RAW,99.0,9696,10015,2.977,609
RAW,99.0,9694,10014,2.972,608
RAW,99.0,9698,10010,3.035,621
RAW,99.3,9698,10016,2.977,609
RAW,99.3,9704,10016,2.967,607
RAW,99.3,9707,10016,3.011,616
RAW,99.6,9700,10014,2.972,608
RAW,99.6,9699,10016,3.016,617
RAW,99.6,9703,10016,3.011,616
RAW,99.9,9702,10020,3.001,614
RAW,99.9,9701,10014,3.030,620
RAW,99.9,9696,10010,3.030,620
RAW,100.2,9695,10010,3.006,615
RAW,100.2,9700,10020,3.016,617
RAW,100.2,9702,10014,3.025,619
RAW,100.5,9701,10007,3.030,620
RAW,100.5,9702,10016,3.011,616
RAW,100.5,9701,10009,2.981,610
RAW,100.8,9711,10017,2.996,613
RAW,100.8,9700,10020,2.972,608
RAW,100.8,9715,10014,2.986,611
RAW,101.1,9712,10018,2.972,608
RAW,101.1,9705,10016,2.986,611
RAW,101.1,9706,10015,2.972,608
RAW,101.4,9704,10015,2.972,608
RAW,101.4,9702,10017,2.972,608
RAW,101.4,9708,10017,2.981,610
RAW,101.7,9711,10019,2.977,609
RAW,101.7,9710,10025,2.962,606
RAW,101.7,9705,10015,2.972,608
RAW,102.0,9697,10011,2.977,609
RAW,102.0,9698,10014,2.991,612
RAW,102.0,9702,10020,2.996,613
RAW,102.3,9683,10002,2.977,609
RAW,102.3,9683,10002,2.977,609
RAW,102.3,9694,10006,2.991,612
RAW,102.6,9679,9989,2.991,612
RAW,102.6,9673,9991,2.972,608
RAW,102.6,9679,9994,2.972,608
RAW,102.9,9653,9979,2.981,610
RAW,102.9,9654,9982,2.967,607
RAW,102.9,9662,9982,2.977,609
RAW,103.2,9648,9975,2.967,607
RAW,103.2,9649,9980,2.977,609
RAW,103.2,9642,9981,2.977,609
RAW,103.6,9631,9971,2.972,608
RAW,103.6,9635,9971,2.977,609
RAW,103.6,9648,9972,2.981,610
RAW,103.9,9616,9967,2.991,612
RAW,103.9,9625,9975,2.977,609
RAW,103.9,9625,9967,2.991,612
RAW,104.2,9618,9963,2.991,612
RAW,104.2,9616,9970,2.991,612
RAW,104.2,9617,9966,3.030,620
RAW,104.5,9608,9966,2.972,608
RAW,104.5,9611,9957,3.030,620
RAW,104.5,9613,9966,3.030,620
RAW,104.8,9606,9958,3.040,622
RAW,104.8,9607,9955,3.021,618
RAW,104.8,9602,9958,3.030,620
RAW,105.1,9602,9955,3.040,622
RAW,105.1,9607,9957,3.030,620
RAW,105.1,9609,9952,3.035,621
RAW,105.4,9601,9951,3.025,619
RAW,105.4,9600,9955,3.035,621
RAW,105.4,9599,9954,2.967,607
RAW,105.7,9596,9955,2.967,607
RAW,105.7,9602,9949,2.991,612
RAW,105.7,9604,9955,2.977,609
RAW,106.0,9596,9947,2.981,610
RAW,106.0,9591,9951,2.986,611
RAW,106.0,9590,9951,3.006,615
RAW,106.3,9596,9948,2.996,613
RAW,106.3,9594,9950,2.996,613
RAW,106.3,9597,9944,2.977,609
RAW,106.6,9586,9946,2.977,609
RAW,106.6,9594,9940,2.977,609
RAW,106.6,9597,9947,3.011,616
RAW,106.9,9585,9943,2.991,612
RAW,106.9,9594,9949,3.016,617
RAW,106.9,9593,9946,3.016,617
RAW,107.2,9591,9941,3.025,619
RAW,107.2,9589,9948,3.016,617
RAW,107.2,9588,9943,3.045,623
RAW,107.5,9595,9943,3.021,618
RAW,107.5,9591,9945,3.016,617
RAW,107.5,9584,9939,2.986,611
RAW,107.8,9590,9942,2.981,610
RAW,107.8,9591,9939,2.977,609
RAW,108.1,9585,9947,2.991,612
RAW,108.1,9596,9941,2.991,612
RAW,108.1,9592,9943,2.991,612
RAW,108.4,9597,9935,2.986,611
RAW,108.4,9592,9940,2.972,608
RAW,108.4,9587,9942,2.991,612
RAW,108.7,9587,9937,2.972,608
RAW,108.7,9593,9940,2.972,608
RAW,108.7,9590,9939,2.972,608
RAW,109.0,9589,9937,2.977,609
RAW,109.0,9592,9941,2.972,608
RAW,109.0,9593,9940,2.977,609
RAW,109.3,9587,9938,2.977,609
RAW,109.3,9591,9939,2.977,609
RAW,109.3,9587,9938,2.986,611
RAW,109.6,9594,9940,2.981,610
RAW,109.6,9593,9941,2.986,611
RAW,109.6,9594,9945,2.991,612
RAW,109.9,9593,9940,2.967,607
RAW,109.9,9594,9940,2.981,610
RAW,109.9,9604,9940,2.977,609
RAW,110.2,9585,9934,2.991,612
RAW,110.2,9587,9940,2.986,611
RAW,110.2,9598,9935,2.977,609
RAW,110.6,9563,9923,2.991,612
RAW,110.6,9571,9932,2.986,611
RAW,110.6,9579,9925,2.991,612
RAW,110.8,9563,9922,2.977,609
RAW,110.8,9558,9918,2.977,609
RAW,110.8,9563,9922,2.972,608
RAW,111.2,9539,9905,2.972,608
RAW,111.2,9548,9911,2.967,607
RAW,111.2,9551,9912,2.986,611
RAW,111.5,9529,9906,2.977,609
RAW,111.5,9545,9913,3.016,617
RAW,111.5,9545,9910,3.030,620
RAW,111.8,9520,9898,3.021,618
RAW,111.8,9528,9904,3.040,622
RAW,111.8,9535,9909,3.045,623
RAW,112.1,9513,9901,3.035,621
RAW,112.1,9513,9898,3.030,620
RAW,112.1,9522,9898,3.025,619
RAW,112.4,9509,9896,3.050,624
RAW,112.4,9513,9895,3.030,620
RAW,112.4,9519,9895,2.991,612
RAW,112.7,9510,9894,3.025,619
RAW,112.7,9510,9897,2.996,613
RAW,112.7,9513,9891,2.952,604
RAW,113.0,9505,9896,2.977,609
RAW,113.0,9508,9895,2.981,610
RAW,113.0,9503,9887,2.977,609
RAW,113.3,9501,9890,2.972,608
RAW,113.3,9497,9887,2.967,607
RAW,113.3,9505,9892,2.972,608
RAW,113.6,9495,9885,2.977,609
RAW,113.6,9503,9888,2.996,613
RAW,113.6,9500,9882,2.991,612
RAW,113.9,9495,9885,3.001,614
RAW,113.9,9498,9885,3.025,619
RAW,113.9,9498,9881,3.045,623
RAW,114.2,9494,9885,2.996,613
RAW,114.2,9496,9884,3.006,615
RAW,114.2,9490,9881,3.016,617
RAW,114.5,9502,9888,3.040,622
RAW,114.5,9491,9888,3.016,617
RAW,114.5,9489,9883,2.967,607
RAW,114.8,9491,9874,3.021,618
RAW,114.8,9488,9877,2.996,613
RAW,114.8,9488,9873,3.011,616
RAW,115.1,9493,9877,2.986,611
RAW,115.1,9490,9870,2.981,610
RAW,115.1,9491,9874,2.977,609
RAW,115.4,9486,9872,2.972,608
RAW,115.4,9486,9874,2.986,611
RAW,115.4,9494,9875,2.972,608
RAW,115.7,9492,9875,2.981,610
RAW,115.7,9494,9875,2.991,612
RAW,115.7,9487,9875,2.986,611
RAW,116.0,9490,9876,2.991,612
RAW,116.0,9487,9869,2.986,611
RAW,116.0,9488,9882,2.991,612
RAW,116.3,9485,9876,2.972,608
RAW,116.3,9494,9875,2.972,608
RAW,116.3,9495,9871,3.006,615
RAW,116.6,9499,9872,2.962,606
RAW,116.6,9488,9868,2.977,609
RAW,116.6,9489,9871,2.972,608
RAW,116.9,9491,9876,2.977,609
RAW,116.9,9494,9880,2.981,610
RAW,116.9,9492,9874,2.981,610
RAW,117.2,9495,9877,2.967,607
RAW,117.2,9491,9874,2.972,608
RAW,117.2,9493,9876,2.981,610
RAW,117.5,9491,9874,2.972,608
RAW,117.5,9491,9872,2.972,608
RAW,117.5,9501,9870,2.972,608
RAW,117.8,9484,9872,2.967,607
RAW,117.8,9493,9870,2.991,612
RAW,117.8,9491,9876,2.996,613
RAW,118.2,9498,9870,2.991,612
RAW,118.2,9487,9874,2.991,612
RAW,118.2,9487,9875,2.986,611
RAW,118.4,9495,9865,2.977,609
RAW,118.4,9488,9871,2.981,610
RAW,118.4,9481,9871,3.016,617
RAW,118.8,9474,9856,2.972,608
RAW,118.8,9484,9867,3.011,616
RAW,118.8,9488,9869,3.030,620
RAW,119.1,9458,9849,3.025,619
RAW,119.1,9460,9853,3.045,623
RAW,119.1,9465,9853,3.045,623
RAW,119.4,9435,9839,3.025,619
RAW,119.4,9440,9841,3.035,621
RAW,119.4,9447,9846,3.045,623
RAW,119.7,9419,9834,3.030,620
RAW,119.7,9421,9830,3.030,620
RAW,119.7,9427,9837,2.972,608
RAW,120.0,9407,9826,3.040,622
RAW,120.0,9413,9830,2.991,612
RAW,120.0,9418,9834,3.001,614
RAW,120.3,9396,9820,2.981,610
RAW,120.3,9395,9822,2.991,612
RAW,120.3,9406,9825,2.981,610
RAW,120.6,9384,9811,2.967,607
RAW,120.6,9384,9813,2.981,610
RAW,120.6,9385,9815,2.981,610
RAW,120.9,9374,9804,2.972,608
RAW,120.9,9372,9810,2.972,608
RAW,120.9,9375,9810,3.011,616
RAW,121.2,9369,9797,2.991,612
RAW,121.2,9373,9796,3.030,620
RAW,121.2,9373,9803,3.035,621
RAW,121.5,9367,9797,3.011,616
RAW,121.5,9369,9799,3.035,621
RAW,121.5,9363,9798,3.030,620
RAW,121.8,9365,9801,3.011,616
RAW,121.8,9369,9793,3.016,617
RAW,121.8,9363,9799,3.016,617
RAW,122.1,9361,9797,3.030,620
RAW,122.1,9357,9792,2.972,608
RAW,122.1,9369,9796,2.977,609
RAW,122.4,9364,9791,2.986,611
RAW,122.4,9361,9796,2.996,613
RAW,122.4,9362,9790,2.977,609
RAW,122.7,9355,9793,2.981,610
RAW,122.7,9359,9792,2.981,610
RAW,122.7,9368,9791,2.981,610
RAW,123.0,9358,9790,2.977,609
RAW,123.0,9361,9792,2.977,609
RAW,123.0,9357,9790,2.967,607
RAW,123.3,9357,9784,2.967,607
RAW,123.3,9356,9786,2.972,608
RAW,123.3,9359,9785,2.986,611
RAW,123.6,9353,9781,2.996,613
RAW,123.6,9355,9785,2.996,613
RAW,123.6,9355,9782,2.981,610
RAW,123.9,9359,9784,2.972,608
RAW,123.9,9359,9785,2.972,608
RAW,123.9,9358,9780,2.977,609
RAW,124.2,9358,9786,2.991,612
RAW,124.2,9359,9787,2.977,609
RAW,124.2,9360,9786,2.967,607
RAW,124.5,9363,9791,2.986,611
RAW,124.5,9366,9794,2.981,610
RAW,124.5,9360,9785,2.986,611
RAW,124.8,9356,9789,2.972,608
RAW,124.8,9361,9788,2.977,609
RAW,124.8,9366,9789,2.972,608
RAW,125.1,9362,9792,2.977,609
RAW,125.1,9365,9791,2.967,607
RAW,125.1,9364,9789,2.972,608
RAW,125.4,9367,9791,2.972,608
RAW,125.4,9362,9788,3.001,614
RAW,125.4,9364,9787,2.986,611
RAW,125.7,9364,9789,2.996,613
RAW,125.7,9364,9785,3.001,614
RAW,125.7,9365,9783,3.040,622
RAW,126.1,9366,9784,2.991,612
RAW,126.1,9368,9784,3.016,617
RAW,126.1,9365,9790,3.025,619
RAW,126.4,9366,9789,3.030,620
RAW,126.4,9366,9790,3.021,618
RAW,126.4,9365,9785,3.030,620
RAW,126.7,9370,9790,3.030,620
RAW,126.7,9372,9794,3.045,623
RAW,126.7,9366,9791,3.030,620
RAW,127.0,9360,9781,3.030,620
RAW,127.0,9364,9784,3.011,616
RAW,127.0,9365,9794,2.991,612
RAW,127.3,9342,9769,2.991,612
RAW,127.3,9359,9775,2.991,612
RAW,127.3,9355,9775,2.981,610
RAW,127.6,9329,9762,2.972,608
RAW,127.6,9342,9762,2.991,612
RAW,127.6,9342,9774,3.006,615
RAW,127.9,9317,9759,2.986,611
RAW,127.9,9320,9759,2.977,609
RAW,127.9,9328,9761,2.991,612
RAW,128.2,9307,9754,2.977,609
RAW,128.2,9312,9756,2.996,613
RAW,128.2,9311,9753,3.025,619
RAW,128.5,9303,9749,3.011,616
RAW,128.5,9309,9754,3.006,615
RAW,128.5,9311,9749,3.006,615
RAW,128.8,9293,9748,3.011,616
RAW,128.8,9301,9750,3.021,618
RAW,128.8,9294,9747,3.030,620
RAW,129.1,9302,9745,3.006,615
RAW,129.1,9297,9745,3.016,617
RAW,129.1,9293,9745,3.001,614
RAW,129.4,9303,9747,2.996,613
RAW,129.4,9296,9738,2.981,610
RAW,129.4,9289,9745,2.977,609
RAW,129.7,9293,9745,2.986,611
RAW,129.7,9295,9746,2.996,613
RAW,129.7,9298,9741,2.972,608
RAW,130.0,9304,9741,2.996,613
RAW,130.0,9306,9739,2.996,613
RAW,130.0,9298,9739,2.991,612
RAW,130.3,9299,9739,2.972,608
RAW,130.3,9302,9743,2.977,609
RAW,130.3,9310,9742,2.977,609
RAW,130.6,9307,9737,2.972,608
RAW,130.6,9310,9739,2.967,607
RAW,130.6,9303,9744,2.972,608
RAW,130.9,9311,9741,2.986,611
RAW,130.9,9311,9737,2.972,608
RAW,130.9,9306,9739,2.981,610
RAW,131.2,9310,9748,2.986,611
RAW,131.2,9302,9738,2.991,612
RAW,131.2,9312,9745,2.991,612
RAW,131.5,9317,9743,2.967,607
RAW,131.5,9313,9736,2.972,608
RAW,131.5,9310,9741,2.977,609
RAW,131.8,9319,9745,2.991,612
RAW,131.8,9320,9739,2.972,608
RAW,131.8,9318,9742,2.972,608
RAW,132.1,9318,9744,2.977,609
RAW,132.1,9317,9741,2.981,610
RAW,132.1,9324,9747,2.986,611
RAW,132.4,9334,9749,2.972,608
RAW,132.4,9330,9749,2.977,609
RAW,132.4,9323,9741,2.981,610
RAW,132.8,9341,9752,2.972,608
RAW,132.8,9334,9752,2.972,608
RAW,132.8,9333,9744,3.016,617
RAW,133.1,9336,9755,2.991,612
RAW,133.1,9341,9756,3.025,619
RAW,133.1,9337,9751,3.045,623
RAW,133.4,9343,9755,3.035,621
RAW,133.4,9342,9750,3.050,624
RAW,133.4,9342,9752,3.035,621
RAW,133.7,9349,9754,3.030,620
RAW,133.7,9342,9756,3.025,619
RAW,133.7,9340,9752,3.030,620
RAW,134.0,9349,9759,3.030,620
RAW,134.0,9345,9757,3.025,619
RAW,134.0,9348,9753,2.972,608
RAW,134.3,9356,9761,3.045,623
RAW,134.3,9354,9755,2.977,609
RAW,134.3,9351,9755,2.996,613
RAW,134.6,9358,9756,2.981,610
RAW,134.6,9353,9761,2.986,611
RAW,134.6,9351,9757,2.977,609
RAW,134.9,9366,9767,2.972,608
RAW,134.9,9372,9757,2.977,609
RAW,134.9,9365,9761,2.972,608
RAW,135.2,9361,9768,2.977,609
RAW,135.2,9367,9767,2.986,611
RAW,135.2,9368,9767,3.030,620
RAW,135.5,9346,9751,2.991,612
RAW,135.5,9355,9756,3.030,620
RAW,135.5,9370,9760,3.030,620
RAW,135.8,9343,9745,3.006,615
RAW,135.8,9349,9746,3.021,618
RAW,135.8,9349,9745,3.021,618
RAW,136.1,9343,9740,3.021,618
RAW,136.1,9336,9742,3.006,615
RAW,136.1,9340,9744,2.967,607
RAW,136.4,9328,9735,2.991,612
RAW,136.4,9337,9735,3.001,614
RAW,136.7,9337,9734,2.981,610
RAW,136.7,9333,9735,2.977,609
RAW,136.7,9331,9733,2.986,611
RAW,137.0,9342,9737,2.977,609
RAW,137.0,9345,9731,2.977,609
RAW,137.0,9341,9738,2.977,609
RAW,137.3,9351,9745,2.986,611
RAW,137.3,9348,9742,2.981,610
RAW,137.3,9348,9741,2.991,612
RAW,137.6,9355,9744,2.972,608
RAW,137.6,9358,9748,2.986,611
RAW,137.6,9351,9740,2.991,612
RAW,137.9,9368,9745,2.972,608
RAW,137.9,9362,9745,2.972,608
RAW,137.9,9356,9741,2.967,607
RAW,138.2,9368,9745,2.972,608
RAW,138.2,9371,9749,2.977,609
RAW,138.2,9362,9743,2.977,609
RAW,138.5,9368,9750,2.991,612
RAW,138.5,9364,9749,2.986,611
RAW,138.5,9366,9747,2.972,608
RAW,138.8,9363,9752,2.981,610
RAW,138.8,9375,9754,2.977,609
RAW,138.8,9372,9753,2.991,612
RAW,139.1,9367,9755,2.967,607
RAW,139.1,9371,9754,2.962,606
RAW,139.1,9377,9756,2.962,606
RAW,139.4,9384,9751,2.991,612
RAW,139.4,9369,9758,2.986,611
RAW,139.4,9372,9753,2.977,609
RAW,139.7,9383,9761,2.981,610
RAW,139.7,9380,9760,2.986,611
RAW,139.7,9372,9751,2.991,612
RAW,140.0,9381,9757,2.972,608
RAW,140.0,9383,9754,2.972,608
RAW,140.0,9373,9760,3.030,620
RAW,140.4,9385,9753,2.996,613
RAW,140.4,9383,9761,3.021,618
RAW,140.4,9374,9758,3.030,620
RAW,140.6,9384,9753,3.025,619
RAW,140.6,9380,9755,3.016,617
RAW,140.6,9386,9755,3.030,620
RAW,141.0,9381,9759,3.025,619
RAW,141.0,9385,9753,3.030,620
RAW,141.0,9380,9753,3.030,620
RAW,141.3,9384,9748,3.030,620
RAW,141.3,9383,9754,2.996,613
RAW,141.3,9380,9750,2.981,610
RAW,141.6,9393,9751,3.006,615
RAW,141.6,9393,9756,2.981,610
RAW,141.6,9386,9752,2.977,609
RAW,141.9,9390,9751,2.986,611
RAW,141.9,9394,9759,2.991,612
RAW,141.9,9387,9756,2.986,611
RAW,142.2,9395,9763,2.977,609
RAW,142.2,9395,9756,2.972,608
RAW,142.2,9391,9757,2.977,609
RAW,142.5,9395,9765,2.977,609
RAW,142.5,9397,9753,3.001,614
RAW,142.5,9399,9757,3.016,617
RAW,142.8,9399,9754,3.016,617
RAW,142.8,9394,9752,3.016,617
RAW,142.8,9392,9751,3.030,620
RAW,143.1,9386,9745,3.025,619
RAW,143.1,9392,9749,3.030,620
RAW,143.1,9395,9750,3.040,622
RAW,143.4,9375,9741,3.016,617
RAW,143.4,9379,9743,3.006,615
RAW,143.4,9380,9743,2.986,611
RAW,143.7,9363,9731,2.986,611
RAW,143.7,9370,9735,2.972,608
RAW,143.7,9368,9730,2.972,608
RAW,144.0,9351,9723,2.977,609
RAW,144.0,9358,9732,2.981,610
RAW,144.0,9363,9730,2.991,612
RAW,144.3,9356,9729,2.972,608
RAW,144.3,9361,9723,2.977,609
RAW,144.3,9363,9729,2.996,613
RAW,144.6,9350,9727,2.972,608
RAW,144.6,9355,9725,2.981,610
RAW,144.6,9352,9724,2.977,609
RAW,144.9,9355,9724,2.967,607
RAW,144.9,9343,9730,2.991,612
RAW,144.9,9353,9731,2.986,611
RAW,145.2,9357,9723,2.991,612
RAW,145.2,9349,9728,2.972,608
RAW,145.2,9349,9727,2.947,603
RAW,145.5,9358,9721,2.972,608
RAW,145.5,9355,9723,2.981,610
RAW,145.5,9349,9720,2.972,608
RAW,145.8,9350,9723,2.972,608
RAW,145.8,9354,9720,2.972,608
RAW,145.8,9357,9719,2.967,607
RAW,146.1,9351,9718,2.972,608
RAW,146.1,9350,9717,2.986,611
RAW,146.1,9351,9722,2.991,612
RAW,146.4,9352,9719,2.977,609
RAW,146.4,9351,9722,2.972,608
RAW,146.4,9354,9717,2.991,612
RAW,146.7,9357,9717,2.972,608
RAW,146.7,9358,9718,2.972,608
RAW,146.7,9357,9721,2.977,609
RAW,147.0,9362,9724,2.913,596
RAW,147.0,9355,9720,2.996,613
RAW,147.0,9360,9717,3.035,621
RAW,147.3,9365,9721,2.977,609
RAW,147.3,9365,9718,3.040,622
RAW,147.3,9352,9718,3.035,621
RAW,147.6,9357,9720,3.030,620
RAW,147.6,9360,9716,3.030,620
RAW,147.6,9356,9724,3.030,620
RAW,147.9,9361,9726,3.030,620
RAW,147.9,9357,9723,3.025,619
RAW,147.9,9360,9718,3.030,620
RAW,148.3,9365,9725,3.035,621
RAW,148.3,9364,9724,3.025,619
RAW,148.3,9358,9729,2.977,609
RAW,148.6,9358,9723,3.030,620
RAW,148.6,9358,9721,2.986,611
RAW,148.6,9359,9719,2.991,612
RAW,148.9,9360,9725,2.986,611
RAW,148.9,9366,9720,2.991,612
RAW,148.9,9357,9723,2.981,610
RAW,149.2,9356,9716,2.991,612
RAW,149.2,9361,9722,3.006,615
RAW,149.2,9367,9730,2.913,596
RAW,149.5,9357,9715,2.996,613
RAW,149.5,9359,9714,2.996,613
RAW,149.5,9356,9717,3.021,618
RAW,149.8,9366,9720,2.972,608
RAW,149.8,9352,9716,3.016,617
RAW,149.8,9353,9715,3.021,618
RAW,150.1,9364,9719,3.021,618
RAW,150.1,9364,9717,3.021,618
RAW,150.1,9358,9717,3.021,618
RAW,150.4,9362,9718,3.021,618
RAW,150.4,9365,9726,3.021,618
RAW,150.4,9364,9718,2.991,612
RAW,150.7,9365,9719,2.996,613
RAW,150.7,9365,9716,2.991,612
RAW,151.0,9352,9703,2.972,608
RAW,151.0,9357,9712,2.977,609
RAW,151.0,9363,9715,2.972,608
RAW,151.3,9342,9704,2.977,609
RAW,151.3,9353,9711,2.967,607
RAW,151.3,9356,9705,2.972,608
RAW,151.6,9339,9694,2.991,612
RAW,151.6,9344,9697,2.981,610
RAW,151.6,9342,9702,2.962,606
RAW,151.9,9343,9699,2.967,607
RAW,151.9,9341,9699,2.977,609
RAW,151.9,9346,9700,2.977,609
RAW,152.2,9331,9694,2.962,606
RAW,152.2,9347,9693,2.977,609
RAW,152.2,9351,9699,2.977,609
RAW,152.5,9348,9691,2.986,611
RAW,152.5,9340,9696,2.977,609
RAW,152.5,9340,9696,2.991,612
RAW,152.8,9343,9697,2.981,610
RAW,152.8,9346,9696,3.001,614
RAW,152.8,9342,9693,2.972,608
RAW,153.1,9351,9704,2.977,609
RAW,153.1,9346,9699,2.981,610
RAW,153.1,9348,9696,2.977,609
RAW,153.4,9347,9696,2.972,608
RAW,153.4,9352,9703,2.972,608
RAW,153.4,9350,9694,2.972,608
RAW,153.7,9351,9693,2.981,610
RAW,153.7,9352,9695,2.977,609
RAW,153.7,9349,9695,2.972,608
RAW,154.0,9353,9705,2.972,608
RAW,154.0,9358,9690,2.977,609
RAW,154.0,9360,9696,2.972,608
RAW,154.3,9354,9695,2.972,608
RAW,154.3,9357,9699,3.006,615
RAW,154.3,9355,9704,3.030,620
RAW,154.6,9358,9695,3.006,615
RAW,154.6,9356,9696,3.045,623
RAW,154.6,9347,9697,3.030,620
RAW,154.9,9360,9697,3.050,624
RAW,154.9,9363,9697,3.035,621
RAW,154.9,9362,9701,3.040,622
RAW,155.3,9359,9692,3.030,620
RAW,155.3,9360,9699,3.030,620
RAW,155.3,9356,9699,3.006,615
RAW,155.6,9360,9696,3.030,620
RAW,155.6,9369,9694,2.977,609
RAW,155.6,9366,9694,2.981,610
RAW,155.9,9365,9693,2.972,608
RAW,155.9,9362,9700,2.991,612
RAW,155.9,9361,9697,2.981,610
RAW,156.2,9368,9696,2.977,609
RAW,156.2,9374,9698,2.972,608
RAW,156.2,9366,9696,2.991,612
RAW,156.5,9372,9699,2.981,610
RAW,156.5,9373,9702,2.991,612
RAW,156.5,9370,9694,3.006,615
RAW,156.8,9381,9703,2.991,612
RAW,156.8,9377,9700,3.030,620
RAW,156.8,9381,9696,3.030,620
RAW,157.1,9390,9700,3.011,616
RAW,157.1,9380,9694,3.030,620
RAW,157.1,9384,9691,3.011,616
RAW,157.4,9387,9698,3.011,616
RAW,157.4,9383,9700,3.006,615
RAW,157.4,9382,9700,3.016,617
RAW,157.7,9390,9698,3.011,616
RAW,157.7,9388,9696,2.986,611
RAW,157.7,9384,9700,2.977,609
RAW,158.0,9387,9702,2.986,611
RAW,158.0,9386,9707,2.977,609
RAW,158.0,9387,9700,2.972,608
RAW,158.3,9400,9700,3.001,614
RAW,158.3,9395,9704,2.991,612
RAW,158.3,9393,9701,3.001,614
RAW,158.6,9398,9707,2.957,605
RAW,158.6,9396,9702,2.967,607
RAW,158.6,9396,9698,2.981,610
RAW,158.9,9394,9707,2.991,612
RAW,158.9,9394,9704,2.991,612
RAW,158.9,9393,9701,2.967,607
RAW,159.2,9387,9697,2.986,611
RAW,159.2,9395,9696,2.991,612
RAW,159.2,9396,9699,2.967,607
RAW,159.5,9375,9684,2.972,608
RAW,159.5,9383,9690,2.981,610
RAW,159.5,9392,9687,2.972,608
RAW,159.8,9363,9686,2.967,607
RAW,159.8,9367,9685,2.972,608
RAW,159.8,9372,9686,2.967,607
RAW,160.1,9366,9685,2.981,610
RAW,160.1,9363,9680,2.967,607
RAW,160.1,9362,9683,2.967,607
RAW,160.4,9365,9682,2.981,610
RAW,160.4,9361,9675,2.996,613
RAW,160.4,9364,9683,2.996,613
RAW,160.7,9350,9676,2.972,608
RAW,160.7,9360,9680,2.972,608
RAW,160.7,9360,9679,2.977,609
RAW,161.0,9357,9671,2.986,611
RAW,161.0,9358,9678,2.972,608
RAW,161.0,9358,9678,2.977,609
RAW,161.3,9363,9676,2.977,609
RAW,161.3,9359,9677,2.991,612
RAW,161.3,9362,9677,3.035,621
RAW,161.6,9360,9666,2.996,613
RAW,161.6,9360,9679,3.030,620
RAW,161.6,9354,9679,3.025,619
RAW,161.9,9369,9675,3.025,619
RAW,161.9,9357,9677,3.030,620
RAW,161.9,9360,9673,3.030,620
RAW,162.2,9364,9676,3.035,621
RAW,162.2,9366,9674,3.035,621
RAW,162.2,9363,9677,3.040,622
RAW,162.6,9360,9672,3.050,624
RAW,162.6,9365,9677,3.011,616
RAW,162.6,9367,9674,2.981,610
RAW,162.9,9369,9678,2.986,611
RAW,162.9,9369,9666,2.977,609
RAW,162.9,9357,9673,2.977,609
RAW,163.2,9359,9670,2.977,609
RAW,163.2,9362,9673,2.977,609
RAW,163.2,9357,9671,2.972,608
RAW,163.5,9360,9669,2.977,609
RAW,163.5,9361,9670,2.977,609
RAW,163.5,9361,9672,2.972,608
RAW,163.8,9366,9672,2.972,608
RAW,163.8,9364,9669,3.011,616
RAW,163.8,9366,9664,3.011,616
RAW,164.1,9366,9674,3.006,615
RAW,164.1,9365,9665,3.016,617
RAW,164.1,9363,9668,3.016,617
RAW,164.4,9365,9673,3.006,615
RAW,164.4,9379,9675,3.030,620
RAW,164.4,9360,9672,3.030,620
RAW,164.7,9369,9674,3.016,617
RAW,164.7,9365,9673,3.021,618
RAW,164.7,9369,9668,2.986,611
RAW,165.0,9388,9665,2.981,610
RAW,165.0,9373,9673,2.977,609
RAW,165.0,9377,9672,2.972,608
RAW,165.3,9380,9672,2.977,609
RAW,165.3,9372,9671,2.972,608
RAW,165.3,9371,9669,2.977,609
RAW,165.6,9378,9670,2.991,612
RAW,165.6,9374,9670,2.991,612
RAW,165.6,9371,9671,2.981,610
RAW,165.9,9378,9674,2.972,608
RAW,165.9,9380,9670,2.996,613
RAW,165.9,9377,9671,3.025,619
RAW,166.2,9375,9666,2.972,608
RAW,166.2,9376,9669,2.972,608
RAW,166.2,9376,9671,2.986,611
RAW,166.5,9386,9672,2.977,609
RAW,166.5,9385,9667,2.996,613
RAW,166.5,9381,9664,2.972,608
RAW,166.8,9389,9667,2.991,612
RAW,166.8,9383,9667,2.981,610
RAW,166.8,9388,9670,2.972,608
RAW,167.1,9389,9671,2.967,607
RAW,167.1,9392,9670,2.972,608
RAW,167.1,9385,9668,2.972,608
RAW,167.4,9389,9673,2.972,608
RAW,167.4,9390,9671,2.972,608
RAW,167.4,9388,9672,2.962,606
RAW,167.7,9390,9668,2.977,609
RAW,167.7,9387,9669,2.977,609
RAW,167.7,9391,9669,2.977,609
RAW,168.0,9393,9662,2.996,613
RAW,168.0,9394,9665,2.986,611
RAW,168.0,9387,9662,2.996,613
RAW,168.3,9381,9658,2.981,610
RAW,168.3,9387,9658,2.962,606
RAW,168.3,9387,9660,2.972,608
RAW,168.6,9379,9656,2.972,608
RAW,168.6,9375,9660,3.025,619
RAW,168.6,9374,9656,3.021,618
RAW,168.9,9378,9650,3.035,621
RAW,168.9,9372,9653,3.045,623
RAW,168.9,9381,9659,3.030,620
RAW,169.2,9371,9660,3.021,618
RAW,169.2,9378,9651,3.025,619
RAW,169.2,9374,9651,3.030,620
RAW,169.5,9372,9654,3.025,619
RAW,169.5,9370,9651,3.025,619
RAW,169.5,9375,9655,2.981,610
RAW,169.9,9380,9651,3.011,616
RAW,169.9,9374,9648,2.977,609
RAW,169.9,9374,9651,2.991,612
RAW,170.1,9375,9651,2.991,612
RAW,170.1,9379,9650,2.996,613
RAW,170.1,9371,9646,2.986,611
RAW,170.5,9390,9645,2.981,610
RAW,170.5,9381,9650,2.986,611
RAW,170.5,9381,9651,2.972,608
RAW,170.8,9390,9651,2.972,608
RAW,170.8,9381,9649,2.981,610
RAW,170.8,9380,9650,3.016,617
RAW,171.1,9383,9648,3.011,616
RAW,171.1,9384,9652,3.016,617
RAW,171.1,9387,9648,3.030,620
RAW,171.4,9386,9646,3.011,616
RAW,171.4,9382,9651,3.021,618
RAW,171.4,9386,9646,3.025,619
RAW,171.7,9389,9648,3.016,617
RAW,171.7,9390,9651,3.011,616
RAW,171.7,9386,9648,2.981,610
RAW,172.0,9381,9646,3.011,616
RAW,172.0,9381,9652,2.991,612
RAW,172.0,9389,9652,2.981,610
RAW,172.3,9392,9652,2.986,611
RAW,172.3,9394,9655,2.991,612
RAW,172.3,9385,9656,2.991,612
RAW,172.6,9391,9656,2.967,607
RAW,172.6,9391,9653,2.981,610
RAW,172.6,9391,9654,2.977,609
RAW,172.9,9395,9650,2.977,609
RAW,172.9,9390,9659,2.972,608
RAW,172.9,9395,9649,2.977,609
RAW,173.2,9388,9651,2.991,612
RAW,173.2,9386,9646,2.986,611
RAW,173.2,9393,9645,2.991,612
RAW,173.5,9383,9652,2.986,611
RAW,173.5,9389,9648,2.991,612
RAW,173.5,9388,9646,2.996,613
RAW,173.8,9399,9646,2.972,608
RAW,173.8,9387,9653,2.977,609
RAW,173.8,9390,9652,2.972,608
RAW,174.1,9392,9649,2.991,612
RAW,174.1,9395,9646,2.996,613
RAW,174.1,9393,9644,2.991,612
RAW,174.4,9395,9649,2.981,610
RAW,174.4,9395,9649,2.981,610
RAW,174.4,9394,9653,3.065,627
RAW,174.7,9399,9651,2.972,608
RAW,174.7,9398,9650,2.972,608
RAW,174.7,9395,9649,2.981,610
RAW,175.0,9397,9647,2.972,608
RAW,175.0,9396,9654,2.977,609
RAW,175.0,9398,9648,2.972,608
RAW,175.3,9402,9647,2.972,608
RAW,175.3,9399,9649,2.986,611
RAW,175.3,9395,9646,3.030,620
RAW,175.6,9393,9647,2.986,611
RAW,175.6,9397,9652,3.040,622
RAW,175.6,9405,9645,3.040,622
RAW,175.9,9397,9650,3.025,619
RAW,175.9,9400,9644,3.030,620
RAW,175.9,9390,9647,3.021,618
RAW,176.2,9405,9643,3.030,620
RAW,176.2,9399,9650,3.045,623
RAW,176.2,9396,9644,3.030,620
RAW,176.5,9398,9640,3.045,623
RAW,176.5,9395,9643,3.050,624
RAW,176.5,9408,9641,2.981,610
RAW,176.8,9384,9639,3.016,617
RAW,176.8,9396,9641,2.981,610
RAW,176.8,9389,9641,2.991,612
RAW,177.1,9385,9633,2.986,611
RAW,177.1,9385,9637,2.986,611
RAW,177.1,9386,9642,2.981,610
RAW,177.4,9376,9634,2.981,610
RAW,177.4,9379,9634,2.996,613
RAW,177.4,9385,9630,2.972,608
RAW,177.8,9378,9624,2.996,613
RAW,177.8,9376,9627,3.021,618
RAW,177.8,9379,9631,3.035,621
RAW,178.1,9374,9623,2.996,613
RAW,178.1,9378,9628,3.011,616
RAW,178.1,9376,9623,3.011,616
RAW,178.4,9376,9631,3.030,620
RAW,178.4,9382,9629,3.011,616
RAW,178.4,9371,9623,3.025,619
RAW,178.7,9379,9630,3.030,620
RAW,178.7,9377,9626,3.011,616
RAW,178.7,9376,9629,2.981,610
RAW,179.0,9376,9621,2.986,611
RAW,179.0,9373,9625,2.986,611
RAW,179.3,9379,9620,2.972,608
RAW,179.3,9373,9622,2.981,610
RAW,179.3,9375,9626,2.977,609
RAW,179.6,9375,9626,2.977,609
RAW,179.6,9375,9619,2.981,610
RAW,179.6,9376,9620,2.986,611
RAW,179.9,9373,9621,2.986,611
RAW,179.9,9371,9617,2.977,609
RAW,179.9,9379,9626,2.977,609
RAW,180.2,9374,9625,2.972,608
RAW,180.2,9373,9619,2.977,609
RAW,180.2,9373,9619,2.972,608
RAW,180.5,9382,9622,2.972,608
RAW,180.5,9379,9622,2.981,610
RAW,180.5,9373,9618,2.972,608
RAW,180.8,9378,9616,2.977,609
RAW,180.8,9381,9619,2.981,610
RAW,180.8,9378,9619,2.981,610
RAW,181.1,9380,9615,2.967,607
RAW,181.1,9385,9621,2.991,612
RAW,181.1,9375,9618,2.972,608
RAW,181.4,9390,9617,2.972,608
RAW,181.4,9388,9615,2.972,608
RAW,181.4,9389,9620,2.967,607
RAW,181.7,9385,9626,3.030,620
RAW,181.7,9386,9620,2.981,610
RAW,181.7,9384,9616,3.011,616
RAW,182.0,9395,9620,3.030,620
RAW,182.0,9390,9619,2.986,611
RAW,182.0,9383,9618,2.991,612
RAW,182.3,9395,9618,2.972,608
RAW,182.3,9392,9617,2.977,609
RAW,182.3,9384,9626,3.021,618
RAW,182.6,9391,9616,2.977,609
RAW,182.6,9389,9618,3.011,616
RAW,182.6,9388,9621,3.025,619
RAW,182.9,9385,9618,3.030,620
RAW,182.9,9381,9615,3.030,620
RAW,182.9,9390,9617,3.050,624
RAW,183.2,9396,9621,3.030,620
RAW,183.2,9395,9617,3.035,621
RAW,183.2,9389,9617,3.060,626
RAW,183.5,9398,9616,3.030,620
RAW,183.5,9390,9617,3.040,622
RAW,183.5,9390,9616,2.981,610
RAW,183.8,9390,9619,3.016,617
RAW,183.8,9386,9611,2.991,612
RAW,183.8,9391,9617,2.991,612
RAW,184.1,9393,9619,2.981,610
RAW,184.1,9390,9627,2.996,613
RAW,184.1,9389,9618,2.981,610
RAW,184.4,9392,9618,2.977,609
RAW,184.4,9396,9618,2.981,610
RAW,184.4,9393,9621,2.977,609
RAW,184.8,9391,9615,2.977,609
RAW,184.8,9388,9618,2.972,608
RAW,184.8,9389,9616,3.006,615
RAW,185.1,9397,9608,2.977,609
RAW,185.1,9397,9615,3.011,616
RAW,185.1,9390,9609,3.021,618
RAW,185.4,9383,9605,3.021,618
RAW,185.4,9386,9604,3.030,620
RAW,185.4,9388,9607,3.025,619
RAW,185.7,9387,9606,3.016,617
RAW,185.7,9383,9608,3.011,616
RAW,185.7,9386,9601,2.981,610
RAW,186.0,9379,9606,2.977,609
RAW,186.0,9380,9609,2.972,608
RAW,186.3,9382,9594,2.991,612
RAW,186.3,9377,9603,2.991,612
RAW,186.3,9379,9608,2.972,608
RAW,186.6,9381,9602,2.981,610
RAW,186.6,9378,9606,2.991,612
RAW,186.6,9379,9606,2.972,608
RAW,186.9,9385,9602,2.972,608
RAW,186.9,9383,9604,2.977,609
RAW,186.9,9379,9604,2.977,609
RAW,187.2,9381,9599,2.991,612
RAW,187.2,9381,9606,2.972,608
RAW,187.2,9389,9608,2.991,612
RAW,187.5,9391,9597,2.986,611
RAW,187.5,9378,9602,2.991,612
RAW,187.5,9381,9603,2.977,609
RAW,187.8,9381,9594,2.967,607
RAW,187.8,9381,9598,2.981,610
RAW,187.8,9381,9601,2.957,605
RAW,188.1,9380,9599,2.972,608
RAW,188.1,9385,9598,2.981,610
RAW,188.1,9386,9600,2.977,609
RAW,188.4,9387,9604,2.981,610
RAW,188.4,9391,9597,2.967,607
RAW,188.4,9388,9598,2.972,608
RAW,188.7,9383,9599,2.967,607
RAW,188.7,9383,9600,2.972,608
RAW,188.7,9390,9598,2.972,608
RAW,189.0,9385,9598,2.972,608
RAW,189.0,9391,9598,2.972,608
RAW,189.0,9377,9601,2.977,609
RAW,189.3,9386,9599,2.972,608
RAW,189.3,9391,9596,2.991,612
RAW,189.3,9386,9598,3.016,617
RAW,189.6,9382,9596,2.996,613
RAW,189.6,9384,9597,3.016,617
RAW,189.6,9388,9598,3.030,620
RAW,189.9,9383,9594,3.011,616
RAW,189.9,9391,9597,3.021,618
RAW,189.9,9382,9595,3.030,620
RAW,190.2,9385,9593,3.016,617
RAW,190.2,9384,9594,3.030,620
RAW,190.2,9386,9594,3.025,619
RAW,190.5,9392,9598,3.021,618
RAW,190.5,9390,9591,3.045,623
RAW,190.5,9390,9589,2.991,612
RAW,190.8,9396,9591,3.016,617
RAW,190.8,9396,9593,2.986,611
RAW,190.8,9396,9593,2.986,611
RAW,191.1,9393,9597,2.977,609
RAW,191.1,9395,9592,2.977,609
RAW,191.1,9398,9595,2.972,608
RAW,191.4,9393,9588,2.996,613
RAW,191.4,9385,9591,2.991,612
RAW,191.4,9392,9595,2.996,613
RAW,191.8,9392,9590,2.972,608
RAW,191.8,9394,9593,2.986,611
RAW,191.8,9389,9593,3.025,619
RAW,192.1,9398,9592,2.981,610
RAW,192.1,9400,9588,3.011,616
RAW,192.1,9401,9588,3.021,618
RAW,192.4,9394,9594,3.006,615
RAW,192.4,9392,9595,3.011,616
RAW,192.4,9398,9588,3.025,619
RAW,192.7,9393,9591,3.021,618
RAW,192.7,9395,9585,3.040,622
RAW,192.7,9392,9590,2.981,610
RAW,193.0,9392,9583,2.991,612
RAW,193.0,9400,9585,2.996,613
RAW,193.3,9381,9576,2.977,609
RAW,193.3,9383,9580,2.972,608
RAW,193.3,9384,9580,2.977,609
RAW,193.6,9379,9578,2.991,612
RAW,193.6,9382,9574,2.986,611
RAW,193.6,9386,9577,2.972,608
RAW,193.9,9380,9574,2.981,610
RAW,193.9,9375,9575,2.991,612
RAW,193.9,9371,9573,2.972,608
RAW,194.2,9373,9568,2.977,609
RAW,194.2,9374,9571,2.967,607
RAW,194.2,9369,9573,2.981,610
RAW,194.5,9376,9567,2.972,608
RAW,194.5,9369,9571,2.967,607
RAW,194.5,9371,9570,2.986,611
RAW,194.8,9371,9571,2.986,611
RAW,194.8,9377,9570,2.977,609
RAW,194.8,9374,9571,2.967,607
RAW,195.1,9372,9573,2.991,612
RAW,195.1,9365,9571,2.996,613
RAW,195.1,9372,9572,2.981,610
RAW,195.4,9375,9574,2.977,609
RAW,195.4,9372,9567,2.986,611
RAW,195.4,9375,9569,2.977,609
RAW,195.7,9375,9571,2.981,610
RAW,195.7,9380,9569,2.972,608
RAW,195.7,9377,9568,2.967,607
RAW,196.0,9377,9564,2.972,608
RAW,196.0,9376,9572,2.986,611
RAW,196.0,9380,9569,2.996,613
RAW,196.3,9383,9567,2.972,608
RAW,196.3,9377,9567,2.977,609
RAW,196.3,9379,9563,2.991,612
RAW,196.6,9383,9571,2.972,608
RAW,196.6,9385,9565,2.977,609
RAW,196.6,9380,9567,3.021,618
RAW,196.9,9388,9567,3.011,616
RAW,196.9,9387,9567,3.035,621
RAW,196.9,9380,9565,3.050,624
RAW,197.2,9387,9572,3.045,623
RAW,197.2,9388,9567,3.035,621
RAW,197.2,9388,9568,3.025,619
RAW,197.5,9390,9565,3.011,616
RAW,197.5,9385,9570,3.025,619
RAW,197.5,9381,9564,3.016,617
RAW,197.8,9394,9569,3.025,619
RAW,197.8,9394,9568,2.977,609
RAW,197.8,9385,9566,2.977,609
RAW,198.1,9398,9569,2.996,613
RAW,198.1,9392,9565,2.991,612
RAW,198.1,9399,9570,2.986,611
RAW,198.4,9393,9565,2.972,608
RAW,198.4,9395,9561,2.977,609
RAW,198.4,9392,9566,2.977,609
RAW,198.7,9397,9576,2.972,608
RAW,198.7,9394,9568,2.977,609
RAW,198.7,9393,9563,2.991,612
RAW,199.0,9404,9566,2.981,610
RAW,199.0,9395,9570,3.035,621
RAW,199.0,9396,9566,3.030,620
RAW,199.4,9398,9565,3.025,619
RAW,199.4,9395,9569,3.030,620
RAW,199.4,9405,9566,3.016,617
RAW,199.6,9398,9567,3.011,616
RAW,199.6,9399,9565,3.016,617
RAW,199.6,9395,9562,3.021,618
RAW,200.0,9399,9565,3.011,616
RAW,200.0,9399,9562,2.977,609
RAW,200.0,9402,9564,2.977,609
RAW,200.3,9404,9570,2.986,611
RAW,200.3,9405,9565,2.991,612
RAW,200.3,9405,9567,2.977,609
RAW,200.6,9405,9568,2.991,612
RAW,200.6,9407,9567,2.991,612
RAW,200.6,9406,9562,2.991,612
RAW,200.9,9400,9567,2.972,608
RAW,200.9,9402,9559,2.981,610
RAW,200.9,9402,9568,2.981,610
RAW,201.2,9392,9557,2.991,612
RAW,201.2,9398,9558,2.996,613
RAW,201.2,9398,9565,2.967,607
RAW,201.5,9387,9555,2.981,610
RAW,201.5,9389,9553,2.972,608
RAW,201.5,9392,9561,2.977,609
RAW,201.8,9385,9551,2.977,609
RAW,201.8,9382,9552,2.972,608
RAW,201.8,9385,9548,2.972,608
RAW,202.1,9379,9540,2.977,609
RAW,202.1,9385,9550,2.972,608
RAW,202.1,9384,9548,2.972,608
RAW,202.4,9382,9544,2.972,608
RAW,202.4,9379,9542,2.981,610
RAW,202.4,9389,9542,2.977,609
RAW,202.7,9383,9542,2.991,612
RAW,202.7,9381,9543,2.991,612
RAW,202.7,9381,9549,2.991,612
RAW,203.0,9385,9542,2.972,608
RAW,203.0,9379,9545,2.972,608
RAW,203.0,9380,9546,2.977,609
RAW,203.3,9377,9542,2.991,612
RAW,203.3,9377,9537,2.972,608
RAW,203.3,9376,9540,2.986,611
RAW,203.6,9383,9540,2.991,612
RAW,203.6,9386,9544,3.021,618
RAW,203.6,9374,9546,3.025,619
RAW,203.9,9386,9541,3.021,618
RAW,203.9,9388,9546,3.025,619
RAW,203.9,9377,9540,3.030,620
RAW,204.2,9378,9542,3.016,617
RAW,204.2,9385,9532,3.030,620
RAW,204.2,9385,9540,3.025,619
RAW,204.5,9386,9543,3.050,624
RAW,204.5,9391,9542,3.040,622
RAW,204.5,9380,9542,3.006,615
RAW,204.8,9384,9542,3.050,624
RAW,204.8,9386,9536,2.996,613
RAW,204.8,9388,9543,2.981,610
RAW,205.1,9386,9540,2.977,609
RAW,205.1,9387,9543,2.977,609
RAW,205.1,9385,9538,2.977,609
RAW,205.4,9385,9537,2.986,611
RAW,205.4,9382,9542,2.972,608
RAW,205.4,9391,9541,2.981,610
RAW,205.7,9379,9537,2.996,613
RAW,205.7,9381,9540,2.986,611
RAW,205.7,9387,9532,3.011,616
RAW,206.0,9376,9541,2.972,608
RAW,206.0,9393,9538,3.016,617
RAW,206.0,9389,9532,3.011,616
RAW,206.4,9378,9537,3.011,616
RAW,206.4,9379,9534,3.025,619
RAW,206.4,9380,9533,3.021,618
RAW,206.6,9385,9532,2.991,612
RAW,206.6,9382,9533,3.030,620
RAW,206.6,9381,9530,3.045,623
RAW,207.0,9383,9530,3.030,620
RAW,207.0,9383,9532,2.996,613
RAW,207.0,9388,9530,2.991,612
RAW,207.3,9385,9534,2.957,605
RAW,207.3,9383,9535,2.981,610
RAW,207.3,9381,9535,2.977,609
RAW,207.6,9384,9529,2.972,608
RAW,207.6,9379,9534,2.972,608
RAW,207.6,9382,9532,2.967,607
RAW,207.9,9383,9532,2.986,611
RAW,207.9,9384,9528,2.991,612
RAW,207.9,9380,9532,2.981,610
RAW,208.2,9378,9528,2.986,611
RAW,208.2,9383,9528,2.991,612
RAW,208.2,9378,9528,2.991,612
RAW,208.5,9381,9533,2.967,607
RAW,208.5,9382,9529,2.972,608
RAW,208.5,9386,9533,2.972,608
RAW,208.8,9381,9521,2.986,611
RAW,208.8,9383,9525,2.977,609
RAW,208.8,9385,9530,2.972,608
RAW,209.1,9371,9517,2.991,612
RAW,209.1,9381,9521,2.991,612
RAW,209.1,9378,9525,2.986,611
RAW,209.4,9370,9510,2.967,607
RAW,209.4,9373,9516,2.972,608
RAW,209.4,9367,9517,2.977,609
RAW,209.7,9364,9509,2.977,609
RAW,209.7,9366,9515,2.972,608
RAW,209.7,9362,9516,2.962,606
RAW,210.0,9360,9505,2.986,611
RAW,210.0,9357,9510,2.986,611
RAW,210.0,9365,9505,2.972,608
RAW,210.3,9355,9506,2.991,612
RAW,210.3,9352,9513,2.991,612
RAW,210.3,9358,9505,3.030,620
RAW,210.6,9363,9504,2.972,608
RAW,210.6,9359,9505,3.011,616
RAW,210.6,9353,9510,3.025,619
RAW,210.9,9361,9505,3.030,620
RAW,210.9,9362,9502,3.021,618
RAW,210.9,9363,9502,3.025,619
RAW,211.2,9361,9507,3.025,619
RAW,211.2,9362,9511,3.030,620
RAW,211.2,9361,9507,3.035,621
RAW,211.5,9367,9508,3.025,619
RAW,211.5,9362,9505,3.030,620
RAW,211.5,9367,9505,2.972,608
RAW,211.8,9360,9504,3.025,619
RAW,211.8,9365,9507,2.972,608
RAW,211.8,9363,9505,2.972,608
RAW,212.1,9363,9505,2.981,610
RAW,212.1,9360,9507,2.986,611
RAW,212.1,9360,9502,2.986,611
RAW,212.4,9368,9500,2.991,612
RAW,212.4,9360,9501,2.991,612
RAW,212.4,9362,9498,2.972,608
RAW,212.7,9368,9501,2.977,609
RAW,212.7,9363,9499,2.972,608
RAW,212.7,9362,9501,3.021,618
RAW,213.0,9369,9499,2.986,611
RAW,213.0,9366,9499,3.006,615
RAW,213.0,9365,9497,3.011,616
RAW,213.3,9367,9501,3.016,617
RAW,213.3,9370,9497,3.030,620
RAW,213.3,9368,9498,3.021,618
RAW,213.6,9364,9497,3.030,620
RAW,213.6,9369,9500,3.030,620
RAW,213.6,9368,9496,3.030,620
RAW,214.0,9361,9497,2.981,610
RAW,214.0,9362,9499,2.977,609
RAW,214.3,9363,9502,2.991,612
RAW,214.3,9364,9499,3.001,614
RAW,214.3,9361,9500,2.991,612
RAW,214.6,9356,9501,3.011,616
RAW,214.6,9361,9493,2.991,612
RAW,214.6,9363,9497,2.986,611
RAW,214.9,9355,9490,2.972,608
RAW,214.9,9358,9497,2.972,608
RAW,214.9,9357,9495,2.972,608
RAW,215.2,9356,9495,2.972,608
RAW,215.2,9358,9490,2.981,610
RAW,215.2,9352,9501,2.972,608
RAW,215.5,9351,9486,2.977,609
RAW,215.5,9353,9492,2.972,608
RAW,215.5,9357,9491,3.069,628
RAW,215.8,9353,9491,2.991,612
RAW,215.8,9353,9494,2.977,609
RAW,215.8,9357,9496,2.991,612
RAW,216.1,9356,9492,2.972,608
RAW,216.1,9356,9495,2.972,608
RAW,216.1,9356,9492,2.967,607
RAW,216.4,9354,9488,2.991,612
RAW,216.4,9358,9487,2.991,612
RAW,216.4,9352,9494,2.977,609
RAW,216.7,9360,9491,2.991,612
RAW,216.7,9357,9487,2.991,612
RAW,216.7,9359,9486,2.986,611
RAW,217.0,9346,9479,2.977,609
RAW,217.0,9347,9481,2.977,609
RAW,217.0,9360,9482,2.972,608
RAW,217.3,9340,9474,2.977,609
RAW,217.3,9344,9477,2.972,608
RAW,217.3,9347,9473,3.021,618
RAW,217.6,9338,9478,2.991,612
RAW,217.6,9342,9474,3.025,619
RAW,217.6,9337,9478,3.045,623
RAW,217.9,9338,9476,3.045,623
RAW,217.9,9341,9475,3.035,621
RAW,217.9,9340,9481,3.030,620
RAW,218.2,9333,9466,3.025,619
RAW,218.2,9331,9478,3.035,621
RAW,218.2,9337,9471,3.030,620
RAW,218.5,9330,9469,3.050,624
RAW,218.5,9333,9467,3.030,620
RAW,218.5,9332,9468,2.977,609
RAW,218.8,9328,9466,3.021,618
RAW,218.8,9331,9471,2.977,609
RAW,218.8,9327,9466,2.986,611
RAW,219.1,9332,9453,2.981,610
RAW,219.1,9331,9461,2.981,610
RAW,219.1,9330,9459,2.986,611
RAW,219.4,9326,9467,2.977,609
RAW,219.4,9323,9465,2.977,609
RAW,219.4,9325,9462,2.977,609
RAW,219.7,9328,9461,2.977,609
RAW,219.7,9324,9466,2.991,612
RAW,219.7,9331,9461,3.040,622
RAW,220.0,9321,9465,3.011,616
RAW,220.0,9326,9461,3.025,619
RAW,220.0,9330,9457,3.030,620
RAW,220.3,9322,9460,3.006,615
RAW,220.3,9329,9460,3.021,618
RAW,220.3,9325,9456,3.021,618
RAW,220.6,9316,9456,3.016,617
RAW,220.6,9325,9452,3.001,614
RAW,220.6,9322,9458,2.981,610
RAW,220.9,9325,9454,2.996,613
RAW,220.9,9333,9460,2.972,608
RAW,220.9,9330,9460,2.991,612
RAW,221.3,9323,9456,2.972,608
RAW,221.3,9333,9462,2.991,612
RAW,221.3,9333,9452,2.991,612
RAW,221.6,9329,9458,2.977,609
RAW,221.6,9326,9451,2.972,608
RAW,221.6,9328,9456,2.977,609
RAW,221.9,9330,9454,2.991,612
RAW,221.9,9335,9454,2.986,611
RAW,221.9,9328,9452,2.991,612
RAW,222.2,9331,9455,3.089,632
RAW,222.2,9326,9456,2.981,610
RAW,222.2,9328,9451,2.986,611
RAW,222.5,9335,9454,2.967,607
RAW,222.5,9331,9453,2.972,608
RAW,222.5,9324,9456,2.972,608
RAW,222.8,9330,9450,2.972,608
RAW,222.8,9333,9451,2.972,608
RAW,222.8,9334,9452,2.972,608
RAW,223.1,9337,9451,2.981,610
RAW,223.1,9333,9452,2.981,610
RAW,223.1,9341,9453,2.967,607
RAW,223.4,9344,9452,2.986,611
RAW,223.4,9337,9451,2.991,612
RAW,223.4,9337,9452,2.991,612
RAW,223.7,9342,9454,2.977,609
RAW,223.7,9335,9450,2.977,609
RAW,223.7,9344,9459,2.981,610
RAW,224.0,9341,9457,2.991,612
RAW,224.0,9348,9449,2.986,611
RAW,224.0,9339,9453,2.977,609
RAW,224.3,9348,9450,2.977,609
RAW,224.3,9347,9455,2.996,613
RAW,224.3,9339,9455,3.025,619
RAW,224.6,9351,9455,3.011,616
RAW,224.6,9349,9454,3.021,618
RAW,224.6,9340,9458,3.025,619
RAW,224.9,9339,9447,3.025,619
RAW,224.9,9334,9444,3.025,619
RAW,224.9,9345,9454,3.025,619
RAW,225.2,9332,9444,3.030,620
RAW,225.2,9328,9443,3.030,620
RAW,225.2,9334,9437,2.996,613
RAW,225.5,9321,9440,3.050,624
RAW,225.5,9322,9438,2.991,612
RAW,225.5,9327,9443,2.981,610
RAW,225.8,9328,9438,2.977,609
RAW,225.8,9326,9442,2.986,611
RAW,225.8,9318,9437,2.977,609
RAW,226.1,9321,9434,2.991,612
RAW,226.1,9317,9438,2.981,610
RAW,226.1,9318,9437,2.972,608
RAW,226.4,9324,9431,2.981,610
RAW,226.4,9317,9435,2.972,608
RAW,226.4,9319,9433,3.025,619
RAW,226.7,9323,9426,2.972,608
RAW,226.7,9319,9442,3.011,616
RAW,226.7,9320,9435,3.060,626
RAW,227.0,9319,9433,3.016,617
RAW,227.0,9324,9435,3.011,616
RAW,227.0,9318,9431,3.016,617
RAW,227.3,9322,9426,3.016,617
RAW,227.3,9324,9429,3.030,620
RAW,227.3,9317,9429,3.035,621
RAW,227.6,9325,9427,3.021,618
RAW,227.6,9323,9427,2.991,612
RAW,227.6,9328,9434,2.991,612
RAW,227.9,9323,9430,2.967,607
RAW,227.9,9322,9432,2.972,608
RAW,227.9,9318,9434,2.972,608
RAW,228.3,9319,9431,2.972,608
RAW,228.3,9325,9427,2.977,609
RAW,228.3,9325,9429,2.996,613
RAW,228.6,9324,9431,2.972,608
RAW,228.6,9328,9431,2.972,608
RAW,228.6,9324,9430,2.996,613
RAW,228.9,9324,9426,2.972,608
RAW,228.9,9321,9425,2.986,611
RAW,228.9,9320,9425,2.996,613
RAW,229.2,9327,9427,2.972,608
RAW,229.2,9321,9420,2.967,607
RAW,229.2,9324,9428,2.977,609
RAW,229.5,9321,9421,2.986,611
RAW,229.5,9328,9424,2.991,612
RAW,229.5,9325,9423,2.977,609
RAW,229.8,9329,9422,2.991,612
RAW,229.8,9319,9426,2.986,611
RAW,229.8,9325,9421,2.986,611
RAW,230.1,9322,9418,2.972,608
RAW,230.1,9321,9424,2.977,609
RAW,230.1,9316,9419,2.977,609
RAW,230.4,9317,9418,2.967,607
RAW,230.4,9314,9425,2.889,591
RAW,230.4,9321,9419,2.967,607
RAW,230.7,9325,9416,2.972,608
RAW,230.7,9324,9425,2.991,612
RAW,230.7,9327,9423,2.977,609
RAW,231.0,9321,9425,2.991,612
RAW,231.0,9325,9413,2.986,611
RAW,231.0,9327,9418,3.035,621
RAW,231.3,9325,9416,2.986,611
RAW,231.3,9328,9414,3.011,616
RAW,231.3,9318,9418,3.030,620
RAW,231.6,9328,9415,3.030,620
RAW,231.6,9325,9413,3.030,620
RAW,231.6,9323,9413,3.030,620
RAW,231.9,9328,9420,3.040,622
RAW,231.9,9329,9410,3.040,622
RAW,231.9,9328,9417,3.035,621
RAW,232.2,9330,9417,3.025,619
RAW,232.2,9328,9412,3.030,620
RAW,232.2,9327,9413,2.972,608
RAW,232.5,9323,9412,3.025,619
RAW,232.5,9329,9420,2.977,609
RAW,232.5,9328,9413,2.981,610
RAW,232.8,9313,9412,2.991,612
RAW,232.8,9313,9406,2.977,609
RAW,232.8,9324,9407,2.977,609
RAW,233.1,9307,9404,2.991,612
RAW,233.1,9303,9405,3.001,614
RAW,233.1,9310,9400,2.981,610
RAW,233.4,9301,9403,2.981,610
RAW,233.4,9302,9394,2.977,609
RAW,233.4,9302,9402,3.011,616
RAW,233.7,9303,9394,2.986,611
RAW,233.7,9294,9395,3.011,616
RAW,233.7,9299,9400,3.021,618
RAW,234.0,9294,9398,3.021,618
RAW,234.0,9296,9394,3.016,617
RAW,234.0,9294,9392,3.035,621
RAW,234.3,9298,9399,3.011,616
RAW,234.3,9300,9390,3.016,617
RAW,234.3,9295,9399,2.991,612
RAW,234.6,9291,9393,2.972,608
RAW,234.6,9292,9393,2.972,608
RAW,234.9,9288,9385,2.996,613
RAW,234.9,9292,9389,2.991,612
RAW,234.9,9297,9397,2.991,612
RAW,235.3,9283,9384,2.996,613
RAW,235.3,9289,9392,2.991,612
RAW,235.3,9287,9395,2.996,613
RAW,235.6,9283,9386,2.972,608
RAW,235.6,9291,9385,2.981,610
RAW,235.6,9289,9388,2.957,605
RAW,235.9,9283,9387,2.986,611
RAW,235.9,9285,9387,2.977,609
RAW,235.9,9286,9387,3.030,620
RAW,236.2,9279,9383,2.972,608
RAW,236.2,9282,9387,2.972,608
RAW,236.2,9282,9389,2.986,611
RAW,236.5,9280,9380,2.972,608
RAW,236.5,9277,9383,2.981,610
RAW,236.5,9281,9381,2.991,612
RAW,236.8,9276,9384,2.972,608
RAW,236.8,9277,9380,2.977,609
RAW,236.8,9278,9381,2.972,608
RAW,237.1,9275,9384,2.986,611
RAW,237.1,9273,9378,2.991,612
RAW,237.1,9273,9381,2.981,610
RAW,237.4,9275,9378,2.986,611
RAW,237.4,9276,9383,2.967,607
RAW,237.4,9276,9377,2.977,609
RAW,237.7,9278,9376,2.972,608
RAW,237.7,9276,9383,2.967,607
RAW,237.7,9277,9380,2.981,610
RAW,238.0,9282,9376,2.967,607
RAW,238.0,9272,9375,2.977,609
RAW,238.0,9276,9378,3.016,617
RAW,238.3,9278,9375,2.972,608
RAW,238.3,9275,9384,3.040,622
RAW,238.3,9278,9383,3.030,620
RAW,238.6,9280,9375,3.016,617
RAW,238.6,9277,9375,3.045,623
RAW,238.6,9272,9381,3.035,621
RAW,238.9,9284,9377,3.025,619
RAW,238.9,9281,9369,3.035,621
RAW,238.9,9279,9378,3.025,619
RAW,239.2,9290,9380,3.030,620
RAW,239.2,9282,9378,3.030,620
RAW,239.2,9277,9380,2.967,607
RAW,239.5,9292,9375,3.074,629
RAW,239.5,9288,9379,2.996,613
RAW,239.5,9286,9377,2.967,607
RAW,239.8,9294,9380,2.986,611
RAW,239.8,9287,9373,2.972,608
RAW,239.8,9277,9367,2.991,612
RAW,240.1,9287,9375,2.977,609
RAW,240.1,9286,9381,2.972,608
RAW,240.1,9288,9372,2.986,611
RAW,240.4,9292,9378,2.967,607
RAW,240.4,9295,9381,2.972,608
RAW,240.4,9291,9376,2.942,602
RAW,240.7,9286,9373,3.006,615
RAW,240.7,9294,9376,3.021,618
RAW,240.7,9293,9371,3.016,617
RAW,241.0,9287,9365,3.011,616
RAW,241.0,9287,9366,3.016,617
RAW,241.0,9296,9373,3.021,618
RAW,241.3,9269,9367,3.001,614
RAW,241.3,9275,9364,3.016,617
RAW,241.3,9276,9360,2.977,609
RAW,241.6,9261,9355,2.991,612
RAW,241.6,9263,9360,2.986,611
RAW,241.6,9269,9355,2.986,611
RAW,241.9,9265,9351,2.967,607
RAW,241.9,9259,9355,2.996,613
RAW,241.9,9269,9352,2.991,612
RAW,242.3,9257,9349,2.967,607
RAW,242.3,9260,9351,2.977,609
RAW,242.3,9255,9359,2.967,607
RAW,242.6,9259,9349,2.986,611
RAW,242.6,9260,9350,2.996,613
RAW,242.6,9259,9353,2.991,612
RAW,242.9,9254,9353,2.967,607
RAW,242.9,9249,9352,2.991,612
RAW,242.9,9257,9352,2.996,613
RAW,243.2,9249,9345,2.986,611
RAW,243.2,9253,9348,2.972,608
RAW,243.2,9253,9349,2.977,609
RAW,243.5,9256,9346,2.972,608
RAW,243.5,9253,9336,2.972,608
RAW,243.5,9262,9344,2.967,607
RAW,243.8,9251,9342,2.981,610
RAW,243.8,9246,9341,2.986,611
RAW,243.8,9254,9347,2.991,612
RAW,244.1,9246,9346,2.972,608
RAW,244.1,9250,9348,2.991,612
RAW,244.1,9250,9342,2.977,609
RAW,244.4,9256,9345,2.977,609
RAW,244.4,9264,9345,2.967,607
RAW,244.4,9260,9346,2.972,608
RAW,244.7,9257,9344,2.986,611
RAW,244.7,9256,9345,2.986,611
RAW,244.7,9255,9348,2.972,608
RAW,245.0,9260,9344,2.991,612
RAW,245.0,9266,9340,2.991,612
RAW,245.0,9254,9347,3.035,621
RAW,245.3,9262,9342,2.991,612
RAW,245.3,9252,9344,3.025,619
RAW,245.3,9253,9342,3.025,619
RAW,245.6,9253,9342,3.025,619
RAW,245.6,9261,9339,3.021,618
RAW,245.6,9256,9339,3.025,619
RAW,245.9,9257,9341,3.011,616
RAW,245.9,9263,9340,3.045,623
RAW,245.9,9256,9338,3.016,617
RAW,246.2,9256,9339,3.025,619
RAW,246.2,9265,9336,2.991,612
RAW,246.2,9258,9339,3.001,614
RAW,246.5,9269,9339,2.981,610
RAW,246.5,9263,9335,2.981,610
RAW,246.5,9262,9345,2.981,610
RAW,246.8,9265,9341,2.996,613
RAW,246.8,9267,9343,2.967,607
RAW,246.8,9270,9336,2.977,609
RAW,247.1,9279,9338,2.986,611
RAW,247.1,9267,9339,2.991,612
RAW,247.1,9271,9338,3.006,615
RAW,247.4,9275,9339,2.977,609
RAW,247.4,9267,9348,3.006,615
RAW,247.4,9267,9337,3.011,616
RAW,247.7,9274,9342,3.011,616
RAW,247.7,9268,9342,3.021,618
RAW,247.7,9276,9342,3.011,616
RAW,248.0,9277,9342,3.030,620
RAW,248.0,9277,9336,3.016,617
RAW,248.0,9271,9340,3.030,620
RAW,248.3,9284,9344,3.035,621
RAW,248.3,9278,9348,2.991,612
RAW,248.3,9278,9337,2.991,612
RAW,248.6,9282,9341,2.962,606
RAW,248.6,9282,9346,2.977,609
RAW,248.6,9279,9341,2.981,610
RAW,248.9,9286,9338,2.981,610
RAW,248.9,9275,9337,2.972,608
RAW,248.9,9276,9340,2.981,610
RAW,249.3,9269,9335,2.972,608
RAW,249.3,9273,9334,2.986,611
RAW,249.3,9283,9339,2.996,613
RAW,249.6,9259,9328,2.981,610
RAW,249.6,9266,9329,2.981,610
RAW,249.6,9262,9333,2.981,610
RAW,249.9,9254,9324,2.977,609
RAW,249.9,9266,9326,2.981,610
RAW,249.9,9258,9324,2.991,612
RAW,250.2,9253,9324,2.991,612
RAW,250.2,9254,9328,2.991,612
RAW,250.2,9251,9331,2.991,612
RAW,250.5,9251,9318,2.977,609
RAW,250.5,9254,9322,3.065,627
RAW,250.5,9250,9323,2.991,612
RAW,250.8,9246,9317,2.962,606
RAW,250.8,9248,9320,2.972,608
RAW,250.8,9258,9316,2.972,608
RAW,251.1,9250,9317,2.957,605
RAW,251.1,9256,9313,2.977,609
RAW,251.1,9250,9313,2.972,608
RAW,251.4,9262,9314,2.981,610
RAW,251.4,9256,9318,2.986,611
RAW,251.4,9250,9318,2.991,612
RAW,251.7,9258,9317,2.972,608
RAW,251.7,9255,9319,2.996,613
RAW,251.7,9253,9318,3.030,620
RAW,252.0,9262,9321,2.972,608
RAW,252.0,9260,9328,3.016,617
RAW,252.0,9256,9320,3.030,620
RAW,252.3,9266,9318,3.030,620
RAW,252.3,9267,9321,3.030,620
RAW,252.3,9261,9316,3.021,618
RAW,252.6,9265,9319,2.957,605
RAW,252.6,9265,9317,3.025,619
RAW,252.6,9263,9328,3.040,622
RAW,252.9,9266,9322,3.021,618
RAW,252.9,9272,9321,3.030,620
RAW,252.9,9265,9325,2.996,613
RAW,253.2,9273,9319,3.011,616
RAW,253.2,9270,9324,2.977,609
RAW,253.2,9269,9328,2.981,610
RAW,253.5,9269,9319,3.011,616
RAW,253.5,9271,9318,3.001,614
RAW,253.5,9276,9319,2.967,607
RAW,253.8,9271,9327,2.991,612
RAW,253.8,9272,9320,2.996,613
RAW,253.8,9277,9318,2.991,612
RAW,254.1,9282,9327,2.977,609
RAW,254.1,9274,9328,2.986,611
RAW,254.1,9284,9324,3.001,614
RAW,254.4,9280,9332,2.991,612
RAW,254.4,9279,9323,3.011,616
RAW,254.4,9276,9319,3.006,615
RAW,254.7,9293,9323,3.030,620
RAW,254.7,9281,9326,3.025,619
RAW,254.7,9280,9326,3.016,617
RAW,255.0,9290,9330,3.021,618
RAW,255.0,9292,9329,3.016,617
RAW,255.0,9288,9329,2.977,609
RAW,255.3,9293,9333,2.986,611
RAW,255.3,9295,9330,2.972,608
RAW,255.6,9300,9333,2.972,608
RAW,255.6,9292,9330,2.991,612
RAW,255.6,9302,9333,2.986,611
RAW,255.9,9299,9337,2.991,612
RAW,255.9,9293,9336,2.986,611
RAW,255.9,9300,9333,2.991,612
RAW,256.2,9302,9336,2.977,609
RAW,256.2,9299,9333,2.981,610
RAW,256.2,9300,9333,2.977,609
RAW,256.5,9295,9323,2.977,609
RAW,256.5,9298,9328,2.977,609
RAW,256.5,9299,9338,2.977,609
RAW,256.9,9302,9331,2.977,609
RAW,256.9,9297,9335,2.991,612
RAW,256.9,9296,9326,2.967,607
RAW,257.1,9294,9332,2.972,608
RAW,257.1,9299,9328,2.967,607
RAW,257.1,9286,9327,2.986,611
RAW,257.5,9287,9327,2.967,607
RAW,257.5,9297,9324,2.967,607
RAW,257.5,9291,9325,2.991,612
RAW,257.8,9278,9316,2.986,611
RAW,257.8,9286,9320,2.996,613
RAW,257.8,9291,9316,2.986,611
RAW,258.1,9278,9315,2.981,610
RAW,258.1,9281,9313,2.981,610
RAW,258.1,9276,9320,2.967,607
RAW,258.4,9275,9307,2.962,606
RAW,258.4,9276,9313,2.967,607
RAW,258.4,9275,9319,2.972,608
RAW,258.7,9282,9314,2.967,607
RAW,258.7,9275,9310,2.981,610
RAW,258.7,9274,9309,2.981,610
RAW,259.0,9265,9316,2.991,612
RAW,259.0,9273,9316,3.016,617
RAW,259.0,9269,9312,3.035,621
RAW,259.3,9271,9302,3.021,618
RAW,259.3,9271,9308,3.040,622
RAW,259.3,9262,9306,3.035,621
RAW,259.6,9277,9312,3.011,616
RAW,259.6,9274,9306,3.035,621
RAW,259.6,9269,9317,3.030,620
RAW,259.9,9273,9308,3.040,622
RAW,259.9,9280,9314,3.040,622
RAW,259.9,9273,9311,2.977,609
RAW,260.2,9284,9314,3.040,622
RAW,260.2,9279,9310,2.991,612
RAW,260.2,9280,9312,2.986,611
RAW,260.5,9283,9314,2.967,607
RAW,260.5,9281,9313,2.977,609
RAW,260.5,9276,9310,2.972,608
RAW,260.8,9280,9307,2.986,611
RAW,260.8,9277,9304,2.972,608
RAW,260.8,9285,9311,2.977,609
RAW,261.1,9292,9313,2.981,610
RAW,261.1,9285,9310,2.986,611
RAW,261.1,9284,9309,3.011,616
RAW,261.4,9297,9317,2.991,612
RAW,261.4,9291,9309,3.030,620
RAW,261.4,9281,9308,3.030,620
RAW,261.7,9296,9318,3.016,617
RAW,261.7,9296,9314,3.016,617
RAW,261.7,9294,9313,3.016,617
RAW,262.0,9296,9314,3.016,617
RAW,262.0,9298,9313,3.016,617
RAW,262.0,9303,9320,2.972,608
RAW,262.3,9301,9315,2.957,605
RAW,262.3,9303,9317,2.972,608
RAW,262.6,9307,9320,2.972,608
RAW,262.6,9296,9315,2.972,608
RAW,262.6,9306,9313,2.986,611
RAW,262.9,9312,9316,2.977,609
RAW,262.9,9305,9321,2.977,609
RAW,262.9,9305,9314,2.977,609
RAW,263.2,9315,9320,2.991,612
RAW,263.2,9316,9316,2.991,612
RAW,263.2,9311,9317,2.986,611
RAW,263.5,9325,9320,2.991,612
RAW,263.5,9316,9315,2.991,612
RAW,263.5,9314,9314,2.991,612
RAW,263.9,9327,9317,2.977,609
RAW,263.9,9326,9314,2.967,607
RAW,263.9,9321,9316,2.977,609
RAW,264.1,9332,9316,2.972,608
RAW,264.1,9320,9320,2.977,609
RAW,264.1,9322,9327,2.977,609
RAW,264.5,9330,9325,2.972,608
RAW,264.5,9330,9315,2.972,608
RAW,264.5,9321,9318,2.986,611
RAW,264.8,9328,9322,2.972,608
RAW,264.8,9335,9328,2.981,610
RAW,264.8,9326,9324,2.981,610
RAW,265.1,9338,9320,2.947,603
RAW,265.1,9332,9324,2.972,608
RAW,265.1,9328,9322,2.977,609
RAW,265.4,9325,9316,2.981,610
RAW,265.4,9324,9325,3.040,622
RAW,265.4,9332,9322,2.991,612
RAW,265.7,9313,9314,2.991,612
RAW,265.7,9321,9316,2.986,611
RAW,265.7,9318,9311,2.991,612
RAW,266.0,9309,9314,2.981,610
RAW,266.0,9309,9314,3.011,616
RAW,266.0,9306,9312,3.016,617
RAW,266.3,9308,9308,3.011,616
RAW,266.3,9309,9314,3.021,618
RAW,266.3,9305,9309,3.021,618
RAW,266.6,9306,9299,3.045,623
RAW,266.6,9308,9308,3.045,623
RAW,266.6,9310,9305,3.025,619
RAW,266.9,9298,9303,3.021,618
RAW,266.9,9291,9300,3.030,620
RAW,266.9,9298,9302,3.006,615
RAW,267.2,9297,9300,3.030,620
RAW,267.2,9299,9306,2.986,611
RAW,267.2,9302,9303,2.986,611
RAW,267.5,9292,9301,2.986,611
RAW,267.5,9291,9303,2.991,612
RAW,267.5,9292,9301,2.986,611
RAW,267.8,9297,9296,2.986,611
RAW,267.8,9298,9298,2.996,613
RAW,267.8,9301,9298,2.991,612
RAW,268.1,9298,9298,2.967,607
RAW,268.1,9291,9303,2.972,608
RAW,268.1,9293,9297,3.006,615
RAW,268.4,9300,9299,2.967,607
RAW,268.4,9304,9302,3.001,614
RAW,268.4,9304,9295,3.021,618
RAW,268.7,9302,9306,3.030,620
RAW,268.7,9302,9300,3.030,620
RAW,268.7,9301,9299,3.025,619
RAW,269.0,9306,9301,3.030,620
RAW,269.0,9298,9301,3.035,621
RAW,269.0,9304,9304,3.040,622
RAW,269.3,9311,9300,3.016,617
RAW,269.3,9306,9304,2.977,609
RAW,269.3,9298,9302,2.977,609
RAW,269.6,9307,9306,2.991,612
RAW,269.6,9303,9306,2.981,610
RAW,269.6,9304,9309,2.972,608
RAW,269.9,9311,9308,2.986,611
RAW,269.9,9307,9302,2.972,608
RAW,269.9,9310,9304,2.986,611
RAW,270.2,9311,9305,2.972,608
RAW,270.2,9311,9301,2.962,606
RAW,270.2,9308,9297,2.962,606
RAW,270.5,9316,9309,2.967,607
RAW,270.5,9312,9305,2.972,608
RAW,270.5,9310,9301,2.981,610
RAW,270.8,9318,9309,2.972,608
RAW,270.8,9317,9304,2.986,611
RAW,270.8,9315,9307,2.991,612
RAW,271.1,9320,9308,2.986,611
RAW,271.1,9319,9305,2.986,611
RAW,271.1,9321,9312,2.981,610
RAW,271.5,9319,9302,2.977,609
RAW,271.5,9321,9302,2.972,608
RAW,271.5,9313,9307,2.972,608
RAW,271.8,9326,9310,2.967,607
RAW,271.8,9321,9310,2.972,608
RAW,271.8,9317,9306,2.972,608
RAW,272.1,9335,9312,2.967,607
RAW,272.1,9322,9307,2.991,612
RAW,272.1,9324,9307,2.972,608
RAW,272.4,9322,9313,2.967,607
RAW,272.4,9325,9310,2.986,611
RAW,272.4,9324,9309,2.977,609
RAW,272.7,9342,9310,2.977,609
RAW,272.7,9337,9314,2.972,608
RAW,272.7,9326,9313,3.006,615
RAW,273.0,9338,9314,2.977,609
RAW,273.0,9342,9308,3.040,622
RAW,273.0,9334,9318,3.045,623
RAW,273.3,9327,9314,3.025,619
RAW,273.3,9335,9310,3.040,622
RAW,273.3,9343,9318,3.040,622
RAW,273.6,9324,9299,3.025,619
RAW,273.6,9321,9300,3.016,617
RAW,273.6,9323,9311,3.025,619
RAW,273.9,9309,9297,3.025,619
RAW,273.9,9316,9297,3.030,620
RAW,273.9,9321,9299,2.977,609
RAW,274.2,9300,9294,3.035,621
RAW,274.2,9308,9295,2.977,609
RAW,274.2,9312,9291,2.991,612
RAW,274.5,9303,9290,2.977,609
RAW,274.5,9301,9289,2.991,612
RAW,274.5,9302,9293,2.991,612
RAW,274.8,9298,9281,2.962,606
RAW,274.8,9294,9285,2.986,611
RAW,274.8,9289,9287,2.981,610
RAW,275.1,9291,9283,2.986,611
RAW,275.1,9283,9280,2.991,612
RAW,275.1,9290,9280,3.011,616
RAW,275.4,9283,9282,2.996,613
RAW,275.4,9288,9288,3.030,620
RAW,275.4,9284,9277,3.030,620
RAW,275.7,9287,9281,3.011,616
RAW,275.7,9290,9288,3.021,618
RAW,275.7,9286,9285,3.016,617
RAW,276.0,9283,9288,3.011,616
RAW,276.0,9286,9288,3.016,617
RAW,276.0,9287,9282,2.967,607
RAW,276.3,9284,9277,2.986,611
RAW,276.3,9288,9288,2.996,613
RAW,276.6,9292,9280,2.991,612
RAW,276.6,9281,9280,2.991,612
RAW,276.6,9287,9284,2.991,612
RAW,276.9,9289,9281,2.981,610
RAW,276.9,9294,9286,2.972,608
RAW,276.9,9285,9286,2.972,608
RAW,277.2,9299,9282,3.030,620
RAW,277.2,9292,9284,2.977,609
RAW,277.2,9286,9280,2.972,608
RAW,277.5,9292,9287,2.967,607
RAW,277.5,9291,9287,2.977,609
RAW,277.5,9292,9288,2.991,612
RAW,277.8,9293,9289,2.972,608
RAW,277.8,9291,9286,2.967,607
RAW,277.8,9293,9287,2.977,609
RAW,278.1,9295,9286,2.977,609
RAW,278.1,9295,9291,2.972,608
RAW,278.1,9298,9285,2.981,610
RAW,278.5,9299,9289,2.986,611
RAW,278.5,9300,9286,2.957,605
RAW,278.5,9302,9281,2.991,612
RAW,278.8,9306,9289,2.996,613
RAW,278.8,9310,9290,2.996,613
RAW,278.8,9302,9282,2.972,608
RAW,279.1,9303,9289,2.977,609
RAW,279.1,9301,9289,2.972,608
RAW,279.1,9307,9292,2.991,612
RAW,279.4,9307,9295,2.962,606
RAW,279.4,9303,9290,2.962,606
RAW,279.4,9300,9295,2.981,610
RAW,279.7,9311,9293,2.977,609
RAW,279.7,9311,9294,2.991,612
RAW,279.7,9307,9289,3.016,617
RAW,280.0,9308,9297,2.981,610
RAW,280.0,9317,9291,3.016,617
RAW,280.0,9316,9296,3.045,623
RAW,280.3,9313,9294,3.104,635
RAW,280.3,9315,9291,3.021,618
RAW,280.3,9314,9289,3.030,620
RAW,280.6,9320,9297,3.035,621
RAW,280.6,9306,9296,3.045,623
RAW,280.6,9316,9298,3.035,621
RAW,280.9,9324,9295,3.030,620
RAW,280.9,9326,9299,3.030,620
RAW,280.9,9323,9298,3.006,615
RAW,281.2,9329,9296,3.030,620
RAW,281.2,9327,9296,2.967,607
RAW,281.2,9322,9298,2.981,610
RAW,281.5,9321,9297,2.972,608
RAW,281.5,9323,9294,2.977,609
RAW,281.5,9326,9299,2.977,609
RAW,281.8,9320,9287,2.967,607
RAW,281.8,9323,9293,2.991,612
RAW,281.8,9325,9290,2.991,612
RAW,282.1,9302,9281,2.981,610
RAW,282.1,9311,9284,2.991,612
RAW,282.1,9311,9285,3.030,620
RAW,282.4,9293,9276,2.986,611
RAW,282.4,9300,9279,3.011,616
RAW,282.4,9295,9278,3.011,616
RAW,282.7,9290,9276,3.021,618
RAW,282.7,9291,9275,3.030,620
RAW,282.7,9298,9275,3.030,620
RAW,283.0,9285,9272,3.035,621
RAW,283.0,9283,9279,3.030,620
RAW,283.0,9284,9274,2.977,609
RAW,283.3,9276,9265,2.972,608
RAW,283.3,9283,9270,2.972,608
RAW,283.6,9269,9269,2.972,608
RAW,283.6,9272,9268,2.981,610
RAW,283.6,9276,9265,2.972,608
RAW,283.9,9275,9270,2.996,613
RAW,283.9,9282,9267,2.991,612
RAW,283.9,9277,9267,2.957,605
RAW,284.2,9283,9273,2.977,609
RAW,284.2,9280,9266,2.991,612
RAW,284.2,9279,9270,2.991,612
RAW,284.5,9283,9274,2.972,608
RAW,284.5,9285,9271,2.967,607
RAW,284.5,9282,9272,2.977,609
RAW,284.8,9285,9273,2.991,612
RAW,284.8,9278,9275,2.972,608
RAW,284.8,9285,9272,2.952,604
RAW,285.1,9292,9273,2.996,613
RAW,285.1,9286,9279,2.981,610
RAW,285.1,9284,9269,2.981,610
RAW,285.4,9285,9273,2.972,608
RAW,285.4,9284,9270,2.977,609
RAW,285.4,9286,9269,2.981,610
RAW,285.8,9287,9272,2.972,608
RAW,285.8,9288,9277,2.967,607
RAW,285.8,9287,9281,2.977,609
RAW,286.0,9292,9274,2.991,612
RAW,286.0,9291,9273,2.991,612
RAW,286.0,9294,9276,2.991,612
RAW,286.4,9301,9277,2.967,607
RAW,286.4,9288,9271,2.991,612
RAW,286.4,9288,9274,2.991,612
RAW,286.7,9300,9272,2.977,609
RAW,286.7,9294,9275,2.972,608
RAW,286.7,9293,9279,3.016,617
RAW,287.0,9302,9280,2.972,608
RAW,287.0,9300,9283,3.021,618
RAW,287.0,9295,9277,3.025,619
RAW,287.3,9314,9281,3.030,620
RAW,287.3,9305,9285,3.045,623
RAW,287.3,9305,9281,3.030,620
RAW,287.6,9313,9287,3.021,618
RAW,287.6,9305,9285,3.025,619
RAW,287.6,9305,9278,3.099,634
RAW,287.9,9317,9283,3.025,619
RAW,287.9,9321,9287,3.025,619
RAW,287.9,9314,9287,2.981,610
RAW,288.2,9323,9290,3.030,620
RAW,288.2,9317,9290,2.981,610
RAW,288.2,9314,9283,2.981,610
RAW,288.5,9326,9291,2.991,612
RAW,288.5,9324,9287,2.991,612
RAW,288.5,9323,9289,2.986,611
RAW,288.8,9326,9288,2.972,608
RAW,288.8,9330,9290,2.981,610
RAW,288.8,9325,9291,2.972,608
RAW,289.1,9321,9292,2.957,605
RAW,289.1,9332,9292,2.967,607
RAW,289.1,9331,9294,2.991,612
RAW,289.4,9333,9295,2.986,611
RAW,289.4,9333,9298,3.030,620
RAW,289.4,9335,9293,3.025,619
RAW,289.7,9339,9298,3.016,617
RAW,289.7,9336,9295,3.030,620
RAW,289.7,9337,9292,3.060,626
RAW,290.0,9328,9290,3.011,616
RAW,290.0,9327,9292,3.025,619
RAW,290.0,9336,9290,2.981,610
RAW,290.3,9312,9276,2.991,612
RAW,290.3,9312,9286,2.972,608
RAW,290.6,9299,9278,2.991,612
RAW,290.6,9306,9279,3.001,614
RAW,290.6,9307,9274,2.991,612
RAW,290.9,9294,9274,2.977,609
RAW,290.9,9294,9275,2.981,610
RAW,290.9,9293,9274,2.977,609
RAW,291.2,9290,9272,2.977,609
RAW,291.2,9297,9276,2.977,609
RAW,291.2,9294,9270,2.972,608
RAW,291.5,9284,9268,2.986,611
RAW,291.5,9290,9268,2.991,612
RAW,291.5,9294,9266,2.972,608
RAW,291.8,9290,9269,2.991,612
RAW,291.8,9286,9267,2.991,612
RAW,291.8,9294,9266,2.991,612
RAW,292.1,9290,9269,2.972,608
RAW,292.1,9291,9270,2.972,608
RAW,292.1,9291,9274,2.967,607
RAW,292.4,9293,9275,2.991,612
RAW,292.4,9297,9278,2.977,609
RAW,292.4,9288,9272,2.967,607
RAW,292.7,9301,9281,2.996,613
RAW,292.7,9294,9277,2.991,612
RAW,292.7,9296,9277,2.972,608
RAW,293.0,9288,9281,2.972,608
RAW,293.0,9302,9279,2.977,609
RAW,293.0,9292,9275,2.972,608
RAW,293.4,9299,9277,2.977,609
RAW,293.4,9298,9280,2.977,609
RAW,293.4,9294,9281,2.972,608
RAW,293.7,9303,9277,2.991,612
RAW,293.7,9297,9276,2.972,608
RAW,293.7,9299,9274,3.030,620
RAW,294.0,9299,9275,2.981,610
RAW,294.0,9298,9276,3.040,622
RAW,294.0,9289,9278,3.025,619
RAW,294.3,9296,9276,3.025,619
RAW,294.3,9300,9276,3.030,620
RAW,294.3,9300,9276,3.030,620
RAW,294.6,9300,9284,3.021,618
RAW,294.6,9304,9285,3.025,619
RAW,294.6,9304,9278,3.021,618
RAW,294.9,9306,9282,3.035,621
RAW,294.9,9305,9284,3.035,621
RAW,294.9,9301,9285,2.972,608
RAW,295.2,9304,9277,3.030,620
RAW,295.2,9302,9289,2.977,609
RAW,295.2,9310,9287,2.991,612
RAW,295.5,9311,9289,2.977,609
RAW,295.5,9309,9284,2.972,608
RAW,295.5,9311,9280,2.977,609
RAW,295.8,9310,9289,2.986,611
RAW,295.8,9320,9289,2.991,612
RAW,295.8,9310,9283,2.981,610
RAW,296.1,9313,9287,2.981,610
RAW,296.1,9312,9291,2.986,611
RAW,296.1,9312,9286,3.030,620
RAW,296.4,9324,9295,2.972,608
RAW,296.4,9323,9286,3.006,615
RAW,296.4,9319,9289,3.016,617
RAW,296.7,9326,9292,3.011,616
RAW,296.7,9322,9293,3.011,616
RAW,296.7,9328,9290,3.011,616
RAW,297.0,9325,9295,3.030,620
RAW,297.0,9324,9293,3.030,620
RAW,297.0,9324,9298,2.991,612
RAW,297.3,9331,9295,2.977,609
RAW,297.3,9330,9297,2.991,612
RAW,297.6,9336,9293,2.981,610
RAW,297.6,9331,9295,2.972,608
RAW,297.6,9331,9295,2.967,607
RAW,297.9,9331,9296,2.986,611
RAW,297.9,9334,9292,2.986,611
RAW,297.9,9329,9295,2.977,609
RAW,298.2,9320,9293,2.981,610
RAW,298.2,9316,9282,2.986,611
RAW,298.2,9321,9295,2.986,611
RAW,298.5,9308,9284,2.957,605
RAW,298.5,9308,9288,2.967,607
RAW,298.5,9310,9287,2.977,609
RAW,298.8,9297,9278,2.957,605
RAW,298.8,9306,9276,2.967,607
RAW,298.8,9305,9279,2.972,608
RAW,299.1,9299,9278,2.981,610
RAW,299.1,9296,9271,2.981,610
RAW,299.1,9291,9281,2.967,607
RAW,299.4,9291,9274,2.977,609
RAW,299.4,9300,9275,2.991,612
RAW,299.4,9292,9278,2.991,612
RAW,299.7,9290,9274,2.977,609
RAW,299.7,9292,9269,2.972,608
RAW,299.7,9288,9270,2.981,610
RAW,300.0,9291,9277,2.991,612
RAW,300.0,9292,9276,2.981,610
RAW,300.0,9288,9276,2.972,608
RAW,300.4,9295,9274,2.991,612
RAW,300.4,9290,9274,2.977,609
RAW,300.4,9287,9277,2.981,610
RAW,300.6,9295,9280,2.986,611
RAW,300.6,9298,9282,2.986,611
RAW,300.6,9289,9272,3.001,614
RAW,301.0,9307,9277,2.947,603
RAW,301.0,9302,9276,3.006,615
RAW,301.0,9289,9278,3.021,618
RAW,301.3,9301,9281,3.035,621
RAW,301.3,9294,9284,3.021,618
RAW,301.3,9292,9284,3.035,621
RAW,301.6,9303,9281,3.040,622
RAW,301.6,9301,9285,3.055,625
RAW,301.6,9302,9278,3.030,620
RAW,301.9,9308,9281,2.996,613
RAW,301.9,9298,9284,3.021,618
RAW,301.9,9295,9283,2.981,610
RAW,302.2,9310,9285,3.030,620
RAW,302.2,9309,9286,2.977,609
RAW,302.2,9304,9284,2.981,610
RAW,302.5,9310,9286,2.981,610
RAW,302.5,9306,9286,2.977,609
RAW,302.5,9313,9285,2.986,611
RAW,302.8,9312,9290,2.986,611
RAW,302.8,9316,9287,2.986,611
RAW,302.8,9318,9287,2.991,612
RAW,303.1,9324,9290,2.977,609
RAW,303.1,9316,9287,2.972,608
RAW,303.1,9320,9282,3.030,620
RAW,303.4,9325,9290,2.972,608
RAW,303.4,9317,9291,3.011,616
RAW,303.4,9320,9288,3.021,618
RAW,303.7,9323,9295,3.030,620
RAW,303.7,9326,9296,3.016,617
RAW,303.7,9325,9288,3.030,620
RAW,304.0,9331,9289,3.025,619
RAW,304.0,9328,9293,3.021,618
RAW,304.0,9335,9288,3.011,616
RAW,304.3,9333,9296,2.986,611
RAW,304.3,9332,9294,2.977,609
RAW,304.6,9339,9296,2.991,612
RAW,304.6,9334,9296,2.981,610
RAW,304.6,9339,9295,2.986,611
RAW,304.9,9346,9302,2.967,607
RAW,304.9,9342,9303,3.001,614
RAW,304.9,9338,9306,2.986,611
RAW,305.2,9348,9299,2.972,608
RAW,305.2,9350,9301,2.977,609
RAW,305.2,9345,9302,2.977,609
RAW,305.5,9344,9301,2.986,611
RAW,305.5,9345,9302,2.991,612
RAW,305.5,9343,9301,2.977,609
RAW,305.8,9340,9294,2.991,612
RAW,305.8,9342,9298,2.991,612
RAW,305.8,9345,9297,2.986,611
RAW,306.1,9325,9290,2.972,608
RAW,306.1,9337,9296,2.977,609
RAW,306.1,9334,9295,2.972,608
RAW,306.4,9308,9286,2.962,606
RAW,306.4,9319,9289,2.972,608
RAW,306.4,9319,9284,2.972,608
RAW,306.7,9304,9281,2.981,610
RAW,306.7,9315,9288,2.991,612
RAW,306.7,9312,9282,2.986,611
RAW,307.0,9303,9275,2.981,610
RAW,307.0,9301,9279,2.991,612
RAW,307.0,9299,9276,2.981,610
RAW,307.4,9293,9276,2.972,608
RAW,307.4,9297,9279,2.972,608
RAW,307.4,9306,9277,2.977,609
RAW,307.6,9292,9273,3.001,614
RAW,307.6,9288,9274,2.977,609
RAW,307.6,9292,9273,2.986,611
RAW,308.0,9290,9272,2.986,611
RAW,308.0,9295,9279,3.021,618
RAW,308.0,9289,9276,3.030,620
RAW,308.3,9294,9277,3.011,616
RAW,308.3,9300,9273,3.025,619
RAW,308.3,9290,9279,3.030,620
RAW,308.6,9294,9280,3.035,621
RAW,308.6,9299,9275,3.030,620
RAW,308.6,9286,9282,3.021,618
RAW,308.9,9301,9276,3.035,621
RAW,308.9,9294,9278,3.021,618
RAW,308.9,9293,9278,2.986,611
RAW,309.2,9295,9283,3.040,622
RAW,309.2,9299,9282,3.035,621
RAW,309.2,9300,9283,2.981,610
RAW,309.5,9302,9286,2.962,606
RAW,309.5,9301,9290,2.972,608
RAW,309.5,9299,9287,2.977,609
RAW,309.8,9306,9289,2.972,608
RAW,309.8,9302,9285,2.981,610
RAW,309.8,9302,9284,2.991,612
RAW,310.1,9298,9289,2.991,612
RAW,310.1,9302,9284,2.991,612
RAW,310.1,9306,9283,3.011,616
RAW,310.4,9311,9293,2.972,608
RAW,310.4,9299,9290,3.021,618
RAW,310.4,9308,9285,3.025,619
RAW,310.7,9305,9294,3.006,615
RAW,310.7,9309,9291,3.016,617
RAW,310.7,9305,9285,3.025,619
RAW,311.0,9309,9287,3.021,618
RAW,311.0,9313,9294,3.040,622
RAW,311.0,9310,9292,2.986,611
RAW,311.3,9311,9289,2.991,612
RAW,311.3,9312,9300,3.001,614
RAW,311.6,9322,9296,2.977,609
RAW,311.6,9323,9297,2.977,609
RAW,311.6,9325,9300,2.986,611
RAW,311.9,9323,9298,2.972,608
RAW,311.9,9328,9301,2.972,608
RAW,311.9,9316,9298,2.972,608
RAW,312.2,9332,9300,2.972,608
RAW,312.2,9321,9294,2.991,612
RAW,312.2,9321,9299,2.972,608
RAW,312.5,9333,9304,2.981,610
RAW,312.5,9333,9301,2.991,612
RAW,312.5,9334,9299,2.991,612
RAW,312.8,9338,9303,2.991,612
RAW,312.8,9332,9300,2.977,609
RAW,312.8,9336,9301,2.967,607
RAW,313.1,9336,9304,2.991,612
RAW,313.1,9336,9306,2.991,612
RAW,313.1,9337,9307,2.972,608
RAW,313.4,9346,9309,2.991,612
RAW,313.4,9348,9309,3.001,614
RAW,313.4,9338,9311,2.986,611
RAW,313.7,9346,9309,2.972,608
RAW,313.7,9342,9302,2.972,608
RAW,313.7,9346,9311,2.972,608
RAW,314.0,9336,9302,2.991,612
RAW,314.0,9341,9306,2.972,608
RAW,314.0,9341,9307,2.977,609
RAW,314.3,9319,9293,2.981,610
RAW,314.3,9323,9299,2.991,612
RAW,314.3,9333,9303,2.977,609
RAW,314.6,9312,9283,2.991,612
RAW,314.6,9314,9292,2.996,613
RAW,314.6,9313,9297,3.006,615
RAW,315.0,9302,9287,2.952,604
RAW,315.0,9297,9286,3.016,617
RAW,315.0,9304,9289,3.030,620
RAW,315.3,9290,9281,3.030,620
RAW,315.3,9289,9282,3.030,620
RAW,315.3,9294,9290,3.025,619
RAW,315.6,9278,9280,3.040,622
RAW,315.6,9291,9277,3.045,623
RAW,315.6,9277,9283,3.030,620
RAW,315.9,9285,9276,3.030,620
RAW,315.9,9278,9276,3.030,620
RAW,315.9,9277,9273,3.001,614
RAW,316.2,9278,9276,3.025,619
RAW,316.2,9279,9279,2.981,610
RAW,316.2,9284,9277,2.972,608
RAW,316.5,9284,9280,2.991,612
RAW,316.5,9278,9282,2.981,610
RAW,316.5,9277,9274,2.986,611
RAW,316.8,9285,9280,3.025,619
RAW,316.8,9284,9280,2.986,611
RAW,316.8,9282,9280,2.986,611
RAW,317.1,9290,9286,2.977,609
RAW,317.1,9287,9286,2.977,609
RAW,317.1,9284,9273,3.006,615
RAW,317.4,9292,9283,2.977,609
RAW,317.4,9291,9281,3.001,614
RAW,317.4,9289,9278,3.016,617
RAW,317.7,9289,9287,3.016,617
RAW,317.7,9294,9278,3.016,617
RAW,317.7,9292,9283,3.021,618
RAW,318.0,9297,9281,3.021,618
RAW,318.0,9293,9280,3.025,619
RAW,318.0,9300,9282,3.030,620
RAW,318.3,9292,9286,3.011,616
RAW,318.3,9299,9282,2.986,611
RAW,318.3,9296,9282,2.972,608
RAW,318.6,9303,9286,2.996,613
RAW,318.6,9300,9299,2.991,612
RAW,318.6,9293,9294,3.001,614
RAW,318.9,9304,9297,2.977,609
RAW,318.9,9305,9295,2.991,612
RAW,318.9,9306,9288,2.991,612
RAW,319.2,9308,9299,2.972,608
RAW,319.2,9314,9294,2.981,610
RAW,319.2,9308,9297,2.972,608
RAW,319.5,9315,9298,2.972,608
RAW,319.5,9310,9302,2.972,608
RAW,319.5,9318,9298,2.967,607
RAW,319.8,9319,9306,2.981,610
RAW,319.8,9317,9301,2.991,612
RAW,319.8,9317,9305,2.972,608
RAW,320.1,9319,9304,3.011,616
RAW,320.1,9317,9302,2.991,612
RAW,320.1,9319,9303,2.972,608
RAW,320.4,9336,9312,2.972,608
RAW,320.4,9323,9309,2.962,606
RAW,320.4,9321,9307,2.972,608
RAW,320.7,9330,9309,3.001,614
RAW,320.7,9332,9303,2.996,613
RAW,320.7,9325,9312,2.977,609
RAW,321.0,9330,9310,2.986,611
RAW,321.0,9333,9305,2.991,612
RAW,321.0,9326,9311,2.991,612
RAW,321.3,9336,9313,2.967,607
RAW,321.3,9335,9318,2.967,607
RAW,321.3,9333,9308,2.981,610
RAW,321.6,9340,9310,2.972,608
RAW,321.6,9336,9313,2.981,610
RAW,321.6,9339,9313,2.996,613
RAW,322.0,9350,9319,2.981,610
RAW,322.0,9345,9313,3.030,620
RAW,322.0,9334,9319,3.016,617
RAW,322.3,9348,9312,3.030,620
RAW,322.3,9346,9315,3.045,623
RAW,322.3,9342,9317,3.040,622
RAW,322.6,9339,9305,3.030,620
RAW,322.6,9344,9313,3.030,620
RAW,322.6,9336,9313,3.069,628
RAW,322.9,9321,9304,3.035,621
RAW,322.9,9328,9305,3.025,619
RAW,322.9,9330,9305,2.986,611
RAW,323.2,9316,9299,3.035,621
RAW,323.2,9315,9298,2.996,613
RAW,323.2,9312,9302,2.986,611
RAW,323.5,9308,9297,2.972,608
RAW,323.5,9303,9295,2.977,609
RAW,323.5,9306,9296,2.972,608
RAW,323.8,9302,9291,2.977,609
RAW,323.8,9295,9294,2.986,611
RAW,323.8,9300,9295,2.972,608
RAW,324.1,9287,9288,2.991,612
RAW,324.1,9294,9290,2.986,611
RAW,324.1,9292,9288,3.016,617
RAW,324.4,9290,9292,2.977,609
RAW,324.4,9288,9292,3.030,620
RAW,324.4,9291,9288,3.025,619
RAW,324.7,9294,9297,3.011,616
RAW,324.7,9289,9298,3.016,617
RAW,324.7,9289,9294,3.016,617
RAW,325.0,9297,9304,2.991,612
RAW,325.0,9293,9296,3.016,617
RAW,325.0,9294,9300,2.942,602
RAW,325.3,9303,9296,3.011,616
RAW,325.3,9302,9297,2.972,608
RAW,325.3,9294,9295,2.986,611
RAW,325.6,9297,9297,2.981,610
RAW,325.6,9299,9301,2.977,609
RAW,325.6,9302,9297,2.981,610
RAW,325.9,9302,9290,2.972,608
RAW,325.9,9298,9301,2.977,609
RAW,325.9,9303,9299,2.967,607
RAW,326.2,9287,9300,2.986,611
RAW,326.2,9294,9294,2.991,612
RAW,326.2,9293,9297,2.977,609
RAW,326.5,9295,9295,2.981,610
RAW,326.5,9301,9300,3.001,614
RAW,326.5,9289,9290,2.996,613
RAW,326.8,9293,9301,2.962,606
RAW,326.8,9297,9295,2.967,607
RAW,326.8,9293,9303,2.981,610
RAW,327.1,9293,9296,2.972,608
RAW,327.1,9295,9303,2.972,608
RAW,327.1,9296,9301,2.972,608
RAW,327.4,9305,9301,2.981,610
RAW,327.4,9295,9305,2.991,612
RAW,327.4,9294,9300,2.991,612
RAW,327.7,9293,9300,2.991,612
RAW,327.7,9293,9297,2.991,612
RAW,327.7,9287,9297,2.991,612
RAW,328.0,9301,9298,2.977,609
RAW,328.0,9292,9301,2.962,606
RAW,328.0,9289,9305,2.972,608
RAW,328.3,9291,9296,2.991,612
RAW,328.3,9294,9304,2.991,612
RAW,328.3,9284,9299,2.972,608
RAW,328.6,9293,9305,2.991,612
RAW,328.6,9290,9301,2.991,612
RAW,328.6,9292,9303,3.030,620
RAW,328.9,9300,9301,2.972,608
RAW,328.9,9303,9302,3.021,618
RAW,328.9,9291,9301,3.025,619
RAW,329.3,9309,9308,3.025,619
RAW,329.3,9305,9301,3.025,619
RAW,329.3,9298,9304,3.021,618
RAW,329.5,9313,9310,3.030,620
RAW,329.5,9311,9304,3.040,622
RAW,329.5,9306,9307,3.030,620
RAW,329.9,9313,9312,3.045,623
RAW,329.9,9314,9308,3.050,624
RAW,329.9,9313,9309,3.035,621
RAW,330.2,9329,9321,3.025,619
RAW,330.2,9322,9322,2.952,604
RAW,330.2,9315,9312,2.972,608
RAW,330.5,9318,9322,3.001,614
RAW,330.5,9329,9318,2.972,608
RAW,330.5,9318,9314,2.972,608
RAW,330.8,9324,9310,2.996,613
RAW,330.8,9315,9312,2.986,611
RAW,330.8,9319,9316,2.977,609
RAW,331.1,9315,9314,2.972,608
RAW,331.1,9319,9310,2.972,608
RAW,331.1,9315,9312,3.006,615
RAW,331.4,9305,9310,2.967,607
RAW,331.4,9309,9316,3.016,617
RAW,331.4,9313,9311,3.011,616
RAW,331.7,9288,9302,3.035,621
RAW,331.7,9291,9303,3.016,617
RAW,331.7,9299,9301,3.035,621
RAW,332.0,9273,9298,3.035,621
RAW,332.0,9280,9294,3.025,619
RAW,332.0,9280,9303,2.991,612
RAW,332.3,9265,9290,2.972,608
RAW,332.3,9274,9294,2.986,611
RAW,332.6,9261,9278,2.967,607
RAW,332.6,9255,9285,2.977,609
RAW,332.6,9266,9289,2.977,609
RAW,332.9,9255,9284,2.977,609
RAW,332.9,9259,9282,2.981,610
RAW,332.9,9248,9279,2.991,612
RAW,333.2,9248,9285,2.972,608
RAW,333.2,9246,9281,2.967,607
RAW,333.2,9256,9285,2.986,611
RAW,333.5,9259,9281,2.967,607
RAW,333.5,9252,9286,2.977,609
RAW,333.5,9255,9284,2.977,609
RAW,333.8,9259,9279,2.991,612
RAW,333.8,9260,9283,2.996,613
RAW,333.8,9261,9285,2.991,612
RAW,334.1,9264,9284,2.972,608
RAW,334.1,9266,9278,2.981,610
RAW,334.1,9257,9284,2.991,612
RAW,334.4,9261,9286,2.967,607
RAW,334.4,9256,9280,2.977,609
RAW,334.4,9267,9278,2.972,608
RAW,334.7,9274,9278,2.977,609
RAW,334.7,9268,9282,2.972,608
RAW,334.7,9260,9281,2.981,610
RAW,335.0,9273,9283,2.981,610
RAW,335.0,9272,9281,2.977,609
RAW,335.0,9266,9280,2.972,608
RAW,335.3,9276,9288,2.977,609
RAW,335.3,9281,9286,2.991,612
RAW,335.3,9270,9287,2.986,611
RAW,335.6,9289,9294,2.972,608
RAW,335.6,9284,9293,2.981,610
RAW,335.6,9279,9290,3.025,619
RAW,335.9,9299,9297,3.001,614
RAW,335.9,9296,9295,3.030,620
RAW,335.9,9295,9295,2.996,613
RAW,336.2,9308,9300,3.030,620
RAW,336.2,9304,9298,3.050,624
RAW,336.2,9295,9300,3.050,624
RAW,336.5,9315,9302,3.021,618
RAW,336.5,9306,9304,3.030,620
RAW,336.5,9307,9300,3.025,619
RAW,336.9,9320,9298,3.025,619
RAW,336.9,9321,9303,3.030,620
RAW,336.9,9319,9304,2.977,609
RAW,337.2,9332,9302,3.030,620
RAW,337.2,9322,9300,2.996,613
RAW,337.2,9319,9303,2.972,608
RAW,337.5,9342,9310,2.991,612
RAW,337.5,9341,9311,2.981,610
RAW,337.5,9331,9304,2.981,610
RAW,337.8,9350,9314,3.021,618
RAW,337.8,9351,9313,2.977,609
RAW,337.8,9339,9311,2.977,609
RAW,338.1,9364,9324,3.001,614
RAW,338.1,9362,9326,2.972,608
RAW,338.1,9357,9316,3.016,617
RAW,338.4,9365,9326,3.021,618
RAW,338.4,9366,9325,3.030,620
RAW,338.4,9365,9324,3.011,616
RAW,338.7,9371,9323,3.016,617
RAW,338.7,9376,9326,3.006,615
RAW,338.7,9368,9320,3.025,619
RAW,339.0,9376,9324,3.011,616
RAW,339.0,9376,9322,3.011,616
RAW,339.0,9372,9319,2.977,609
RAW,339.3,9368,9322,3.001,614
RAW,339.3,9368,9320,3.001,614
RAW,339.3,9374,9316,2.991,612
RAW,339.6,9361,9314,2.991,612
RAW,339.6,9366,9312,2.986,611
RAW,339.6,9369,9325,2.991,612
RAW,339.9,9347,9308,2.972,608
RAW,339.9,9349,9306,2.977,609
RAW,339.9,9348,9310,2.972,608
RAW,340.2,9347,9313,2.972,608
RAW,340.2,9338,9308,2.972,608
RAW,340.2,9344,9306,2.972,608
RAW,340.5,9336,9309,2.972,608
RAW,340.5,9338,9308,2.986,611
RAW,340.5,9342,9308,2.986,611
RAW,340.8,9339,9306,2.981,610
RAW,340.8,9349,9311,2.986,611
RAW,340.8,9342,9305,3.021,618
RAW,341.1,9346,9311,2.967,607
RAW,341.1,9349,9309,2.972,608
RAW,341.1,9357,9309,2.967,607
RAW,341.4,9351,9314,2.986,611
RAW,341.4,9352,9312,2.996,613
RAW,341.4,9346,9312,2.991,612
RAW,341.7,9366,9319,2.972,608
RAW,341.7,9358,9317,2.991,612
RAW,341.7,9348,9313,2.991,612
RAW,342.0,9356,9321,2.942,602
RAW,342.0,9362,9318,2.972,608
RAW,342.0,9359,9316,2.972,608
RAW,342.3,9360,9324,2.972,608
RAW,342.3,9359,9325,2.977,609
RAW,342.3,9359,9319,2.977,609
RAW,342.6,9364,9328,2.981,610
RAW,342.6,9375,9326,2.996,613
RAW,342.6,9363,9323,3.040,622
RAW,342.9,9368,9321,3.006,615
RAW,342.9,9369,9325,3.045,623
RAW,342.9,9357,9323,3.050,624
RAW,343.2,9365,9328,3.016,617
RAW,343.2,9366,9328,3.030,620
RAW,343.2,9363,9323,3.030,620
RAW,343.5,9372,9325,3.050,624
RAW,343.5,9371,9328,3.050,624
RAW,343.5,9361,9326,3.011,616
RAW,343.9,9366,9324,3.045,623
RAW,343.9,9370,9327,3.001,614
RAW,343.9,9370,9322,2.967,607
RAW,344.1,9371,9328,2.977,609
RAW,344.1,9367,9329,2.972,608
RAW,344.1,9368,9321,2.972,608
RAW,344.5,9379,9326,2.957,605
RAW,344.5,9378,9327,2.977,609
RAW,344.5,9374,9329,2.972,608
RAW,344.8,9381,9330,2.991,612
RAW,344.8,9384,9325,2.986,611
RAW,344.8,9379,9329,3.011,616
RAW,345.1,9378,9322,2.991,612
RAW,345.1,9377,9332,3.016,617
RAW,345.1,9385,9325,3.045,623
RAW,345.4,9374,9328,3.011,616
RAW,345.4,9382,9327,3.016,617
RAW,345.4,9383,9326,3.016,617
RAW,345.7,9388,9339,3.030,620
RAW,345.7,9381,9328,3.006,615
RAW,345.7,9375,9323,3.016,617
RAW,346.0,9387,9337,3.030,620
RAW,346.0,9383,9328,2.977,609
RAW,346.0,9386,9336,2.981,610
RAW,346.3,9394,9342,2.972,608
RAW,346.3,9389,9332,2.986,611
RAW,346.3,9393,9336,2.986,611
RAW,346.6,9397,9335,2.977,609
RAW,346.6,9399,9338,2.967,607
RAW,346.6,9396,9337,2.972,608
RAW,346.9,9392,9334,2.986,611
RAW,346.9,9402,9337,2.991,612
RAW,346.9,9401,9338,2.986,611
RAW,347.2,9392,9339,2.996,613
RAW,347.2,9393,9334,2.977,609
RAW,347.2,9389,9334,2.981,610
RAW,347.5,9374,9319,2.967,607
RAW,347.5,9384,9325,2.981,610
RAW,347.5,9384,9328,2.977,609
RAW,347.8,9364,9320,2.981,610
RAW,347.8,9369,9326,2.977,609
RAW,347.8,9368,9322,2.967,607
RAW,348.1,9352,9314,2.981,610
RAW,348.1,9356,9314,2.981,610
RAW,348.1,9353,9317,2.986,611
RAW,348.4,9349,9315,2.972,608
RAW,348.4,9349,9317,2.981,610
RAW,348.4,9352,9316,3.001,614
RAW,348.7,9335,9313,2.972,608
RAW,348.7,9336,9320,2.972,608
RAW,348.7,9344,9315,2.972,608
RAW,349.0,9341,9308,2.981,610
RAW,349.0,9340,9314,2.991,612
RAW,349.0,9340,9317,2.981,610
RAW,349.3,9338,9314,2.977,609
RAW,349.3,9342,9313,2.986,611
RAW,349.3,9336,9313,3.030,620
RAW,349.6,9348,9316,3.006,615
RAW,349.6,9339,9313,3.021,618
RAW,349.6,9337,9308,3.030,620
RAW,349.9,9351,9313,3.011,616
RAW,349.9,9343,9311,3.030,620
RAW,349.9,9342,9315,3.030,620
RAW,350.2,9348,9317,3.040,622
RAW,350.2,9352,9315,3.118,638
RAW,350.2,9340,9318,3.030,620
RAW,350.5,9343,9315,3.035,621
RAW,350.5,9345,9315,3.050,624
RAW,350.5,9347,9315,2.991,612
RAW,350.9,9349,9317,3.065,627
RAW,350.9,9348,9315,2.977,609
RAW,350.9,9345,9320,2.977,609
RAW,351.1,9350,9323,2.991,612
RAW,351.1,9349,9313,2.991,612
RAW,351.1,9350,9314,2.977,609
RAW,351.5,9349,9316,2.996,613
RAW,351.5,9343,9320,2.986,611
RAW,351.5,9348,9310,2.981,610
RAW,351.8,9352,9322,2.962,606
RAW,351.8,9352,9321,2.972,608
RAW,351.8,9356,9315,3.011,616
RAW,352.1,9355,9324,2.972,608
RAW,352.1,9360,9322,3.011,616
RAW,352.1,9349,9319,3.011,616
RAW,352.4,9363,9326,3.021,618
RAW,352.4,9358,9319,3.025,619
RAW,352.4,9366,9323,3.030,620
RAW,352.7,9371,9326,3.030,620
RAW,352.7,9364,9328,3.030,620
RAW,352.7,9374,9325,2.972,608
RAW,353.0,9364,9331,2.967,607
RAW,353.0,9371,9324,2.972,608
RAW,353.3,9377,9331,2.967,607
RAW,353.3,9370,9329,2.981,610
RAW,353.3,9365,9329,2.977,609
RAW,353.6,9379,9327,2.937,601
RAW,353.6,9373,9329,2.972,608
RAW,353.6,9379,9325,2.981,610
RAW,353.9,9391,9330,2.972,608
RAW,353.9,9382,9333,2.972,608
RAW,353.9,9384,9334,2.977,609
RAW,354.2,9390,9340,2.967,607
RAW,354.2,9386,9336,2.972,608
RAW,354.2,9382,9335,2.977,609
RAW,354.5,9384,9336,2.972,608
RAW,354.5,9389,9336,2.991,612
RAW,354.5,9391,9339,2.991,612
RAW,354.8,9394,9333,2.991,612
RAW,354.8,9390,9333,2.977,609
RAW,354.8,9386,9331,2.972,608
RAW,355.1,9380,9330,2.972,608
RAW,355.1,9385,9328,2.972,608
RAW,355.1,9385,9334,2.972,608
RAW,355.4,9367,9323,2.967,607
RAW,355.4,9372,9325,2.972,608
RAW,355.4,9384,9329,2.972,608
RAW,355.7,9350,9316,2.981,610
RAW,355.7,9354,9314,2.981,610
RAW,355.7,9360,9321,2.991,612
RAW,356.0,9346,9307,2.981,610
RAW,356.0,9346,9310,2.986,611
RAW,356.0,9344,9309,2.991,612
RAW,356.3,9331,9310,2.952,604
RAW,356.3,9340,9311,2.991,612
RAW,356.3,9340,9309,3.021,618
RAW,356.6,9330,9308,2.977,609
RAW,356.6,9326,9309,3.045,623
RAW,356.6,9333,9303,3.045,623
RAW,356.9,9328,9304,3.030,620
RAW,356.9,9324,9306,3.035,621
RAW,356.9,9327,9305,3.040,622
RAW,357.2,9334,9306,3.025,619
RAW,357.2,9327,9305,3.025,619
RAW,357.2,9335,9312,3.030,620
RAW,357.5,9330,9310,3.030,620
RAW,357.5,9330,9301,3.025,619
RAW,357.5,9330,9305,2.977,609
RAW,357.8,9328,9305,3.030,620
RAW,357.8,9336,9310,2.977,609
RAW,357.8,9329,9305,2.977,609
RAW,358.1,9329,9313,2.986,611
RAW,358.1,9331,9305,2.991,612
RAW,358.1,9330,9307,2.996,613
RAW,358.5,9338,9316,2.991,612
RAW,358.5,9335,9314,2.981,610
RAW,358.5,9341,9311,2.981,610
RAW,358.8,9333,9322,2.996,613
RAW,358.8,9338,9317,2.991,612
RAW,358.8,9335,9312,3.011,616
RAW,359.1,9338,9316,2.996,613
RAW,359.1,9336,9310,3.035,621
RAW,359.1,9342,9309,3.016,617
RAW,359.4,9352,9317,3.006,615
RAW,359.4,9342,9317,3.021,618
RAW,359.4,9342,9315,3.016,617
RAW,359.7,9349,9314,3.025,619
RAW,359.7,9350,9317,3.006,615
RAW,359.7,9341,9318,2.986,611
RAW,360.0,9349,9317,2.972,608
RAW,360.0,9352,9321,2.981,610
RAW,360.3,9363,9319,2.991,612
RAW,360.3,9360,9330,2.996,613
RAW,360.3,9361,9318,2.977,609
RAW,360.6,9356,9324,2.977,609
RAW,360.6,9354,9323,2.967,607
RAW,360.6,9358,9322,2.972,608
RAW,360.9,9374,9329,2.977,609
RAW,360.9,9359,9329,2.967,607
RAW,360.9,9362,9324,2.977,609
RAW,361.2,9373,9333,2.986,611
RAW,361.2,9367,9324,2.972,608
RAW,361.2,9363,9324,2.991,612
RAW,361.5,9376,9335,2.972,608
RAW,361.5,9371,9327,2.977,609
RAW,361.5,9374,9328,2.977,609
RAW,361.8,9378,9332,2.967,607
RAW,361.8,9376,9339,2.972,608
RAW,361.8,9377,9334,2.986,611
RAW,362.1,9384,9331,2.977,609
RAW,362.1,9383,9331,2.981,610
RAW,362.1,9377,9332,2.991,612
RAW,362.4,9385,9336,3.069,628
RAW,362.4,9388,9339,2.977,609
RAW,362.4,9385,9336,2.991,612
RAW,362.7,9387,9339,2.972,608
RAW,362.7,9381,9334,2.991,612
RAW,362.7,9383,9339,2.967,607
RAW,363.0,9386,9326,2.972,608
RAW,363.0,9382,9340,2.972,608
RAW,363.0,9383,9334,2.957,605
RAW,363.3,9360,9324,2.972,608
RAW,363.3,9366,9328,2.977,609
RAW,363.3,9378,9333,3.050,624
RAW,363.6,9351,9320,2.967,607
RAW,363.6,9360,9315,3.050,624
RAW,363.6,9357,9318,3.045,623
RAW,363.9,9338,9307,3.006,615
RAW,363.9,9343,9311,3.025,619
RAW,363.9,9344,9314,3.030,620
RAW,364.2,9328,9300,3.035,621
RAW,364.2,9330,9310,3.040,622
RAW,364.2,9336,9309,3.030,620
RAW,364.5,9319,9303,3.021,618
RAW,364.5,9320,9305,3.050,624
RAW,364.5,9322,9305,2.977,609
RAW,364.8,9319,9309,3.016,617
RAW,364.8,9312,9304,2.977,609
RAW,364.8,9310,9303,2.972,608
RAW,365.1,9313,9309,2.972,608
RAW,365.1,9313,9310,2.972,608
RAW,365.1,9316,9303,2.977,609
RAW,365.5,9309,9302,2.981,610
RAW,365.5,9314,9306,3.001,614
RAW,365.5,9316,9303,2.996,613
RAW,365.8,9308,9304,2.986,611
RAW,365.8,9315,9306,2.996,613
RAW,365.8,9313,9303,3.030,620
RAW,366.1,9315,9308,3.001,614
RAW,366.1,9318,9310,3.021,618
RAW,366.1,9312,9303,3.006,615
RAW,366.4,9315,9304,3.035,621
RAW,366.4,9313,9306,3.021,618
RAW,366.4,9316,9302,3.011,616
RAW,366.7,9320,9309,3.030,620
RAW,366.7,9315,9312,3.011,616
RAW,366.7,9318,9308,2.986,611
RAW,367.0,9315,9308,2.981,610
RAW,367.0,9324,9313,2.986,611
RAW,367.0,9312,9309,2.977,609
RAW,367.3,9316,9309,2.967,607
RAW,367.3,9313,9309,2.962,606
RAW,367.3,9317,9311,2.977,609
RAW,367.6,9325,9316,2.991,612
RAW,367.6,9318,9308,2.991,612
RAW,367.6,9318,9313,2.996,613
RAW,367.9,9322,9313,2.991,612
RAW,367.9,9329,9321,2.996,613
RAW,367.9,9325,9316,2.991,612
RAW,368.2,9335,9318,2.972,608
RAW,368.2,9328,9313,2.977,609
RAW,368.2,9325,9313,2.986,611
RAW,368.5,9331,9318,2.967,607
RAW,368.5,9328,9316,2.967,607
RAW,368.5,9335,9315,2.981,610
RAW,368.8,9336,9321,2.981,610
RAW,368.8,9338,9319,2.981,610
RAW,368.8,9338,9317,2.972,608
RAW,369.1,9347,9320,2.986,611
RAW,369.1,9337,9322,2.972,608
RAW,369.1,9333,9321,2.977,609
RAW,369.4,9348,9322,2.967,607
RAW,369.4,9339,9326,2.977,609
RAW,369.4,9345,9322,2.972,608
RAW,369.7,9343,9327,2.991,612
RAW,369.7,9345,9324,2.991,612
RAW,369.7,9347,9317,2.986,611
RAW,370.0,9353,9325,2.996,613
RAW,370.0,9357,9323,2.981,610
RAW,370.0,9354,9320,2.986,611
RAW,370.3,9351,9326,2.977,609
RAW,370.3,9353,9325,2.991,612
RAW,370.3,9353,9321,3.030,620
RAW,370.6,9355,9326,3.001,614
RAW,370.6,9353,9330,3.025,619
RAW,370.6,9352,9328,3.025,619
RAW,370.9,9351,9319,3.060,626
RAW,370.9,9350,9320,3.045,623
RAW,370.9,9352,9322,3.045,623
RAW,371.2,9335,9308,3.035,621
RAW,371.2,9341,9314,3.035,621
RAW,371.2,9344,9317,3.006,615
RAW,371.5,9322,9308,3.025,619
RAW,371.5,9330,9311,2.991,612
RAW,371.5,9326,9311,2.981,610
RAW,371.8,9305,9296,2.996,613
RAW,371.8,9312,9305,2.991,612
RAW,371.8,9315,9303,2.986,611
RAW,372.1,9295,9297,2.972,608
RAW,372.1,9308,9303,2.981,610
RAW,372.1,9310,9297,2.991,612
RAW,372.5,9295,9295,2.972,608
RAW,372.5,9289,9298,2.977,609
RAW,372.5,9297,9293,2.996,613
RAW,372.8,9289,9298,2.967,607
RAW,372.8,9296,9294,3.006,615
RAW,372.8,9284,9294,3.011,616
RAW,373.0,9289,9293,3.025,619
RAW,373.0,9287,9295,3.011,616
RAW,373.0,9281,9296,3.011,616
RAW,373.4,9294,9295,3.030,620
RAW,373.4,9294,9297,3.030,620
RAW,373.4,9288,9296,3.035,621
RAW,373.7,9292,9298,3.011,616
RAW,373.7,9302,9298,2.967,607
RAW,373.7,9295,9296,2.972,608
RAW,374.0,9296,9298,2.991,612
RAW,374.0,9294,9293,2.952,604
RAW,374.0,9295,9294,2.972,608
RAW,374.3,9299,9295,2.991,612
RAW,374.3,9299,9298,2.981,610
RAW,374.3,9292,9296,2.996,613
RAW,374.6,9308,9300,2.972,608
RAW,374.6,9299,9297,2.972,608
RAW,374.6,9299,9301,2.972,608
RAW,374.9,9304,9299,2.972,608
RAW,374.9,9308,9306,2.977,609
RAW,374.9,9301,9305,2.972,608
RAW,375.2,9304,9307,2.991,612
RAW,375.2,9299,9305,2.991,612
RAW,375.2,9302,9300,2.996,613
RAW,375.5,9315,9304,2.986,611
RAW,375.5,9310,9306,2.981,610
RAW,375.5,9304,9306,2.986,611
RAW,375.8,9312,9302,2.972,608
RAW,375.8,9314,9308,2.972,608
RAW,375.8,9315,9309,2.981,610
RAW,376.1,9318,9312,2.972,608
RAW,376.1,9308,9314,2.981,610
RAW,376.1,9319,9308,2.986,611
RAW,376.4,9327,9314,2.972,608
RAW,376.4,9324,9308,2.986,611
RAW,376.4,9324,9310,2.977,609
RAW,376.7,9327,9315,2.986,611
RAW,376.7,9326,9309,2.972,608
RAW,376.7,9326,9314,2.996,613
RAW,377.0,9334,9315,2.972,608
RAW,377.0,9330,9311,2.972,608
RAW,377.0,9327,9314,3.011,616
RAW,377.3,9335,9312,2.986,611
RAW,377.3,9335,9316,3.030,620
RAW,377.3,9329,9315,3.050,624
RAW,377.6,9331,9325,3.040,622
RAW,377.6,9336,9319,3.040,622
RAW,377.6,9336,9319,3.035,621
RAW,377.9,9340,9322,3.021,618
RAW,377.9,9341,9320,3.025,619
RAW,377.9,9336,9318,3.011,616
RAW,378.2,9339,9319,3.021,618
RAW,378.2,9339,9321,3.025,619
RAW,378.2,9336,9318,2.967,607
RAW,378.5,9337,9314,3.030,620
RAW,378.5,9342,9319,2.972,608
RAW,378.5,9343,9316,2.972,608
RAW,378.8,9315,9308,2.991,612
RAW,378.8,9320,9304,2.986,611
RAW,378.8,9336,9309,2.991,612
RAW,379.1,9305,9301,2.972,608
RAW,379.1,9300,9308,2.986,611
RAW,379.1,9315,9300,2.972,608
RAW,379.4,9289,9292,2.986,611
RAW,379.4,9294,9294,3.001,614
RAW,379.4,9302,9294,3.016,617
RAW,379.8,9286,9289,2.991,612
RAW,379.8,9284,9291,3.030,620
RAW,379.8,9290,9286,3.030,620
RAW,380.0,9278,9285,3.006,615
RAW,380.0,9284,9289,3.025,619
RAW,380.0,9280,9289,3.016,617
RAW,380.4,9269,9288,3.021,618
RAW,380.4,9268,9284,3.016,617
RAW,380.4,9270,9280,2.977,609
RAW,380.7,9272,9289,2.991,612
RAW,380.7,9269,9285,2.972,608
RAW,381.0,9288,9286,2.996,613
RAW,381.0,9277,9283,2.991,612
RAW,381.0,9280,9289,2.981,610
RAW,381.3,9276,9287,2.981,610
RAW,381.3,9273,9290,2.967,607
RAW,381.3,9272,9291,2.977,609
RAW,381.6,9281,9290,2.977,609
RAW,381.6,9274,9293,2.967,607
RAW,381.6,9270,9290,2.981,610
RAW,381.9,9286,9290,2.981,610
RAW,381.9,9279,9288,2.967,607
RAW,381.9,9287,9292,2.991,612
RAW,382.2,9290,9297,3.021,618
RAW,382.2,9285,9289,2.972,608
RAW,382.2,9279,9296,2.981,610
RAW,382.5,9284,9290,2.967,607
RAW,382.5,9286,9295,2.972,608
RAW,382.5,9289,9296,2.977,609
RAW,382.8,9289,9297,2.986,611
RAW,382.8,9296,9300,2.972,608
RAW,382.8,9288,9297,2.996,613
RAW,383.1,9284,9296,2.996,613
RAW,383.1,9294,9296,2.991,612
RAW,383.1,9292,9298,2.972,608
RAW,383.4,9293,9296,2.972,608
RAW,383.4,9295,9298,2.977,609
RAW,383.4,9294,9297,2.977,609
RAW,383.7,9309,9302,2.972,608
RAW,383.7,9298,9308,2.977,609
RAW,383.7,9296,9303,2.962,606
RAW,384.0,9307,9297,2.977,609
RAW,384.0,9302,9301,2.991,612
RAW,384.0,9299,9296,3.021,618
RAW,384.3,9302,9305,2.986,611
RAW,384.3,9310,9303,3.021,618
RAW,384.3,9315,9305,3.040,622
RAW,384.6,9310,9306,3.030,620
RAW,384.6,9308,9306,3.021,618
RAW,384.6,9309,9305,3.035,621
RAW,384.9,9318,9308,3.030,620
RAW,384.9,9320,9304,3.035,621
RAW,384.9,9311,9311,3.030,620
RAW,385.2,9325,9307,3.050,624
RAW,385.2,9319,9308,3.035,621
RAW,385.2,9328,9304,2.986,611
RAW,385.5,9329,9309,3.021,618
RAW,385.5,9321,9305,2.986,611
RAW,385.5,9321,9307,2.981,610
RAW,385.8,9328,9310,2.981,610
RAW,385.8,9324,9316,2.962,606
RAW,385.8,9327,9303,2.977,609
RAW,386.1,9328,9309,2.991,612
RAW,386.1,9327,9310,2.986,611
RAW,386.1,9331,9304,2.977,609
RAW,386.4,9326,9306,2.991,612
RAW,386.4,9325,9309,2.986,611
RAW,386.4,9335,9308,3.030,620
RAW,386.7,9313,9294,3.006,615
RAW,386.7,9316,9304,3.016,617
RAW,386.7,9320,9303,3.025,619
RAW,387.0,9296,9292,3.025,619
RAW,387.0,9301,9295,3.016,617
RAW,387.0,9306,9296,3.016,617
RAW,387.4,9274,9281,3.035,621
RAW,387.4,9288,9290,3.016,617
RAW,387.4,9296,9287,2.981,610
RAW,387.7,9270,9284,2.991,612
RAW,387.7,9280,9280,2.977,609
RAW,387.7,9274,9289,2.972,608
RAW,388.0,9261,9277,2.977,609
RAW,388.0,9265,9279,2.977,609
RAW,388.0,9267,9275,2.986,611
RAW,388.3,9254,9278,2.972,608
RAW,388.3,9260,9273,2.977,609
RAW,388.3,9255,9277,2.986,611
RAW,388.6,9255,9276,2.986,611
RAW,388.6,9262,9278,2.991,612
RAW,388.6,9261,9274,2.977,609
RAW,388.9,9267,9282,2.972,608
RAW,388.9,9258,9278,2.977,609
RAW,388.9,9259,9282,2.981,610
RAW,389.2,9264,9276,2.972,608
RAW,389.2,9269,9277,2.972,608
RAW,389.2,9263,9275,2.986,611
RAW,389.5,9272,9279,2.977,609
RAW,389.5,9266,9279,2.972,608
RAW,389.5,9260,9281,2.986,611
RAW,389.8,9269,9278,2.972,608
RAW,389.8,9264,9283,2.986,611
RAW,389.8,9266,9283,2.981,610
RAW,390.1,9267,9276,2.977,609
RAW,390.1,9270,9285,2.972,608
RAW,390.1,9267,9280,2.967,607
RAW,390.4,9273,9288,3.050,624
RAW,390.4,9272,9282,2.981,610
RAW,390.4,9265,9284,2.986,611
RAW,390.7,9278,9285,2.991,612
RAW,390.7,9274,9282,2.977,609
RAW,390.7,9270,9286,2.967,607
RAW,391.0,9277,9289,2.972,608
RAW,391.0,9281,9284,3.006,615
RAW,391.0,9273,9288,3.030,620
RAW,391.3,9286,9286,3.006,615
RAW,391.3,9279,9291,3.030,620
RAW,391.3,9276,9291,3.021,618
RAW,391.6,9283,9287,3.030,620
RAW,391.6,9283,9284,3.050,624
RAW,391.6,9284,9292,3.035,621
RAW,391.9,9293,9290,3.016,617
RAW,391.9,9290,9287,3.030,620
RAW,391.9,9292,9294,3.011,616
RAW,392.2,9301,9289,3.021,618
RAW,392.2,9295,9293,2.981,610
RAW,392.2,9289,9289,2.967,607
RAW,392.5,9302,9293,2.991,612
RAW,392.5,9302,9290,2.996,613
RAW,392.5,9299,9291,2.986,611
RAW,392.8,9309,9301,2.977,609
RAW,392.8,9306,9299,2.977,609
RAW,392.8,9310,9292,2.991,612
RAW,393.1,9313,9298,2.972,608
RAW,393.1,9309,9296,2.981,610
RAW,393.1,9312,9291,3.016,617
RAW,393.4,9312,9299,2.977,609
RAW,393.4,9313,9297,3.011,616
RAW,393.4,9315,9297,3.021,618
RAW,393.7,9318,9304,3.021,618
RAW,393.7,9317,9300,3.030,620
RAW,393.7,9324,9302,3.025,619
RAW,394.0,9323,9304,3.025,619
RAW,394.0,9322,9303,3.030,620
RAW,394.0,9324,9302,2.991,612
RAW,394.4,9325,9300,2.981,610
RAW,394.4,9328,9300,2.981,610
RAW,394.7,9329,9307,2.991,612
RAW,394.7,9325,9305,2.986,611
RAW,394.7,9331,9305,2.977,609
RAW,395.0,9316,9297,2.991,612
RAW,395.0,9324,9301,2.996,613
RAW,395.0,9326,9300,2.977,609
RAW,395.3,9290,9284,2.972,608
RAW,395.3,9301,9293,2.972,608
RAW,395.3,9312,9291,2.981,610
RAW,395.6,9282,9281,2.972,608
RAW,395.6,9287,9287,2.967,607
RAW,395.6,9293,9283,2.972,608
RAW,395.9,9267,9272,2.977,609
RAW,395.9,9276,9276,2.972,608
RAW,395.9,9285,9281,2.986,611
RAW,396.2,9265,9274,2.991,612
RAW,396.2,9266,9273,2.986,611
RAW,396.2,9269,9278,2.972,608
RAW,396.5,9263,9270,2.977,609
RAW,396.5,9261,9274,2.977,609
RAW,396.5,9263,9276,2.972,608
RAW,396.8,9256,9272,2.967,607
RAW,396.8,9261,9273,2.972,608
RAW,396.8,9261,9271,2.977,609
RAW,397.1,9259,9274,2.967,607
RAW,397.1,9256,9275,2.977,609
RAW,397.1,9262,9273,2.991,612
RAW,397.4,9260,9269,2.972,608
RAW,397.4,9266,9276,2.977,609
RAW,397.4,9262,9273,2.981,610
RAW,397.7,9273,9278,2.972,608
RAW,397.7,9265,9277,2.977,609
RAW,397.7,9255,9270,3.016,617
RAW,398.0,9271,9278,2.981,610
RAW,398.0,9270,9270,3.035,621
RAW,398.0,9264,9274,3.045,623
RAW,398.3,9272,9273,3.035,621
RAW,398.3,9274,9278,3.035,621
RAW,398.3,9274,9278,3.050,624
RAW,398.6,9271,9281,3.030,620
RAW,398.6,9272,9275,3.021,618
RAW,398.6,9270,9279,3.030,620
RAW,398.9,9280,9279,3.025,619
RAW,398.9,9272,9275,3.030,620
RAW,398.9,9280,9277,2.967,607
RAW,399.2,9281,9281,3.035,621
RAW,399.2,9281,9277,2.986,611
RAW,399.2,9280,9278,2.991,612
RAW,399.5,9286,9279,2.977,609
RAW,399.5,9282,9283,2.991,612
RAW,399.5,9283,9277,2.996,613
RAW,399.8,9293,9282,2.977,609
RAW,399.8,9287,9286,2.977,609
RAW,399.8,9286,9282,2.977,609
RAW,400.1,9292,9289,3.001,614
RAW,400.1,9298,9282,2.967,607
RAW,400.1,9288,9282,3.035,621
RAW,400.4,9293,9286,3.001,614
RAW,400.4,9297,9291,3.025,619
RAW,400.4,9296,9284,3.030,620
RAW,400.7,9301,9294,2.996,613
RAW,400.7,9292,9285,3.016,617
RAW,400.7,9302,9280,3.011,616
RAW,401.0,9307,9291,3.011,616
RAW,401.0,9309,9294,2.996,613
RAW,401.0,9302,9285,2.977,609
RAW,401.4,9310,9286,3.001,614
RAW,401.4,9319,9294,2.977,609
RAW,401.4,9302,9295,2.991,612
RAW,401.7,9313,9296,2.991,612
RAW,401.7,9312,9293,2.991,612
RAW,401.7,9313,9293,2.991,612
RAW,402.0,9328,9299,2.972,608
RAW,402.0,9330,9286,2.972,608
RAW,402.0,9322,9290,2.972,608
RAW,402.3,9327,9293,2.981,610
RAW,402.3,9331,9296,2.962,606
RAW,402.3,9326,9294,2.977,609
RAW,402.6,9328,9296,2.981,610
RAW,402.6,9329,9300,2.972,608
RAW,402.6,9330,9298,2.977,609
RAW,402.9,9336,9298,2.972,608
RAW,402.9,9327,9297,2.977,609
RAW,402.9,9324,9298,2.991,612
RAW,403.2,9315,9294,2.977,609
RAW,403.2,9321,9291,2.972,608
RAW,403.2,9324,9295,2.972,608
RAW,403.5,9306,9283,2.972,608
RAW,403.5,9309,9287,2.981,610
RAW,403.5,9318,9286,2.991,612
RAW,403.8,9290,9277,2.986,611
RAW,403.8,9304,9286,2.977,609
RAW,403.8,9301,9283,2.986,611
RAW,404.1,9277,9271,2.972,608
RAW,404.1,9281,9273,2.972,608
RAW,404.1,9285,9275,2.972,608
RAW,404.4,9272,9276,2.972,608
RAW,404.4,9270,9266,2.967,607
RAW,404.4,9270,9268,2.977,609
RAW,404.7,9270,9265,2.972,608
RAW,404.7,9268,9272,3.025,619
RAW,404.7,9269,9269,3.030,620
RAW,405.0,9266,9267,3.016,617
RAW,405.0,9263,9266,3.030,620
RAW,405.0,9271,9263,3.045,623
RAW,405.3,9270,9267,3.030,620
RAW,405.3,9267,9264,3.025,619
RAW,405.3,9259,9269,3.030,620
RAW,405.6,9270,9266,3.030,620
RAW,405.6,9260,9270,3.045,623
RAW,405.6,9258,9267,3.006,615
RAW,405.9,9270,9270,3.035,621
RAW,405.9,9264,9270,2.977,609
RAW,405.9,9266,9266,2.991,612
RAW,406.2,9273,9274,2.972,608
RAW,406.2,9275,9268,2.981,610
RAW,406.2,9264,9270,2.981,610
RAW,406.5,9269,9274,2.977,609
RAW,406.5,9269,9272,2.981,610
RAW,406.5,9270,9266,2.972,608
RAW,406.8,9271,9269,2.996,613
RAW,406.8,9269,9278,2.977,609
RAW,406.8,9271,9270,3.021,618
RAW,407.1,9273,9271,2.972,608
RAW,407.1,9276,9276,3.016,617
RAW,407.1,9274,9271,3.030,620
RAW,407.4,9288,9268,3.011,616
RAW,407.4,9282,9281,3.016,617
RAW,407.4,9278,9272,3.006,615
RAW,407.7,9278,9274,3.021,618
RAW,407.7,9278,9278,3.021,618
RAW,407.7,9289,9277,2.972,608
RAW,408.0,9290,9275,2.981,610
RAW,408.0,9283,9279,2.972,608
RAW,408.4,9291,9281,2.991,612
RAW,408.4,9288,9283,2.981,610
RAW,408.4,9287,9280,2.981,610
RAW,408.6,9303,9280,2.972,608
RAW,408.6,9295,9278,2.972,608
RAW,408.6,9295,9276,2.972,608
RAW,409.0,9302,9287,2.996,613
RAW,409.0,9300,9285,2.977,609
RAW,409.0,9299,9287,2.977,609
RAW,409.3,9307,9283,2.991,612
RAW,409.3,9299,9282,2.996,613
RAW,409.3,9306,9280,2.977,609
RAW,409.6,9304,9283,2.977,609
RAW,409.6,9304,9285,2.977,609
RAW,409.6,9305,9279,2.967,607
RAW,409.9,9306,9288,2.967,607
RAW,409.9,9308,9289,2.977,609
RAW,409.9,9302,9283,2.977,609
RAW,410.2,9313,9289,2.986,611
RAW,410.2,9309,9285,2.981,610
RAW,410.2,9307,9288,2.996,613
RAW,410.5,9313,9282,2.972,608
RAW,410.5,9313,9283,2.937,601
RAW,410.5,9312,9286,2.991,612
RAW,410.8,9319,9285,2.972,608
RAW,410.8,9315,9286,2.972,608
RAW,410.8,9322,9286,2.972,608
RAW,411.1,9314,9287,3.016,617
RAW,411.1,9317,9292,2.986,611
RAW,411.1,9316,9291,2.981,610
RAW,411.4,9304,9280,2.972,608
RAW,411.4,9318,9283,2.977,609
RAW,411.4,9316,9285,3.040,622
RAW,411.7,9296,9276,2.972,608
RAW,411.7,9295,9276,3.030,620
RAW,411.7,9302,9282,3.016,617
RAW,412.0,9278,9264,3.021,618
RAW,412.0,9288,9275,3.030,620
RAW,412.0,9285,9271,3.030,620
RAW,412.3,9272,9264,3.016,617
RAW,412.3,9272,9267,3.045,623
RAW,412.3,9279,9267,3.030,620
RAW,412.6,9258,9263,3.021,618
RAW,412.6,9269,9263,3.045,623
RAW,412.6,9262,9261,2.991,612
RAW,412.9,9260,9263,3.021,618
RAW,412.9,9258,9259,2.981,610
RAW,412.9,9264,9261,2.981,610
RAW,413.2,9262,9268,2.991,612
RAW,413.2,9264,9262,2.996,613
RAW,413.2,9261,9261,2.991,612
RAW,413.5,9272,9260,2.977,609
RAW,413.5,9264,9262,2.986,611
RAW,413.5,9264,9260,3.021,618
RAW,413.8,9273,9266,2.972,608
RAW,413.8,9271,9262,2.972,608
RAW,413.8,9264,9261,3.016,617
RAW,414.1,9279,9261,2.977,609
RAW,414.1,9271,9260,3.016,617
RAW,414.1,9268,9260,3.016,617
RAW,414.4,9269,9266,3.021,618
RAW,414.4,9269,9260,3.025,619
RAW,414.4,9270,9268,3.025,619
RAW,414.7,9273,9264,3.021,618
RAW,414.7,9275,9266,3.040,622
RAW,414.7,9268,9264,3.011,616
RAW,415.0,9285,9268,2.972,608
RAW,415.0,9271,9271,2.986,611
RAW,415.4,9284,9269,2.996,613
RAW,415.4,9279,9273,2.986,611
RAW,415.4,9278,9269,2.972,608
RAW,415.6,9285,9275,2.991,612
RAW,415.6,9286,9268,2.991,612
RAW,415.6,9278,9271,2.977,609
RAW,416.0,9291,9268,2.977,609
RAW,416.0,9290,9269,2.972,608
RAW,416.0,9293,9267,2.986,611
RAW,416.3,9286,9269,2.977,609
RAW,416.3,9291,9274,2.972,608
RAW,416.3,9292,9278,2.977,609
RAW,416.6,9297,9276,2.972,608
RAW,416.6,9288,9281,2.977,609
RAW,416.6,9298,9273,2.986,611
RAW,416.9,9297,9273,2.986,611
RAW,416.9,9303,9275,2.991,612
RAW,416.9,9296,9273,2.977,609
RAW,417.2,9305,9278,2.972,608
RAW,417.2,9303,9279,2.967,607
RAW,417.2,9304,9286,2.967,607
RAW,417.5,9308,9281,2.972,608
RAW,417.5,9306,9278,2.977,609
RAW,417.5,9297,9273,2.977,609
RAW,417.8,9302,9278,2.977,609
RAW,417.8,9306,9276,2.996,613
RAW,417.8,9310,9281,2.986,611
RAW,418.1,9317,9281,2.972,608
RAW,418.1,9310,9284,2.977,609
RAW,418.1,9306,9276,2.991,612
RAW,418.4,9314,9281,2.972,608
RAW,418.4,9312,9276,2.981,610
RAW,418.4,9310,9281,3.016,617
RAW,418.7,9321,9282,2.991,612
RAW,418.7,9319,9282,3.040,622
RAW,418.7,9326,9285,3.006,615
RAW,419.0,9318,9286,3.030,620
RAW,419.0,9324,9284,3.025,619
RAW,419.0,9320,9287,3.035,621
RAW,419.3,9313,9279,3.025,619
RAW,419.3,9328,9287,3.030,620
RAW,419.3,9323,9282,3.030,620
RAW,419.6,9307,9274,3.016,617
RAW,419.6,9306,9274,3.030,620
RAW,419.6,9313,9283,2.967,607
RAW,419.9,9283,9270,3.025,619
RAW,419.9,9290,9267,3.011,616
RAW,419.9,9293,9268,2.991,612
RAW,420.2,9271,9262,2.977,609
RAW,420.2,9278,9261,2.996,613
RAW,420.2,9282,9258,2.996,613
RAW,420.5,9266,9257,2.981,610
RAW,420.5,9272,9258,2.981,610
RAW,420.5,9265,9259,2.967,607
RAW,420.8,9256,9251,2.981,610
RAW,420.8,9263,9251,2.996,613
RAW,420.8,9261,9250,3.025,619
RAW,421.1,9256,9254,2.933,600
RAW,421.1,9256,9251,3.030,620
RAW,421.1,9260,9248,3.040,622
RAW,421.4,9257,9255,3.011,616
RAW,421.4,9260,9244,3.016,617
RAW,421.4,9253,9247,3.016,617
RAW,421.7,9267,9250,3.016,617
RAW,421.7,9253,9252,3.025,619
RAW,421.7,9255,9254,2.977,609
RAW,422.0,9258,9255,3.011,616
RAW,422.0,9260,9258,2.991,612
RAW,422.0,9264,9258,2.977,609
RAW,422.3,9259,9259,3.001,614
RAW,422.3,9261,9260,3.001,614
RAW,422.3,9263,9253,2.991,612
RAW,422.6,9266,9261,2.977,609
RAW,422.6,9262,9255,2.972,608
RAW,422.6,9256,9257,2.977,609
RAW,423.0,9267,9256,2.991,612
RAW,423.0,9264,9255,2.977,609
RAW,423.0,9264,9257,2.972,608
RAW,423.3,9271,9257,2.981,610
RAW,423.3,9268,9260,2.986,611
RAW,423.3,9262,9258,2.977,609
RAW,423.6,9273,9262,2.972,608
RAW,423.6,9271,9264,2.977,609
RAW,423.6,9280,9258,2.972,608
RAW,423.9,9273,9259,2.957,605
RAW,423.9,9274,9258,2.977,609
RAW,423.9,9277,9260,2.981,610
RAW,424.2,9277,9263,2.986,611
RAW,424.2,9287,9258,2.977,609
RAW,424.2,9276,9260,2.991,612
RAW,424.5,9283,9267,2.981,610
RAW,424.5,9281,9264,2.996,613
RAW,424.5,9288,9262,2.972,608
RAW,424.8,9286,9265,2.967,607
RAW,424.8,9286,9260,2.981,610
RAW,424.8,9285,9259,2.972,608
RAW,425.1,9296,9267,2.967,607
RAW,425.1,9298,9267,2.981,610
RAW,425.1,9288,9269,2.977,609
RAW,425.4,9300,9268,2.977,609
RAW,425.4,9291,9265,2.972,608
RAW,425.4,9296,9262,3.030,620
RAW,425.7,9304,9271,2.991,612
RAW,425.7,9302,9270,3.025,619
RAW,425.7,9297,9265,3.045,623
RAW,426.0,9310,9277,2.967,607
RAW,426.0,9307,9268,3.030,620
RAW,426.0,9293,9269,3.035,621
RAW,426.3,9318,9277,3.025,619
RAW,426.3,9305,9271,3.040,622
RAW,426.3,9306,9274,3.035,621
RAW,426.6,9309,9274,3.050,624
RAW,426.6,9315,9275,3.001,614
RAW,426.6,9306,9271,3.001,614
RAW,426.9,9314,9278,2.977,609
RAW,426.9,9318,9279,2.972,608
RAW,426.9,9312,9273,2.981,610
RAW,427.2,9326,9283,2.977,609
RAW,427.2,9322,9280,2.972,608
RAW,427.2,9310,9275,2.977,609
RAW,427.5,9309,9272,2.991,612
RAW,427.5,9306,9272,2.996,613
RAW,427.5,9312,9272,3.006,615
RAW,427.8,9293,9260,2.991,612
RAW,427.8,9295,9261,3.021,618
RAW,427.8,9300,9265,3.030,620
RAW,428.1,9276,9254,3.006,615
RAW,428.1,9277,9251,3.021,618
RAW,428.1,9287,9257,3.011,616
RAW,428.4,9262,9248,3.030,620
RAW,428.4,9269,9255,3.030,620
RAW,428.4,9270,9249,3.030,620
RAW,428.7,9257,9246,3.030,620
RAW,428.7,9260,9250,2.991,612
RAW,428.7,9256,9245,2.977,609
RAW,429.0,9241,9243,2.967,607
RAW,429.0,9253,9247,2.986,611
RAW,429.0,9250,9240,2.952,604
RAW,429.3,9244,9245,2.977,609
RAW,429.3,9249,9242,2.977,609
RAW,429.3,9248,9242,2.977,609
RAW,429.6,9246,9249,2.981,610
RAW,429.6,9245,9240,2.986,611
RAW,429.6,9247,9242,2.991,612
RAW,430.0,9251,9241,2.991,612
RAW,430.0,9250,9245,2.996,613
RAW,430.0,9252,9246,2.991,612
RAW,430.3,9249,9245,2.972,608
RAW,430.3,9253,9245,2.967,607
RAW,430.3,9254,9247,2.977,609
RAW,430.6,9251,9248,2.991,612
RAW,430.6,9254,9250,2.977,609
RAW,430.6,9252,9246,2.972,608
RAW,430.9,9258,9252,2.977,609
RAW,430.9,9249,9251,2.981,610
RAW,430.9,9255,9247,2.991,612
RAW,431.2,9263,9247,2.977,609
RAW,431.2,9258,9249,2.981,610
RAW,431.2,9256,9247,2.981,610
RAW,431.5,9259,9252,2.962,606
RAW,431.5,9261,9249,2.972,608
RAW,431.5,9260,9250,2.977,609
RAW,431.8,9266,9254,2.967,607
RAW,431.8,9268,9251,2.981,610
RAW,431.8,9260,9254,2.996,613
RAW,432.1,9269,9254,2.991,612
RAW,432.1,9268,9256,2.977,609
RAW,432.1,9265,9261,3.030,620
RAW,432.4,9273,9255,2.977,609
RAW,432.4,9268,9255,3.016,617
RAW,432.4,9268,9258,3.025,619
RAW,432.7,9278,9263,3.021,618
RAW,432.7,9276,9257,3.025,619
RAW,432.7,9271,9257,3.030,620
RAW,433.0,9282,9260,3.025,619
RAW,433.0,9286,9260,3.040,622
RAW,433.0,9274,9258,3.069,628
RAW,433.3,9280,9259,3.035,621
RAW,433.3,9279,9265,3.045,623
RAW,433.3,9282,9265,2.986,611
RAW,433.6,9294,9264,3.016,617
RAW,433.6,9282,9262,2.981,610
RAW,433.6,9286,9261,2.977,609
RAW,433.9,9290,9265,2.991,612
RAW,433.9,9290,9267,2.991,612
RAW,433.9,9286,9263,2.991,612
RAW,434.2,9288,9267,2.972,608
RAW,434.2,9296,9267,2.996,613
RAW,434.2,9295,9264,2.991,612
RAW,434.5,9305,9269,2.991,612
RAW,434.5,9291,9265,2.986,611
RAW,434.5,9294,9269,3.011,616
RAW,434.8,9308,9274,2.977,609
RAW,434.8,9302,9267,3.016,617
RAW,434.8,9306,9269,3.016,617
RAW,435.1,9311,9268,3.030,620
RAW,435.1,9307,9271,3.021,618
RAW,435.1,9309,9260,3.030,620
RAW,435.4,9313,9268,3.006,615
RAW,435.4,9311,9265,3.030,620
RAW,435.4,9308,9272,3.001,614
RAW,435.7,9309,9264,2.972,608
RAW,435.7,9312,9269,2.981,610
RAW,436.0,9288,9256,3.001,614
RAW,436.0,9292,9263,2.991,612
RAW,436.0,9296,9265,2.972,608
RAW,436.3,9271,9248,2.991,612
RAW,436.3,9277,9258,2.947,603
RAW,436.3,9285,9257,2.977,609
RAW,436.6,9263,9245,2.972,608
RAW,436.6,9260,9248,2.972,608
RAW,436.6,9270,9248,2.986,611
RAW,437.0,9258,9242,2.981,610
RAW,437.0,9252,9240,2.972,608
RAW,437.0,9260,9239,2.977,609
RAW,437.3,9254,9244,2.981,610
RAW,437.3,9257,9238,2.967,607
RAW,437.3,9248,9242,2.991,612
RAW,437.6,9249,9240,2.986,611
RAW,437.6,9249,9237,2.991,612
RAW,437.6,9248,9241,2.967,607
RAW,437.9,9252,9237,2.972,608
RAW,437.9,9245,9243,2.977,609
RAW,437.9,9251,9237,2.977,609
RAW,438.2,9255,9243,2.977,609
RAW,438.2,9248,9238,2.977,609
RAW,438.2,9251,9244,2.981,610
RAW,438.5,9255,9244,2.986,611
RAW,438.5,9258,9249,2.977,609
RAW,438.5,9253,9244,2.991,612
RAW,438.8,9256,9245,2.972,608
RAW,438.8,9259,9246,2.981,610
RAW,438.8,9256,9245,2.981,610
RAW,439.1,9266,9246,2.996,613
RAW,439.1,9257,9251,2.972,608
RAW,439.1,9256,9243,3.030,620
RAW,439.4,9266,9245,2.991,612
RAW,439.4,9266,9253,3.025,619
RAW,439.4,9267,9250,3.045,623
RAW,439.7,9279,9256,3.035,621
RAW,439.7,9272,9256,3.030,620
RAW,439.7,9264,9251,3.045,623
RAW,440.0,9267,9254,3.030,620
RAW,440.0,9267,9258,3.025,619
RAW,440.0,9270,9254,3.030,620
RAW,440.3,9278,9255,3.021,618
RAW,440.3,9279,9256,3.025,619
RAW,440.3,9276,9251,2.986,611
RAW,440.6,9281,9251,2.991,612
RAW,440.6,9279,9255,2.991,612
RAW,440.6,9277,9261,2.996,613
RAW,440.9,9294,9257,2.972,608
RAW,440.9,9285,9256,2.981,610
RAW,440.9,9285,9256,3.001,614
RAW,441.2,9293,9263,2.986,611
RAW,441.2,9289,9259,2.991,612
RAW,441.2,9293,9256,2.991,612
RAW,441.5,9298,9261,3.001,614
RAW,441.5,9302,9262,3.006,615
RAW,441.5,9294,9263,3.030,620
RAW,441.8,9303,9265,2.991,612
RAW,441.8,9305,9266,3.011,616
RAW,441.8,9298,9257,3.025,619
RAW,442.1,9313,9265,3.016,617
RAW,442.1,9304,9266,3.025,619
RAW,442.1,9310,9265,3.011,616
RAW,442.4,9313,9263,3.011,616
RAW,442.4,9306,9264,2.977,609
RAW,442.4,9307,9270,3.065,627
RAW,442.7,9319,9266,2.991,612
RAW,442.7,9316,9266,2.991,612
RAW,442.7,9319,9263,2.977,609
RAW,443.0,9324,9274,2.991,612
RAW,443.0,9333,9271,2.986,611
RAW,443.0,9326,9267,2.991,612
RAW,443.3,9329,9275,2.972,608
RAW,443.3,9330,9271,2.986,611
RAW,443.3,9321,9272,2.967,607
RAW,443.6,9329,9274,2.991,612
RAW,443.6,9334,9277,2.967,607
RAW,443.6,9333,9272,2.972,608
RAW,444.0,9328,9269,2.991,612
RAW,444.0,9330,9267,2.991,612
RAW,444.0,9328,9274,2.986,611
RAW,444.3,9312,9262,2.981,610
RAW,444.3,9322,9263,2.977,609
RAW,444.3,9327,9270,2.972,608
RAW,444.5,9303,9258,2.972,608
RAW,444.5,9307,9261,2.972,608
RAW,444.5,9308,9260,2.972,608
RAW,444.9,9288,9255,3.030,620
RAW,444.9,9292,9252,2.977,609
RAW,444.9,9297,9256,2.996,613
RAW,445.2,9284,9243,2.986,611
RAW,445.2,9289,9251,2.986,611
RAW,445.2,9292,9247,2.967,607
RAW,445.5,9286,9246,2.972,608
RAW,445.5,9277,9247,2.981,610
RAW,445.5,9281,9248,2.986,611
RAW,445.8,9280,9247,2.967,607
RAW,445.8,9286,9248,2.972,608
RAW,445.8,9268,9247,3.011,616
RAW,446.1,9283,9246,2.977,609
RAW,446.1,9278,9246,3.030,620
RAW,446.1,9276,9251,3.030,620
RAW,446.4,9282,9251,3.021,618
RAW,446.4,9288,9247,3.040,622
RAW,446.4,9283,9244,3.045,623
RAW,446.7,9288,9244,3.025,619
RAW,446.7,9292,9246,3.030,620
RAW,446.7,9289,9247,3.030,620
RAW,447.0,9294,9253,3.045,623
RAW,447.0,9286,9247,3.045,623
RAW,447.0,9283,9251,2.972,608
RAW,447.3,9299,9254,3.030,620
RAW,447.3,9295,9251,2.981,610
RAW,447.3,9290,9245,2.996,613
RAW,447.6,9298,9256,2.977,609
RAW,447.6,9296,9257,2.972,608
RAW,447.6,9300,9245,2.972,608
RAW,447.9,9300,9255,2.972,608
RAW,447.9,9306,9257,2.981,610
RAW,447.9,9301,9254,2.991,612
RAW,448.2,9304,9262,2.991,612
RAW,448.2,9302,9253,2.996,613
RAW,448.2,9303,9257,3.030,620
RAW,448.5,9315,9260,2.996,613
RAW,448.5,9312,9263,3.030,620
RAW,448.5,9308,9258,3.045,623
RAW,448.8,9321,9264,3.011,616
RAW,448.8,9316,9262,3.011,616
RAW,448.8,9318,9258,3.021,618
RAW,449.1,9325,9262,3.030,620
RAW,449.1,9324,9263,3.006,615
RAW,449.1,9321,9265,2.972,608
RAW,449.4,9325,9267,2.996,613
RAW,449.4,9334,9265,2.991,612
RAW,449.4,9329,9264,2.981,610
RAW,449.7,9339,9269,2.972,608
RAW,449.7,9332,9270,2.986,611
RAW,449.7,9330,9267,3.050,624
RAW,450.0,9345,9267,2.962,606
RAW,450.0,9336,9264,2.967,607
RAW,450.0,9331,9274,2.977,609
RAW,450.3,9338,9269,2.991,612
RAW,450.3,9338,9271,2.967,607
RAW,450.3,9333,9267,2.996,613
RAW,450.6,9345,9272,2.996,613
RAW,450.6,9345,9276,2.991,612
RAW,450.6,9336,9273,2.981,610
RAW,451.0,9352,9278,2.972,608
RAW,451.0,9349,9274,2.967,607
RAW,451.0,9348,9274,2.977,609
RAW,451.3,9350,9278,2.981,610
RAW,451.3,9348,9274,2.972,608
RAW,451.3,9352,9277,2.977,609
RAW,451.5,9352,9271,2.972,608
RAW,451.5,9347,9274,2.986,611
RAW,451.5,9352,9274,2.977,609
RAW,451.9,9343,9274,2.972,608
RAW,451.9,9346,9271,2.991,612
RAW,451.9,9351,9271,2.991,612
RAW,452.2,9327,9257,2.967,607
RAW,452.2,9335,9259,2.972,608
RAW,452.2,9332,9265,2.981,610
RAW,452.5,9310,9250,2.977,609
RAW,452.5,9322,9250,3.001,614
RAW,452.5,9319,9253,2.991,612
RAW,452.8,9310,9249,2.991,612
RAW,452.8,9311,9257,3.030,620
RAW,452.8,9306,9253,3.030,620
RAW,453.1,9296,9241,3.021,618
RAW,453.1,9299,9246,3.030,620
RAW,453.1,9295,9245,3.030,620
RAW,453.4,9293,9244,3.011,616
RAW,453.4,9289,9243,3.030,620
RAW,453.4,9296,9246,3.025,619
RAW,453.7,9297,9242,3.040,622
RAW,453.7,9286,9242,3.055,625
RAW,453.7,9290,9243,2.996,613
RAW,454.0,9291,9253,3.035,621
RAW,454.0,9291,9247,2.991,612
RAW,454.0,9292,9240,2.991,612
RAW,454.3,9296,9251,2.977,609
RAW,454.3,9293,9247,2.977,609
RAW,454.3,9296,9246,2.977,609
RAW,454.6,9295,9251,2.977,609
RAW,454.6,9290,9241,3.001,614
RAW,454.6,9290,9242,2.986,611
RAW,454.9,9293,9249,2.991,612
RAW,454.9,9299,9248,3.001,614
RAW,454.9,9298,9248,3.025,619
RAW,455.2,9299,9251,2.981,610
RAW,455.2,9306,9249,3.011,616
RAW,455.2,9301,9245,3.006,615
RAW,455.5,9311,9252,3.001,614
RAW,455.5,9306,9252,3.011,616
RAW,455.5,9301,9249,3.016,617
RAW,455.8,9307,9257,3.025,619
RAW,455.8,9306,9253,3.021,618
RAW,455.8,9306,9246,2.981,610
RAW,456.1,9314,9259,2.981,610
RAW,456.1,9312,9255,2.996,613
RAW,456.4,9323,9259,2.972,608
RAW,456.4,9317,9256,2.972,608
RAW,456.4,9315,9253,2.977,609
RAW,456.7,9322,9259,2.991,612
RAW,456.7,9320,9260,2.977,609
RAW,456.7,9320,9261,2.972,608
RAW,457.0,9327,9267,2.991,612
RAW,457.0,9326,9259,2.977,609
RAW,457.0,9333,9257,2.977,609
RAW,457.3,9331,9268,2.977,609
RAW,457.3,9332,9264,2.972,608
RAW,457.3,9323,9260,2.967,607
RAW,457.6,9326,9266,2.972,608
RAW,457.6,9333,9269,2.977,609
RAW,457.6,9331,9261,2.981,610
RAW,457.9,9337,9269,2.972,608
RAW,457.9,9330,9269,2.977,609
RAW,457.9,9329,9269,2.991,612
RAW,458.3,9343,9270,2.991,612
RAW,458.3,9337,9265,2.991,612
RAW,458.3,9337,9267,2.996,613
RAW,458.5,9337,9267,2.977,609
RAW,458.5,9339,9266,2.972,608
RAW,458.5,9346,9268,2.972,608
RAW,458.9,9349,9274,2.981,610
RAW,458.9,9347,9273,2.977,609
RAW,458.9,9338,9272,2.977,609
RAW,459.2,9360,9276,2.972,608
RAW,459.2,9353,9275,2.986,611
RAW,459.2,9361,9275,2.977,609
RAW,459.5,9356,9280,2.972,608
RAW,459.5,9359,9273,2.977,609
RAW,459.5,9362,9276,3.030,620
RAW,459.8,9344,9272,2.977,609
RAW,459.8,9351,9270,3.025,619
RAW,459.8,9351,9269,3.035,621
RAW,460.1,9330,9260,3.030,620
RAW,460.1,9335,9264,3.055,625
RAW,460.1,9350,9261,3.035,621
RAW,460.4,9312,9254,3.030,620
RAW,460.4,9320,9255,3.045,623
RAW,460.4,9324,9263,3.050,624
RAW,460.7,9303,9251,3.025,619
RAW,460.7,9311,9252,3.016,617
RAW,460.7,9312,9250,2.977,609
RAW,461.0,9301,9242,2.991,612
RAW,461.0,9303,9249,2.977,609
RAW,461.0,9306,9245,2.977,609
RAW,461.3,9291,9243,2.981,610
RAW,461.3,9292,9247,2.991,612
RAW,461.3,9298,9240,3.011,616
RAW,461.6,9290,9241,2.981,610
RAW,461.6,9281,9239,2.991,612
RAW,461.6,9293,9238,3.011,616
RAW,461.9,9290,9238,2.977,609
RAW,461.9,9288,9244,3.006,615
RAW,461.9,9290,9242,3.021,618
RAW,462.2,9295,9247,3.016,617
RAW,462.2,9292,9242,3.025,619
RAW,462.2,9294,9247,3.021,618
RAW,462.5,9288,9250,3.025,619
RAW,462.5,9297,9237,3.035,621
RAW,462.5,9291,9241,3.011,616
RAW,462.8,9293,9243,3.021,618
RAW,462.8,9302,9244,2.977,609
RAW,462.8,9292,9242,2.972,608
RAW,463.1,9310,9256,2.967,607
RAW,463.1,9296,9249,2.981,610
RAW,463.1,9303,9244,2.977,609
RAW,463.4,9311,9249,2.977,609
RAW,463.4,9311,9255,2.996,613
RAW,463.4,9308,9248,2.991,612
RAW,463.7,9310,9249,2.991,612
RAW,463.7,9308,9250,2.991,612
RAW,463.7,9312,9251,2.986,611
RAW,464.0,9302,9251,2.981,610
RAW,464.0,9307,9253,2.977,609
RAW,464.0,9303,9251,2.972,608
RAW,464.3,9299,9248,2.977,609
RAW,464.3,9298,9252,2.967,607
RAW,464.3,9305,9251,2.977,609
RAW,464.6,9296,9254,2.972,608
RAW,464.6,9300,9250,2.991,612
RAW,464.6,9301,9250,2.972,608
RAW,464.9,9306,9254,2.977,609
RAW,464.9,9297,9254,2.977,609
RAW,464.9,9304,9254,2.986,611
RAW,465.3,9319,9259,2.977,609
RAW,465.3,9313,9256,2.977,609
RAW,465.3,9308,9252,2.981,610
RAW,465.5,9326,9264,2.967,607
RAW,465.5,9323,9259,2.986,611
RAW,465.5,9320,9262,2.981,610
RAW,465.9,9340,9259,2.972,608
RAW,465.9,9331,9265,2.991,612
RAW,465.9,9331,9266,2.991,612
RAW,466.2,9334,9260,2.972,608
RAW,466.2,9330,9260,2.977,609
RAW,466.2,9324,9262,3.021,618
RAW,466.5,9329,9261,2.972,608
RAW,466.5,9328,9264,3.021,618
RAW,466.5,9331,9261,3.030,620
RAW,466.8,9333,9266,3.030,620
RAW,466.8,9333,9264,3.040,622
RAW,466.8,9330,9260,3.045,623
RAW,467.1,9337,9264,3.035,621
RAW,467.1,9343,9264,3.045,623
RAW,467.1,9334,9268,3.055,625
RAW,467.4,9345,9260,3.035,621
RAW,467.4,9338,9270,3.016,617
RAW,467.4,9341,9263,2.977,609
RAW,467.7,9342,9274,2.991,612
RAW,467.7,9347,9271,2.991,612
RAW,467.7,9344,9267,2.977,609
RAW,468.0,9325,9262,2.991,612
RAW,468.0,9331,9266,2.991,612
RAW,468.0,9344,9262,2.991,612
RAW,468.3,9314,9260,2.967,607
RAW,468.3,9319,9252,2.977,609
RAW,468.3,9332,9258,3.006,615
RAW,468.6,9298,9248,2.981,610
RAW,468.6,9302,9251,3.006,615
RAW,468.6,9303,9247,3.016,617
RAW,468.9,9286,9244,3.025,619
RAW,468.9,9291,9243,3.025,619
RAW,468.9,9292,9244,3.001,614
RAW,469.2,9280,9242,3.025,619
RAW,469.2,9290,9243,3.025,619
RAW,469.2,9282,9234,3.035,621
RAW,469.5,9281,9239,3.011,616
RAW,469.5,9282,9238,2.972,608
RAW,469.5,9279,9237,2.977,609
RAW,469.8,9278,9237,2.967,607
RAW,469.8,9277,9240,2.977,609
RAW,469.8,9275,9241,2.977,609
RAW,470.1,9282,9239,2.986,611
RAW,470.1,9281,9236,2.991,612
RAW,470.1,9276,9240,2.991,612
RAW,470.4,9282,9241,2.981,610
RAW,470.4,9279,9240,2.972,608
RAW,470.4,9281,9243,2.986,611
RAW,470.7,9285,9247,2.977,609
RAW,470.7,9280,9240,2.977,609
RAW,470.7,9286,9237,2.972,608
RAW,471.0,9291,9243,2.981,610
RAW,471.0,9283,9238,2.981,610
RAW,471.0,9281,9242,3.113,637
RAW,471.3,9283,9246,2.986,611
RAW,471.3,9287,9247,2.991,612
RAW,471.3,9291,9245,2.986,611
RAW,471.6,9286,9250,2.977,609
RAW,471.6,9284,9245,2.972,608
RAW,471.6,9294,9244,2.972,608
RAW,471.9,9292,9243,2.972,608
RAW,471.9,9292,9234,2.967,607
RAW,471.9,9291,9244,2.972,608
RAW,472.3,9303,9247,2.972,608
RAW,472.3,9298,9247,2.991,612
RAW,472.3,9292,9245,2.972,608
RAW,472.5,9302,9248,2.981,610
RAW,472.5,9301,9245,2.996,613
RAW,472.5,9300,9243,2.991,612
RAW,472.9,9296,9252,2.967,607
RAW,472.9,9306,9249,2.986,611
RAW,472.9,9305,9250,2.991,612
RAW,473.2,9306,9251,2.981,610
RAW,473.2,9306,9252,3.045,623
RAW,473.2,9306,9246,3.025,619
RAW,473.5,9308,9256,3.035,621
RAW,473.5,9315,9254,3.040,622
RAW,473.5,9300,9256,3.045,623
RAW,473.8,9322,9259,3.021,618
RAW,473.8,9317,9250,3.030,620
RAW,473.8,9315,9252,3.030,620
RAW,474.1,9319,9266,3.016,617
RAW,474.1,9322,9260,3.025,619
RAW,474.1,9315,9252,2.981,610
RAW,474.4,9324,9268,3.011,616
RAW,474.4,9323,9260,2.981,610
RAW,474.4,9323,9262,2.977,609
RAW,474.7,9325,9268,2.986,611
RAW,474.7,9328,9262,2.996,613
RAW,474.7,9334,9262,3.001,614
RAW,475.0,9334,9268,2.977,609
RAW,475.0,9333,9263,2.977,609
RAW,475.0,9329,9262,2.972,608
RAW,475.3,9333,9266,2.991,612
RAW,475.3,9337,9265,3.006,615
RAW,475.3,9337,9268,3.011,616
RAW,475.6,9337,9262,3.030,620
RAW,475.6,9331,9259,3.030,620
RAW,475.6,9337,9261,3.016,617
RAW,475.9,9325,9256,3.011,616
RAW,475.9,9334,9262,3.016,617
RAW,475.9,9337,9256,3.025,619
RAW,476.2,9318,9250,3.011,616
RAW,476.2,9319,9253,2.986,611
RAW,476.2,9329,9258,2.981,610
RAW,476.5,9293,9243,2.972,608
RAW,476.5,9305,9243,3.006,615
RAW,476.5,9307,9247,2.991,612
RAW,476.8,9285,9237,2.991,612
RAW,476.8,9291,9242,2.977,609
RAW,476.8,9295,9248,2.991,612
RAW,477.1,9280,9237,2.972,608
RAW,477.1,9279,9237,2.972,608
RAW,477.1,9280,9238,2.972,608
RAW,477.4,9275,9241,2.972,608
RAW,477.4,9277,9234,2.977,609
RAW,477.4,9282,9238,2.977,609
RAW,477.7,9283,9240,2.977,609
RAW,477.7,9282,9235,2.977,609
RAW,477.7,9279,9235,2.996,613
RAW,478.0,9282,9235,2.986,611
RAW,478.0,9285,9239,2.996,613
RAW,478.0,9283,9243,2.991,612
RAW,478.3,9285,9236,2.967,607
RAW,478.3,9282,9244,2.991,612
RAW,478.3,9283,9241,2.972,608
RAW,478.6,9285,9240,2.991,612
RAW,478.6,9281,9241,2.991,612
RAW,478.6,9281,9241,2.986,611
RAW,478.9,9291,9245,2.977,609
RAW,478.9,9281,9242,2.981,610
RAW,478.9,9288,9239,2.991,612
RAW,479.3,9291,9245,2.972,608
RAW,479.3,9292,9241,2.977,609
RAW,479.3,9289,9240,2.981,610
RAW,479.5,9292,9246,2.967,607
RAW,479.5,9291,9246,2.977,609
RAW,479.5,9288,9248,3.011,616
RAW,479.9,9297,9248,2.986,611
RAW,479.9,9294,9250,3.016,617
RAW,479.9,9296,9249,3.035,621
RAW,480.2,9300,9251,3.035,621
RAW,480.2,9300,9248,3.035,621
RAW,480.2,9292,9250,3.045,623
RAW,480.5,9299,9248,3.021,618
RAW,480.5,9300,9250,3.025,619
RAW,480.5,9302,9244,3.025,619
RAW,480.8,9301,9247,3.030,620
RAW,480.8,9298,9245,3.035,621
RAW,480.8,9303,9247,2.967,607
RAW,481.1,9307,9252,3.021,618
RAW,481.1,9306,9248,2.996,613
RAW,481.1,9303,9253,2.981,610
RAW,481.4,9310,9259,2.986,611
RAW,481.4,9312,9259,2.981,610
RAW,481.4,9312,9256,2.991,612
RAW,481.7,9315,9255,2.972,608
RAW,481.7,9313,9252,2.977,609
RAW,481.7,9307,9248,2.977,609
RAW,482.0,9316,9256,2.981,610
RAW,482.0,9314,9251,2.991,612
RAW,482.0,9318,9255,3.021,618
RAW,482.3,9319,9258,3.021,618
RAW,482.3,9316,9254,3.025,619
RAW,482.3,9314,9257,3.021,618
RAW,482.6,9323,9260,3.016,617
RAW,482.6,9323,9257,3.021,618
RAW,482.6,9323,9260,3.011,616
RAW,482.9,9331,9259,3.011,616
RAW,482.9,9328,9259,3.001,614
RAW,482.9,9331,9257,2.972,608
RAW,483.2,9336,9255,2.986,611
RAW,483.2,9340,9259,2.986,611
RAW,483.2,9330,9261,2.986,611
RAW,483.5,9336,9261,2.986,611
RAW,483.5,9341,9261,2.972,608
RAW,483.5,9338,9258,2.991,612
RAW,483.8,9327,9258,2.981,610
RAW,483.8,9329,9257,2.972,608
RAW,483.8,9336,9256,2.972,608
RAW,484.1,9306,9254,2.977,609
RAW,484.1,9309,9251,2.996,613
RAW,484.1,9321,9253,2.991,612
RAW,484.4,9297,9246,2.977,609
RAW,484.4,9297,9251,2.981,610
RAW,484.4,9308,9244,2.991,612
RAW,484.7,9291,9238,2.977,609
RAW,484.7,9291,9242,2.972,608
RAW,484.7,9295,9244,2.977,609
RAW,485.0,9277,9236,2.962,606
RAW,485.0,9281,9231,2.977,609
RAW,485.0,9281,9240,2.972,608
RAW,485.3,9273,9234,2.986,611
RAW,485.3,9270,9238,2.986,611
RAW,485.3,9276,9232,2.977,609
RAW,485.6,9270,9238,3.001,614
RAW,485.6,9274,9236,2.996,613
RAW,485.6,9270,9230,2.991,612
RAW,485.9,9271,9237,2.991,612
RAW,485.9,9280,9237,2.977,609
RAW,485.9,9270,9237,2.972,608
RAW,486.3,9277,9232,2.972,608
RAW,486.3,9276,9243,2.991,612
RAW,486.3,9272,9236,3.011,616
RAW,486.5,9279,9242,2.981,610
RAW,486.5,9277,9245,3.025,619
RAW,486.5,9273,9240,3.021,618
RAW,486.9,9280,9243,3.016,617
RAW,486.9,9275,9238,3.030,620
RAW,486.9,9269,9244,3.025,619
RAW,487.2,9281,9244,3.050,624
RAW,487.2,9281,9245,3.030,620
RAW,487.2,9279,9242,2.991,612
RAW,487.5,9288,9238,3.030,620
RAW,487.5,9289,9245,3.025,619
RAW,487.5,9287,9243,2.986,611
RAW,487.8,9294,9246,3.045,623
RAW,487.8,9294,9242,2.991,612
RAW,487.8,9291,9237,2.986,611
RAW,488.1,9299,9244,2.977,609
RAW,488.1,9299,9245,2.977,609
RAW,488.1,9296,9246,2.981,610
RAW,488.4,9293,9250,2.967,607
RAW,488.4,9298,9246,2.977,609
RAW,488.4,9302,9244,2.977,609
RAW,488.7,9302,9246,2.991,612
RAW,488.7,9307,9248,2.986,611
RAW,488.7,9301,9243,3.025,619
RAW,489.0,9308,9250,3.006,615
RAW,489.0,9312,9248,3.011,616
RAW,489.0,9312,9244,3.030,620
RAW,489.3,9316,9248,3.006,615
RAW,489.3,9311,9254,3.011,616
RAW,489.3,9307,9254,2.991,612
RAW,489.6,9318,9253,3.030,620
RAW,489.6,9310,9252,3.021,618
RAW,489.6,9311,9251,2.991,612
RAW,489.9,9314,9254,2.996,613
RAW,489.9,9314,9256,3.011,616
RAW,489.9,9321,9257,2.991,612
RAW,490.2,9322,9256,2.981,610
RAW,490.2,9320,9258,2.981,610
RAW,490.2,9318,9253,2.977,609
RAW,490.5,9324,9268,2.962,606
RAW,490.5,9330,9257,2.972,608
RAW,490.5,9322,9256,2.972,608
RAW,490.8,9331,9259,2.981,610
RAW,490.8,9330,9258,2.991,612
RAW,490.8,9337,9258,2.991,612
RAW,491.1,9324,9258,2.981,610
RAW,491.1,9335,9257,2.991,612
RAW,491.1,9327,9257,2.991,612
RAW,491.4,9337,9265,2.977,609
RAW,491.4,9337,9265,2.967,607
RAW,491.4,9334,9261,2.972,608
RAW,491.7,9327,9260,2.972,608
RAW,491.7,9333,9257,2.991,612
RAW,491.7,9337,9263,2.977,609
RAW,492.0,9314,9248,2.986,611
RAW,492.0,9319,9251,2.981,610
RAW,492.0,9322,9254,2.981,610
RAW,492.3,9302,9244,2.981,610
RAW,492.3,9308,9248,2.977,609
RAW,492.3,9308,9250,2.977,609
RAW,492.6,9284,9245,2.972,608
RAW,492.6,9293,9240,2.981,610
RAW,492.6,9291,9239,2.977,609
RAW,492.9,9280,9240,3.040,622
RAW,492.9,9280,9233,2.981,610
RAW,492.9,9279,9239,3.021,618
RAW,493.3,9270,9235,2.991,612
RAW,493.3,9276,9235,3.040,622
RAW,493.3,9276,9240,3.025,619
RAW,493.5,9269,9234,3.025,619
RAW,493.5,9267,9229,3.025,619
RAW,493.5,9265,9229,3.021,618
RAW,493.9,9271,9242,3.045,623
RAW,493.9,9270,9234,3.025,619
RAW,493.9,9265,9234,3.025,619
RAW,494.2,9276,9237,3.040,622
RAW,494.2,9278,9236,3.030,620
RAW,494.2,9274,9242,2.991,612
RAW,494.5,9277,9243,3.016,617
RAW,494.5,9277,9235,2.986,611
RAW,494.5,9273,9242,2.977,609
RAW,494.8,9273,9237,2.977,609
RAW,494.8,9283,9238,2.981,610
RAW,494.8,9278,9238,2.977,609
RAW,495.1,9278,9245,2.972,608
RAW,495.1,9277,9242,2.991,612
RAW,495.1,9279,9236,3.001,614
RAW,495.4,9281,9243,2.986,611
RAW,495.4,9285,9237,3.011,616
RAW,495.4,9282,9239,3.030,620
RAW,495.7,9282,9245,3.011,616
RAW,495.7,9282,9242,3.025,619
RAW,495.7,9284,9243,3.011,616
RAW,496.0,9290,9242,3.006,615
RAW,496.0,9286,9245,3.016,617
RAW,496.0,9283,9244,3.016,617
RAW,496.3,9292,9246,3.030,620
RAW,496.3,9288,9246,2.996,613
RAW,496.3,9290,9244,2.991,612
RAW,496.6,9302,9249,2.937,601
RAW,496.6,9295,9247,2.996,613
RAW,496.6,9302,9243,2.986,611
RAW,496.9,9302,9253,2.977,609
RAW,496.9,9303,9251,2.977,609
RAW,496.9,9296,9245,2.977,609
RAW,497.2,9299,9259,2.996,613
RAW,497.2,9305,9254,2.977,609
RAW,497.2,9296,9249,3.011,616
RAW,497.5,9307,9254,2.986,611
RAW,497.5,9307,9256,2.972,608
RAW,497.5,9301,9255,2.972,608
RAW,497.8,9310,9252,2.967,607
RAW,497.8,9315,9256,2.972,608
RAW,497.8,9306,9250,2.977,609
RAW,498.1,9316,9259,2.977,609
RAW,498.1,9313,9256,2.972,608
RAW,498.1,9312,9248,2.972,608
RAW,498.4,9318,9255,2.981,610
RAW,498.4,9318,9251,2.972,608
RAW,498.4,9316,9256,2.991,612
RAW,498.7,9321,9256,2.991,612
RAW,498.7,9322,9256,2.991,612
RAW,498.7,9319,9258,2.977,609
RAW,499.0,9324,9266,2.972,608
RAW,499.0,9327,9261,2.972,608
RAW,499.0,9324,9261,2.972,608
RAW,499.3,9328,9261,2.991,612
RAW,499.3,9327,9265,2.981,610
RAW,499.3,9324,9263,2.986,611
RAW,499.6,9330,9257,2.972,608
RAW,499.6,9328,9268,2.981,610
RAW,499.6,9323,9265,3.016,617
RAW,499.9,9322,9262,2.977,609
RAW,499.9,9330,9260,3.025,619
RAW,499.9,9334,9269,3.035,621
RAW,500.3,9319,9252,3.021,618
RAW,500.3,9316,9258,3.065,627
RAW,500.3,9323,9258,3.030,620
RAW,500.5,9296,9243,3.025,619
RAW,500.5,9302,9247,3.050,624
RAW,500.5,9308,9249,3.035,621
RAW,500.9,9277,9240,3.050,624
RAW,500.9,9289,9245,3.035,621
RAW,500.9,9292,9243,2.996,613
RAW,501.2,9273,9235,3.025,619
RAW,501.2,9270,9233,2.986,611
RAW,501.2,9276,9234,2.986,611
RAW,501.5,9281,9239,2.977,609
RAW,501.5,9278,9234,2.981,610
RAW,501.5,9278,9235,2.986,611
RAW,501.8,9272,9237,2.996,613
RAW,501.8,9270,9235,2.996,613
RAW,501.8,9273,9229,2.996,613
RAW,502.1,9276,9232,2.981,610
RAW,502.1,9278,9237,2.991,612
RAW,502.1,9277,9230,3.035,621
RAW,502.4,9278,9232,3.011,616
RAW,502.4,9267,9231,3.021,618
RAW,502.4,9272,9230,3.016,617
RAW,502.7,9277,9234,3.035,621
RAW,502.7,9274,9232,3.030,620
RAW,502.7,9267,9232,3.035,621
RAW,503.0,9277,9233,3.030,620
RAW,503.0,9272,9238,3.011,616
RAW,503.0,9266,9238,2.991,612
RAW,503.3,9280,9237,2.977,609
RAW,503.3,9273,9239,2.986,611
RAW,503.3,9277,9236,2.981,610
RAW,503.6,9280,9241,2.977,609
RAW,503.6,9280,9235,2.967,607
RAW,503.6,9280,9237,2.972,608
RAW,503.9,9286,9242,2.981,610
RAW,503.9,9288,9233,2.981,610
RAW,503.9,9279,9237,2.972,608
RAW,504.2,9285,9242,2.986,611
RAW,504.2,9283,9242,3.001,614
RAW,504.2,9286,9233,2.991,612
RAW,504.5,9290,9242,2.972,608
RAW,504.5,9288,9235,2.972,608
RAW,504.5,9290,9240,2.972,608
RAW,504.8,9304,9244,2.991,612
RAW,504.8,9299,9236,2.967,607
RAW,504.8,9296,9245,2.967,607
RAW,505.1,9303,9253,2.991,612
RAW,505.1,9292,9241,2.933,600
RAW,505.1,9304,9244,2.977,609
RAW,505.4,9310,9249,2.972,608
RAW,505.4,9305,9248,2.972,608
RAW,505.4,9310,9250,2.967,607
RAW,505.7,9314,9248,2.967,607
RAW,505.7,9311,9250,2.967,607
RAW,505.7,9309,9252,2.972,608
RAW,506.0,9320,9250,2.981,610
RAW,506.0,9319,9254,2.972,608
RAW,506.0,9316,9251,2.996,613
RAW,506.3,9321,9258,2.991,612
RAW,506.3,9324,9258,2.996,613
RAW,506.3,9318,9253,3.016,617
RAW,506.6,9329,9253,2.977,609
RAW,506.6,9323,9263,3.016,617
RAW,506.6,9314,9255,3.025,619
RAW,506.9,9331,9264,3.021,618
RAW,506.9,9331,9255,3.030,620
RAW,506.9,9328,9252,3.011,616
RAW,507.3,9330,9256,3.021,618
RAW,507.3,9334,9262,3.045,623
RAW,507.3,9330,9260,3.030,620
RAW,507.5,9334,9259,3.074,629
RAW,507.5,9333,9261,3.030,620
RAW,507.5,9334,9257,2.986,611
RAW,507.9,9324,9260,3.030,620
RAW,507.9,9325,9258,2.977,609
RAW,507.9,9335,9258,2.977,609
RAW,508.2,9313,9250,2.991,612
RAW,508.2,9318,9249,2.977,609
RAW,508.2,9328,9253,2.996,613
RAW,508.5,9294,9243,2.986,611
RAW,508.5,9302,9245,3.001,614
RAW,508.5,9306,9242,2.986,611
RAW,508.8,9281,9238,2.972,608
RAW,508.8,9293,9239,2.972,608
RAW,508.8,9293,9243,3.016,617
RAW,509.1,9278,9229,2.981,610
RAW,509.1,9274,9233,3.016,617
RAW,509.1,9278,9230,3.025,619
RAW,509.4,9276,9231,3.030,620
RAW,509.4,9280,9229,3.030,620
RAW,509.4,9277,9234,3.025,619
RAW,509.7,9265,9234,3.030,620
RAW,509.7,9268,9230,3.030,620
RAW,509.7,9268,9225,2.986,611
RAW,510.0,9263,9231,2.967,607
RAW,510.0,9270,9226,2.981,610
RAW,510.3,9269,9234,2.991,612
RAW,510.3,9269,9235,2.991,612
RAW,510.3,9278,9232,2.972,608
RAW,510.6,9276,9233,3.011,616
RAW,510.6,9269,9234,2.991,612
RAW,510.6,9270,9235,2.967,607
RAW,510.9,9278,9233,2.981,610
RAW,510.9,9273,9231,2.981,610
RAW,510.9,9267,9238,2.972,608
RAW,511.2,9276,9234,2.967,607
RAW,511.2,9280,9235,2.972,608
RAW,511.2,9277,9230,2.972,608
RAW,511.5,9288,9235,2.981,610
RAW,511.5,9282,9233,2.972,608
RAW,511.5,9280,9238,2.972,608
RAW,511.8,9285,9240,2.991,612
RAW,511.8,9284,9241,2.991,612
RAW,511.8,9285,9241,3.030,620
RAW,512.1,9288,9241,2.972,608
RAW,512.1,9289,9244,2.972,608
RAW,512.1,9292,9238,2.977,609
RAW,512.4,9295,9241,2.991,612
RAW,512.4,9289,9238,2.972,608
RAW,512.4,9301,9237,2.972,608
RAW,512.7,9297,9245,2.986,611
RAW,512.7,9297,9245,2.977,609
RAW,512.7,9296,9241,2.996,613
RAW,513.0,9310,9244,2.977,609
RAW,513.0,9302,9247,2.977,609
RAW,513.0,9297,9245,2.996,613
RAW,513.3,9307,9249,2.981,610
RAW,513.3,9305,9247,2.967,607
RAW,513.3,9300,9246,3.021,618
RAW,513.6,9314,9252,2.981,610
RAW,513.6,9308,9250,3.030,620
RAW,513.6,9306,9248,3.050,624
RAW,513.9,9314,9250,3.045,623
RAW,513.9,9316,9253,3.030,620
RAW,513.9,9313,9254,3.035,621
RAW,514.2,9319,9252,3.025,619
RAW,514.2,9322,9256,3.030,620
RAW,514.2,9320,9254,3.035,621
RAW,514.5,9326,9251,3.035,621
RAW,514.5,9322,9247,3.021,618
RAW,514.5,9322,9256,2.991,612
RAW,514.8,9330,9259,2.991,612
RAW,514.8,9325,9255,2.996,613
RAW,514.8,9326,9251,2.981,610
RAW,515.2,9332,9260,2.874,588
RAW,515.2,9340,9260,2.991,612
RAW,515.2,9334,9257,2.991,612
RAW,515.5,9329,9257,2.977,609
RAW,515.5,9339,9258,2.986,611
RAW,515.5,9339,9251,2.981,610
RAW,515.8,9328,9257,2.996,613
RAW,515.8,9333,9260,3.030,620
RAW,515.8,9333,9254,3.030,620
RAW,516.1,9322,9246,2.991,612
RAW,516.1,9327,9256,3.030,620
RAW,516.1,9330,9252,3.040,622
RAW,516.4,9302,9243,3.025,619
RAW,516.4,9308,9242,3.016,617
RAW,516.4,9317,9246,3.006,615
RAW,516.7,9293,9239,3.011,616
RAW,516.7,9293,9234,2.986,611
RAW,516.7,9301,9241,2.991,612
RAW,517.0,9272,9231,2.981,610
RAW,517.0,9272,9231,2.996,613
RAW,517.0,9280,9228,2.972,608
RAW,517.3,9270,9225,2.996,613
RAW,517.3,9266,9228,3.006,615
RAW,517.3,9270,9228,2.996,613
RAW,517.6,9267,9225,2.972,608
RAW,517.6,9262,9224,2.977,609
RAW,517.6,9264,9232,2.981,610
RAW,517.9,9261,9226,3.001,614
RAW,517.9,9264,9228,2.981,610
RAW,517.9,9267,9230,2.977,609
RAW,518.2,9266,9230,2.977,609
RAW,518.2,9260,9232,2.972,608
RAW,518.2,9263,9226,2.977,609
RAW,518.5,9270,9226,2.972,608
RAW,518.5,9265,9234,2.986,611
RAW,518.5,9267,9233,2.977,609
RAW,518.8,9272,9229,2.972,608
RAW,518.8,9274,9231,2.972,608
RAW,518.8,9271,9231,2.977,609
RAW,519.1,9267,9235,2.991,612
RAW,519.1,9275,9237,2.972,608
RAW,519.1,9269,9236,3.001,614
RAW,519.4,9268,9232,2.996,613
RAW,519.4,9266,9231,3.089,632
RAW,519.4,9269,9235,2.977,609
RAW,519.7,9279,9232,2.972,608
RAW,519.7,9276,9229,2.977,609
RAW,519.7,9268,9234,2.981,610
RAW,520.0,9275,9236,2.972,608
RAW,520.0,9273,9235,2.981,610
RAW,520.0,9273,9231,2.977,609
RAW,520.3,9275,9231,2.991,612
RAW,520.3,9275,9239,3.011,616
RAW,520.3,9277,9237,3.030,620
RAW,520.6,9280,9233,3.030,620
RAW,520.6,9284,9236,3.030,620
RAW,520.6,9275,9239,3.045,623
RAW,520.9,9289,9235,3.025,619
RAW,520.9,9280,9238,3.030,620
RAW,520.9,9279,9239,3.050,624
RAW,521.2,9287,9240,3.025,619
RAW,521.2,9284,9240,3.050,624
RAW,521.2,9286,9243,3.006,615
RAW,521.5,9282,9244,3.035,621
RAW,521.5,9287,9241,2.977,609
RAW,521.5,9283,9245,2.981,610
RAW,521.8,9293,9241,2.972,608
RAW,521.8,9286,9246,2.986,611
RAW,521.8,9288,9242,2.986,611
RAW,522.2,9291,9250,2.981,610
RAW,522.2,9302,9249,2.977,609
RAW,522.2,9298,9245,2.977,609
RAW,522.5,9301,9249,2.986,611
RAW,522.5,9304,9249,2.991,612
RAW,522.5,9298,9240,3.030,620
RAW,522.8,9307,9250,2.981,610
RAW,522.8,9306,9246,3.030,620
RAW,522.8,9300,9248,3.045,623
RAW,523.1,9308,9250,3.011,616
RAW,523.1,9310,9254,3.016,617
RAW,523.1,9303,9251,3.011,616
RAW,523.4,9313,9254,3.021,618
RAW,523.4,9313,9248,3.021,618
RAW,523.4,9305,9252,2.967,607
RAW,523.7,9309,9256,2.991,612
RAW,523.7,9315,9246,2.981,610
RAW,524.0,9295,9238,2.972,608
RAW,524.0,9301,9240,2.977,609
RAW,524.0,9301,9249,2.972,608
RAW,524.3,9276,9236,2.977,609
RAW,524.3,9280,9235,2.981,610
RAW,524.3,9283,9239,2.977,609
RAW,524.6,9263,9226,2.981,610
RAW,524.6,9269,9230,2.986,611
RAW,524.6,9265,9235,2.981,610
RAW,524.9,9254,9223,2.991,612
RAW,524.9,9252,9225,2.991,612
RAW,524.9,9264,9229,3.065,627
RAW,525.2,9243,9226,2.977,609
RAW,525.2,9242,9226,2.972,608
RAW,525.2,9249,9223,2.972,608
RAW,525.5,9238,9223,2.991,612
RAW,525.5,9245,9222,2.967,607
RAW,525.5,9242,9219,2.967,607
RAW,525.8,9237,9219,2.986,611
RAW,525.8,9235,9228,2.981,610
RAW,525.8,9244,9215,2.991,612
RAW,526.1,9238,9222,2.972,608
RAW,526.1,9249,9225,2.977,609
RAW,526.1,9240,9222,3.055,625
RAW,526.4,9237,9221,2.981,610
RAW,526.4,9238,9224,2.981,610
RAW,526.4,9239,9223,2.977,609
RAW,526.7,9243,9220,2.986,611
RAW,526.7,9240,9219,2.981,610
RAW,526.7,9240,9226,2.977,609
RAW,527.0,9243,9225,2.996,613
RAW,527.0,9238,9225,2.991,612
RAW,527.0,9240,9222,3.040,622
RAW,527.3,9255,9226,2.962,606
RAW,527.3,9252,9223,3.035,621
RAW,527.3,9242,9220,3.030,620
RAW,527.6,9249,9229,3.011,616
RAW,527.6,9253,9231,3.025,619
RAW,527.6,9247,9233,3.030,620
RAW,527.9,9253,9232,3.025,619
RAW,527.9,9257,9233,3.045,623
RAW,527.9,9247,9224,3.040,622
RAW,528.2,9251,9229,3.021,618
RAW,528.2,9253,9228,3.030,620
RAW,528.2,9254,9235,2.996,613
RAW,528.5,9253,9231,3.016,617
RAW,528.5,9260,9230,2.977,609
RAW,528.5,9257,9225,2.981,610
RAW,528.8,9268,9231,3.065,627
RAW,528.8,9267,9237,2.986,611
RAW,528.8,9260,9234,3.001,614
RAW,529.2,9273,9241,2.986,611
RAW,529.2,9270,9240,2.991,612
RAW,529.2,9259,9233,3.001,614
RAW,529.5,9277,9234,2.972,608
RAW,529.5,9276,9244,2.996,613
RAW,529.5,9270,9229,3.016,617
RAW,529.8,9278,9237,2.996,613
RAW,529.8,9282,9243,3.025,619
RAW,529.8,9275,9236,3.011,616
RAW,530.1,9283,9240,3.030,620
RAW,530.1,9285,9249,3.016,617
RAW,530.1,9281,9240,3.021,618
RAW,530.4,9286,9247,3.011,616
RAW,530.4,9277,9246,3.016,617
RAW,530.4,9281,9245,3.006,615
RAW,530.7,9291,9244,2.986,611
RAW,530.7,9304,9248,2.986,611
RAW,530.7,9292,9245,2.972,608
RAW,531.0,9302,9253,2.991,612
RAW,531.0,9304,9257,2.977,609
RAW,531.0,9300,9248,2.967,607
RAW,531.3,9303,9250,2.996,613
RAW,531.3,9304,9245,2.981,610
RAW,531.3,9307,9252,2.996,613
RAW,531.6,9301,9248,2.977,609
RAW,531.6,9305,9247,2.977,609
RAW,531.6,9307,9246,2.977,609
RAW,531.9,9288,9238,2.977,609
RAW,531.9,9291,9247,2.977,609
RAW,531.9,9291,9245,2.972,608
RAW,532.2,9264,9230,3.001,614
RAW,532.2,9272,9246,2.981,610
RAW,532.2,9277,9237,3.001,614
RAW,532.5,9257,9223,2.991,612
RAW,532.5,9258,9232,3.001,614
RAW,532.5,9266,9229,2.977,609
RAW,532.8,9250,9224,2.972,608
RAW,532.8,9246,9225,2.981,610
RAW,532.8,9254,9226,2.947,603
RAW,533.1,9234,9223,2.977,609
RAW,533.1,9242,9222,2.977,609
RAW,533.1,9243,9224,2.977,609
RAW,533.4,9238,9217,2.972,608
RAW,533.4,9242,9220,2.981,610
RAW,533.4,9231,9219,2.991,612
RAW,533.7,9236,9220,2.977,609
RAW,533.7,9235,9223,2.977,609
RAW,533.7,9231,9224,3.016,617
RAW,534.0,9239,9225,2.967,607
RAW,534.0,9239,9224,3.025,619
RAW,534.0,9237,9227,3.035,621
RAW,534.3,9238,9224,3.011,616
RAW,534.3,9236,9227,3.055,625
RAW,534.3,9245,9229,3.045,623
RAW,534.6,9242,9227,3.035,621
RAW,534.6,9245,9228,3.025,619
RAW,534.6,9237,9222,3.050,624
RAW,534.9,9243,9228,3.021,618
RAW,534.9,9239,9231,3.030,620
RAW,534.9,9241,9220,2.981,610
RAW,535.2,9257,9234,3.025,619
RAW,535.2,9248,9231,2.981,610
RAW,535.2,9244,9225,2.996,613
RAW,535.5,9252,9235,2.991,612
RAW,535.5,9255,9229,2.986,611
RAW,535.5,9246,9230,2.996,613
RAW,535.8,9254,9230,2.972,608
RAW,535.8,9255,9236,2.996,613
RAW,535.8,9254,9230,3.006,615
RAW,536.2,9260,9233,2.977,609
RAW,536.2,9253,9237,2.981,610
RAW,536.2,9254,9229,3.016,617
RAW,536.5,9259,9236,3.001,614
RAW,536.5,9257,9239,3.030,620
RAW,536.5,9254,9231,3.035,621
RAW,536.8,9268,9242,3.030,620
RAW,536.8,9265,9242,3.040,622
RAW,536.8,9262,9236,3.025,619
RAW,537.1,9278,9245,3.016,617
RAW,537.1,9270,9245,3.025,619
RAW,537.1,9282,9247,2.977,609
RAW,537.4,9277,9243,2.991,612
RAW,537.4,9286,9244,2.972,608
RAW,537.4,9280,9244,2.981,610
RAW,537.7,9294,9243,2.986,611
RAW,537.7,9288,9243,2.981,610
RAW,537.7,9289,9250,2.962,606
RAW,538.0,9297,9253,2.986,611
RAW,538.0,9287,9246,2.991,612
RAW,538.0,9294,9246,2.986,611
RAW,538.3,9293,9251,2.977,609
RAW,538.3,9292,9245,2.972,608
RAW,538.3,9297,9244,2.972,608
RAW,538.6,9303,9253,2.972,608
RAW,538.6,9300,9250,2.972,608
RAW,538.6,9298,9249,2.972,608
RAW,538.9,9305,9254,2.962,606
RAW,538.9,9303,9253,2.972,608
RAW,538.9,9300,9249,2.981,610
RAW,539.2,9300,9249,2.972,608
RAW,539.2,9310,9257,2.972,608
RAW,539.2,9308,9255,2.996,613
RAW,539.5,9294,9249,2.972,608
RAW,539.5,9291,9253,2.977,609
RAW,539.5,9300,9252,2.972,608
RAW,539.8,9278,9236,2.972,608
RAW,539.8,9277,9239,2.991,612
RAW,539.8,9287,9237,2.918,597
RAW,540.1,9266,9235,2.981,610
RAW,540.1,9270,9231,2.972,608
RAW,540.1,9273,9235,2.977,609
RAW,540.4,9253,9230,2.972,608
RAW,540.4,9259,9231,2.972,608
RAW,540.4,9265,9232,2.991,612
RAW,540.7,9246,9227,2.977,609
RAW,540.7,9256,9236,3.011,616
RAW,540.7,9250,9229,3.030,620
RAW,541.0,9242,9226,3.011,616
RAW,541.0,9244,9230,3.045,623
RAW,541.0,9246,9230,3.035,621
RAW,541.3,9246,9230,3.035,621
RAW,541.3,9242,9231,3.030,620
RAW,541.3,9249,9218,3.016,617
RAW,541.6,9251,9229,3.030,620
RAW,541.6,9250,9230,3.035,621
RAW,541.6,9246,9228,2.977,609
RAW,541.9,9254,9235,3.035,621
RAW,541.9,9250,9227,3.001,614
RAW,541.9,9251,9230,3.001,614
RAW,542.2,9257,9230,2.967,607
RAW,542.2,9250,9231,2.986,611
RAW,542.2,9249,9231,2.981,610
RAW,542.5,9261,9231,3.030,620
RAW,542.5,9252,9235,2.972,608
RAW,542.5,9262,9229,2.972,608
RAW,542.8,9258,9242,2.977,609
RAW,542.8,9259,9235,2.981,610
RAW,542.8,9255,9232,3.011,616
RAW,543.2,9272,9242,2.977,609
RAW,543.2,9261,9236,3.030,620
RAW,543.2,9259,9235,3.030,620
RAW,543.5,9262,9242,3.016,617
RAW,543.5,9265,9240,3.035,621
RAW,543.5,9263,9232,3.030,620
RAW,543.8,9275,9238,3.011,616
RAW,543.8,9260,9237,3.016,617
RAW,543.8,9268,9243,2.962,606
RAW,544.1,9272,9245,2.972,608
RAW,544.1,9274,9242,2.977,609
RAW,544.4,9277,9245,3.001,614
RAW,544.4,9275,9242,2.991,612
RAW,544.4,9277,9248,2.977,609
RAW,544.7,9289,9248,2.977,609
RAW,544.7,9279,9248,2.972,608
RAW,544.7,9289,9245,2.981,610
RAW,545.0,9293,9249,2.977,609
RAW,545.0,9290,9252,2.972,608
RAW,545.0,9295,9247,2.879,589
RAW,545.3,9297,9249,2.977,609
RAW,545.3,9286,9254,2.967,607
RAW,545.3,9291,9252,2.972,608
RAW,545.6,9303,9255,2.991,612
RAW,545.6,9299,9252,2.991,612
RAW,545.6,9289,9248,2.981,610
RAW,545.9,9306,9255,2.977,609
RAW,545.9,9309,9258,2.977,609
RAW,545.9,9303,9248,2.981,610
RAW,546.2,9302,9259,2.972,608
RAW,546.2,9305,9258,2.981,610
RAW,546.2,9297,9257,2.972,608
RAW,546.5,9312,9258,2.991,612
RAW,546.5,9313,9261,2.991,612
RAW,546.5,9311,9252,2.991,612
RAW,546.8,9297,9253,2.967,607
RAW,546.8,9300,9255,2.972,608
RAW,546.8,9316,9252,2.996,613
RAW,547.1,9284,9243,2.972,608
RAW,547.1,9291,9250,2.981,610
RAW,547.1,9292,9252,2.977,609
RAW,547.4,9272,9237,2.972,608
RAW,547.4,9273,9244,2.991,612
RAW,547.4,9279,9243,3.030,620
RAW,547.7,9253,9231,3.001,614
RAW,547.7,9258,9234,3.030,620
RAW,547.7,9254,9239,3.035,621
RAW,548.0,9249,9223,3.016,617
RAW,548.0,9247,9230,3.021,618
RAW,548.0,9255,9228,3.030,620
RAW,548.3,9240,9227,3.030,620
RAW,548.3,9247,9219,3.030,620
RAW,548.3,9242,9222,3.025,619
RAW,548.6,9235,9228,3.030,620
RAW,548.6,9231,9227,3.025,619
RAW,548.6,9239,9223,2.991,612
RAW,548.9,9233,9229,2.986,611
RAW,548.9,9239,9229,2.991,612
RAW,548.9,9236,9220,2.991,612
RAW,549.2,9238,9230,2.972,608
RAW,549.2,9236,9225,2.977,609
RAW,549.2,9239,9227,2.972,608
RAW,549.5,9244,9234,2.996,613
RAW,549.5,9244,9227,3.001,614
RAW,549.5,9252,9225,3.011,616
RAW,549.8,9248,9232,2.996,613
RAW,549.8,9248,9233,3.016,617
RAW,549.8,9245,9227,3.089,632
RAW,550.2,9245,9235,3.016,617
RAW,550.2,9241,9236,3.016,617
RAW,550.2,9245,9236,3.016,617
RAW,550.5,9250,9235,3.016,617
RAW,550.5,9253,9234,3.011,616
RAW,550.5,9254,9228,3.025,619
RAW,550.8,9258,9238,3.030,620
RAW,550.8,9248,9235,2.981,610
RAW,550.8,9248,9238,3.001,614
RAW,551.1,9255,9239,2.991,612
RAW,551.1,9260,9241,2.991,612
RAW,551.1,9251,9238,2.972,608
RAW,551.4,9272,9244,2.972,608
RAW,551.4,9261,9239,2.972,608
RAW,551.4,9257,9239,2.981,610
RAW,551.7,9271,9240,2.972,608
RAW,551.7,9269,9243,2.977,609
RAW,551.7,9272,9244,2.864,586
RAW,552.0,9275,9241,2.986,611
RAW,552.0,9272,9247,2.981,610
RAW,552.0,9270,9249,2.986,611
RAW,552.3,9280,9250,2.972,608
RAW,552.3,9276,9245,2.972,608
RAW,552.3,9276,9246,2.977,609
RAW,552.6,9277,9250,2.972,608
RAW,552.6,9282,9249,2.972,608
RAW,552.6,9278,9249,2.967,607
RAW,552.9,9283,9253,2.972,608
RAW,552.9,9287,9250,2.991,612
RAW,552.9,9291,9247,2.981,610
RAW,553.2,9294,9257,2.991,612
RAW,553.2,9293,9257,2.972,608
RAW,553.2,9289,9253,2.996,613
RAW,553.5,9295,9256,2.972,608
RAW,553.5,9299,9255,2.972,608
RAW,553.5,9297,9254,2.977,609
RAW,553.8,9299,9259,2.972,608
RAW,553.8,9296,9253,2.977,609
RAW,553.8,9299,9253,2.981,610
RAW,554.1,9295,9254,2.972,608
RAW,554.1,9299,9259,2.991,612
RAW,554.1,9300,9260,3.035,621
RAW,554.4,9293,9252,2.977,609
RAW,554.4,9296,9252,3.030,620
RAW,554.4,9301,9255,3.040,622
RAW,554.7,9275,9241,3.016,617
RAW,554.7,9273,9239,3.045,623
RAW,554.7,9279,9248,3.025,619
RAW,555.0,9256,9232,3.123,639
RAW,555.0,9257,9231,3.045,623
RAW,555.0,9262,9241,3.030,620
RAW,555.3,9242,9230,3.030,620
RAW,555.3,9252,9229,3.050,624
RAW,555.3,9254,9232,2.996,613
RAW,555.6,9238,9229,3.006,615
RAW,555.6,9241,9232,2.986,611
RAW,555.6,9252,9230,2.986,611
RAW,555.9,9229,9229,2.981,610
RAW,555.9,9230,9231,2.967,607
RAW,555.9,9232,9227,2.977,609
RAW,556.2,9237,9230,2.986,611
RAW,556.2,9238,9230,2.991,612
RAW,556.2,9233,9221,2.972,608
RAW,556.5,9235,9226,2.991,612
RAW,556.5,9233,9229,3.030,620
RAW,556.5,9231,9223,3.035,621
RAW,556.8,9241,9227,3.016,617
RAW,556.8,9243,9234,3.021,618
RAW,556.8,9232,9233,3.021,618
RAW,557.2,9236,9237,3.025,619
RAW,557.2,9240,9230,3.025,619
RAW,557.2,9242,9229,3.011,616
RAW,557.5,9244,9239,3.021,618
RAW,557.5,9239,9235,2.977,609
RAW,557.5,9236,9237,2.981,610
RAW,557.8,9247,9239,2.977,609
RAW,557.8,9250,9240,2.981,610
RAW,557.8,9249,9242,2.977,609
RAW,558.1,9252,9244,2.972,608
RAW,558.1,9243,9238,2.967,607
RAW,558.1,9250,9236,2.981,610
RAW,558.4,9255,9242,2.977,609
RAW,558.4,9250,9243,2.986,611
RAW,558.4,9245,9246,2.991,612
RAW,558.7,9260,9242,2.991,612
RAW,558.7,9263,9240,2.981,610
RAW,558.7,9257,9241,2.977,609
RAW,559.0,9268,9248,2.972,608
RAW,559.0,9263,9247,2.977,609
RAW,559.0,9252,9241,2.977,609
RAW,559.3,9265,9245,2.967,607
RAW,559.3,9260,9248,2.972,608
RAW,559.3,9264,9251,2.967,607
RAW,559.6,9269,9250,2.981,610
RAW,559.6,9273,9250,2.986,611
RAW,559.6,9276,9252,2.981,610
RAW,559.9,9273,9255,2.967,607
RAW,559.9,9273,9251,2.981,610
RAW,559.9,9273,9251,2.991,612
RAW,560.2,9288,9255,2.967,607
RAW,560.2,9282,9252,2.972,608
RAW,560.2,9278,9255,2.933,600
RAW,560.5,9282,9258,2.996,613
RAW,560.5,9284,9260,2.991,612
RAW,560.5,9284,9252,2.991,612
RAW,560.8,9289,9261,2.952,604
RAW,560.8,9290,9258,3.001,614
RAW,560.8,9281,9258,3.030,620
RAW,561.1,9290,9266,2.972,608
RAW,561.1,9290,9263,3.016,617
RAW,561.1,9289,9262,3.025,619
RAW,561.4,9297,9262,3.016,617
RAW,561.4,9297,9262,3.030,620
RAW,561.4,9291,9261,3.030,620
RAW,561.7,9298,9263,3.035,621
RAW,561.7,9306,9267,3.025,619
RAW,561.7,9299,9258,3.040,622
RAW,562.0,9295,9258,3.030,620
RAW,562.0,9295,9267,3.025,619
RAW,562.0,9304,9265,2.996,613
RAW,562.3,9278,9248,3.035,621
RAW,562.3,9280,9250,2.981,610
RAW,562.3,9294,9256,2.977,609
RAW,562.6,9264,9241,2.991,612
RAW,562.6,9263,9247,2.996,613
RAW,562.6,9272,9245,2.986,611
RAW,562.9,9242,9239,2.991,612
RAW,562.9,9252,9238,2.996,613
RAW,562.9,9255,9234,2.986,611
RAW,563.2,9233,9235,2.972,608
RAW,563.2,9242,9237,2.991,612
RAW,563.2,9246,9243,3.016,617
RAW,563.5,9226,9232,3.006,615
RAW,563.5,9230,9232,3.016,617
RAW,563.5,9237,9236,3.016,617
RAW,563.8,9227,9231,3.025,619
RAW,563.8,9226,9235,3.021,618
RAW,563.8,9235,9226,3.011,616
RAW,564.2,9232,9231,3.025,619
RAW,564.2,9234,9232,3.025,619
RAW,564.2,9229,9234,2.991,612
RAW,564.5,9236,9238,2.977,609
RAW,564.5,9229,9237,2.972,608
RAW,564.5,9230,9239,2.981,610
RAW,564.8,9236,9234,2.977,609
RAW,564.8,9247,9239,2.972,608
RAW,564.8,9233,9230,2.972,608
RAW,565.1,9240,9239,2.977,609
RAW,565.1,9248,9238,2.996,613
RAW,565.1,9236,9237,2.996,613
RAW,565.4,9249,9242,2.972,608
RAW,565.4,9240,9240,2.986,611
RAW,565.4,9242,9237,2.972,608
RAW,565.7,9251,9241,2.977,609
RAW,565.7,9248,9241,2.972,608
RAW,565.7,9250,9243,2.977,609
RAW,566.0,9262,9246,3.021,618
RAW,566.0,9258,9247,2.991,612
RAW,566.0,9255,9245,2.991,612
RAW,566.3,9261,9255,2.996,613
RAW,566.3,9253,9246,2.981,610
RAW,566.3,9253,9245,2.991,612
RAW,566.6,9265,9248,2.967,607
RAW,566.6,9255,9248,2.977,609
RAW,566.6,9254,9240,2.967,607
RAW,566.9,9263,9249,2.977,609
RAW,566.9,9263,9254,2.972,608
RAW,566.9,9267,9251,2.977,609
RAW,567.2,9274,9249,2.991,612
RAW,567.2,9268,9254,2.977,609
RAW,567.2,9269,9255,2.986,611
RAW,567.5,9273,9253,2.972,608
RAW,567.5,9272,9259,2.986,611
RAW,567.5,9268,9250,3.030,620
RAW,567.8,9286,9257,2.981,610
RAW,567.8,9286,9256,3.021,618
RAW,567.8,9280,9253,3.030,620
RAW,568.1,9285,9264,3.025,619
RAW,568.1,9289,9263,3.035,621
RAW,568.1,9283,9260,3.025,619
RAW,568.4,9300,9265,3.040,622
RAW,568.4,9294,9264,3.040,622
RAW,568.4,9278,9266,3.035,621
RAW,568.7,9294,9267,3.030,620
RAW,568.7,9295,9261,3.030,620
RAW,568.7,9295,9264,3.065,627
RAW,569.0,9300,9264,3.025,619
RAW,569.0,9308,9265,2.977,609
RAW,569.0,9301,9264,2.977,609
RAW,569.3,9304,9268,3.001,614
RAW,569.3,9309,9266,2.981,610
RAW,569.3,9300,9267,2.967,607
RAW,569.6,9302,9274,3.001,614
RAW,569.6,9301,9266,2.991,612
RAW,569.6,9297,9262,2.991,612
RAW,569.9,9303,9270,2.981,610
RAW,569.9,9309,9264,2.977,609
RAW,569.9,9305,9270,3.011,616
RAW,570.2,9288,9259,3.011,616
RAW,570.2,9295,9262,3.021,618
RAW,570.2,9294,9262,3.016,617
RAW,570.5,9265,9250,3.030,620
RAW,570.5,9271,9256,3.030,620
RAW,570.5,9281,9258,3.016,617
RAW,570.8,9252,9244,3.021,618
RAW,570.8,9257,9247,3.021,618
RAW,570.8,9261,9252,2.986,611
RAW,571.2,9236,9239,2.991,612
RAW,571.2,9243,9239,2.981,610
RAW,571.2,9253,9237,2.991,612
RAW,571.5,9247,9235,2.918,597
RAW,571.5,9238,9241,2.996,613
RAW,571.5,9242,9230,2.986,611
RAW,571.8,9244,9235,2.996,613
RAW,571.8,9240,9238,2.986,611
RAW,571.8,9232,9244,2.996,613
RAW,572.1,9238,9241,2.967,607
RAW,572.1,9238,9236,2.977,609
RAW,572.1,9241,9236,2.977,609
RAW,572.4,9245,9247,2.977,609
RAW,572.4,9237,9246,2.977,609
RAW,572.4,9240,9235,2.967,607
RAW,572.7,9249,9236,2.981,610
RAW,572.7,9239,9238,2.986,611
RAW,572.7,9238,9240,2.981,610
RAW,573.0,9242,9248,2.977,609
RAW,573.0,9242,9245,2.996,613
RAW,573.0,9239,9249,2.991,612
RAW,573.3,9255,9253,2.972,608
RAW,573.3,9250,9243,2.972,608
RAW,573.3,9244,9243,2.977,609
RAW,573.6,9253,9246,2.981,610
RAW,573.6,9246,9245,2.991,612
RAW,573.6,9254,9249,2.972,608
RAW,573.9,9263,9250,2.991,612
RAW,573.9,9262,9251,2.986,611
RAW,573.9,9258,9252,2.991,612
RAW,574.2,9261,9254,2.972,608
RAW,574.2,9270,9248,2.972,608
RAW,574.2,9258,9247,2.977,609
RAW,574.5,9274,9250,2.972,608
RAW,574.5,9262,9252,3.011,616
RAW,574.5,9263,9252,3.025,619
RAW,574.8,9276,9253,3.021,618
RAW,574.8,9274,9255,3.030,620
RAW,574.8,9269,9257,3.030,620
RAW,575.1,9279,9255,3.035,621
RAW,575.1,9280,9259,3.040,622
RAW,575.1,9279,9256,3.016,617
RAW,575.4,9288,9256,3.030,620
RAW,575.4,9289,9259,3.021,618
RAW,575.4,9288,9259,2.977,609
RAW,575.7,9292,9263,3.040,622
RAW,575.7,9295,9254,2.977,609
RAW,575.7,9288,9257,2.986,611
RAW,576.0,9290,9259,2.986,611
RAW,576.0,9296,9263,2.986,611
RAW,576.0,9294,9261,2.977,609
RAW,576.3,9296,9261,2.991,612
RAW,576.3,9302,9261,2.981,610
RAW,576.3,9294,9255,2.977,609
RAW,576.6,9308,9265,2.977,609
RAW,576.6,9302,9265,2.972,608
RAW,576.6,9297,9261,3.016,617
RAW,576.9,9307,9268,2.991,612
RAW,576.9,9304,9265,3.011,616
RAW,576.9,9306,9267,3.030,620
RAW,577.2,9309,9269,3.030,620
RAW,577.2,9309,9262,2.981,610
RAW,577.2,9312,9266,3.025,619
RAW,577.5,9307,9269,3.021,618
RAW,577.5,9304,9268,3.021,618
RAW,577.5,9309,9263,2.981,610
RAW,577.8,9306,9259,2.972,608
RAW,577.8,9311,9266,2.981,610
RAW,578.1,9289,9254,2.986,611
RAW,578.1,9295,9258,2.991,612
RAW,578.1,9302,9265,2.977,609
RAW,578.5,9270,9258,2.986,611
RAW,578.5,9276,9252,2.977,609
RAW,578.5,9283,9253,2.991,612
RAW,578.7,9261,9241,2.972,608
RAW,578.7,9260,9250,2.967,607
RAW,578.7,9268,9245,2.977,609
RAW,579.1,9255,9244,2.996,613
RAW,579.1,9253,9245,2.996,613
RAW,579.1,9253,9249,2.996,613
RAW,579.4,9248,9238,2.991,612
RAW,579.4,9255,9237,2.981,610
RAW,579.4,9245,9242,2.991,612
RAW,579.7,9244,9238,2.972,608
RAW,579.7,9240,9241,2.972,608
RAW,579.7,9252,9241,2.986,611
RAW,580.0,9248,9241,2.972,608
RAW,580.0,9245,9236,2.972,608
RAW,580.0,9252,9249,2.986,611
RAW,580.3,9250,9241,2.986,611
RAW,580.3,9252,9238,2.977,609
RAW,580.3,9248,9240,2.981,610
RAW,580.6,9248,9246,2.977,609
RAW,580.6,9251,9242,2.996,613
RAW,580.6,9248,9243,2.996,613
RAW,580.9,9246,9243,2.977,609
RAW,580.9,9247,9244,2.972,608
RAW,580.9,9252,9252,2.981,610
RAW,581.2,9252,9254,2.991,612
RAW,581.2,9254,9247,2.991,612
RAW,581.2,9251,9248,3.025,619
RAW,581.5,9263,9247,2.986,611
RAW,581.5,9259,9244,3.025,619
RAW,581.5,9255,9244,3.045,623
RAW,581.8,9267,9252,3.025,619
RAW,581.8,9267,9256,3.030,620
RAW,581.8,9255,9248,3.030,620
RAW,582.1,9270,9254,3.025,619
RAW,582.1,9269,9252,3.030,620
RAW,582.1,9264,9252,3.030,620
RAW,582.4,9277,9257,3.045,623
RAW,582.4,9268,9255,3.050,624
RAW,582.4,9270,9255,2.972,608
RAW,582.7,9276,9261,3.006,615
RAW,582.7,9279,9263,3.006,615
RAW,582.7,9280,9261,2.991,612
RAW,583.0,9279,9265,2.986,611
RAW,583.0,9285,9257,2.972,608
RAW,583.0,9285,9262,2.972,608
RAW,583.3,9285,9264,2.986,611
RAW,583.3,9286,9262,2.986,611
RAW,583.3,9287,9264,2.972,608
RAW,583.6,9287,9269,2.981,610
RAW,583.6,9284,9257,3.025,619
RAW,583.6,9296,9257,3.025,619
RAW,583.9,9297,9262,3.006,615
RAW,583.9,9296,9269,3.011,616
RAW,583.9,9292,9264,3.035,621
RAW,584.2,9296,9272,3.011,616
RAW,584.2,9302,9273,3.021,618
RAW,584.2,9303,9265,3.021,618
RAW,584.5,9310,9277,3.016,617
RAW,584.5,9308,9272,3.021,618
RAW,584.5,9301,9267,2.981,610
RAW,584.8,9307,9273,3.006,615
RAW,584.8,9311,9274,2.986,611
RAW,584.8,9316,9269,3.001,614
RAW,585.1,9312,9274,2.986,611
RAW,585.1,9313,9279,2.977,609
RAW,585.1,9312,9276,2.977,609
RAW,585.5,9311,9270,2.977,609
RAW,585.5,9316,9273,2.967,607
RAW,585.5,9309,9278,2.977,609
RAW,585.7,9296,9264,2.991,612
RAW,585.7,9304,9270,2.991,612
RAW,585.7,9313,9269,2.991,612
RAW,586.1,9275,9255,2.972,608
RAW,586.1,9281,9254,2.996,613
RAW,586.1,9284,9258,2.991,612
RAW,586.4,9253,9245,2.972,608
RAW,586.4,9269,9247,2.991,612
RAW,586.4,9275,9254,2.977,609
RAW,586.7,9249,9238,2.996,613
RAW,586.7,9251,9246,2.991,612
RAW,586.7,9257,9240,2.977,609
RAW,587.0,9240,9236,2.986,611
RAW,587.0,9237,9240,2.991,612
RAW,587.0,9241,9237,2.981,610
RAW,587.3,9234,9236,2.967,607
RAW,587.3,9240,9238,2.977,609
RAW,587.3,9231,9242,2.977,609
RAW,587.6,9236,9238,2.972,608
RAW,587.6,9231,9233,2.977,609
RAW,587.6,9232,9237,2.972,608
RAW,587.9,9237,9240,2.991,612
RAW,587.9,9232,9240,2.991,612
RAW,587.9,9239,9240,3.006,615
RAW,588.2,9239,9240,2.996,613
RAW,588.2,9244,9242,3.025,619
RAW,588.2,9231,9244,3.030,620
RAW,588.5,9239,9241,3.016,617
RAW,588.5,9238,9244,3.025,619
RAW,588.5,9241,9241,3.025,619
RAW,588.8,9238,9245,3.040,622
RAW,588.8,9242,9245,3.030,620
RAW,588.8,9243,9245,3.025,619
RAW,589.1,9252,9245,3.030,620
RAW,589.1,9245,9247,3.045,623
RAW,589.1,9243,9235,2.977,609
RAW,589.4,9254,9244,3.030,620
RAW,589.4,9249,9242,2.977,609
RAW,589.4,9246,9244,2.986,611
RAW,589.7,9256,9244,2.977,609
RAW,589.7,9249,9245,2.977,609
RAW,589.7,9256,9242,2.937,601
RAW,590.0,9255,9245,2.991,612
RAW,590.0,9256,9246,2.977,609
RAW,590.0,9251,9250,2.991,612
RAW,590.3,9263,9250,2.991,612
RAW,590.3,9260,9244,3.006,615
RAW,590.3,9259,9246,3.011,616
RAW,590.6,9265,9255,3.035,621
RAW,590.6,9266,9256,3.016,617
RAW,590.6,9262,9252,3.021,618
RAW,590.9,9279,9260,3.016,617
RAW,590.9,9279,9256,3.021,618
RAW,590.9,9264,9252,3.011,616
RAW,591.2,9288,9261,3.021,618
RAW,591.2,9280,9259,3.030,620
RAW,591.2,9274,9253,2.991,612
RAW,591.5,9284,9258,2.991,612
RAW,591.5,9284,9259,2.991,612
RAW,591.5,9277,9259,2.996,613
RAW,591.8,9288,9261,2.977,609
RAW,591.8,9290,9265,2.977,609
RAW,591.8,9289,9267,2.972,608
RAW,592.1,9294,9259,2.977,609
RAW,592.1,9292,9268,2.986,611
RAW,592.1,9292,9264,2.991,612
RAW,592.5,9299,9270,2.981,610
RAW,592.5,9301,9263,2.996,613
RAW,592.5,9297,9261,2.996,613
RAW,592.7,9300,9269,2.981,610
RAW,592.7,9303,9270,2.972,608
RAW,592.7,9294,9269,2.972,608
RAW,593.0,9305,9270,2.977,609
RAW,593.0,9304,9270,2.972,608
RAW,593.0,9304,9269,2.972,608
RAW,593.4,9314,9269,2.986,611
RAW,593.4,9308,9269,2.986,611
RAW,593.4,9309,9272,2.977,609
RAW,593.7,9302,9271,2.996,613
RAW,593.7,9318,9271,3.001,614
RAW,593.7,9310,9267,2.991,612
RAW,594.0,9301,9261,2.981,610
RAW,594.0,9305,9262,2.977,609
RAW,594.0,9307,9269,2.947,603
RAW,594.3,9279,9251,3.001,614
RAW,594.3,9290,9263,2.986,611
RAW,594.3,9301,9268,2.977,609
RAW,594.6,9267,9244,2.991,612
RAW,594.6,9269,9254,2.977,609
RAW,594.6,9275,9254,2.996,613
RAW,594.9,9245,9231,2.972,608
RAW,594.9,9252,9243,3.025,619
RAW,594.9,9257,9244,3.035,621
RAW,595.2,9230,9237,3.025,619
RAW,595.2,9241,9233,3.030,620
RAW,595.2,9235,9231,3.025,619
RAW,595.5,9229,9239,3.025,619
RAW,595.5,9229,9230,3.030,620
RAW,595.5,9232,9233,3.040,622
RAW,595.8,9226,9234,3.065,627
RAW,595.8,9228,9230,3.050,624
RAW,595.8,9230,9234,2.986,611
RAW,596.1,9222,9231,3.025,619
RAW,596.1,9225,9229,2.977,609
RAW,596.1,9225,9234,2.952,604
RAW,596.4,9232,9236,2.977,609
RAW,596.4,9230,9232,2.977,609
RAW,596.4,9225,9235,2.981,610
RAW,596.7,9234,9230,2.977,609
RAW,596.7,9227,9233,2.977,609
RAW,596.7,9231,9233,2.991,612
RAW,597.0,9236,9236,2.972,608
RAW,597.0,9234,9234,2.977,609
RAW,597.0,9229,9228,3.001,614
RAW,597.3,9234,9234,2.986,611
RAW,597.3,9229,9239,3.016,617
RAW,597.3,9238,9237,3.030,620
RAW,597.6,9233,9237,3.011,616
RAW,597.6,9236,9237,3.045,623
RAW,597.6,9241,9240,3.040,622
RAW,597.9,9241,9244,3.021,618
RAW,597.9,9240,9244,3.035,621
RAW,597.9,9244,9241,2.996,613
RAW,598.2,9246,9242,2.986,611
RAW,598.2,9245,9241,2.986,611
RAW,598.2,9247,9247,2.972,608
RAW,598.5,9257,9243,2.972,608
RAW,598.5,9257,9245,2.977,609
RAW,598.5,9256,9242,2.977,609
RAW,598.8,9264,9243,2.986,611
RAW,598.8,9256,9247,2.986,611
RAW,598.8,9250,9251,2.986,611
RAW,599.1,9263,9250,2.986,611
RAW,599.1,9259,9247,2.991,612
RAW,599.1,9260,9245,2.996,613
RAW,599.5,9270,9254,2.977,609
RAW,599.5,9266,9250,2.967,607
RAW,599.5,9263,9248,2.977,609
RAW,599.7,9273,9253,2.991,612
RAW,599.7,9269,9253,2.986,611
RAW,599.7,9267,9246,2.972,608




------------------------------------------
PHASE 2 (600-1200 tenths of seconds): Processed BPM/SpO2 data
Format: PROC,Time_0.1s,BPM,SpO2,GSR_V,GSR_raw
------------------------------------------
PROC,605.7,0,0,3.030,620
PROC,606.8,0,0,2.972,608
PROC,608.0,0,0,2.991,612
PROC,609.2,0,0,2.977,609
PROC,610.3,0,0,3.021,618
PROC,611.5,0,0,2.972,608
PROC,612.6,0,0,2.967,607
PROC,613.8,0,0,3.030,620
PROC,614.9,0,0,2.991,612
PROC,616.1,0,0,2.972,608
PROC,617.3,0,0,2.986,611
PROC,618.4,0,0,3.011,616
PROC,619.6,0,0,3.030,620
PROC,620.7,0,0,2.977,609
PROC,621.9,0,0,2.991,612
PROC,623.0,0,0,2.967,607
PROC,624.2,0,0,3.030,620
PROC,625.4,0,0,2.981,610
PROC,626.5,0,0,2.977,609
PROC,627.7,0,0,3.040,622
PROC,628.8,0,0,2.977,609
PROC,630.0,0,0,2.972,608
PROC,631.1,0,0,2.977,609
PROC,632.3,0,0,3.011,616
PROC,633.5,0,0,2.996,613
PROC,634.6,0,0,2.972,608
PROC,635.8,0,0,2.967,607
PROC,636.9,0,0,2.977,609
PROC,638.1,0,0,3.025,619
PROC,639.2,0,0,2.972,608
PROC,640.4,0,0,2.977,609
PROC,641.6,0,0,3.045,623
PROC,642.7,0,0,2.972,608
PROC,643.9,0,0,3.001,614
PROC,645.0,0,0,2.981,610
PROC,646.2,0,0,3.016,617
PROC,647.3,0,0,3.030,620
PROC,648.5,0,0,2.981,610
PROC,649.7,0,0,2.967,607
PROC,650.8,0,0,2.996,613
PROC,652.0,0,0,3.011,616
PROC,653.1,0,0,2.977,609
PROC,654.3,0,0,3.001,614
PROC,655.5,0,0,3.030,620
PROC,656.6,0,0,2.967,607
PROC,657.8,0,0,2.977,609
PROC,658.9,0,0,2.972,608
PROC,660.1,0,0,3.011,616
PROC,661.2,0,0,3.030,620
PROC,662.4,0,0,2.962,606
PROC,663.6,0,0,2.996,613
PROC,664.7,0,0,2.972,608
PROC,665.9,0,0,3.011,616
PROC,667.0,0,0,2.991,612
PROC,668.2,0,0,2.991,612
PROC,669.3,0,0,3.030,620
PROC,670.5,0,0,2.967,607
PROC,671.7,0,0,2.986,611
PROC,672.8,0,0,2.972,608
PROC,674.0,0,0,3.021,618
PROC,675.1,0,0,3.011,616
PROC,676.3,0,0,2.967,607
PROC,677.5,0,0,2.972,608
PROC,678.6,0,0,2.962,606
PROC,679.8,0,0,3.011,616
PROC,680.9,0,0,2.986,611
PROC,682.1,0,0,2.962,606
PROC,683.2,0,0,3.050,624
PROC,684.4,0,0,2.986,611
PROC,685.5,0,0,2.967,607
PROC,686.7,0,0,2.977,609
PROC,687.9,0,0,3.021,618
PROC,689.0,0,0,3.001,614
PROC,690.2,0,0,2.986,611
PROC,691.3,0,0,2.996,613
PROC,692.5,0,0,2.972,608
PROC,693.7,0,0,3.021,618
PROC,694.8,0,0,2.972,608
PROC,696.0,0,0,2.972,608
PROC,697.1,0,0,3.040,622
PROC,698.3,0,0,2.962,606
PROC,699.5,0,0,2.972,608
PROC,700.6,0,0,2.981,610
PROC,701.8,0,0,3.021,618
PROC,702.9,0,0,3.016,617
PROC,704.1,0,0,2.991,612
PROC,705.2,0,0,2.977,609
PROC,706.4,0,0,2.986,611
PROC,707.5,0,0,3.001,614
PROC,708.7,0,0,2.991,612
PROC,709.9,0,0,2.977,609
PROC,711.0,0,0,3.055,625
PROC,712.2,0,0,2.977,609
PROC,713.3,0,0,2.991,612
PROC,714.5,0,0,2.986,611
PROC,715.7,0,0,3.011,616
PROC,716.8,0,0,2.986,611
PROC,718.0,0,0,2.967,607
PROC,719.1,0,0,3.016,617
PROC,720.3,0,0,2.986,611
PROC,721.4,0,0,2.991,612
PROC,722.6,0,0,2.981,610
PROC,723.7,0,0,3.006,615
PROC,724.9,0,0,3.006,615
PROC,726.1,0,0,2.952,604
PROC,727.2,0,0,2.972,608
PROC,728.4,0,0,2.962,606
PROC,729.5,0,0,3.025,619
PROC,730.7,0,0,2.972,608
PROC,731.8,0,0,2.991,612
PROC,733.0,0,0,3.045,623
PROC,734.2,0,0,2.981,610
PROC,735.3,0,0,2.981,610
PROC,736.5,0,0,2.991,612
PROC,737.6,0,0,3.016,617
PROC,738.8,0,0,3.025,619
PROC,740.0,0,0,2.977,609
PROC,741.1,0,0,2.972,608
PROC,742.3,0,0,2.977,609
PROC,743.4,0,0,3.011,616
PROC,744.6,0,0,2.972,608
PROC,745.7,0,0,2.981,610
PROC,746.9,0,0,3.030,620
PROC,748.1,0,0,2.972,608
PROC,749.2,0,0,2.957,605
PROC,750.4,0,0,2.986,611
PROC,751.5,0,0,3.021,618
PROC,752.7,0,0,3.040,622
PROC,753.8,0,0,2.986,611
PROC,755.0,0,0,2.977,609
PROC,756.2,0,0,2.977,609
PROC,757.3,0,0,3.030,620
PROC,758.5,0,0,2.977,609
PROC,759.6,0,0,2.991,612
PROC,760.8,0,0,3.025,619
PROC,762.0,0,0,2.972,608
PROC,763.1,0,0,3.045,623
PROC,764.3,0,0,2.967,607
PROC,765.4,0,0,2.972,608
PROC,766.6,0,0,3.035,621
PROC,767.7,0,0,2.972,608
PROC,768.9,0,0,2.986,611
PROC,770.1,0,0,2.991,612
PROC,771.2,0,0,3.016,617
PROC,772.4,0,0,3.021,618
PROC,773.5,0,0,2.986,611
PROC,774.7,0,0,2.972,608
PROC,775.8,0,0,2.977,609
PROC,777.0,0,0,3.011,616
PROC,778.2,0,0,2.972,608
PROC,779.3,0,0,2.986,611
PROC,780.5,0,0,3.030,620
PROC,781.6,0,0,2.972,608
PROC,782.8,0,0,2.977,609
PROC,784.0,0,0,2.962,606
PROC,785.1,0,0,3.011,616
PROC,786.3,0,0,3.035,621
PROC,787.4,0,0,2.952,604
PROC,788.6,0,0,2.991,612
PROC,789.7,0,0,2.986,611
PROC,790.9,0,0,3.025,619
PROC,792.0,0,0,2.991,612
PROC,793.2,0,0,2.991,612
PROC,794.4,0,0,3.030,620
PROC,795.5,0,0,2.957,605
PROC,796.7,0,0,2.991,612
PROC,797.8,0,0,2.977,609
PROC,799.0,0,0,3.030,620
PROC,800.2,0,0,3.011,616
PROC,801.3,0,0,2.972,608
PROC,802.5,0,0,2.981,610
PROC,803.6,0,0,2.967,607
PROC,804.8,0,0,3.025,619
PROC,806.0,0,0,2.991,612
PROC,807.1,0,0,2.967,607
PROC,808.3,0,0,2.991,612
PROC,809.4,0,0,2.972,608
PROC,810.6,0,0,3.060,626
PROC,811.7,0,0,2.981,610
PROC,812.9,0,0,2.991,612
PROC,814.0,0,0,3.030,620
PROC,815.2,0,0,2.991,612
PROC,816.4,0,0,2.977,609
PROC,817.5,0,0,2.977,609
PROC,818.7,0,0,3.011,616
PROC,819.8,0,0,3.016,617
PROC,821.0,0,0,2.972,608
PROC,822.2,0,0,2.986,611
PROC,823.3,0,0,2.962,606
PROC,824.5,0,0,3.011,616
PROC,825.6,0,0,2.986,611
PROC,826.8,0,0,2.967,607
PROC,828.0,0,0,3.025,619
PROC,829.1,0,0,2.991,612
PROC,830.3,0,0,2.972,608
PROC,831.4,0,0,2.986,611
PROC,832.6,0,0,3.030,620
PROC,833.7,0,0,3.025,619
PROC,834.9,0,0,2.981,610
PROC,836.0,0,0,2.972,608
PROC,837.2,0,0,2.972,608
PROC,838.4,0,0,3.011,616
PROC,839.5,0,0,2.972,608
PROC,840.7,0,0,2.981,610
PROC,841.8,0,0,2.991,612
PROC,843.0,0,0,2.972,608
PROC,844.2,0,0,3.016,617
PROC,845.3,0,0,2.972,608
PROC,846.5,0,0,2.981,610
PROC,847.6,0,0,3.035,621
PROC,848.8,0,0,2.972,608
PROC,850.0,0,0,2.981,610
PROC,851.1,0,0,2.981,610
PROC,852.3,0,0,3.016,617
PROC,853.4,0,0,3.025,619
PROC,854.6,0,0,2.991,612
PROC,855.7,0,0,2.977,609
PROC,856.9,0,0,2.977,609
PROC,858.1,0,0,3.035,621
PROC,859.2,0,0,2.972,608
PROC,860.4,0,0,2.967,607
PROC,861.5,0,0,2.996,613
PROC,862.7,0,0,2.967,607
PROC,863.8,0,0,3.021,618
PROC,865.0,0,0,2.986,611
PROC,866.2,0,0,2.981,610
PROC,867.3,0,0,3.030,620
PROC,868.5,0,0,2.981,610
PROC,869.6,0,0,2.972,608
PROC,870.8,0,0,2.981,610
PROC,872.0,0,0,3.011,616
PROC,873.1,0,0,3.025,619
PROC,874.3,0,0,2.977,609
PROC,875.4,0,0,2.972,608
PROC,876.6,0,0,2.977,609
PROC,877.7,0,0,3.025,619
PROC,878.9,0,0,2.967,607
PROC,880.1,0,0,2.986,611
PROC,881.2,0,0,3.025,619
PROC,882.4,0,0,2.972,608
PROC,883.5,0,0,3.016,617
PROC,884.7,0,0,2.972,608
PROC,885.8,0,0,2.986,611
PROC,887.0,0,0,3.035,621
PROC,888.2,0,0,2.981,610
PROC,889.3,0,0,2.972,608
PROC,890.5,0,0,2.991,612
PROC,891.6,0,0,3.011,616
PROC,892.8,0,0,3.025,619
PROC,894.0,0,0,2.972,608
PROC,895.1,0,0,2.981,610
PROC,896.3,0,0,2.967,607
PROC,897.4,0,0,3.011,616
PROC,898.6,0,0,2.986,611
PROC,899.7,0,0,2.991,612
PROC,900.9,0,0,3.030,620
PROC,902.1,0,0,2.962,606
PROC,903.2,0,0,2.967,607
PROC,904.4,0,0,2.986,611
PROC,905.5,0,0,2.991,612
PROC,906.7,0,0,3.030,620
PROC,907.8,0,0,2.967,607
PROC,909.0,0,0,2.977,609
PROC,910.2,0,0,2.991,612
PROC,911.3,0,0,3.011,616
PROC,912.5,0,0,3.016,617
PROC,913.6,0,0,2.991,612
PROC,914.8,0,0,2.972,608
PROC,916.0,0,0,2.986,611
PROC,917.1,0,0,3.030,620
PROC,918.3,0,0,2.957,605
PROC,919.4,0,0,2.996,613
PROC,920.6,0,0,3.045,623
PROC,921.7,0,0,2.967,607
PROC,922.9,0,0,2.991,612
PROC,924.1,0,0,2.977,609
PROC,925.2,0,0,3.016,617
PROC,926.4,0,0,3.030,620
PROC,927.5,0,0,2.972,608
PROC,928.7,0,0,2.972,608
PROC,929.8,0,0,2.981,610
PROC,931.0,0,0,3.011,616
PROC,932.2,0,0,2.996,613
PROC,933.3,0,0,2.972,608
PROC,934.5,0,0,3.030,620
PROC,935.6,0,0,2.972,608
PROC,936.8,0,0,3.069,628
PROC,938.0,0,0,2.972,608
PROC,939.1,0,0,3.030,620
PROC,940.3,0,0,3.030,620
PROC,941.4,0,0,2.967,607
PROC,942.6,0,0,2.977,609
PROC,943.7,0,0,2.977,609
PROC,944.9,0,0,3.011,616
PROC,946.1,0,0,3.025,619
PROC,947.2,0,0,2.972,608
PROC,948.4,0,0,2.977,609
PROC,949.5,0,0,2.977,609
PROC,950.7,0,0,3.011,616
PROC,951.8,0,0,2.996,613
PROC,953.0,0,0,2.991,612
PROC,954.2,0,0,3.030,620
PROC,955.3,0,0,2.972,608
PROC,956.5,0,0,2.986,611
PROC,957.6,0,0,2.977,609
PROC,958.8,0,0,3.001,614
PROC,960.0,0,0,3.021,618
PROC,961.1,0,0,2.972,608
PROC,962.3,0,0,2.972,608
PROC,963.4,0,0,2.977,609
PROC,964.6,0,0,3.025,619
PROC,965.7,0,0,3.035,621
PROC,966.9,0,0,2.962,606
PROC,968.1,0,0,2.991,612
PROC,969.2,0,0,2.972,608
PROC,970.4,0,0,2.996,613
PROC,971.5,0,0,2.991,612
PROC,972.7,0,0,2.991,612
PROC,973.8,0,0,3.030,620
PROC,975.0,0,0,2.967,607
PROC,976.2,0,0,2.967,607
PROC,977.3,0,0,2.972,608
PROC,978.5,0,0,3.016,617
PROC,979.6,0,0,3.069,628
PROC,980.8,0,0,2.977,609
PROC,982.0,0,0,2.986,611
PROC,983.1,0,0,2.977,609
PROC,984.3,0,0,3.025,619
PROC,985.4,0,0,2.972,608
PROC,986.6,0,0,2.977,609
PROC,987.7,0,0,3.006,615
PROC,988.9,0,0,2.991,612
PROC,990.1,0,0,3.011,616
PROC,991.2,0,0,2.986,611
PROC,992.4,0,0,2.977,609
PROC,993.5,0,0,3.030,620
PROC,994.7,0,0,2.972,608
PROC,995.9,0,0,3.016,617
PROC,997.0,0,0,2.972,608
PROC,998.2,0,0,3.025,619
PROC,999.3,0,0,3.025,619
PROC,1000.5,0,0,2.972,608
PROC,1001.7,0,0,2.991,612
PROC,1002.8,0,0,2.991,612
PROC,1004.0,0,0,3.030,620
PROC,1005.1,0,0,3.035,621
PROC,1006.3,0,0,2.967,607
PROC,1007.4,0,0,2.991,612
PROC,1008.6,0,0,2.967,607
PROC,1009.8,0,0,3.011,616
PROC,1010.9,0,0,2.972,608
PROC,1012.1,0,0,2.981,610
PROC,1013.2,0,0,3.016,617
PROC,1014.4,0,0,2.986,611
PROC,1015.5,0,0,3.006,615
PROC,1016.7,0,0,2.991,612
PROC,1017.9,0,0,2.972,608
PROC,1019.0,0,0,3.025,619
PROC,1020.2,0,0,2.986,611
PROC,1021.3,0,0,2.991,612
PROC,1022.5,0,0,2.972,608
PROC,1023.7,0,0,2.991,612
PROC,1024.8,0,0,3.025,619
PROC,1026.0,0,0,2.972,608
PROC,1027.1,0,0,2.986,611
PROC,1028.3,0,0,2.967,607
PROC,1029.4,0,0,3.016,617
PROC,1030.6,0,0,3.040,622
PROC,1031.8,0,0,2.972,608
PROC,1032.9,0,0,2.991,612
PROC,1034.1,0,0,2.991,612
PROC,1035.2,0,0,3.011,616
PROC,1036.4,0,0,3.016,617
PROC,1037.6,0,0,2.972,608
PROC,1038.7,0,0,2.972,608
PROC,1039.9,0,0,2.991,612
PROC,1041.0,0,0,3.006,615
PROC,1042.2,0,0,2.981,610
PROC,1043.3,0,0,2.986,611
PROC,1044.5,0,0,3.021,618
PROC,1045.7,0,0,2.986,611
PROC,1046.8,0,0,2.996,613
PROC,1048.0,0,0,2.972,608
PROC,1049.1,0,0,3.001,614
PROC,1050.3,0,0,3.040,622
PROC,1051.5,0,0,2.972,608
PROC,1052.6,0,0,3.001,614
PROC,1053.8,0,0,2.972,608
PROC,1054.9,0,0,3.011,616
PROC,1056.1,0,0,3.025,619
PROC,1057.2,0,0,2.972,608
PROC,1058.4,0,0,2.977,609
PROC,1059.6,0,0,2.996,613
PROC,1060.7,0,0,3.011,616
PROC,1061.9,0,0,3.021,618
PROC,1063.0,0,0,2.991,612
PROC,1064.2,0,0,2.972,608
PROC,1065.4,0,0,2.972,608
PROC,1066.5,0,0,3.025,619
PROC,1067.7,0,0,2.972,608
PROC,1068.8,0,0,2.962,606
PROC,1070.0,0,0,3.030,620
PROC,1071.2,0,0,2.972,608
PROC,1072.3,0,0,3.021,618
PROC,1073.5,0,0,2.986,611
PROC,1074.6,0,0,2.986,611
PROC,1075.8,0,0,3.030,620
PROC,1076.9,0,0,2.977,609
PROC,1078.1,0,0,2.981,610
PROC,1079.3,0,0,2.996,613
PROC,1080.4,0,0,2.903,594
PROC,1081.6,0,0,3.030,620
PROC,1082.7,0,0,2.967,607
PROC,1083.9,0,0,2.972,608
PROC,1085.1,0,0,2.972,608
PROC,1086.2,0,0,3.021,618
PROC,1087.4,0,0,3.011,616
PROC,1088.5,0,0,2.977,609
PROC,1089.7,0,0,2.977,609
PROC,1090.8,0,0,2.991,612
PROC,1092.0,0,0,3.030,620
PROC,1093.2,0,0,2.967,607
PROC,1094.3,0,0,2.977,609
PROC,1095.5,0,0,3.030,620
PROC,1096.6,0,0,2.972,608
PROC,1097.8,0,0,3.030,620
PROC,1099.0,0,0,2.967,607
PROC,1100.1,0,0,2.977,609
PROC,1101.3,0,0,3.035,621
PROC,1102.4,0,0,2.967,607
PROC,1103.6,0,0,2.981,610
PROC,1104.7,0,0,2.986,611
PROC,1105.9,0,0,3.016,617
PROC,1107.1,0,0,3.035,621
PROC,1108.2,0,0,2.986,611
PROC,1109.4,0,0,2.967,607
PROC,1110.5,0,0,2.972,608
PROC,1111.7,0,0,3.030,620
PROC,1112.8,0,0,2.967,607
PROC,1114.0,0,0,2.981,610
PROC,1115.2,0,0,3.025,619
PROC,1116.3,0,0,2.977,609
PROC,1117.5,0,0,2.981,610
PROC,1118.6,0,0,2.967,607
PROC,1119.8,0,0,2.991,612
PROC,1121.0,0,0,3.030,620
PROC,1122.1,0,0,2.972,608
PROC,1123.3,0,0,2.972,608
PROC,1124.4,0,0,2.977,609
PROC,1125.6,0,0,3.021,618
PROC,1126.7,0,0,3.030,620
PROC,1127.9,0,0,2.972,608
PROC,1129.1,0,0,2.981,610
PROC,1130.2,0,0,2.981,610
PROC,1131.4,0,0,3.016,617
PROC,1132.5,0,0,2.972,608
PROC,1133.7,0,0,2.986,611
PROC,1134.8,0,0,3.025,619
PROC,1136.0,0,0,2.972,608
PROC,1137.2,0,0,2.991,612
PROC,1138.3,0,0,2.972,608
PROC,1139.5,0,0,3.030,620
PROC,1140.6,0,0,3.060,626
PROC,1141.8,0,0,2.977,609
PROC,1143.0,0,0,2.991,612
PROC,1144.1,0,0,2.986,611
PROC,1145.3,0,0,2.942,602
PROC,1146.4,0,0,2.962,606
PROC,1147.6,0,0,2.981,610
PROC,1148.7,0,0,3.035,621
PROC,1149.9,0,0,2.981,610
PROC,1151.1,0,0,2.972,608
PROC,1152.2,0,0,2.967,607
PROC,1153.4,0,0,2.991,612
PROC,1154.5,0,0,3.021,618
PROC,1155.7,0,0,2.972,608
PROC,1156.8,0,0,2.996,613
PROC,1158.0,0,0,2.972,608
PROC,1159.2,0,0,3.040,622
PROC,1160.3,0,0,3.011,616
PROC,1161.5,0,0,2.967,607
PROC,1162.6,0,0,3.001,614
PROC,1163.8,0,0,2.981,610
PROC,1165.0,0,0,3.011,616
PROC,1166.1,0,0,2.986,611
PROC,1167.3,0,0,2.972,608
PROC,1168.4,0,0,3.030,620
PROC,1169.6,0,0,2.972,608
PROC,1170.7,0,0,2.977,609
PROC,1171.9,0,0,2.972,608
PROC,1173.1,0,0,3.011,616
PROC,1174.2,0,0,3.025,619
PROC,1175.4,0,0,3.050,624
PROC,1176.5,0,0,2.977,609
PROC,1177.7,0,0,2.967,607
PROC,1178.8,0,0,3.025,619
PROC,1180.0,0,0,2.986,611
PROC,1181.2,0,0,2.977,609
PROC,1182.3,0,0,3.040,622
PROC,1183.5,0,0,2.986,611
PROC,1184.6,0,0,2.972,608
PROC,1185.8,0,0,2.986,611
PROC,1187.0,0,0,3.006,615
PROC,1188.1,0,0,3.021,618
PROC,1189.3,0,0,2.986,611
PROC,1190.4,0,0,2.977,609
PROC,1191.6,0,0,2.977,609
PROC,1192.7,0,0,3.025,619
PROC,1193.9,0,0,2.977,609
PROC,1195.1,0,0,2.991,612
PROC,1196.2,0,0,3.006,615
PROC,1197.4,0,0,2.977,609
PROC,1198.5,0,0,3.011,616
PROC,1199.7,0,0,2.981,610

==========================================
=== 2-MINUTE DATA COLLECTION COMPLETE ===

Data Summary:
- Minute 1 (0-600 tenths sec): RAW IR/Red values
- Minute 2 (600-1200 tenths sec): Processed BPM/SpO2
- Full 2 minutes: GSR data (0.1s resolution)

Format markers:
  RAW,Time_0.1s,IR,Red,GSR_V,GSR_raw
  PROC,Time_0.1s,BPM,SpO2,GSR_V,GSR_raw

Copy all data above and save to CSV file
Press 's' to run again
