=~=~=~=~=~=~=~=~=~=~=~= PuTTY log 2026.03.31 10:59:59 =~=~=~=~=~=~=~=~=~=~=~=
Initializing MAX30100 for raw data..SUCCESS
Initializing PulseOximeter..SUCCESS

==========================================
Press 's' to start 2-minute data collection
Minute 1: RAW IR/Red data (0.1s intervals)
Minute 2: Processed BPM/SpO2 data (0.1s intervals)
==========================================

==========================================
=== 2-MINUTE DATA COLLECTION STARTED ===
PHASE 1 (0-600 tenths of seconds): RAW IR/Red data
Format: RAW,Time_0.1s,IR_raw,Red_raw,GSR_V,GSR_raw
------------------------------------------
RAW,0.0,10070,9483,1.413,289
RAW,0.0,10065,9472,1.378,282
RAW,0.0,10066,9476,1.378,282
RAW,0.0,10064,9478,1.452,297
RAW,0.0,10061,9476,1.442,295
RAW,0.0,10063,9479,1.403,287
RAW,0.0,10063,9479,1.408,288
RAW,0.0,10070,9482,1.481,303
RAW,0.0,10056,9486,1.471,301
RAW,0.0,10068,9485,1.432,293
RAW,0.0,10067,9486,1.432,293
RAW,0.0,10062,9487,1.481,303
RAW,0.0,10071,9491,1.496,306
RAW,0.0,10072,9490,1.452,297
RAW,0.0,10077,9496,1.461,299
RAW,0.0,10066,9498,1.466,300
RAW,0.4,10068,9467,1.466,300
RAW,0.4,10068,9477,1.471,301
RAW,0.4,10065,9480,1.476,302
RAW,0.4,10070,9485,1.486,304
RAW,0.4,10062,9482,1.535,314
RAW,0.5,10064,9472,1.486,304
RAW,0.6,10067,9472,1.481,303
RAW,0.7,10062,9473,1.466,300
RAW,0.8,10065,9461,1.461,299
RAW,0.9,10061,9462,1.452,297
RAW,1.0,10060,9460,1.447,296
RAW,1.5,10060,9456,1.408,288
RAW,1.6,10060,9453,1.408,288
RAW,1.7,10055,9449,1.408,288
RAW,1.8,10060,9458,1.408,288
RAW,1.9,10059,9449,1.408,288
RAW,2.0,10065,9455,1.408,288
RAW,2.1,10058,9453,1.408,288
RAW,2.2,10061,9452,1.408,288
RAW,2.7,10064,9458,1.393,285
RAW,2.8,10071,9462,1.398,286
RAW,2.9,10067,9457,1.398,286
RAW,3.0,10076,9467,1.403,287
RAW,3.1,10074,9465,1.408,288
RAW,3.2,10077,9464,1.408,288
RAW,3.3,10075,9468,1.408,288
RAW,3.4,10068,9463,1.413,289
RAW,3.5,10076,9464,1.413,289
RAW,3.6,10076,9465,1.413,289
RAW,3.7,10079,9468,1.413,289
RAW,3.8,10075,9470,1.417,290
RAW,3.9,10077,9465,1.417,290
RAW,4.0,10083,9460,1.417,290
RAW,4.5,10080,9465,1.413,289
RAW,4.6,10080,9460,1.413,289
RAW,4.7,10080,9467,1.413,289
RAW,4.8,10071,9467,1.417,290
RAW,4.9,10080,9460,1.417,290
RAW,5.0,10077,9463,1.422,291
RAW,5.1,10072,9461,1.422,291
RAW,5.2,10073,9457,1.427,292
RAW,5.3,10069,9456,1.422,291
RAW,5.4,10059,9449,1.427,292
RAW,5.5,10067,9451,1.427,292
RAW,5.6,10067,9452,1.427,292
RAW,5.7,10064,9453,1.427,292
RAW,5.8,10062,9455,1.432,293
RAW,5.9,10071,9456,1.432,293
RAW,6.0,10066,9460,1.432,293
RAW,6.9,10079,9456,1.408,288
RAW,7.1,10069,9447,1.408,288
RAW,7.2,10072,9447,1.413,289
RAW,7.3,10077,9447,1.413,289
RAW,7.4,10074,9448,1.417,290
RAW,7.5,10076,9455,1.417,290
RAW,7.6,10075,9445,1.422,291
RAW,7.7,10084,9451,1.427,292
RAW,9.1,10081,9446,1.398,286
RAW,9.2,10079,9447,1.403,287
RAW,9.3,10079,9448,1.408,288
RAW,11.5,10097,9454,1.373,281
RAW,11.6,10096,9447,1.378,282
RAW,11.7,10097,9449,1.383,283
RAW,11.8,10094,9453,1.383,283
RAW,12.8,10096,9449,1.369,280
RAW,12.9,10097,9454,1.373,281
RAW,13.0,10096,9443,1.373,281
RAW,13.9,10102,9448,1.364,279
RAW,14.0,10095,9442,1.369,280
RAW,14.1,10101,9450,1.369,280
RAW,14.2,10100,9449,1.369,280
RAW,14.7,10091,9436,1.364,279
RAW,14.8,10093,9444,1.364,279
RAW,14.9,10085,9439,1.369,280
RAW,15.4,10076,9437,1.359,278
RAW,15.5,10078,9442,1.359,278
RAW,15.6,10083,9439,1.359,278
RAW,15.7,10087,9436,1.364,279
RAW,16.0,10085,9434,1.359,278
RAW,16.1,10089,9441,1.359,278
RAW,16.8,10087,9431,1.349,276
RAW,16.9,10087,9432,1.349,276
RAW,17.6,10097,9443,1.334,273
RAW,17.7,10098,9440,1.339,274
RAW,18.1,10098,9439,1.334,273
RAW,18.2,10106,9436,1.339,274
RAW,19.0,10099,9444,1.329,272
RAW,19.1,10107,9438,1.329,272
RAW,19.4,10111,9444,1.329,272
RAW,19.5,10103,9444,1.329,272
RAW,19.6,10105,9442,1.334,273
RAW,20.0,10113,9440,1.329,272
RAW,20.1,10111,9441,1.334,273
RAW,20.7,10109,9439,1.325,271
RAW,20.8,10112,9443,1.329,272
RAW,21.1,10104,9435,1.329,272
RAW,21.2,10111,9436,1.334,273
RAW,21.3,10107,9437,1.334,273
RAW,21.6,10112,9435,1.334,273
RAW,21.7,10112,9436,1.334,273
RAW,21.8,10099,9438,1.339,274
RAW,22.3,10109,9436,1.334,273
RAW,22.4,10108,9438,1.334,273
RAW,22.7,10111,9437,1.334,273
RAW,22.8,10114,9433,1.334,273
RAW,23.2,10109,9436,1.334,273
RAW,23.3,10113,9440,1.339,274
RAW,23.8,10116,9439,1.334,273
RAW,23.9,10102,9428,1.334,273
RAW,24.2,10096,9434,1.334,273
RAW,24.3,10101,9430,1.339,274
RAW,24.4,10092,9433,1.339,274
RAW,24.7,10095,9433,1.339,274
RAW,24.8,10092,9425,1.344,275
RAW,24.9,10100,9432,1.344,275
RAW,25.4,10105,9433,1.339,274
RAW,25.5,10097,9431,1.344,275
RAW,25.7,10100,9433,1.344,275
RAW,25.8,10100,9437,1.344,275
RAW,26.2,10113,9441,1.339,274
RAW,26.3,10108,9442,1.344,275
RAW,26.6,10112,9441,1.344,275
RAW,26.7,10111,9447,1.349,276
RAW,26.8,10115,9442,1.349,276
RAW,27.1,10114,9437,1.349,276
RAW,27.2,10115,9445,1.349,276
RAW,27.5,10111,9446,1.354,277
RAW,27.6,10113,9443,1.349,276
RAW,28.0,10124,9448,1.349,276
RAW,28.1,10121,9438,1.354,277
RAW,28.6,10123,9440,1.344,275
RAW,28.7,10111,9440,1.349,276
RAW,29.0,10119,9436,1.354,277
RAW,29.1,10120,9435,1.354,277
RAW,29.4,10119,9429,1.354,277
RAW,29.5,10116,9428,1.354,277
RAW,29.9,10122,9425,1.354,277
RAW,30.0,10130,9434,1.354,277
RAW,30.3,10115,9430,1.359,278
RAW,30.4,10117,9426,1.359,278
RAW,30.7,10114,9423,1.359,278
RAW,30.8,10117,9419,1.364,279
RAW,30.9,10111,9417,1.364,279
RAW,31.1,10106,9416,1.364,279
RAW,31.2,10106,9416,1.364,279
RAW,31.5,10100,9406,1.364,279
RAW,31.6,10109,9405,1.369,280
RAW,31.7,10103,9410,1.369,280
RAW,31.9,10105,9400,1.369,280
RAW,32.0,10102,9398,1.373,281
RAW,32.3,10102,9402,1.369,280
RAW,32.4,10099,9392,1.369,280
RAW,32.6,10097,9393,1.373,281
RAW,32.7,10101,9391,1.373,281
RAW,33.0,10105,9382,1.378,282
RAW,33.1,10094,9391,1.378,282
RAW,33.4,10093,9392,1.378,282
RAW,33.5,10077,9380,1.383,283
RAW,33.7,10077,9377,1.383,283
RAW,33.8,10073,9375,1.383,283
RAW,34.1,10069,9374,1.383,283
RAW,34.5,10083,9378,1.383,283
RAW,34.6,10078,9380,1.388,284
RAW,35.0,10078,9383,1.378,282
RAW,35.3,10075,9384,1.383,283
RAW,35.4,10069,9387,1.383,283
RAW,35.7,10091,9390,1.383,283
RAW,35.8,10089,9381,1.383,283
RAW,36.0,10091,9389,1.388,284
RAW,36.1,10085,9383,1.393,285
RAW,36.4,10092,9380,1.393,285
RAW,36.5,10087,9383,1.398,286
RAW,36.8,10085,9382,1.393,285
RAW,37.1,10082,9382,1.388,284
RAW,37.2,10081,9375,1.393,285
RAW,37.5,10089,9377,1.393,285
RAW,37.9,10081,9372,1.393,285
RAW,38.0,10077,9371,1.393,285
RAW,38.2,10082,9365,1.398,286
RAW,38.3,10081,9359,1.398,286
RAW,38.5,10075,9362,1.403,287
RAW,38.6,10074,9363,1.403,287
RAW,38.8,10081,9351,1.408,288
RAW,38.9,10069,9348,1.408,288
RAW,39.2,10068,9340,1.403,287
RAW,39.5,10069,9333,1.403,287
RAW,39.6,10062,9333,1.413,289
RAW,39.8,10055,9325,1.408,288
RAW,39.9,10054,9326,1.413,289
RAW,40.1,10053,9315,1.417,290
RAW,40.4,10046,9308,1.417,290
RAW,40.7,10047,9303,1.417,290
RAW,41.0,10039,9294,1.422,291
RAW,41.3,10044,9292,1.427,292
RAW,41.6,10041,9296,1.432,293
RAW,41.8,10039,9301,1.432,293
RAW,42.1,10048,9291,1.437,294
RAW,42.3,10048,9304,1.442,295
RAW,42.6,10052,9307,1.437,294
RAW,42.9,10056,9305,1.437,294
RAW,43.1,10046,9306,1.432,293
RAW,43.4,10047,9315,1.427,292
RAW,43.6,10047,9316,1.427,292
RAW,43.7,10044,9321,1.427,292
RAW,43.9,10044,9312,1.427,292
RAW,44.2,10053,9329,1.427,292
RAW,44.5,10055,9323,1.422,291
RAW,44.7,10053,9321,1.422,291
RAW,45.1,10058,9324,1.417,290
RAW,45.3,10049,9325,1.417,290
RAW,45.4,10059,9320,1.427,292
RAW,45.7,10054,9325,1.422,291
RAW,45.8,10053,9316,1.427,292
RAW,46.0,10046,9319,1.427,292
RAW,46.2,10050,9318,1.427,292
RAW,46.4,10060,9316,1.422,291
RAW,46.6,10055,9319,1.422,291
RAW,46.9,10060,9311,1.417,290
RAW,47.1,10063,9314,1.422,291
RAW,47.3,10067,9312,1.422,291
RAW,47.4,10058,9314,1.422,291
RAW,47.6,10062,9319,1.422,291
RAW,47.8,10068,9317,1.422,291
RAW,48.0,10070,9314,1.422,291
RAW,48.3,10060,9311,1.422,291
RAW,48.5,10066,9319,1.422,291
RAW,48.6,10060,9315,1.422,291
RAW,48.8,10061,9317,1.427,292
RAW,49.0,10068,9325,1.427,292
RAW,49.2,10064,9319,1.422,291
RAW,49.4,10067,9317,1.422,291
RAW,49.6,10068,9315,1.422,291
RAW,49.8,10061,9316,1.422,291
RAW,50.0,10071,9318,1.422,291
RAW,50.2,10067,9312,1.422,291
RAW,50.4,10064,9311,1.417,290
RAW,50.6,10070,9316,1.417,290
RAW,50.8,10067,9316,1.417,290
RAW,50.9,10066,9309,1.417,290
RAW,51.1,10070,9309,1.417,290
RAW,51.3,10070,9310,1.422,291
RAW,51.5,10065,9306,1.422,291
RAW,51.7,10070,9312,1.422,291
RAW,51.9,10070,9308,1.427,292
RAW,52.1,10069,9297,1.427,292
RAW,52.3,10064,9303,1.432,293
RAW,52.5,10067,9299,1.432,293
RAW,52.7,10057,9301,1.432,293
RAW,52.9,10047,9293,1.432,293
RAW,53.1,10051,9294,1.432,293
RAW,53.3,10044,9292,1.432,293
RAW,53.5,10044,9286,1.432,293
RAW,53.7,10046,9278,1.432,293
RAW,53.9,10049,9290,1.432,293
RAW,54.1,10046,9284,1.437,294
RAW,54.3,10049,9286,1.432,293
RAW,54.5,10050,9290,1.437,294
RAW,54.7,10058,9285,1.432,293
RAW,54.9,10049,9289,1.432,293
RAW,55.1,10052,9291,1.437,294
RAW,55.3,10055,9288,1.437,294
RAW,55.5,10049,9294,1.437,294
RAW,55.9,10053,9288,1.432,293
RAW,56.1,10059,9292,1.432,293
RAW,56.3,10056,9290,1.432,293
RAW,56.5,10055,9295,1.432,293
RAW,56.7,10061,9300,1.432,293
RAW,56.9,10062,9301,1.427,292
RAW,57.1,10068,9295,1.427,292
RAW,57.2,10065,9298,1.427,292
RAW,57.4,10064,9299,1.427,292
RAW,57.7,10070,9297,1.427,292
RAW,57.9,10068,9303,1.427,292
RAW,58.1,10067,9295,1.427,292
RAW,58.3,10069,9296,1.427,292
RAW,58.5,10068,9297,1.422,291
RAW,58.7,10068,9293,1.427,292
RAW,58.8,10060,9301,1.432,293
RAW,59.0,10064,9299,1.427,292
RAW,59.2,10066,9300,1.427,292
RAW,59.5,10067,9304,1.427,292
RAW,59.7,10063,9299,1.422,291
RAW,59.8,10070,9304,1.427,292
RAW,60.0,10064,9296,1.422,291
RAW,60.2,10068,9300,1.427,292
RAW,60.4,10065,9299,1.427,292
RAW,60.6,10067,9303,1.427,292
RAW,60.8,10070,9299,1.427,292
RAW,61.0,10073,9295,1.427,292
RAW,61.3,10071,9300,1.427,292
RAW,61.4,10070,9296,1.427,292
RAW,61.6,10065,9301,1.427,292
RAW,61.8,10060,9293,1.432,293
RAW,62.0,10057,9285,1.427,292
RAW,62.2,10057,9295,1.432,293
RAW,62.4,10054,9292,1.427,292
RAW,62.7,10060,9290,1.427,292
RAW,62.9,10056,9285,1.427,292
RAW,63.1,10055,9293,1.427,292
RAW,63.3,10052,9302,1.427,292
RAW,63.7,10065,9296,1.427,292
RAW,63.8,10065,9305,1.427,292
RAW,64.1,10065,9292,1.427,292
RAW,64.3,10064,9296,1.427,292
RAW,64.5,10065,9296,1.427,292
RAW,64.7,10060,9292,1.427,292
RAW,64.9,10060,9291,1.427,292
RAW,65.2,10056,9290,1.427,292
RAW,65.3,10063,9286,1.432,293
RAW,65.5,10065,9285,1.432,293
RAW,65.7,10060,9288,1.432,293
RAW,65.9,10062,9289,1.432,293
RAW,66.2,10065,9291,1.432,293
RAW,66.4,10066,9291,1.432,293
RAW,66.5,10062,9286,1.437,294
RAW,66.7,10064,9294,1.437,294
RAW,67.0,10059,9283,1.437,294
RAW,67.2,10060,9281,1.437,294
RAW,67.4,10058,9282,1.437,294
RAW,67.5,10055,9285,1.437,294
RAW,67.7,10061,9284,1.437,294
RAW,67.9,10058,9286,1.437,294
RAW,68.2,10063,9287,1.437,294
RAW,68.5,10060,9286,1.437,294
RAW,68.7,10057,9285,1.437,294
RAW,69.0,10060,9283,1.432,293
RAW,69.2,10056,9275,1.432,293
RAW,69.4,10060,9287,1.437,294
RAW,69.7,10071,9280,1.437,294
RAW,70.0,10060,9281,1.437,294
RAW,70.2,10061,9277,1.437,294
RAW,70.5,10050,9277,1.432,293
RAW,70.7,10047,9279,1.442,295
RAW,71.0,10035,9269,1.437,294
RAW,71.2,10040,9272,1.442,295
RAW,71.4,10049,9270,1.442,295
RAW,71.5,10046,9273,1.447,296
RAW,71.7,10039,9278,1.447,296
RAW,72.0,10043,9273,1.442,295
RAW,72.2,10047,9279,1.442,295
RAW,72.4,10045,9282,1.442,295
RAW,72.7,10048,9272,1.437,294
RAW,72.9,10051,9273,1.437,294
RAW,73.2,10056,9275,1.432,293
RAW,73.5,10046,9275,1.437,294
RAW,73.7,10046,9278,1.437,294
RAW,73.9,10053,9272,1.437,294
RAW,74.2,10047,9269,1.437,294
RAW,74.4,10051,9273,1.437,294
RAW,74.7,10049,9276,1.432,293
RAW,75.0,10052,9267,1.437,294
RAW,75.2,10057,9276,1.437,294
RAW,75.4,10057,9280,1.437,294
RAW,75.6,10060,9275,1.437,294
RAW,75.7,10063,9280,1.442,295
RAW,75.9,10062,9274,1.437,294
RAW,76.1,10057,9269,1.442,295
RAW,76.4,10051,9264,1.442,295
RAW,76.6,10053,9269,1.442,295
RAW,76.9,10054,9270,1.437,294
RAW,77.1,10057,9270,1.437,294
RAW,77.3,10060,9271,1.437,294
RAW,77.6,10055,9273,1.437,294
RAW,77.8,10062,9271,1.437,294
RAW,77.9,10061,9278,1.437,294
RAW,78.1,10060,9266,1.442,295
RAW,78.3,10063,9268,1.442,295
RAW,78.6,10060,9267,1.437,294
RAW,78.8,10062,9275,1.442,295
RAW,79.0,10061,9270,1.437,294
RAW,79.3,10045,9263,1.432,293
RAW,79.5,10039,9261,1.437,294
RAW,79.6,10037,9253,1.442,295
RAW,79.8,10037,9255,1.442,295
RAW,80.0,10034,9258,1.437,294
RAW,80.2,10038,9253,1.437,294
RAW,80.5,10039,9260,1.437,294
RAW,80.7,10044,9262,1.432,293
RAW,81.0,10043,9266,1.432,293
RAW,81.2,10049,9269,1.437,294
RAW,81.4,10040,9262,1.437,294
RAW,81.7,10041,9265,1.432,293
RAW,81.9,10048,9260,1.432,293
RAW,82.1,10045,9255,1.437,294
RAW,82.4,10047,9256,1.432,293
RAW,82.6,10050,9255,1.432,293
RAW,82.9,10052,9248,1.432,293
RAW,83.1,10049,9254,1.432,293
RAW,83.3,10046,9250,1.432,293
RAW,83.6,10048,9251,1.432,293
RAW,83.8,10056,9251,1.432,293
RAW,84.0,10049,9261,1.437,294
RAW,84.1,10046,9253,1.437,294
RAW,84.3,10051,9252,1.437,294
RAW,84.6,10044,9242,1.437,294
RAW,84.8,10047,9248,1.432,293
RAW,85.0,10050,9249,1.437,294
RAW,85.2,10051,9246,1.437,294
RAW,85.3,10054,9249,1.442,295
RAW,85.5,10052,9252,1.437,294
RAW,85.7,10046,9250,1.437,294
RAW,86.0,10049,9254,1.437,294
RAW,86.2,10059,9255,1.437,294
RAW,86.4,10057,9250,1.437,294
RAW,86.6,10053,9250,1.437,294
RAW,86.8,10057,9251,1.437,294
RAW,86.9,10054,9253,1.437,294
RAW,87.1,10055,9249,1.437,294
RAW,87.3,10054,9246,1.437,294
RAW,87.6,10047,9248,1.437,294
RAW,87.8,10046,9242,1.437,294
RAW,88.0,10036,9236,1.432,293
RAW,88.2,10025,9231,1.437,294
RAW,88.5,10015,9234,1.432,293
RAW,88.7,10024,9231,1.432,293
RAW,88.9,10024,9234,1.437,294
RAW,89.2,10019,9239,1.432,293
RAW,89.4,10023,9233,1.427,292
RAW,89.6,10031,9234,1.432,293
RAW,89.7,10026,9234,1.432,293
RAW,89.8,10032,9237,1.432,293
RAW,89.9,10036,9237,1.437,294
RAW,90.1,10035,9232,1.437,294
RAW,90.3,10035,9234,1.437,294
RAW,90.6,10044,9240,1.432,293
RAW,90.8,10037,9237,1.432,293
RAW,91.0,10040,9240,1.432,293
RAW,91.2,10037,9236,1.427,292
RAW,91.4,10035,9238,1.427,292
RAW,91.5,10035,9233,1.432,293
RAW,91.7,10036,9241,1.427,292
RAW,91.9,10037,9237,1.427,292
RAW,92.1,10048,9242,1.427,292
RAW,92.4,10042,9243,1.422,291
RAW,92.6,10046,9247,1.422,291
RAW,92.8,10046,9240,1.417,290
RAW,93.0,10043,9240,1.417,290
RAW,93.2,10039,9234,1.417,290
RAW,93.5,10048,9237,1.413,289
RAW,93.7,10046,9240,1.417,290
RAW,94.0,10043,9240,1.413,289
RAW,94.2,10049,9243,1.408,288
RAW,94.4,10045,9232,1.408,288
RAW,94.6,10041,9231,1.408,288
RAW,94.8,10041,9233,1.408,288
RAW,95.1,10047,9230,1.398,286
RAW,95.3,10050,9234,1.403,287
RAW,95.5,10046,9243,1.403,287
RAW,95.6,10045,9233,1.403,287
RAW,95.8,10047,9237,1.398,286
RAW,96.0,10047,9236,1.398,286
RAW,96.2,10053,9232,1.398,286
RAW,96.4,10047,9234,1.398,286
RAW,96.6,10049,9236,1.393,285
RAW,96.8,10044,9240,1.393,285
RAW,96.9,10045,9232,1.393,285
RAW,97.1,10040,9229,1.393,285
RAW,97.3,10024,9222,1.393,285
RAW,97.5,10010,9210,1.388,284
RAW,97.7,10008,9212,1.383,283
RAW,98.0,10006,9210,1.378,282
RAW,98.2,10010,9216,1.378,282
RAW,98.4,10014,9220,1.378,282
RAW,98.6,10009,9218,1.378,282
RAW,98.9,10010,9217,1.373,281
RAW,99.1,10012,9216,1.369,280
RAW,99.3,10009,9222,1.369,280
RAW,99.5,10011,9219,1.369,280
RAW,99.7,10013,9223,1.369,280
RAW,99.9,10014,9221,1.364,279
RAW,100.1,10011,9221,1.369,280
RAW,100.3,10012,9221,1.364,279
RAW,100.5,10015,9218,1.364,279
RAW,100.7,10011,9218,1.359,278
RAW,100.9,10013,9218,1.364,279
RAW,101.1,10014,9216,1.359,278
RAW,101.3,10024,9219,1.359,278
RAW,101.5,10017,9224,1.359,278
RAW,101.7,10021,9220,1.359,278
RAW,101.9,10020,9216,1.354,277
RAW,102.1,10030,9213,1.359,278
RAW,102.4,10022,9219,1.349,276
RAW,102.7,10033,9227,1.349,276
RAW,102.9,10030,9228,1.349,276
RAW,103.0,10028,9224,1.349,276
RAW,103.2,10025,9223,1.349,276
RAW,103.5,10030,9227,1.349,276
RAW,103.7,10032,9226,1.349,276
RAW,103.8,10035,9224,1.354,277
RAW,104.0,10037,9226,1.349,276
RAW,104.3,10030,9227,1.349,276
RAW,104.4,10035,9222,1.349,276
RAW,104.6,10035,9229,1.349,276
RAW,104.9,10038,9219,1.349,276
RAW,105.1,10032,9222,1.349,276
RAW,105.4,10042,9228,1.344,275
RAW,105.7,10035,9221,1.344,275
RAW,105.8,10037,9226,1.344,275
RAW,106.0,10033,9218,1.344,275
RAW,106.3,10016,9221,1.344,275
RAW,106.6,9988,9205,1.339,274
RAW,106.8,9974,9199,1.339,274
RAW,107.1,9976,9197,1.339,274
RAW,107.3,9983,9201,1.339,274
RAW,107.5,9993,9203,1.339,274
RAW,107.7,9994,9204,1.339,274
RAW,107.8,9990,9207,1.344,275
RAW,108.0,10003,9203,1.344,275
RAW,108.2,9999,9203,1.344,275
RAW,108.4,10006,9206,1.344,275
RAW,108.6,10009,9202,1.344,275
RAW,108.7,10007,9208,1.344,275
RAW,108.9,10013,9211,1.349,276
RAW,109.0,10021,9208,1.349,276
RAW,109.2,10015,9210,1.349,276
RAW,109.5,10015,9211,1.344,275
RAW,109.7,10012,9214,1.349,276
RAW,110.0,10009,9206,1.344,275
RAW,110.3,10011,9210,1.339,274
RAW,110.6,10016,9214,1.339,274
RAW,110.7,10022,9217,1.344,275
RAW,110.9,10025,9213,1.339,274
RAW,111.2,10020,9216,1.339,274
RAW,111.4,10023,9215,1.344,275
RAW,111.7,10027,9216,1.344,275
RAW,112.0,10022,9209,1.339,274
RAW,112.3,10023,9214,1.339,274
RAW,112.6,10025,9213,1.339,274
RAW,112.9,10035,9216,1.339,274
RAW,113.2,10040,9218,1.339,274
RAW,113.5,10040,9217,1.339,274
RAW,113.8,10032,9216,1.339,274
RAW,114.1,10032,9214,1.339,274
RAW,114.4,10032,9212,1.334,273
RAW,114.7,10031,9214,1.344,275
RAW,114.9,10035,9210,1.339,274
RAW,115.0,10037,9214,1.344,275
RAW,115.2,10034,9215,1.344,275
RAW,115.3,10033,9222,1.344,275
RAW,115.5,10042,9208,1.349,276
RAW,115.6,10033,9218,1.349,276
RAW,115.8,10021,9209,1.349,276
RAW,116.1,9990,9195,1.349,276
RAW,116.3,9976,9189,1.349,276
RAW,116.5,9970,9185,1.349,276
RAW,116.6,9970,9182,1.354,277
RAW,116.8,9982,9191,1.354,277
RAW,117.1,9983,9194,1.349,276
RAW,117.3,9994,9196,1.354,277
RAW,117.5,9994,9189,1.349,276
RAW,117.7,9996,9192,1.354,277
RAW,117.9,9993,9194,1.354,277
RAW,118.1,10007,9196,1.359,278
RAW,118.5,10005,9195,1.349,276
RAW,118.6,10005,9200,1.354,277
RAW,118.8,10009,9198,1.354,277
RAW,119.1,10011,9198,1.354,277
RAW,119.4,10003,9199,1.354,277
RAW,119.6,10010,9195,1.359,278
RAW,120.0,10018,9198,1.354,277
RAW,120.3,10013,9204,1.354,277
RAW,120.6,10015,9208,1.354,277
RAW,120.9,10012,9201,1.354,277
RAW,121.2,10025,9202,1.354,277
RAW,121.4,10026,9207,1.359,278
RAW,121.5,10017,9205,1.359,278
RAW,121.7,10022,9203,1.364,279
RAW,121.8,10030,9208,1.364,279
RAW,122.0,10029,9205,1.364,279
RAW,122.3,10027,9206,1.359,278
RAW,122.6,10027,9209,1.364,279
RAW,122.9,10037,9205,1.364,279
RAW,123.2,10027,9209,1.359,278
RAW,123.5,10037,9210,1.359,278
RAW,123.8,10030,9213,1.359,278
RAW,123.9,10028,9207,1.359,278
RAW,124.1,10028,9205,1.364,279
RAW,124.3,10035,9203,1.364,279
RAW,124.4,10033,9203,1.369,280
RAW,124.6,10036,9207,1.369,280
RAW,124.7,10041,9213,1.369,280
RAW,124.9,10037,9203,1.369,280
RAW,125.0,10033,9199,1.369,280
RAW,125.2,10020,9196,1.369,280
RAW,125.5,9985,9182,1.369,280
RAW,125.8,9963,9183,1.364,279
RAW,126.0,9956,9171,1.369,280
RAW,126.2,9964,9180,1.364,279
RAW,126.3,9969,9188,1.369,280
RAW,126.5,9982,9182,1.364,279
RAW,126.7,9979,9189,1.369,280
RAW,126.9,9987,9186,1.364,279
RAW,127.2,9993,9191,1.364,279
RAW,127.4,9997,9195,1.364,279
RAW,127.6,10003,9191,1.364,279
RAW,127.9,10007,9202,1.359,278
RAW,128.2,10007,9192,1.359,278
RAW,128.3,10006,9198,1.359,278
RAW,128.5,10008,9199,1.364,279
RAW,128.8,9997,9196,1.359,278
RAW,129.1,10007,9195,1.359,278
RAW,129.3,10000,9196,1.359,278
RAW,129.4,10001,9198,1.364,279
RAW,129.6,10010,9199,1.359,278
RAW,129.7,10016,9199,1.364,279
RAW,129.9,10014,9199,1.364,279
RAW,130.0,10012,9200,1.369,280
RAW,130.2,10022,9200,1.369,280
RAW,130.5,10020,9200,1.364,279
RAW,130.8,10025,9200,1.359,278
RAW,131.1,10026,9199,1.364,279
RAW,131.4,10026,9195,1.359,278
RAW,131.5,10027,9200,1.364,279
RAW,131.7,10026,9204,1.359,278
RAW,132.0,10024,9200,1.364,279
RAW,132.3,10028,9201,1.359,278
RAW,132.5,10035,9198,1.364,279
RAW,132.6,10026,9202,1.364,279
RAW,132.8,10032,9203,1.364,279
RAW,132.9,10032,9207,1.369,280
RAW,133.1,10025,9206,1.369,280
RAW,133.2,10033,9206,1.369,280
RAW,133.4,10034,9203,1.364,279
RAW,133.5,10037,9206,1.369,280
RAW,133.7,10041,9202,1.369,280
RAW,134.0,10044,9199,1.369,280
RAW,134.2,10039,9200,1.369,280
RAW,134.3,10030,9204,1.369,280
RAW,134.6,10029,9203,1.364,279
RAW,134.9,10001,9187,1.364,279
RAW,135.2,9964,9175,1.359,278
RAW,135.5,9955,9179,1.359,278
RAW,135.7,9963,9173,1.364,279
RAW,136.0,9969,9182,1.359,278
RAW,136.3,9986,9188,1.354,277
RAW,136.5,9983,9184,1.359,278
RAW,136.8,9993,9189,1.359,278
RAW,137.1,10002,9191,1.354,277
RAW,137.3,10015,9201,1.359,278
RAW,137.6,10017,9197,1.354,277
RAW,137.7,10017,9197,1.359,278
RAW,137.9,10007,9198,1.359,278
RAW,138.2,10004,9197,1.359,278
RAW,138.5,10008,9199,1.359,278
RAW,138.8,10010,9199,1.354,277
RAW,139.0,10009,9200,1.354,277
RAW,139.1,10013,9197,1.359,278
RAW,139.3,10012,9202,1.359,278
RAW,139.4,10014,9204,1.364,279
RAW,139.6,10013,9209,1.359,278
RAW,139.8,10020,9199,1.364,279
RAW,139.9,10021,9202,1.364,279
RAW,140.1,10025,9202,1.364,279
RAW,140.3,10019,9198,1.364,279
RAW,140.6,10024,9201,1.359,278
RAW,140.9,10028,9202,1.359,278
RAW,141.2,10030,9200,1.359,278
RAW,141.5,10031,9201,1.354,277
RAW,141.8,10031,9206,1.354,277
RAW,142.0,10029,9201,1.354,277
RAW,142.3,10026,9198,1.354,277
RAW,142.4,10024,9200,1.354,277
RAW,142.6,10035,9201,1.354,277
RAW,142.9,10029,9195,1.354,277
RAW,143.2,10035,9198,1.354,277
RAW,143.4,10040,9201,1.354,277
RAW,143.5,10036,9203,1.359,278
RAW,143.7,10040,9200,1.359,278
RAW,144.0,10012,9180,1.354,277
RAW,144.3,9960,9161,1.354,277
RAW,144.5,9932,9156,1.354,277
RAW,144.6,9928,9155,1.354,277
RAW,144.8,9932,9155,1.359,278
RAW,145.0,9936,9157,1.359,278
RAW,145.2,9955,9162,1.359,278
RAW,145.4,9962,9162,1.354,277
RAW,145.7,9966,9170,1.354,277
RAW,145.9,9967,9167,1.354,277
RAW,146.1,9975,9174,1.354,277
RAW,146.2,9977,9180,1.359,278
RAW,146.4,9985,9176,1.359,278
RAW,146.6,9989,9173,1.359,278
RAW,146.8,9982,9174,1.359,278
RAW,147.1,9979,9177,1.354,277
RAW,147.4,9980,9170,1.354,277
RAW,147.7,9975,9170,1.354,277
RAW,147.9,9982,9173,1.359,278
RAW,148.0,9991,9180,1.364,279
RAW,148.1,9991,9177,1.369,280
RAW,148.4,9994,9179,1.373,281
RAW,148.6,9992,9175,1.373,281
RAW,148.9,9998,9184,1.373,281
RAW,149.2,10004,9188,1.378,282
RAW,149.5,10007,9181,1.378,282
RAW,149.7,10008,9191,1.378,282
RAW,150.0,10009,9186,1.383,283
RAW,150.2,10012,9186,1.383,283
RAW,150.3,10016,9181,1.388,284
RAW,150.5,10014,9188,1.388,284
RAW,150.8,10017,9188,1.383,283
RAW,151.1,10019,9184,1.383,283
RAW,151.3,10021,9191,1.383,283
RAW,151.4,10016,9193,1.388,284
RAW,151.6,10018,9187,1.388,284
RAW,151.9,10024,9186,1.388,284
RAW,152.2,10023,9188,1.388,284
RAW,152.5,10022,9188,1.388,284
RAW,152.7,10020,9195,1.388,284
RAW,152.8,10022,9189,1.393,285
RAW,153.0,10020,9182,1.388,284
RAW,153.2,10003,9180,1.393,285
RAW,153.5,9949,9154,1.388,284
RAW,153.6,9935,9147,1.393,285
RAW,153.8,9920,9137,1.393,285
RAW,154.0,9904,9138,1.393,285
RAW,154.2,9908,9140,1.393,285
RAW,154.5,9919,9150,1.388,284
RAW,154.7,9924,9149,1.388,284
RAW,154.8,9935,9150,1.393,285
RAW,155.0,9936,9153,1.393,285
RAW,155.1,9937,9155,1.393,285
RAW,155.3,9934,9156,1.393,285
RAW,155.5,9946,9158,1.393,285
RAW,155.9,9954,9157,1.388,284
RAW,156.1,9949,9158,1.388,284
RAW,156.3,9947,9156,1.388,284
RAW,156.5,9948,9146,1.388,284
RAW,156.6,9944,9148,1.393,285
RAW,156.8,9936,9152,1.388,284
RAW,157.0,9942,9153,1.388,284
RAW,157.3,9943,9156,1.388,284
RAW,157.5,9950,9161,1.383,283
RAW,157.7,9962,9165,1.383,283
RAW,158.0,9963,9157,1.383,283
RAW,158.2,9965,9160,1.383,283
RAW,158.5,9974,9161,1.383,283
RAW,158.7,9981,9158,1.383,283
RAW,159.0,9989,9164,1.383,283
RAW,159.2,9990,9166,1.383,283
RAW,159.5,9991,9161,1.378,282
RAW,159.7,9992,9167,1.383,283
RAW,160.0,9992,9163,1.378,282
RAW,160.2,9995,9169,1.383,283
RAW,160.5,10002,9169,1.378,282
RAW,160.8,10003,9174,1.378,282
RAW,161.0,9997,9171,1.383,283
RAW,161.2,10008,9171,1.383,283
RAW,161.5,10010,9169,1.378,282
RAW,161.6,10014,9169,1.383,283
RAW,161.8,10014,9170,1.383,283
RAW,161.9,10011,9176,1.383,283
RAW,162.1,10010,9171,1.383,283
RAW,162.3,10003,9168,1.383,283
RAW,162.4,9998,9164,1.383,283
RAW,162.6,9958,9139,1.383,283
RAW,162.8,9917,9129,1.383,283
RAW,163.0,9902,9120,1.383,283
RAW,163.1,9906,9122,1.388,284
RAW,163.3,9903,9131,1.383,283
RAW,163.6,9915,9127,1.378,282
RAW,163.8,9926,9134,1.378,282
RAW,164.1,9935,9128,1.378,282
RAW,164.3,9944,9137,1.378,282
RAW,164.5,9948,9139,1.378,282
RAW,164.8,9954,9145,1.373,281
RAW,165.1,9957,9149,1.369,280
RAW,165.4,9958,9142,1.369,280
RAW,165.7,9949,9136,1.369,280
RAW,165.9,9946,9142,1.369,280
RAW,166.1,9953,9135,1.369,280
RAW,166.4,9950,9136,1.364,279
RAW,166.7,9965,9141,1.364,279
RAW,167.0,9971,9149,1.359,278
RAW,167.3,9980,9148,1.354,277
RAW,167.5,9979,9152,1.359,278
RAW,167.8,9979,9145,1.354,277
RAW,168.1,9989,9155,1.354,277
RAW,168.4,9997,9146,1.349,276
RAW,168.7,9991,9152,1.349,276
RAW,168.9,9992,9151,1.349,276
RAW,169.0,9995,9150,1.349,276
RAW,169.1,9997,9154,1.354,277
RAW,169.4,9991,9159,1.349,276
RAW,169.7,9998,9157,1.344,275
RAW,169.8,10001,9150,1.344,275
RAW,170.0,9993,9149,1.344,275
RAW,170.3,9989,9149,1.339,274
RAW,170.5,10000,9153,1.339,274
RAW,170.6,9994,9150,1.344,275
RAW,170.8,10003,9156,1.339,274
RAW,171.1,9997,9159,1.334,273
RAW,171.4,9998,9165,1.329,272
RAW,171.7,9966,9140,1.329,272
RAW,172.0,9920,9123,1.325,271
RAW,172.2,9909,9111,1.325,271
RAW,172.5,9909,9116,1.325,271
RAW,172.7,9907,9118,1.325,271
RAW,172.8,9921,9123,1.320,270
RAW,173.0,9923,9130,1.325,271
RAW,173.2,9931,9124,1.325,271
RAW,173.5,9940,9132,1.320,270
RAW,173.7,9945,9136,1.320,270
RAW,173.9,9949,9135,1.320,270
RAW,174.1,9952,9133,1.320,270
RAW,174.2,9951,9138,1.320,270
RAW,174.4,9949,9135,1.320,270
RAW,174.7,9937,9135,1.315,269
RAW,174.9,9943,9133,1.315,269
RAW,175.0,9945,9133,1.320,270
RAW,175.1,9945,9136,1.320,270
RAW,175.2,9940,9141,1.325,271
RAW,175.3,9937,9135,1.325,271
RAW,175.4,9934,9132,1.325,271
RAW,175.6,9935,9135,1.325,271
RAW,175.8,9936,9138,1.325,271
RAW,176.1,9942,9132,1.315,269
RAW,176.2,9938,9139,1.315,269
RAW,176.4,9952,9137,1.315,269
RAW,176.7,9946,9135,1.315,269
RAW,176.9,9949,9140,1.315,269
RAW,177.2,9951,9135,1.315,269
RAW,177.4,9961,9139,1.310,268
RAW,177.5,9963,9139,1.315,269
RAW,177.7,9968,9146,1.315,269
RAW,178.0,9967,9153,1.310,268
RAW,178.3,9973,9153,1.305,267
RAW,178.5,9975,9149,1.310,268
RAW,178.8,9982,9146,1.305,267
RAW,179.0,9985,9149,1.310,268
RAW,179.1,9982,9153,1.310,268
RAW,179.3,9986,9159,1.310,268
RAW,179.6,9985,9153,1.305,267
RAW,179.8,9986,9148,1.310,268
RAW,180.1,9989,9147,1.310,268
RAW,180.3,9994,9143,1.310,268
RAW,180.6,9967,9130,1.305,267
RAW,180.9,9917,9123,1.310,268
RAW,181.2,9887,9101,1.305,267
RAW,181.5,9893,9105,1.310,268
RAW,181.7,9907,9110,1.305,267
RAW,181.9,9912,9115,1.310,268
RAW,182.1,9913,9125,1.310,268
RAW,182.4,9914,9122,1.310,268
RAW,182.6,9917,9119,1.310,268
RAW,182.8,9925,9122,1.310,268
RAW,183.1,9941,9125,1.310,268
RAW,183.4,9940,9126,1.310,268
RAW,183.6,9941,9122,1.310,268
RAW,183.9,9934,9122,1.315,269
RAW,184.2,9941,9130,1.310,268
RAW,184.5,9953,9128,1.310,268
RAW,184.8,9959,9137,1.310,268
RAW,185.0,9968,9140,1.315,269
RAW,185.3,9973,9139,1.315,269
RAW,185.5,9974,9147,1.320,270
RAW,185.6,9978,9140,1.315,269
RAW,185.8,9976,9142,1.320,270
RAW,186.1,9985,9140,1.315,269
RAW,186.4,9993,9146,1.315,269
RAW,186.6,9997,9154,1.320,270
RAW,186.9,9993,9139,1.320,270
RAW,187.2,9986,9143,1.315,269
RAW,187.5,9991,9141,1.315,269
RAW,187.7,9990,9139,1.320,270
RAW,188.0,9987,9135,1.320,270
RAW,188.2,9995,9138,1.320,270
RAW,188.5,9994,9135,1.320,270
RAW,188.7,9999,9146,1.320,270
RAW,188.8,10000,9141,1.320,270
RAW,189.0,10007,9140,1.325,271
RAW,189.3,10009,9146,1.320,270
RAW,189.6,10008,9145,1.320,270
RAW,189.8,10003,9140,1.320,270
RAW,189.9,9999,9131,1.320,270
RAW,190.0,9982,9131,1.320,270
RAW,190.3,9944,9118,1.315,269
RAW,190.4,9937,9115,1.320,270
RAW,190.6,9928,9112,1.320,270
RAW,190.9,9933,9113,1.315,269
RAW,191.2,9950,9117,1.310,268
RAW,191.4,9958,9122,1.315,269
RAW,191.7,9964,9119,1.310,268
RAW,192.0,9969,9123,1.305,267
RAW,192.3,9984,9129,1.300,266
RAW,192.5,9979,9133,1.300,266
RAW,192.6,9983,9134,1.300,266
RAW,192.8,9977,9134,1.300,266
RAW,193.0,9972,9130,1.300,266
RAW,193.3,9977,9137,1.295,265
RAW,193.6,9984,9134,1.285,263
RAW,193.9,9983,9136,1.281,262
RAW,194.2,9989,9137,1.276,261
RAW,194.5,9993,9137,1.276,261
RAW,194.7,9999,9142,1.271,260
RAW,195.0,10001,9140,1.271,260
RAW,195.1,10010,9141,1.271,260
RAW,195.3,10005,9145,1.271,260
RAW,195.4,10003,9142,1.271,260
RAW,195.6,9997,9135,1.271,260
RAW,195.9,9997,9134,1.266,259
RAW,196.1,10004,9139,1.266,259
RAW,196.2,10004,9137,1.261,258
RAW,196.4,10000,9140,1.261,258
RAW,196.7,9999,9132,1.256,257
RAW,197.0,10003,9140,1.251,256
RAW,197.1,9999,9139,1.251,256
RAW,197.3,10000,9138,1.251,256
RAW,197.6,10013,9142,1.246,255
RAW,197.9,9998,9144,1.246,255
RAW,198.1,10013,9146,1.246,255
RAW,198.2,10011,9142,1.251,256
RAW,198.4,10006,9141,1.241,254
RAW,198.5,10005,9148,1.246,255
RAW,198.7,10006,9143,1.246,255
RAW,198.8,10013,9144,1.246,255
RAW,199.0,10002,9138,1.241,254
RAW,199.1,9983,9134,1.246,255
RAW,199.3,9963,9126,1.246,255
RAW,199.5,9938,9112,1.241,254
RAW,199.7,9936,9106,1.241,254
RAW,199.8,9940,9106,1.241,254
RAW,200.0,9949,9115,1.237,253
RAW,200.3,9954,9121,1.237,253
RAW,200.6,9965,9124,1.232,252
RAW,200.9,9967,9127,1.232,252
RAW,201.2,9974,9125,1.227,251
RAW,201.4,9979,9122,1.232,252
RAW,201.5,9972,9126,1.232,252
RAW,201.7,9982,9122,1.232,252
RAW,202.0,9984,9125,1.227,251
RAW,202.3,9985,9130,1.227,251
RAW,202.5,9978,9135,1.227,251
RAW,202.6,9982,9130,1.227,251
RAW,202.8,9985,9131,1.232,252
RAW,203.0,9986,9138,1.227,251
RAW,203.1,9992,9137,1.232,252
RAW,203.3,9993,9132,1.232,252
RAW,203.5,10000,9137,1.232,252
RAW,203.7,10003,9134,1.232,252
RAW,203.9,9998,9139,1.232,252
RAW,204.1,10005,9135,1.232,252
RAW,204.2,10002,9129,1.232,252
RAW,204.4,10002,9140,1.232,252
RAW,204.6,10002,9135,1.232,252
RAW,204.8,10004,9138,1.232,252
RAW,204.9,10001,9136,1.232,252
RAW,205.1,10009,9140,1.232,252
RAW,205.3,10011,9140,1.232,252
RAW,205.5,10009,9137,1.232,252
RAW,205.6,10002,9141,1.237,253
RAW,205.8,10006,9138,1.237,253
RAW,206.0,10011,9133,1.232,252
RAW,206.2,10015,9140,1.237,253
RAW,206.3,10012,9141,1.237,253
RAW,206.5,10014,9140,1.237,253
RAW,206.7,10010,9138,1.232,252
RAW,206.9,10018,9139,1.232,252
RAW,207.0,10012,9136,1.237,253
RAW,207.2,10016,9140,1.237,253
RAW,207.4,10015,9138,1.232,252
RAW,207.6,10015,9142,1.237,253
RAW,207.8,10006,9137,1.237,253
RAW,207.9,10003,9134,1.237,253
RAW,208.1,9979,9120,1.237,253
RAW,208.3,9949,9107,1.237,253
RAW,208.4,9944,9099,1.237,253
RAW,208.6,9925,9100,1.237,253
RAW,208.8,9925,9101,1.241,254
RAW,209.0,9941,9107,1.237,253
RAW,209.2,9948,9107,1.237,253
RAW,209.4,9957,9111,1.237,253
RAW,209.6,9957,9116,1.241,254
RAW,209.8,9964,9120,1.237,253
RAW,210.0,9960,9120,1.237,253
RAW,210.3,9964,9123,1.237,253
RAW,210.6,9969,9120,1.237,253
RAW,210.8,9965,9120,1.241,254
RAW,211.1,9970,9130,1.241,254
RAW,211.2,9967,9126,1.241,254
RAW,211.4,9964,9122,1.241,254
RAW,211.7,9965,9116,1.241,254
RAW,212.0,9970,9117,1.241,254
RAW,212.3,9977,9122,1.241,254
RAW,212.5,9981,9127,1.246,255
RAW,212.9,9983,9127,1.241,254
RAW,213.2,9988,9128,1.241,254
RAW,213.5,9995,9116,1.241,254
RAW,213.8,9994,9125,1.241,254
RAW,214.1,9989,9128,1.246,255
RAW,214.4,9991,9115,1.246,255
RAW,214.7,9994,9124,1.246,255
RAW,215.0,10003,9130,1.246,255
RAW,215.1,10001,9131,1.251,256
RAW,215.3,10003,9128,1.251,256
RAW,215.4,10004,9124,1.256,257
RAW,215.6,9994,9124,1.256,257
RAW,215.9,10002,9123,1.256,257
RAW,216.2,9996,9126,1.251,256
RAW,216.3,9995,9115,1.256,257
RAW,216.5,9969,9103,1.256,257
RAW,216.8,9923,9093,1.256,257
RAW,217.1,9898,9085,1.256,257
RAW,217.3,9904,9082,1.261,258
RAW,217.6,9918,9087,1.256,257
RAW,217.9,9922,9093,1.256,257
RAW,218.1,9935,9096,1.256,257
RAW,218.4,9933,9091,1.256,257
RAW,218.7,9945,9101,1.261,258
RAW,218.9,9955,9104,1.261,258
RAW,219.0,9962,9104,1.261,258
RAW,219.2,9950,9106,1.261,258
RAW,219.3,9947,9104,1.266,259
RAW,219.6,9953,9102,1.266,259
RAW,219.8,9955,9099,1.261,258
RAW,219.9,9942,9098,1.266,259
RAW,220.1,9952,9104,1.266,259
RAW,220.4,9959,9101,1.261,258
RAW,220.7,9963,9104,1.261,258
RAW,221.0,9971,9105,1.261,258
RAW,221.1,9967,9105,1.261,258
RAW,221.3,9969,9105,1.261,258
RAW,221.6,9971,9109,1.261,258
RAW,221.9,9972,9107,1.256,257
RAW,222.2,9968,9110,1.256,257
RAW,222.3,9970,9112,1.261,258
RAW,222.6,9971,9113,1.261,258
RAW,222.6,9982,9110,1.261,258
RAW,222.8,9975,9109,1.261,258
RAW,223.1,9980,9111,1.261,258
RAW,223.5,9978,9108,1.261,258
RAW,223.7,9982,9109,1.261,258
RAW,224.1,9998,9116,1.256,257
RAW,224.4,9995,9114,1.256,257
RAW,224.8,9972,9109,1.256,257
RAW,225.1,9932,9083,1.256,257
RAW,225.3,9907,9076,1.256,257
RAW,225.4,9897,9073,1.261,258
RAW,225.7,9902,9068,1.261,258
RAW,226.0,9907,9076,1.261,258
RAW,226.2,9917,9073,1.261,258
RAW,226.3,9915,9083,1.266,259
RAW,226.5,9924,9080,1.266,259
RAW,226.7,9916,9081,1.266,259
RAW,226.9,9934,9093,1.271,260
RAW,227.0,9928,9087,1.271,260
RAW,227.4,9942,9094,1.266,259
RAW,227.5,9941,9097,1.271,260
RAW,227.7,9947,9093,1.266,259
RAW,228.0,9943,9091,1.266,259
RAW,228.3,9944,9093,1.266,259
RAW,228.6,9944,9091,1.271,260
RAW,228.7,9949,9091,1.266,259
RAW,229.0,9956,9095,1.271,260
RAW,229.2,9961,9105,1.266,259
RAW,229.6,9968,9103,1.266,259
RAW,229.9,9977,9101,1.266,259
RAW,230.1,9978,9098,1.271,260
RAW,230.2,9974,9102,1.271,260
RAW,230.4,9980,9109,1.271,260
RAW,230.5,9989,9103,1.276,261
RAW,230.8,9985,9109,1.276,261
RAW,231.0,9982,9103,1.271,260
RAW,231.1,9985,9104,1.276,261
RAW,231.3,9991,9106,1.276,261
RAW,231.6,9984,9110,1.276,261
RAW,232.0,9986,9109,1.276,261
RAW,232.0,9994,9113,1.281,262
RAW,232.2,10002,9112,1.276,261
RAW,232.5,10002,9117,1.276,261
RAW,232.6,10005,9115,1.276,261
RAW,232.9,10000,9116,1.281,262
RAW,233.1,9970,9098,1.276,261
RAW,233.4,9952,9090,1.281,262
RAW,233.4,9939,9087,1.281,262
RAW,233.6,9919,9072,1.281,262
RAW,233.9,9931,9082,1.276,261
RAW,234.2,9948,9083,1.276,261
RAW,234.6,9954,9091,1.276,261
RAW,234.7,9958,9091,1.276,261
RAW,235.1,9966,9088,1.276,261
RAW,235.4,9963,9092,1.281,262
RAW,235.6,9981,9101,1.276,261
RAW,235.9,9981,9096,1.276,261
RAW,236.3,9970,9101,1.276,261
RAW,236.5,9970,9098,1.281,262
RAW,236.8,9976,9092,1.281,262
RAW,237.1,9983,9101,1.281,262
RAW,237.2,9983,9101,1.285,263
RAW,237.4,9982,9097,1.285,263
RAW,237.7,9989,9099,1.285,263
RAW,238.0,9988,9093,1.285,263
RAW,238.4,9996,9099,1.285,263
RAW,238.4,9992,9102,1.290,264
RAW,238.6,9998,9106,1.285,263
RAW,238.9,10007,9104,1.285,263
RAW,239.0,9998,9108,1.290,264
RAW,239.3,9994,9113,1.290,264
RAW,239.5,10003,9106,1.290,264
RAW,239.8,9999,9111,1.290,264
RAW,239.8,10000,9114,1.290,264
RAW,240.1,9996,9112,1.290,264
RAW,240.3,9992,9107,1.290,264
RAW,240.6,9975,9102,1.290,264
RAW,241.0,9951,9093,1.290,264
RAW,241.2,9940,9080,1.290,264
RAW,241.5,9940,9083,1.290,264
RAW,241.5,9938,9083,1.290,264
RAW,241.8,9949,9091,1.295,265
RAW,242.0,9951,9089,1.290,264
RAW,242.4,9961,9091,1.290,264
RAW,242.6,9977,9096,1.295,265
RAW,242.9,9982,9101,1.295,265
RAW,243.2,9979,9098,1.295,265
RAW,243.6,9975,9096,1.295,265
RAW,243.6,9977,9093,1.295,265
RAW,243.8,9975,9093,1.300,266
RAW,244.1,9986,9092,1.300,266
RAW,244.4,9981,9095,1.300,266
RAW,244.6,9989,9099,1.300,266
RAW,245.0,9991,9106,1.300,266
RAW,245.0,9995,9097,1.300,266
RAW,245.3,9994,9100,1.300,266
RAW,245.5,10002,9106,1.300,266
RAW,245.8,10004,9104,1.300,266
RAW,246.1,9998,9105,1.300,266
RAW,246.5,10002,9105,1.295,265
RAW,246.6,10002,9104,1.300,266
RAW,246.7,10004,9109,1.305,267
RAW,246.9,9997,9105,1.305,267
RAW,247.1,10010,9110,1.305,267
RAW,247.1,10000,9108,1.310,268
RAW,247.4,10008,9102,1.305,267
RAW,247.5,9991,9096,1.310,268
RAW,247.8,9968,9090,1.305,267
RAW,248.0,9946,9085,1.305,267
RAW,248.0,9946,9082,1.305,267
RAW,248.3,9937,9081,1.305,267
RAW,248.4,9932,9079,1.300,266
RAW,248.6,9946,9081,1.300,266
RAW,248.8,9942,9080,1.295,265
RAW,249.1,9942,9081,1.295,265
RAW,249.2,9962,9088,1.295,265
RAW,249.5,9959,9090,1.295,265
RAW,249.6,9973,9093,1.290,264
RAW,250.1,9971,9094,1.285,263
RAW,250.5,9971,9086,1.281,262
RAW,250.8,9965,9087,1.281,262
RAW,251.0,9962,9085,1.281,262
RAW,251.0,9968,9093,1.285,263
RAW,251.3,9971,9094,1.281,262
RAW,251.3,9980,9098,1.281,262
RAW,251.6,9981,9101,1.285,263
RAW,251.8,9978,9101,1.276,261
RAW,252.1,9987,9110,1.271,260
RAW,252.3,9981,9105,1.271,260
RAW,252.6,9979,9108,1.266,259
RAW,253.0,9988,9100,1.261,258
RAW,253.0,9984,9101,1.261,258
RAW,253.3,9989,9106,1.261,258
RAW,253.5,9993,9103,1.256,257
RAW,253.8,9994,9107,1.256,257
RAW,253.9,9993,9110,1.256,257
RAW,254.0,9995,9110,1.256,257
RAW,254.3,10004,9102,1.251,256
RAW,254.3,10010,9106,1.256,257
RAW,254.6,10004,9097,1.256,257
RAW,254.6,9997,9107,1.251,256
RAW,254.8,9996,9107,1.246,255
RAW,255.1,9968,9092,1.246,255
RAW,255.5,9928,9068,1.241,254
RAW,255.6,9909,9068,1.241,254
RAW,256.0,9922,9073,1.237,253
RAW,256.1,9924,9072,1.232,252
RAW,256.2,9933,9079,1.237,253
RAW,256.5,9943,9081,1.237,253
RAW,256.6,9941,9087,1.227,251
RAW,256.8,9945,9085,1.232,252
RAW,257.1,9952,9079,1.227,251
RAW,257.3,9954,9090,1.227,251
RAW,257.7,9965,9083,1.217,249
RAW,258.0,9956,9087,1.217,249
RAW,258.3,9965,9081,1.212,248
RAW,258.5,9956,9087,1.217,249
RAW,258.6,9962,9081,1.217,249
RAW,258.8,9965,9085,1.217,249
RAW,259.1,9972,9088,1.212,248
RAW,259.5,9963,9089,1.212,248
RAW,259.7,9973,9093,1.207,247
RAW,259.8,9971,9092,1.207,247
RAW,260.0,9972,9087,1.207,247
RAW,260.3,9969,9087,1.207,247
RAW,260.5,9972,9091,1.207,247
RAW,260.6,9974,9096,1.212,248
RAW,260.8,9985,9089,1.207,247
RAW,261.1,9989,9100,1.207,247
RAW,261.2,9985,9092,1.207,247
RAW,261.5,9989,9090,1.207,247
RAW,261.7,9994,9094,1.202,246
RAW,262.0,9992,9096,1.202,246
RAW,262.3,9993,9088,1.202,246
RAW,262.5,9992,9099,1.207,247
RAW,262.6,10004,9095,1.207,247
RAW,262.7,10004,9098,1.207,247
RAW,263.0,9996,9091,1.202,246
RAW,263.2,10005,9100,1.202,246
RAW,263.3,10002,9091,1.207,247
RAW,263.5,9992,9091,1.207,247
RAW,263.8,9942,9070,1.202,246
RAW,264.1,9907,9057,1.202,246
RAW,264.2,9908,9055,1.202,246
RAW,264.5,9907,9064,1.202,246
RAW,264.7,9922,9066,1.202,246
RAW,265.0,9922,9064,1.202,246
RAW,265.1,9926,9069,1.202,246
RAW,265.3,9927,9069,1.202,246
RAW,265.5,9928,9069,1.207,247
RAW,265.6,9930,9069,1.202,246
RAW,265.7,9932,9077,1.202,246
RAW,266.0,9943,9068,1.207,247
RAW,266.1,9941,9068,1.202,246
RAW,266.2,9939,9075,1.207,247
RAW,266.4,9938,9078,1.202,246
RAW,266.8,9932,9073,1.202,246
RAW,267.1,9953,9077,1.202,246
RAW,267.5,9961,9085,1.197,245
RAW,267.7,9972,9090,1.197,245
RAW,268.0,9976,9092,1.202,246
RAW,268.3,9982,9094,1.202,246
RAW,268.5,9988,9097,1.202,246
RAW,269.0,9992,9097,1.197,245
RAW,269.2,9988,9105,1.202,246
RAW,269.5,9993,9098,1.202,246
RAW,269.8,9990,9098,1.202,246
RAW,270.1,10000,9099,1.202,246
RAW,270.5,9994,9098,1.202,246
RAW,270.8,10006,9096,1.202,246
RAW,270.8,10000,9102,1.207,247
RAW,271.0,10005,9101,1.212,248
RAW,271.1,10010,9107,1.212,248
RAW,271.3,9999,9101,1.212,248
RAW,271.6,10006,9101,1.212,248
RAW,272.0,10013,9112,1.202,246
RAW,272.2,10015,9110,1.197,245
RAW,272.3,10007,9106,1.197,245
RAW,272.5,9962,9085,1.197,245
RAW,272.8,9903,9062,1.197,245
RAW,273.0,9901,9056,1.197,245
RAW,273.3,9920,9061,1.197,245
RAW,273.5,9928,9073,1.207,247
RAW,273.8,9937,9077,1.207,247
RAW,273.8,9946,9074,1.212,248
RAW,274.0,9962,9078,1.212,248
RAW,274.2,9954,9087,1.212,248
RAW,274.5,9971,9085,1.217,249
RAW,274.7,9974,9090,1.222,250
RAW,275.0,9983,9086,1.222,250
RAW,275.0,9974,9088,1.227,251
RAW,275.2,9974,9088,1.222,250
RAW,275.5,9976,9083,1.222,250
RAW,275.9,9978,9083,1.227,251
RAW,276.1,9979,9088,1.227,251
RAW,276.4,9990,9083,1.232,252
RAW,276.5,9993,9089,1.232,252
RAW,276.6,9995,9085,1.232,252
RAW,276.8,9994,9086,1.232,252
RAW,277.2,9994,9093,1.232,252
RAW,277.5,10010,9088,1.232,252
RAW,277.5,10000,9092,1.237,253
RAW,277.7,10010,9092,1.237,253
RAW,278.1,10008,9082,1.237,253
RAW,278.3,10003,9089,1.237,253
RAW,278.5,10009,9083,1.241,254
RAW,278.7,10015,9089,1.237,253
RAW,279.0,10012,9095,1.241,254
RAW,279.0,10014,9092,1.241,254
RAW,279.2,10015,9096,1.241,254
RAW,279.3,10018,9098,1.246,255
RAW,279.5,10016,9088,1.246,255
RAW,279.8,10029,9090,1.241,254
RAW,280.0,10014,9089,1.246,255
RAW,280.2,10014,9090,1.246,255
RAW,280.2,10016,9095,1.246,255
RAW,280.5,10016,9089,1.251,256
RAW,280.6,10023,9090,1.251,256
RAW,280.7,10014,9088,1.251,256
RAW,280.8,10016,9090,1.251,256
RAW,281.1,10006,9082,1.251,256
RAW,281.1,10007,9083,1.251,256
RAW,281.3,9992,9075,1.251,256
RAW,281.7,9939,9054,1.241,254
RAW,282.0,9931,9052,1.241,254
RAW,282.4,9950,9059,1.241,254
RAW,282.6,9958,9060,1.241,254
RAW,283.0,9969,9062,1.241,254
RAW,283.3,9972,9074,1.241,254
RAW,283.7,9983,9074,1.241,254
RAW,284.1,9987,9079,1.241,254
RAW,284.3,9981,9081,1.241,254
RAW,284.6,9987,9070,1.246,255
RAW,284.6,9988,9067,1.246,255
RAW,285.0,9986,9073,1.246,255
RAW,285.0,9989,9081,1.246,255
RAW,285.3,9993,9075,1.246,255
RAW,285.5,9999,9075,1.246,255
RAW,285.6,10000,9080,1.251,256
RAW,285.8,9999,9081,1.251,256
RAW,286.2,10010,9082,1.251,256
RAW,286.2,10000,9087,1.251,256
RAW,286.6,10006,9085,1.251,256
RAW,286.6,10005,9089,1.256,257
RAW,286.8,10009,9088,1.251,256
RAW,287.0,10010,9088,1.256,257
RAW,287.2,10009,9091,1.256,257
RAW,287.5,10016,9090,1.251,256
RAW,287.9,10016,9091,1.251,256
RAW,288.0,10014,9095,1.251,256
RAW,288.3,10015,9085,1.251,256
RAW,288.3,10005,9090,1.256,257
RAW,288.5,9987,9083,1.256,257
RAW,288.7,9987,9078,1.256,257
RAW,288.8,9966,9070,1.251,256
RAW,289.2,9946,9063,1.251,256
RAW,289.5,9960,9068,1.251,256
RAW,289.6,9959,9071,1.256,257
RAW,289.7,9977,9076,1.256,257
RAW,289.8,9979,9074,1.256,257
RAW,290.1,9989,9082,1.256,257
RAW,290.3,9993,9084,1.251,256
RAW,290.6,10002,9091,1.251,256
RAW,290.7,10004,9085,1.256,257
RAW,291.0,10001,9087,1.256,257
RAW,291.4,9996,9088,1.251,256
RAW,291.7,9997,9087,1.251,256
RAW,292.0,10000,9086,1.251,256
RAW,292.0,9996,9083,1.256,257
RAW,292.3,10000,9078,1.256,257
RAW,292.6,10007,9084,1.256,257
RAW,292.6,10008,9089,1.256,257
RAW,292.8,10004,9088,1.256,257
RAW,293.0,10012,9089,1.261,258
RAW,293.2,10015,9096,1.256,257
RAW,293.6,10023,9098,1.251,256
RAW,293.6,10015,9096,1.256,257
RAW,293.9,10021,9097,1.256,257
RAW,294.0,10015,9095,1.261,258
RAW,294.1,10016,9097,1.261,258
RAW,294.3,10014,9092,1.261,258
RAW,294.5,10016,9096,1.261,258
RAW,294.8,10025,9094,1.256,257
RAW,295.0,10018,9098,1.256,257
RAW,295.2,10017,9095,1.256,257
RAW,295.2,10028,9102,1.261,258
RAW,295.5,10021,9097,1.261,258
RAW,295.7,10028,9091,1.256,257
RAW,296.0,9999,9087,1.256,257
RAW,296.1,9962,9069,1.256,257
RAW,296.4,9947,9056,1.256,257
RAW,296.5,9948,9060,1.256,257
RAW,296.6,9949,9065,1.256,257
RAW,296.9,9956,9070,1.256,257
RAW,297.0,9959,9079,1.256,257
RAW,297.3,9969,9076,1.256,257
RAW,297.5,9978,9078,1.256,257
RAW,297.7,9982,9083,1.256,257
RAW,297.8,9986,9082,1.256,257
RAW,298.0,9990,9086,1.256,257
RAW,298.3,9994,9084,1.256,257
RAW,298.6,9992,9080,1.256,257
RAW,298.8,9996,9082,1.256,257
RAW,299.2,9992,9076,1.251,256
RAW,299.2,9998,9077,1.256,257
RAW,299.5,9996,9071,1.251,256
RAW,299.5,9995,9084,1.261,258
RAW,299.8,10005,9080,1.261,258
RAW,300.0,10008,9091,1.256,257
RAW,300.1,10015,9088,1.261,258
RAW,300.4,10007,9083,1.261,258
RAW,300.7,10016,9087,1.256,257
RAW,300.8,10018,9095,1.261,258
RAW,301.1,10025,9096,1.256,257
RAW,301.3,10024,9093,1.256,257
RAW,301.7,10021,9089,1.256,257
RAW,302.0,10017,9101,1.251,256
RAW,302.2,10027,9098,1.256,257
RAW,302.2,10030,9102,1.256,257
RAW,302.6,10020,9100,1.251,256
RAW,302.6,10024,9097,1.256,257
RAW,302.9,10005,9086,1.256,257
RAW,303.1,9984,9073,1.256,257
RAW,303.5,9973,9075,1.251,256
RAW,303.8,9986,9072,1.256,257
RAW,304.1,9993,9086,1.251,256
RAW,304.3,9996,9079,1.251,256
RAW,304.7,10000,9079,1.251,256
RAW,305.0,10008,9087,1.251,256
RAW,305.2,10017,9083,1.251,256
RAW,305.6,10014,9089,1.246,255
RAW,305.6,10009,9089,1.251,256
RAW,305.9,10010,9096,1.251,256
RAW,306.0,10014,9090,1.251,256
RAW,306.2,10014,9097,1.256,257
RAW,306.5,10020,9093,1.251,256
RAW,306.7,10018,9097,1.251,256
RAW,306.8,10014,9099,1.251,256
RAW,307.0,10025,9096,1.256,257
RAW,307.3,10024,9091,1.251,256
RAW,307.3,10030,9097,1.256,257
RAW,307.6,10029,9096,1.251,256
RAW,307.9,10032,9095,1.256,257
RAW,308.0,10035,9103,1.256,257
RAW,308.1,10032,9096,1.251,256
RAW,308.5,10033,9093,1.251,256
RAW,308.8,10037,9100,1.251,256
RAW,309.0,10038,9107,1.246,255
RAW,309.2,10040,9110,1.251,256
RAW,309.4,10047,9109,1.251,256
RAW,309.7,10044,9118,1.246,255
RAW,309.9,10040,9106,1.241,254
RAW,310.2,10019,9087,1.246,255
RAW,310.5,9986,9086,1.241,254
RAW,310.7,9992,9093,1.232,252
RAW,311.0,10002,9098,1.232,252
RAW,311.1,10007,9097,1.227,251
RAW,311.2,10023,9101,1.227,251
RAW,311.6,10024,9101,1.222,250
RAW,311.8,10026,9106,1.227,251
RAW,311.9,10030,9104,1.227,251
RAW,312.2,10030,9102,1.222,250
RAW,312.5,10041,9111,1.222,250
RAW,312.8,10024,9109,1.217,249
RAW,313.0,10029,9106,1.212,248
RAW,313.1,10025,9099,1.217,249
RAW,313.3,10030,9107,1.217,249
RAW,313.6,10038,9111,1.212,248
RAW,313.9,10041,9102,1.212,248
RAW,314.0,10043,9114,1.212,248
RAW,314.1,10040,9109,1.212,248
RAW,314.5,10043,9108,1.212,248
RAW,314.7,10043,9111,1.212,248
RAW,314.8,10054,9113,1.217,249
RAW,315.0,10045,9110,1.212,248
RAW,315.3,10052,9108,1.212,248
RAW,315.6,10050,9109,1.212,248
RAW,315.7,10042,9103,1.212,248
RAW,315.9,10047,9106,1.212,248
RAW,316.2,10053,9105,1.212,248
RAW,316.5,10053,9106,1.212,248
RAW,316.8,10051,9104,1.212,248
RAW,317.1,10055,9106,1.207,247
RAW,317.1,10054,9110,1.212,248
RAW,317.4,10056,9109,1.212,248
RAW,317.6,10032,9090,1.212,248
RAW,318.1,9983,9072,1.207,247
RAW,318.3,9982,9067,1.207,247
RAW,318.4,9979,9077,1.212,248
RAW,318.6,9993,9076,1.212,248
RAW,318.8,10004,9079,1.207,247
RAW,319.0,10014,9085,1.212,248
RAW,319.2,10013,9091,1.212,248
RAW,319.3,10018,9083,1.212,248
RAW,319.6,10017,9091,1.217,249
RAW,319.8,10025,9090,1.212,248
RAW,319.9,10029,9091,1.217,249
RAW,320.1,10030,9095,1.212,248
RAW,320.1,10032,9092,1.217,249
RAW,320.4,10024,9093,1.217,249
RAW,320.5,10025,9096,1.222,250
RAW,320.7,10029,9087,1.222,250
RAW,321.0,10025,9092,1.217,249
RAW,321.3,10029,9088,1.217,249
RAW,321.6,10029,9093,1.217,249
RAW,321.9,10035,9094,1.212,248
RAW,322.0,10033,9099,1.217,249
RAW,322.2,10026,9089,1.212,248
RAW,322.5,10034,9097,1.212,248
RAW,322.7,10037,9102,1.212,248
RAW,323.0,10033,9092,1.212,248
RAW,323.1,10043,9100,1.217,249
RAW,323.3,10041,9099,1.217,249
RAW,323.6,10045,9102,1.212,248
RAW,323.7,10046,9096,1.217,249
RAW,323.9,10050,9101,1.217,249
RAW,324.2,10043,9098,1.217,249
RAW,324.5,10046,9105,1.212,248
RAW,324.7,10048,9101,1.212,248
RAW,324.8,10045,9101,1.217,249
RAW,325.0,10052,9111,1.212,248
RAW,325.1,10051,9104,1.217,249
RAW,325.3,10050,9102,1.217,249
RAW,325.6,10012,9082,1.212,248
RAW,325.7,9984,9070,1.212,248
RAW,325.9,9941,9058,1.217,249
RAW,326.1,9909,9046,1.217,249
RAW,326.4,9895,9045,1.212,248
RAW,326.6,9897,9038,1.217,249
RAW,326.9,9910,9046,1.212,248
RAW,327.1,9920,9047,1.212,248
RAW,327.3,9924,9046,1.212,248
RAW,327.4,9935,9050,1.217,249
RAW,327.6,9946,9054,1.212,248
RAW,327.8,9938,9055,1.217,249
RAW,328.1,9946,9062,1.212,248
RAW,328.4,9945,9055,1.217,249
RAW,328.7,9943,9056,1.217,249
RAW,328.7,9940,9051,1.217,249
RAW,329.0,9940,9053,1.217,249
RAW,329.3,9939,9056,1.217,249
RAW,329.6,9960,9059,1.212,248
RAW,330.0,9975,9060,1.212,248
RAW,330.3,9984,9063,1.212,248
RAW,330.6,9994,9070,1.212,248
RAW,330.9,10000,9075,1.212,248
RAW,331.3,9999,9073,1.212,248
RAW,331.4,10001,9074,1.212,248
RAW,331.6,9996,9064,1.212,248
RAW,331.7,9999,9064,1.217,249
RAW,331.9,9994,9072,1.217,249
RAW,332.0,10009,9071,1.222,250
RAW,332.2,10019,9074,1.217,249
RAW,332.3,10008,9074,1.222,250
RAW,332.5,10012,9073,1.222,250
RAW,332.9,10011,9080,1.217,249
RAW,333.0,10018,9074,1.222,250
RAW,333.3,10013,9083,1.217,249
RAW,333.6,10021,9077,1.217,249
RAW,333.7,10020,9081,1.217,249
RAW,334.0,10018,9076,1.217,249
RAW,334.3,9986,9058,1.217,249
RAW,334.4,9970,9053,1.217,249
RAW,334.6,9922,9032,1.217,249
RAW,334.7,9909,9028,1.222,250
RAW,334.9,9897,9023,1.217,249
RAW,335.3,9906,9031,1.217,249
RAW,335.6,9922,9042,1.217,249
RAW,335.8,9932,9047,1.217,249
RAW,335.9,9933,9049,1.217,249
RAW,336.2,9935,9047,1.212,248
RAW,336.5,9956,9054,1.212,248
RAW,336.9,9961,9061,1.207,247
RAW,337.2,9959,9059,1.212,248
RAW,337.5,9947,9055,1.212,248
RAW,337.9,9942,9054,1.212,248
RAW,338.2,9951,9058,1.207,247
RAW,338.5,9965,9057,1.207,247
RAW,338.8,9973,9057,1.207,247
RAW,339.1,9982,9067,1.207,247
RAW,339.2,9988,9067,1.212,248
RAW,339.4,9991,9070,1.212,248
RAW,339.5,9995,9071,1.212,248
RAW,339.7,9998,9071,1.212,248
RAW,340.0,10003,9075,1.212,248
RAW,340.1,9998,9082,1.212,248
RAW,340.3,10004,9077,1.212,248
RAW,340.6,10007,9077,1.212,248
RAW,341.0,10004,9077,1.212,248
RAW,341.3,10016,9070,1.207,247
RAW,341.7,10020,9076,1.207,247
RAW,342.0,10017,9085,1.207,247
RAW,342.3,10018,9077,1.207,247
RAW,342.4,10022,9087,1.212,248
RAW,342.6,10024,9078,1.212,248
RAW,342.7,10019,9084,1.212,248
RAW,342.9,10004,9064,1.212,248
RAW,343.0,9981,9052,1.212,248
RAW,343.2,9939,9038,1.212,248
RAW,343.5,9894,9029,1.212,248
RAW,343.8,9895,9032,1.212,248
RAW,344.1,9903,9040,1.207,247
RAW,344.4,9918,9039,1.207,247
RAW,344.8,9946,9042,1.207,247
RAW,345.1,9955,9051,1.202,246
RAW,345.4,9974,9054,1.207,247
RAW,345.7,9966,9050,1.202,246
RAW,346.0,9943,9044,1.202,246
RAW,346.4,9933,9039,1.202,246
RAW,346.7,9947,9044,1.202,246
RAW,347.0,9960,9044,1.202,246
RAW,347.3,9971,9049,1.202,246
RAW,347.4,9974,9058,1.207,247
RAW,347.6,9977,9056,1.207,247
RAW,348.0,9982,9057,1.202,246
RAW,348.3,9992,9065,1.202,246
RAW,348.6,9998,9066,1.207,247
RAW,349.0,10012,9069,1.202,246
RAW,349.3,10003,9070,1.197,245
RAW,349.4,10014,9064,1.202,246
RAW,349.7,10024,9071,1.202,246
RAW,350.0,10016,9070,1.202,246
RAW,350.3,10033,9070,1.202,246
RAW,350.4,10024,9077,1.202,246
RAW,350.7,10027,9072,1.197,245
RAW,350.8,10030,9074,1.202,246
RAW,351.0,10025,9075,1.202,246
RAW,351.1,10021,9077,1.202,246
RAW,351.4,10008,9058,1.202,246
RAW,351.7,9935,9028,1.197,245
RAW,352.0,9871,9005,1.193,244
RAW,352.1,9851,8993,1.193,244
RAW,352.4,9833,8985,1.193,244
RAW,352.6,9849,8989,1.193,244
RAW,352.7,9848,8993,1.197,245
RAW,352.9,9860,9003,1.188,243
RAW,353.2,9880,9002,1.188,243
RAW,353.4,9892,9000,1.188,243
RAW,353.5,9895,9009,1.188,243
RAW,353.8,9924,9025,1.183,242
RAW,353.9,9923,9025,1.188,243
RAW,354.1,9938,9026,1.183,242
RAW,354.5,9937,9031,1.178,241
RAW,354.8,9936,9029,1.178,241
RAW,354.9,9932,9029,1.178,241
RAW,355.1,9931,9024,1.173,240
RAW,355.2,9935,9035,1.173,240
RAW,355.4,9946,9032,1.173,240
RAW,355.5,9943,9036,1.173,240
RAW,355.8,9954,9035,1.168,239
RAW,356.1,9960,9039,1.163,238
RAW,356.2,9962,9043,1.163,238
RAW,356.4,9970,9037,1.163,238
RAW,356.8,9973,9037,1.158,237
RAW,356.9,9976,9040,1.158,237
RAW,357.2,9981,9048,1.153,236
RAW,357.6,9981,9049,1.149,235
RAW,357.9,9987,9048,1.149,235
RAW,358.0,9993,9051,1.149,235
RAW,358.2,9997,9050,1.144,234
RAW,358.3,9996,9057,1.149,235
RAW,358.6,9997,9049,1.144,234
RAW,358.7,10000,9049,1.144,234
RAW,359.0,10001,9049,1.139,233
RAW,359.1,10009,9045,1.144,234
RAW,359.4,10006,9050,1.134,232
RAW,359.5,10007,9051,1.139,233
RAW,359.8,9978,9034,1.134,232
RAW,360.2,9892,9000,1.129,231
RAW,360.3,9875,8991,1.129,231
RAW,360.5,9863,8995,1.129,231
RAW,360.6,9857,8999,1.129,231
RAW,360.9,9868,8995,1.124,230
RAW,361.3,9890,9006,1.119,229
RAW,361.7,9894,9004,1.114,228
RAW,361.8,9905,9015,1.114,228
RAW,362.1,9929,9022,1.114,228
RAW,362.5,9932,9028,1.109,227
RAW,362.6,9938,9031,1.109,227
RAW,362.8,9933,9024,1.109,227
RAW,363.2,9923,9021,1.109,227
RAW,363.3,9925,9025,1.109,227
RAW,363.6,9936,9027,1.105,226
RAW,364.0,9953,9034,1.105,226
RAW,364.1,9954,9039,1.105,226
RAW,364.3,9966,9038,1.105,226
RAW,364.4,9955,9035,1.109,227
RAW,364.6,9967,9039,1.105,226
RAW,365.0,9970,9036,1.100,225
RAW,365.4,9970,9039,1.100,225
RAW,365.8,9972,9040,1.095,224
RAW,366.1,9970,9041,1.095,224
RAW,366.6,9980,9042,1.090,223
RAW,366.7,9988,9045,1.090,223
RAW,366.9,9998,9045,1.095,224
RAW,367.0,9994,9050,1.095,224
RAW,367.2,10000,9052,1.095,224
RAW,367.3,10000,9054,1.095,224
RAW,367.6,10006,9056,1.095,224
RAW,368.0,10019,9051,1.085,222
RAW,368.1,10010,9057,1.085,222
RAW,368.5,9982,9042,1.085,222
RAW,368.9,9906,9008,1.080,221
RAW,369.0,9889,8997,1.080,221
RAW,369.2,9863,8994,1.085,222
RAW,369.5,9876,8997,1.080,221
RAW,369.6,9876,8999,1.080,221
RAW,369.8,9882,9002,1.080,221
RAW,369.9,9893,9004,1.080,221
RAW,370.1,9903,9009,1.080,221
RAW,370.4,9911,9016,1.080,221
RAW,370.7,9925,9019,1.075,220
RAW,370.8,9935,9020,1.080,221
RAW,371.0,9940,9020,1.080,221
RAW,371.1,9950,9024,1.080,221
RAW,371.4,9943,9023,1.075,220
RAW,371.8,9938,9016,1.075,220
RAW,372.2,9944,9021,1.070,219
RAW,372.6,9956,9028,1.070,219
RAW,373.0,9974,9036,1.070,219
RAW,373.1,9978,9036,1.070,219
RAW,373.3,9983,9036,1.070,219
RAW,373.7,9995,9047,1.070,219
RAW,373.8,9986,9047,1.070,219
RAW,374.0,9992,9044,1.070,219
RAW,374.4,9993,9041,1.070,219
RAW,374.5,9995,9045,1.070,219
RAW,374.8,9996,9049,1.070,219
RAW,374.9,9993,9044,1.070,219
RAW,375.1,9997,9054,1.070,219
RAW,375.2,10000,9050,1.075,220
RAW,375.4,10014,9052,1.070,219
RAW,375.5,10006,9049,1.075,220
RAW,375.8,10009,9047,1.075,220
RAW,375.9,10008,9041,1.075,220
RAW,376.2,10009,9053,1.075,220
RAW,376.3,10017,9054,1.075,220
RAW,376.6,10019,9047,1.075,220
RAW,376.7,10010,9055,1.075,220
RAW,377.0,10011,9052,1.075,220
RAW,377.1,10011,9055,1.075,220
RAW,377.3,9996,9044,1.075,220
RAW,377.8,9898,9004,1.070,219
RAW,377.9,9893,8997,1.070,219
RAW,378.1,9894,8999,1.075,220
RAW,378.2,9894,9004,1.075,220
RAW,378.5,9903,9010,1.080,221
RAW,378.8,9914,9013,1.075,220
RAW,378.9,9923,9014,1.080,221
RAW,379.1,9919,9011,1.080,221
RAW,379.2,9927,9015,1.080,221
RAW,379.5,9949,9017,1.080,221
RAW,379.6,9949,9029,1.080,221
RAW,379.8,9957,9026,1.080,221
RAW,379.9,9955,9026,1.085,222
RAW,380.2,9945,9023,1.085,222
RAW,380.5,9947,9026,1.080,221
RAW,380.6,9952,9028,1.085,222
RAW,380.9,9951,9033,1.085,222
RAW,381.0,9955,9031,1.085,222
RAW,381.3,9962,9029,1.080,221
RAW,381.7,9979,9036,1.080,221
RAW,382.0,9985,9045,1.080,221
RAW,382.1,9994,9042,1.085,222
RAW,382.3,9997,9044,1.085,222
RAW,382.4,9998,9041,1.085,222
RAW,382.7,9997,9044,1.085,222
RAW,383.0,10009,9052,1.085,222
RAW,383.1,10003,9050,1.085,222
RAW,383.4,10006,9053,1.090,223
RAW,383.5,10007,9054,1.090,223
RAW,383.8,10012,9047,1.090,223
RAW,383.9,10014,9050,1.090,223
RAW,384.2,10021,9059,1.090,223
RAW,384.3,10016,9048,1.095,224
RAW,384.6,10015,9048,1.095,224
RAW,384.7,10018,9048,1.095,224
RAW,385.0,10018,9048,1.095,224
RAW,385.3,10022,9051,1.095,224
RAW,385.4,10027,9046,1.095,224
RAW,385.8,10020,9051,1.095,224
RAW,385.9,10015,9051,1.095,224
RAW,386.1,9986,9034,1.100,225
RAW,386.2,9972,9021,1.100,225
RAW,386.5,9926,9009,1.095,224
RAW,386.8,9905,9004,1.095,224
RAW,386.9,9915,9006,1.100,225
RAW,387.1,9932,9013,1.100,225
RAW,387.2,9937,9015,1.105,226
RAW,387.5,9947,9020,1.100,225
RAW,387.6,9946,9022,1.105,226
RAW,387.8,9951,9032,1.105,226
RAW,387.9,9955,9024,1.105,226
RAW,388.1,9968,9026,1.105,226
RAW,388.2,9972,9037,1.105,226
RAW,388.4,9976,9027,1.105,226
RAW,388.5,9979,9036,1.109,227
RAW,388.8,9974,9036,1.109,227
RAW,388.9,9987,9033,1.109,227
RAW,389.2,9980,9035,1.105,226
RAW,389.6,9976,9040,1.105,226
RAW,389.9,9979,9032,1.105,226
RAW,390.0,9983,9041,1.109,227
RAW,390.2,9996,9043,1.109,227
RAW,390.3,10001,9039,1.109,227
RAW,390.5,9997,9046,1.109,227
RAW,390.8,10003,9044,1.109,227
RAW,391.0,10005,9051,1.109,227
RAW,391.1,10007,9043,1.109,227
RAW,391.3,10010,9052,1.109,227
RAW,391.4,10008,9048,1.114,228
RAW,391.6,10011,9050,1.114,228
RAW,391.8,10012,9058,1.114,228
RAW,391.9,10009,9047,1.114,228
RAW,392.1,10012,9049,1.114,228
RAW,392.2,10009,9045,1.119,229
RAW,392.5,10015,9045,1.114,228
RAW,392.7,10025,9042,1.114,228
RAW,392.8,10020,9045,1.119,229
RAW,393.0,10020,9048,1.114,228
RAW,393.1,10024,9045,1.119,229
RAW,393.3,10024,9051,1.119,229
RAW,393.5,10026,9052,1.119,229
RAW,393.6,10028,9053,1.119,229
RAW,393.9,10025,9051,1.119,229
RAW,394.1,10024,9056,1.119,229
RAW,394.2,10031,9059,1.119,229
RAW,394.4,10041,9052,1.119,229
RAW,394.5,10034,9056,1.124,230
RAW,394.7,10028,9052,1.119,229
RAW,394.9,10015,9041,1.124,230
RAW,395.0,9999,9030,1.119,229
RAW,395.2,9967,9017,1.124,230
RAW,395.3,9941,9009,1.124,230
RAW,395.5,9920,9004,1.124,230
RAW,395.7,9919,8997,1.119,229
RAW,395.8,9912,8999,1.124,230
RAW,396.0,9924,9005,1.124,230
RAW,396.2,9931,9014,1.124,230
RAW,396.3,9942,9014,1.124,230
RAW,396.5,9955,9015,1.124,230
RAW,396.7,9951,9023,1.124,230
RAW,397.0,9964,9022,1.124,230
RAW,397.3,9981,9024,1.119,229
RAW,397.7,9974,9029,1.119,229
RAW,398.0,9978,9031,1.119,229
RAW,398.1,9979,9028,1.124,230
RAW,398.3,9971,9026,1.124,230
RAW,398.4,9979,9027,1.124,230
RAW,398.7,9977,9024,1.124,230
RAW,398.8,9974,9033,1.129,231
RAW,399.0,9991,9034,1.124,230
RAW,399.1,9987,9035,1.129,231
RAW,399.3,9996,9034,1.129,231
RAW,399.4,9990,9034,1.129,231
RAW,399.6,10001,9041,1.129,231
RAW,399.7,10002,9046,1.134,232
RAW,400.0,10004,9036,1.134,232
RAW,400.1,10014,9041,1.134,232
RAW,400.4,10012,9041,1.129,231
RAW,400.5,10010,9045,1.134,232
RAW,400.8,10013,9050,1.129,231
RAW,400.9,10010,9042,1.134,232
RAW,401.1,10025,9044,1.129,231
RAW,401.2,10022,9041,1.134,232
RAW,401.4,10011,9039,1.134,232
RAW,401.5,10023,9044,1.139,233
RAW,401.8,10021,9042,1.129,231
RAW,401.9,10022,9042,1.134,232
RAW,402.2,10024,9040,1.134,232
RAW,402.5,10034,9049,1.129,231
RAW,402.6,10036,9046,1.134,232
RAW,402.8,10040,9052,1.134,232
RAW,402.9,10034,9056,1.134,232
RAW,403.2,10035,9048,1.134,232
RAW,403.3,10041,9053,1.134,232
RAW,403.5,10034,9049,1.129,231
RAW,403.6,10017,9042,1.134,232
RAW,403.8,9996,9029,1.139,233
RAW,403.9,9993,9025,1.134,232
RAW,404.1,9964,9020,1.139,233
RAW,404.4,9956,9016,1.134,232
RAW,404.7,9972,9026,1.134,232
RAW,404.8,9975,9032,1.134,232
RAW,405.0,9976,9028,1.134,232
RAW,405.1,9978,9033,1.134,232
RAW,405.3,9989,9030,1.139,233
RAW,405.7,9998,9038,1.134,232
RAW,406.0,10009,9047,1.129,231
RAW,406.2,10018,9049,1.134,232
RAW,406.3,10014,9048,1.134,232
RAW,406.6,10019,9049,1.129,231
RAW,406.7,10015,9047,1.134,232
RAW,406.9,10009,9045,1.134,232
RAW,407.0,10004,9038,1.139,233
RAW,407.2,10003,9042,1.134,232
RAW,407.3,10001,9034,1.139,233
RAW,407.6,10005,9039,1.134,232
RAW,407.8,10004,9041,1.134,232
RAW,407.9,10007,9039,1.139,233
RAW,408.2,10023,9043,1.134,232
RAW,408.3,10015,9040,1.139,233
RAW,408.6,10025,9046,1.134,232
RAW,408.7,10020,9050,1.134,232
RAW,408.9,10023,9043,1.134,232
RAW,409.0,10020,9045,1.139,233
RAW,409.2,10020,9044,1.139,233
RAW,409.3,10024,9041,1.139,233
RAW,409.5,10020,9047,1.139,233
RAW,409.6,10024,9040,1.139,233
RAW,409.9,10032,9044,1.139,233
RAW,410.2,10029,9046,1.134,232
RAW,410.3,10027,9049,1.139,233
RAW,410.6,10032,9052,1.134,232
RAW,410.9,10027,9051,1.139,233
RAW,411.3,10038,9047,1.134,232
RAW,411.4,10037,9052,1.134,232
RAW,411.6,10032,9050,1.134,232
RAW,411.7,10034,9046,1.134,232
RAW,412.0,10008,9038,1.134,232
RAW,412.1,9992,9032,1.139,233
RAW,412.3,9969,9011,1.134,232
RAW,412.6,9951,9009,1.134,232
RAW,413.0,9978,9023,1.134,232
RAW,413.3,9991,9027,1.134,232
RAW,413.6,9998,9024,1.134,232
RAW,413.7,9997,9021,1.139,233
RAW,413.9,10001,9032,1.134,232
RAW,414.0,10008,9031,1.139,233
RAW,414.2,10013,9031,1.139,233
RAW,414.3,10018,9035,1.144,234
RAW,414.6,10020,9032,1.139,233
RAW,414.7,10016,9035,1.144,234
RAW,414.9,10014,9034,1.139,233
RAW,415.0,10009,9038,1.144,234
RAW,415.2,10011,9035,1.144,234
RAW,415.3,10012,9036,1.149,235
RAW,415.6,10006,9040,1.144,234
RAW,415.9,10012,9045,1.144,234
RAW,416.0,10015,9045,1.144,234
RAW,416.3,10017,9042,1.139,233
RAW,416.4,10022,9046,1.144,234
RAW,416.6,10025,9044,1.144,234
RAW,416.7,10024,9041,1.144,234
RAW,416.9,10020,9044,1.144,234
RAW,417.0,10027,9044,1.149,235
RAW,417.2,10031,9043,1.144,234
RAW,417.4,10033,9046,1.149,235
RAW,417.5,10035,9043,1.149,235
RAW,417.7,10029,9042,1.144,234
RAW,417.8,10037,9045,1.149,235
RAW,418.0,10043,9051,1.144,234
RAW,418.2,10031,9047,1.144,234
RAW,418.3,10029,9046,1.144,234
RAW,418.5,10040,9049,1.144,234
RAW,418.8,10034,9050,1.144,234
RAW,419.0,10038,9047,1.144,234
RAW,419.2,10037,9048,1.139,233
RAW,419.3,10035,9040,1.144,234
RAW,419.5,10040,9048,1.139,233
RAW,419.6,10047,9049,1.149,235
RAW,419.8,10037,9052,1.144,234
RAW,420.0,10045,9042,1.144,234
RAW,420.1,10041,9050,1.144,234
RAW,420.3,10047,9046,1.144,234
RAW,420.5,10048,9044,1.144,234
RAW,420.7,10032,9042,1.144,234
RAW,420.8,10009,9035,1.144,234
RAW,421.0,9987,9019,1.139,233
RAW,421.2,9954,9007,1.144,234
RAW,421.3,9937,8997,1.144,234
RAW,421.5,9926,9002,1.144,234
RAW,421.7,9928,9003,1.144,234
RAW,421.9,9943,9015,1.139,233
RAW,422.1,9962,9021,1.139,233
RAW,422.3,9955,9016,1.139,233
RAW,422.5,9960,9021,1.139,233
RAW,422.6,9961,9022,1.139,233
RAW,422.8,9966,9020,1.139,233
RAW,423.0,9978,9024,1.139,233
RAW,423.2,9992,9032,1.139,233
RAW,423.3,9992,9030,1.139,233
RAW,423.5,9990,9033,1.139,233
RAW,423.8,9989,9039,1.139,233
RAW,424.1,9991,9036,1.134,232
RAW,424.2,9990,9039,1.134,232
RAW,424.4,9992,9037,1.134,232
RAW,424.7,9991,9028,1.134,232
RAW,425.0,10002,9041,1.134,232
RAW,425.1,10003,9036,1.134,232
RAW,425.3,10009,9036,1.139,233
RAW,425.7,10006,9035,1.129,231
RAW,425.8,10005,9041,1.134,232
RAW,426.0,10019,9040,1.129,231
RAW,426.1,10023,9042,1.134,232
RAW,426.3,10018,9040,1.134,232
RAW,426.4,10018,9045,1.134,232
RAW,426.6,10019,9042,1.134,232
RAW,426.7,10022,9042,1.134,232
RAW,426.9,10022,9041,1.134,232
RAW,427.3,10019,9044,1.129,231
RAW,427.6,10024,9044,1.129,231
RAW,427.7,10026,9044,1.129,231
RAW,427.9,10030,9053,1.129,231
RAW,428.0,10033,9046,1.134,232
RAW,428.2,10034,9046,1.129,231
RAW,428.5,10039,9054,1.129,231
RAW,428.8,10047,9058,1.124,230
RAW,428.9,10043,9055,1.129,231
RAW,429.2,10042,9059,1.129,231
RAW,429.5,10029,9047,1.124,230
RAW,429.6,10018,9043,1.129,231
RAW,429.8,9985,9027,1.124,230
RAW,430.1,9936,9009,1.124,230
RAW,430.4,9924,9007,1.129,231
RAW,430.7,9941,9014,1.119,229
RAW,430.9,9950,9018,1.124,230
RAW,431.2,9950,9013,1.119,229
RAW,431.4,9952,9014,1.124,230
RAW,431.5,9959,9016,1.124,230
RAW,431.7,9968,9024,1.124,230
RAW,431.9,9981,9027,1.124,230
RAW,432.0,9987,9035,1.124,230
RAW,432.2,9993,9039,1.124,230
RAW,432.5,9981,9031,1.124,230
RAW,432.8,9982,9025,1.119,229
RAW,433.1,9979,9026,1.119,229
RAW,433.4,9996,9038,1.119,229
RAW,433.7,9999,9037,1.119,229
RAW,434.0,10007,9039,1.114,228
RAW,434.1,10015,9037,1.119,229
RAW,434.3,10017,9045,1.119,229
RAW,434.4,10024,9046,1.119,229
RAW,434.6,10026,9043,1.119,229
RAW,434.7,10019,9041,1.119,229
RAW,434.9,10028,9046,1.124,230
RAW,435.2,10026,9041,1.119,229
RAW,435.3,10023,9048,1.119,229
RAW,435.6,10031,9042,1.119,229
RAW,435.9,10035,9039,1.114,228
RAW,436.0,10032,9043,1.114,228
RAW,436.2,10032,9036,1.114,228
RAW,436.5,10038,9039,1.114,228
RAW,436.9,10041,9046,1.109,227
RAW,437.2,10027,9049,1.109,227
RAW,437.3,10033,9042,1.109,227
RAW,437.5,10039,9042,1.109,227
RAW,437.6,10045,9046,1.109,227
RAW,437.8,10041,9044,1.109,227
RAW,438.1,10050,9044,1.109,227
RAW,438.4,10040,9048,1.105,226
RAW,438.5,10044,9044,1.105,226
RAW,438.8,10025,9031,1.105,226
RAW,439.1,9984,9019,1.100,225
RAW,439.4,9937,9003,1.100,225
RAW,439.6,9920,8997,1.100,225
RAW,439.9,9931,8994,1.100,225
RAW,440.2,9942,9006,1.095,224
RAW,440.4,9950,9009,1.095,224
RAW,440.6,9952,9010,1.095,224
RAW,441.0,9988,9029,1.095,224
RAW,441.3,10007,9034,1.095,224
RAW,441.6,10008,9031,1.095,224
RAW,441.9,9993,9022,1.090,223
RAW,442.2,9974,9012,1.090,223
RAW,442.3,9972,9011,1.095,224
RAW,442.5,9976,9014,1.095,224
RAW,442.7,9985,9026,1.095,224
RAW,443.0,9996,9025,1.095,224
RAW,443.3,10013,9028,1.095,224
RAW,443.4,10020,9033,1.100,225
RAW,443.6,10021,9040,1.095,224
RAW,443.9,10024,9039,1.095,224
RAW,444.0,10032,9039,1.100,225
RAW,444.2,10030,9041,1.100,225
RAW,444.3,10037,9039,1.100,225
RAW,444.5,10032,9039,1.100,225
RAW,444.8,10030,9035,1.095,224
RAW,444.9,10028,9037,1.105,226
RAW,445.2,10033,9035,1.095,224
RAW,445.5,10036,9036,1.095,224
RAW,445.6,10033,9040,1.095,224
RAW,445.8,10029,9031,1.100,225
RAW,445.9,10035,9022,1.100,225
RAW,446.1,10033,9029,1.100,225
RAW,446.5,10030,9035,1.095,224
RAW,446.8,10042,9031,1.095,224
RAW,447.1,10046,9034,1.095,224
RAW,447.2,10042,9034,1.095,224
RAW,447.4,10030,9027,1.095,224
RAW,447.5,10003,9020,1.100,225
RAW,447.7,9966,9002,1.100,225
RAW,448.0,9919,8991,1.100,225
RAW,448.1,9908,8985,1.100,225
RAW,448.3,9917,8984,1.100,225
RAW,448.6,9945,8990,1.100,225
RAW,448.8,9964,9006,1.100,225
RAW,449.0,9980,9008,1.095,224
RAW,449.3,9983,9021,1.095,224
RAW,449.6,9998,9014,1.095,224
RAW,449.9,9990,9013,1.095,224
RAW,450.0,10005,9018,1.095,224
RAW,450.2,10005,9022,1.095,224
RAW,450.3,10003,9016,1.095,224
RAW,450.5,10003,9010,1.100,225
RAW,450.6,10001,9014,1.100,225
RAW,450.8,10009,9017,1.100,225
RAW,451.1,10010,9018,1.100,225
RAW,451.2,10015,9009,1.100,225
RAW,451.4,10010,9020,1.100,225
RAW,451.5,10021,9020,1.105,226
RAW,451.8,10022,9021,1.100,225
RAW,452.1,10026,9028,1.100,225
RAW,452.2,10030,9022,1.100,225
RAW,452.4,10028,9026,1.100,225
RAW,452.5,10030,9031,1.105,226
RAW,452.7,10029,9021,1.100,225
RAW,452.8,10033,9027,1.100,225
RAW,453.0,10033,9019,1.100,225
RAW,453.1,10032,9025,1.100,225
RAW,453.4,10036,9030,1.100,225
RAW,453.7,10038,9026,1.100,225
RAW,453.8,10042,9024,1.100,225
RAW,454.0,10044,9029,1.100,225
RAW,454.1,10040,9033,1.105,226
RAW,454.3,10045,9026,1.100,225
RAW,454.4,10039,9026,1.100,225
RAW,454.7,10047,9031,1.095,224
RAW,455.0,10041,9026,1.095,224
RAW,455.1,10040,9029,1.095,224
RAW,455.3,10044,9029,1.095,224
RAW,455.4,10046,9032,1.100,225
RAW,455.6,10045,9036,1.095,224
RAW,455.9,10056,9040,1.095,224
RAW,456.0,10053,9043,1.095,224
RAW,456.2,10048,9036,1.095,224
RAW,456.3,10043,9032,1.100,225
RAW,456.6,10018,9014,1.090,223
RAW,456.9,9963,9002,1.090,223
RAW,457.2,9949,8996,1.090,223
RAW,457.4,9958,8996,1.085,222
RAW,457.5,9961,8997,1.090,223
RAW,457.7,9970,9010,1.085,222
RAW,457.8,9988,9013,1.090,223
RAW,458.0,9986,9009,1.085,222
RAW,458.3,9979,9015,1.085,222
RAW,458.6,9981,9012,1.080,221
RAW,458.9,9984,9012,1.080,221
RAW,459.3,9974,9007,1.070,219
RAW,459.6,9974,9002,1.070,219
RAW,459.9,9956,8999,1.065,218
RAW,460.0,9957,8999,1.065,218
RAW,460.2,9950,8993,1.065,218
RAW,460.5,9965,8991,1.061,217
RAW,460.8,9979,9001,1.061,217
RAW,460.9,9979,9005,1.061,217
RAW,461.1,9987,9007,1.056,216
RAW,461.2,9986,9004,1.061,217
RAW,461.4,9986,9005,1.056,216
RAW,461.5,9986,8999,1.056,216
RAW,461.7,10000,9009,1.056,216
RAW,461.8,10004,9002,1.056,216
RAW,462.0,10002,9016,1.051,215
RAW,462.3,9998,9007,1.046,214
RAW,462.4,10002,9005,1.051,215
RAW,462.7,10008,9002,1.041,213
RAW,462.8,10003,9006,1.041,213
RAW,463.0,9999,9004,1.041,213
RAW,463.1,10000,9002,1.041,213
RAW,463.3,9997,9006,1.036,212
RAW,463.4,9998,9002,1.036,212
RAW,463.6,10007,9004,1.036,212
RAW,464.0,10017,9007,1.031,211
RAW,464.1,10018,9014,1.026,210
RAW,464.4,10027,9016,1.026,210
RAW,464.8,10030,9017,1.017,208
RAW,465.1,9989,8993,1.017,208
RAW,465.4,9913,8961,1.012,207
RAW,465.5,9891,8957,1.017,208
RAW,465.7,9858,8942,1.012,207
RAW,465.8,9849,8943,1.012,207
RAW,466.0,9832,8940,1.012,207
RAW,466.3,9857,8942,1.007,206
RAW,466.6,9878,8955,1.007,206
RAW,466.8,9891,8962,1.007,206
RAW,467.0,9903,8962,1.002,205
RAW,467.1,9912,8968,1.007,206
RAW,467.4,9938,8982,1.002,205
RAW,467.7,9958,8979,1.002,205
RAW,467.8,9953,8982,1.002,205
RAW,468.0,9962,8984,1.002,205
RAW,468.3,9955,8985,0.997,204
RAW,468.6,9973,8987,0.997,204
RAW,469.0,9979,8991,0.992,203
RAW,469.3,9990,8990,0.987,202
RAW,469.7,9995,8991,0.987,202
RAW,470.0,10002,8998,0.987,202
RAW,470.4,10007,8995,0.987,202
RAW,470.5,10005,8999,0.987,202
RAW,470.8,10008,9003,0.982,201
RAW,471.2,10010,8994,0.982,201
RAW,471.6,10013,9005,0.978,200
RAW,471.9,10012,9001,0.982,201
RAW,472.0,10023,9005,0.982,201
RAW,472.3,10013,9005,0.982,201
RAW,472.4,10022,9000,0.982,201
RAW,472.7,10018,9001,0.982,201
RAW,472.8,10024,8998,0.982,201
RAW,473.1,10020,8997,0.982,201
RAW,473.4,10009,8988,0.982,201
RAW,473.5,9994,8985,0.987,202
RAW,473.8,9943,8959,0.982,201
RAW,473.9,9930,8957,0.982,201
RAW,474.2,9925,8954,0.982,201
RAW,474.6,9934,8964,0.982,201
RAW,474.9,9948,8972,0.982,201
RAW,475.4,9980,8979,0.978,200
RAW,475.8,9993,8991,0.978,200
RAW,475.9,9996,8991,0.982,201
RAW,476.1,9991,8986,0.978,200
RAW,476.2,9996,8991,0.982,201
RAW,476.4,9992,8988,0.982,201
RAW,476.8,9997,8988,0.982,201
RAW,476.9,9992,8985,0.982,201
RAW,477.2,9998,8980,0.982,201
RAW,477.6,10003,8989,0.978,200
RAW,477.7,10003,8992,0.982,201
RAW,477.9,10008,8990,0.982,201
RAW,478.0,10007,8994,0.987,202
RAW,478.2,10012,8996,0.982,201
RAW,478.3,10018,8994,0.982,201
RAW,478.7,10018,9000,0.978,200
RAW,478.8,10015,8991,0.982,201
RAW,479.1,10022,8996,0.978,200
RAW,479.2,10026,8999,0.982,201
RAW,479.5,10021,8995,0.982,201
RAW,479.6,10026,8998,0.978,200
RAW,479.8,10022,8996,0.978,200
RAW,479.9,10030,8993,0.982,201
RAW,480.3,10026,8998,0.973,199
RAW,480.4,10029,9002,0.973,199
RAW,480.8,10032,9003,0.973,199
RAW,480.9,10033,9003,0.973,199
RAW,481.2,10032,8999,0.968,198
RAW,481.6,10026,9000,0.968,198
RAW,481.7,10015,8997,0.963,197
RAW,482.1,9958,8966,0.963,197
RAW,482.5,9937,8959,0.958,196
RAW,482.6,9939,8965,0.958,196
RAW,482.9,9952,8967,0.963,197
RAW,483.3,9978,8972,0.958,196
RAW,483.4,9979,8970,0.958,196
RAW,483.7,9983,8982,0.958,196
RAW,484.2,10002,8981,0.953,195
RAW,484.3,9998,8985,0.958,196
RAW,484.6,10000,8980,0.958,196
RAW,484.7,10002,8984,0.958,196
RAW,485.0,9998,8978,0.953,195
RAW,485.1,9997,8976,0.958,196
RAW,485.4,10000,8974,0.953,195
RAW,485.5,10003,8979,0.958,196
RAW,485.9,10004,8985,0.953,195
RAW,486.0,10004,8981,0.958,196
RAW,486.2,10006,8984,0.958,196
RAW,486.3,10009,8980,0.958,196
RAW,486.4,10010,8982,0.958,196
RAW,486.8,10016,8986,0.958,196
RAW,486.9,10017,8984,0.958,196
RAW,487.1,10019,8988,0.958,196
RAW,487.2,10011,8987,0.958,196
RAW,487.4,10018,8987,0.958,196
RAW,487.5,10018,8989,0.963,197
RAW,487.7,10028,8991,0.963,197
RAW,487.8,10017,8988,0.958,196
RAW,488.1,10026,8989,0.958,196
RAW,488.2,10028,8988,0.958,196
RAW,488.4,10020,8994,0.958,196
RAW,488.5,10023,8994,0.958,196
RAW,488.8,10030,8986,0.958,196
RAW,489.1,10025,8990,0.958,196
RAW,489.3,10029,8989,0.953,195
RAW,489.4,10031,8997,0.958,196
RAW,489.7,10033,8993,0.953,195
RAW,490.0,10035,8988,0.953,195
RAW,490.1,10028,9000,0.958,196
RAW,490.3,10019,8986,0.953,195
RAW,490.4,10012,8982,0.958,196
RAW,490.6,9988,8973,0.958,196
RAW,490.7,9986,8973,0.958,196
RAW,490.9,9975,8972,0.958,196
RAW,491.2,9971,8964,0.958,196
RAW,491.5,9972,8971,0.958,196
RAW,491.8,9997,8981,0.953,195
RAW,492.0,9997,8983,0.953,195
RAW,492.1,9994,8981,0.958,196
RAW,492.3,10003,8985,0.958,196
RAW,492.4,10010,8984,0.958,196
RAW,492.6,10008,8983,0.963,197
RAW,492.7,10010,8989,0.963,197
RAW,493.0,10018,8983,0.958,196
RAW,493.3,10019,8989,0.958,196
RAW,493.6,10006,8981,0.958,196
RAW,493.7,10012,8987,0.963,197
RAW,493.9,10010,8980,0.963,197
RAW,494.0,10011,8980,0.968,198
RAW,494.2,10016,8984,0.963,197
RAW,494.3,10009,8981,0.968,198
RAW,494.6,10020,8978,0.968,198
RAW,494.7,10021,8985,0.968,198
RAW,494.9,10022,8984,0.968,198
RAW,495.0,10021,8992,0.968,198
RAW,495.3,10019,8985,0.968,198
RAW,495.6,10026,8984,0.968,198
RAW,495.8,10031,8994,0.968,198
RAW,495.9,10032,8986,0.968,198
RAW,496.0,10034,8992,0.973,199
RAW,496.2,10034,8989,0.973,199
RAW,496.3,10034,8992,0.973,199
RAW,496.6,10024,8987,0.968,198
RAW,496.7,10030,8984,0.973,199
RAW,496.9,10032,8987,0.973,199
RAW,497.0,10041,8987,0.978,200
RAW,497.2,10041,8996,0.978,200
RAW,497.3,10040,8998,0.978,200
RAW,497.6,10042,8995,0.973,199
RAW,497.7,10038,9001,0.978,200
RAW,497.9,10033,8995,0.978,200
RAW,498.0,10031,8990,0.978,200
RAW,498.3,10008,8982,0.978,200
RAW,498.4,10001,8977,0.978,200
RAW,498.6,9992,8976,0.982,201
RAW,498.7,9980,8967,0.982,201
RAW,498.9,9983,8971,0.982,201
RAW,499.2,9986,8974,0.982,201
RAW,499.3,9990,8972,0.982,201
RAW,499.5,9997,8979,0.982,201
RAW,499.6,10003,8989,0.987,202
RAW,499.8,10012,8982,0.982,201
RAW,499.9,10008,8981,0.987,202
RAW,500.2,10006,8988,0.982,201
RAW,500.5,10020,8988,0.987,202
RAW,500.8,10024,8992,0.982,201
RAW,500.9,10020,8991,0.987,202
RAW,501.1,10022,8986,0.987,202
RAW,501.2,10026,8987,0.992,203
RAW,501.5,10024,8988,0.992,203
RAW,501.6,10016,8989,0.987,202
RAW,501.8,10017,8989,0.987,202
RAW,501.9,10021,8995,0.992,203
RAW,502.1,10025,8994,0.992,203
RAW,502.2,10021,8990,0.997,204
RAW,502.5,10030,9000,0.992,203
RAW,502.8,10037,8995,0.992,203
RAW,502.9,10034,9000,0.997,204
RAW,503.1,10038,9003,0.992,203
RAW,503.2,10035,8999,0.997,204
RAW,503.5,10037,8996,0.997,204
RAW,503.7,10035,8996,0.997,204
RAW,503.8,10035,8998,1.002,205
RAW,504.1,10045,8995,0.997,204
RAW,504.2,10043,8997,0.997,204
RAW,504.5,10036,8996,0.997,204
RAW,504.8,10045,9004,0.997,204
RAW,505.1,10041,9001,0.997,204
RAW,505.4,10035,8991,0.997,204
RAW,505.7,9998,8983,0.997,204
RAW,506.0,9966,8966,0.997,204
RAW,506.2,9955,8976,1.002,205
RAW,506.3,9962,8969,1.002,205
RAW,506.5,9972,8975,1.002,205
RAW,506.6,9975,8979,1.002,205
RAW,506.8,9978,8981,1.007,206
RAW,507.0,9982,8979,1.007,206
RAW,507.1,9986,8984,1.007,206
RAW,507.3,9992,8982,1.007,206
RAW,507.4,9991,8982,1.012,207
RAW,507.6,10001,8987,1.007,206
RAW,507.7,10002,8985,1.012,207
RAW,508.0,10008,8986,1.012,207
RAW,508.1,10013,8994,1.012,207
RAW,508.4,10004,8988,1.012,207
RAW,508.5,10000,8987,1.017,208
RAW,509.0,9990,8987,1.012,207
RAW,509.1,10002,8984,1.012,207
RAW,509.5,9996,8992,1.012,207
RAW,509.6,10006,8986,1.012,207
RAW,509.9,10012,8992,1.012,207
RAW,510.0,10017,8990,1.017,208
RAW,510.4,10025,8997,1.012,207
RAW,510.5,10013,9002,1.017,208
RAW,511.0,10029,9002,1.012,207
RAW,511.1,10024,8999,1.012,207
RAW,511.5,10020,9007,1.012,207
RAW,511.6,10028,9000,1.012,207
RAW,511.8,10033,9002,1.012,207
RAW,511.9,10030,9005,1.012,207
RAW,512.0,10031,9005,1.017,208
RAW,512.4,10036,9005,1.012,207
RAW,512.5,10037,9002,1.012,207
RAW,512.9,10025,8996,1.012,207
RAW,513.0,10007,8992,1.012,207
RAW,513.3,9942,8954,1.012,207
RAW,513.8,9895,8943,1.007,206
RAW,513.9,9890,8946,1.007,206
RAW,514.1,9905,8944,1.007,206
RAW,514.2,9912,8947,1.007,206
RAW,514.4,9925,8958,1.007,206
RAW,514.5,9930,8959,1.007,206
RAW,514.7,9941,8961,1.012,207
RAW,514.8,9950,8961,1.012,207
RAW,515.0,9954,8971,1.012,207
RAW,515.1,9970,8976,1.012,207
RAW,515.4,9979,8981,1.007,206
RAW,515.5,9982,8981,1.012,207
RAW,515.8,9979,8973,1.007,206
RAW,515.9,9985,8980,1.007,206
RAW,516.2,9983,8976,1.007,206
RAW,516.3,9977,8976,1.007,206
RAW,516.5,9981,8977,1.002,205
RAW,516.6,9979,8981,1.007,206
RAW,517.0,9987,8978,1.002,205
RAW,517.1,9997,8986,1.002,205
RAW,517.4,10002,8993,0.997,204
RAW,517.5,10003,8979,1.002,205
RAW,517.8,10009,8980,1.002,205
RAW,517.9,10012,8986,1.002,205
RAW,518.2,10017,8991,1.002,205
RAW,518.3,10018,8995,0.997,204
RAW,518.7,10026,8993,0.992,203
RAW,518.8,10025,8990,0.997,204
RAW,519.2,10023,8986,0.992,203
RAW,519.3,10019,8993,0.992,203
RAW,519.6,10019,8991,0.992,203
RAW,519.7,10024,8998,0.997,204
RAW,520.1,10030,8988,0.992,203
RAW,520.2,10028,8999,0.992,203
RAW,520.6,10025,8998,0.992,203
RAW,520.7,10024,8995,0.992,203
RAW,521.0,9993,8978,0.992,203
RAW,521.1,9976,8974,0.997,204
RAW,521.3,9940,8957,0.997,204
RAW,521.4,9929,8954,0.997,204
RAW,521.8,9930,8954,0.992,203
RAW,521.9,9926,8949,0.992,203
RAW,522.1,9938,8959,0.992,203
RAW,522.2,9951,8967,0.997,204
RAW,522.5,9960,8967,0.997,204
RAW,522.9,9978,8973,0.992,203
RAW,523.4,9993,8980,0.992,203
RAW,523.5,9991,8977,0.992,203
RAW,523.8,9988,8982,0.992,203
RAW,523.9,9993,8976,0.997,204
RAW,524.2,9994,8979,0.997,204
RAW,524.3,9991,8979,0.997,204
RAW,524.5,9997,8978,0.997,204
RAW,525.0,10002,8983,0.992,203
RAW,525.1,10004,8978,0.992,203
RAW,525.5,10013,8986,0.992,203
RAW,525.6,10009,8976,0.997,204
RAW,526.0,10015,8984,0.997,204
RAW,526.1,10014,8989,0.997,204
RAW,526.4,10024,8991,0.997,204
RAW,526.5,10026,8987,1.002,205
RAW,526.9,10027,8995,0.997,204
RAW,527.0,10035,8994,0.997,204
RAW,527.3,10032,8988,0.997,204
RAW,527.4,10028,8988,1.002,205
RAW,527.7,10031,8990,0.997,204
RAW,528.3,10031,8985,0.997,204
RAW,528.4,10036,8989,0.997,204
RAW,528.8,10036,8989,0.997,204
RAW,528.9,10035,8991,0.997,204
RAW,529.2,10024,8981,0.997,204
RAW,529.3,10010,8975,1.002,205
RAW,529.6,9966,8956,1.002,205
RAW,529.7,9951,8950,1.002,205
RAW,530.0,9930,8945,1.002,205
RAW,530.1,9935,8951,1.002,205
RAW,530.3,9951,8948,1.007,206
RAW,530.4,9953,8951,1.012,207
RAW,530.7,9976,8960,1.007,206
RAW,531.0,9992,8961,1.007,206
RAW,531.1,9989,8962,1.007,206
RAW,531.5,10005,8962,1.007,206
RAW,531.6,10008,8963,1.007,206
RAW,532.1,10011,8968,1.007,206
RAW,532.2,10018,8972,1.007,206
RAW,532.5,10010,8966,1.012,207
RAW,532.6,10015,8969,1.012,207
RAW,533.1,10012,8967,1.007,206
RAW,533.2,10020,8966,1.017,208
RAW,533.7,10029,8970,1.012,207
RAW,533.8,10027,8974,1.012,207
RAW,534.2,10029,8971,1.017,208
RAW,534.3,10031,8973,1.017,208
RAW,534.8,10034,8971,1.012,207
RAW,534.9,10036,8972,1.017,208
RAW,535.3,10039,8969,1.017,208
RAW,535.4,10033,8972,1.022,209
RAW,535.7,10034,8973,1.022,209
RAW,536.0,10044,8969,1.022,209
RAW,536.1,10040,8973,1.022,209
RAW,536.4,10040,8974,1.022,209
RAW,536.7,10045,8975,1.022,209
RAW,536.8,10036,8976,1.026,210
RAW,537.0,10041,8979,1.026,210
RAW,537.1,10041,8974,1.031,211
RAW,537.3,10051,8979,1.026,210
RAW,537.4,10044,8979,1.031,211
RAW,537.7,10047,8971,1.031,211
RAW,537.8,10050,8974,1.031,211
RAW,538.1,10047,8968,1.031,211
RAW,538.4,10020,8962,1.031,211
RAW,538.5,10016,8961,1.031,211
RAW,538.7,10009,8960,1.031,211
RAW,538.8,10004,8963,1.036,212
RAW,539.0,10006,8961,1.036,212
RAW,539.1,10006,8967,1.036,212
RAW,539.4,10020,8961,1.036,212
RAW,539.5,10025,8965,1.036,212
RAW,539.8,10025,8969,1.036,212
RAW,540.1,10024,8969,1.031,211
RAW,540.2,10029,8963,1.036,212
RAW,540.4,10027,8974,1.036,212
RAW,540.5,10036,8969,1.041,213
RAW,540.8,10036,8970,1.036,212
RAW,540.9,10037,8976,1.041,213
RAW,541.2,10025,8971,1.036,212
RAW,541.3,10030,8970,1.041,213
RAW,541.5,10030,8972,1.041,213
RAW,541.6,10038,8972,1.041,213
RAW,541.7,10030,8974,1.041,213
RAW,541.9,10032,8971,1.041,213
RAW,542.0,10034,8965,1.046,214
RAW,542.2,10033,8973,1.046,214
RAW,542.3,10041,8978,1.046,214
RAW,542.6,10043,8980,1.046,214
RAW,542.7,10032,8981,1.046,214
RAW,543.0,10042,8977,1.041,213
RAW,543.1,10041,8980,1.046,214
RAW,543.3,10047,8973,1.046,214
RAW,543.4,10046,8979,1.046,214
RAW,543.7,10043,8986,1.046,214
RAW,544.0,10047,8980,1.046,214
RAW,544.1,10044,8983,1.046,214
RAW,544.4,10046,8978,1.046,214
RAW,544.7,10048,8978,1.041,213
RAW,544.8,10046,8982,1.046,214
RAW,545.1,10050,8973,1.041,213
RAW,545.4,10046,8976,1.041,213
RAW,545.7,10059,8974,1.041,213
RAW,545.8,10053,8981,1.041,213
RAW,546.1,10055,8976,1.041,213
RAW,546.2,10045,8979,1.046,214
RAW,546.5,10037,8971,1.046,214
RAW,546.8,10012,8964,1.041,213
RAW,547.0,10013,8957,1.046,214
RAW,547.1,10010,8958,1.046,214
RAW,547.2,10017,8959,1.046,214
RAW,547.5,10016,8963,1.046,214
RAW,547.6,10021,8963,1.046,214
RAW,547.8,10028,8969,1.051,215
RAW,547.9,10033,8968,1.051,215
RAW,548.2,10035,8976,1.046,214
RAW,548.3,10033,8974,1.051,215
RAW,548.5,10035,8970,1.051,215
RAW,548.8,10036,8964,1.046,214
RAW,548.9,10036,8974,1.046,214
RAW,549.2,10038,8971,1.046,214
RAW,549.3,10042,8969,1.051,215
RAW,549.6,10041,8971,1.046,214
RAW,549.7,10042,8971,1.051,215
RAW,549.9,10038,8965,1.046,214
RAW,550.0,10045,8973,1.051,215
RAW,550.2,10045,8968,1.051,215
RAW,550.3,10039,8964,1.056,216
RAW,550.6,10045,8965,1.051,215
RAW,550.7,10044,8968,1.051,215
RAW,551.0,10046,8970,1.051,215
RAW,551.1,10049,8970,1.051,215
RAW,551.3,10051,8971,1.051,215
RAW,551.4,10052,8967,1.051,215
RAW,551.7,10052,8971,1.051,215
RAW,552.0,10053,8976,1.051,215
RAW,552.1,10054,8972,1.051,215
RAW,552.4,10052,8982,1.051,215
RAW,552.5,10048,8975,1.051,215
RAW,552.8,10060,8975,1.051,215
RAW,552.9,10058,8978,1.056,216
RAW,553.1,10052,8978,1.051,215
RAW,553.2,10062,8980,1.056,216
RAW,553.4,10061,8977,1.051,215
RAW,553.5,10057,8972,1.051,215
RAW,553.8,10053,8973,1.051,215
RAW,553.9,10050,8975,1.051,215
RAW,554.2,10060,8977,1.051,215
RAW,554.3,10057,8972,1.051,215
RAW,554.6,10062,8972,1.051,215
RAW,554.9,10039,8960,1.051,215
RAW,555.2,10011,8955,1.051,215
RAW,555.3,10008,8955,1.051,215
RAW,555.6,10006,8946,1.046,214
RAW,555.7,10004,8945,1.051,215
RAW,555.9,10007,8951,1.051,215
RAW,556.0,10010,8954,1.051,215
RAW,556.1,10017,8955,1.051,215
RAW,556.3,10020,8960,1.056,216
RAW,556.4,10034,8958,1.056,216
RAW,556.6,10031,8956,1.056,216
RAW,556.7,10033,8959,1.056,216
RAW,557.0,10030,8957,1.056,216
RAW,557.3,10044,8965,1.051,215
RAW,557.4,10036,8963,1.056,216
RAW,557.7,10045,8966,1.051,215
RAW,558.0,10036,8962,1.051,215
RAW,558.2,10037,8956,1.051,215
RAW,558.3,10039,8956,1.051,215
RAW,558.4,10036,8959,1.051,215
RAW,558.9,10032,8961,1.051,215
RAW,559.0,10048,8962,1.051,215
RAW,559.6,10053,8967,1.046,214
RAW,559.7,10056,8970,1.051,215
RAW,560.2,10047,8967,1.046,214
RAW,560.3,10046,8964,1.051,215
RAW,560.4,10049,8969,1.051,215
RAW,560.8,10052,8971,1.051,215
RAW,560.9,10052,8966,1.051,215
RAW,561.3,10056,8966,1.051,215
RAW,561.4,10056,8965,1.056,216
RAW,562.2,10058,8971,1.046,214
RAW,562.3,10060,8969,1.051,215
RAW,562.8,10061,8972,1.051,215
RAW,562.9,10060,8976,1.051,215
RAW,563.6,10060,8973,1.046,214
RAW,563.7,10057,8964,1.046,214
RAW,564.3,10008,8949,1.046,214
RAW,564.4,10015,8950,1.051,215
RAW,564.8,10018,8955,1.046,214
RAW,564.9,10025,8951,1.051,215
RAW,565.3,10028,8952,1.046,214
RAW,565.4,10034,8957,1.051,215
RAW,565.7,10037,8954,1.051,215
RAW,565.8,10029,8949,1.051,215
RAW,566.1,10039,8958,1.051,215
RAW,566.7,10043,8959,1.051,215
RAW,566.8,10043,8962,1.051,215
RAW,566.9,10040,8957,1.051,215
RAW,567.3,10037,8958,1.051,215
RAW,567.4,10037,8955,1.056,216
RAW,567.8,10046,8962,1.051,215
RAW,567.9,10036,8957,1.056,216
RAW,568.6,10042,8957,1.051,215
RAW,568.7,10048,8962,1.056,216
RAW,569.3,10046,8962,1.051,215
RAW,569.5,10051,8958,1.051,215
RAW,570.0,10058,8954,1.051,215
RAW,570.1,10055,8964,1.056,216
RAW,570.8,10052,8961,1.046,214
RAW,570.9,10056,8963,1.051,215
RAW,571.5,10055,8968,1.051,215
RAW,571.6,10056,8967,1.051,215
RAW,571.7,10059,8972,1.056,216
RAW,572.1,10063,8975,1.051,215
RAW,572.2,10063,8977,1.056,216
RAW,572.6,10056,8962,1.051,215
RAW,572.7,10057,8964,1.056,216
RAW,573.4,10003,8947,1.051,215
RAW,573.5,10009,8943,1.051,215
RAW,573.8,10008,8947,1.051,215
RAW,573.9,10014,8951,1.051,215
RAW,574.2,10022,8952,1.051,215
RAW,574.3,10023,8951,1.056,216
RAW,574.7,10023,8952,1.051,215
RAW,574.8,10030,8955,1.051,215
RAW,575.1,10029,8964,1.051,215
RAW,575.2,10031,8956,1.051,215
RAW,575.5,10038,8968,1.051,215
RAW,575.8,10025,8963,1.051,215
RAW,575.9,10020,8960,1.051,215
RAW,576.0,10024,8967,1.051,215
RAW,576.5,10017,8961,1.041,213
RAW,576.6,10028,8966,1.046,214
RAW,577.1,10024,8961,1.036,212
RAW,577.2,10022,8965,1.036,212
RAW,577.7,10039,8965,1.031,211
RAW,577.8,10029,8963,1.031,211
RAW,577.9,10032,8960,1.031,211
RAW,578.5,10040,8961,1.026,210
RAW,578.6,10040,8967,1.026,210
RAW,579.0,10036,8956,1.026,210
RAW,579.1,10047,8961,1.022,209
RAW,579.8,10047,8962,1.012,207
RAW,579.9,10045,8962,1.017,208
RAW,580.0,10037,8961,1.017,208
RAW,580.4,10045,8964,1.007,206
RAW,580.5,10046,8966,1.012,207
RAW,581.2,9958,8924,0.997,204
RAW,581.3,9943,8924,1.002,205
RAW,581.6,9935,8921,0.997,204
RAW,581.7,9934,8921,1.002,205
RAW,582.0,9952,8922,0.997,204
RAW,582.3,9974,8937,0.992,203
RAW,582.4,9970,8938,0.992,203
RAW,582.8,9980,8940,0.987,202
RAW,582.9,9992,8944,0.987,202
RAW,583.3,10011,8952,0.982,201
RAW,583.4,10005,8947,0.982,201
RAW,583.8,9988,8949,0.982,201
RAW,583.9,9989,8939,0.982,201
RAW,584.8,9984,8934,0.968,198
RAW,584.9,9989,8938,0.973,199
RAW,585.3,9991,8942,0.968,198
RAW,585.4,9994,8941,0.973,199
RAW,586.2,10003,8947,0.958,196
RAW,586.3,10005,8944,0.963,197
RAW,586.8,10007,8942,0.958,196
RAW,586.9,10009,8942,0.958,196
RAW,588.0,10008,8937,0.953,195
RAW,588.1,10008,8943,0.953,195
RAW,588.6,10022,8938,0.953,195
RAW,588.7,10014,8935,0.953,195
RAW,588.8,10020,8940,0.958,196
RAW,589.7,9944,8909,0.953,195
RAW,589.8,9937,8903,0.953,195
RAW,590.2,9913,8896,0.953,195
RAW,590.3,9910,8898,0.953,195
RAW,590.4,9910,8904,0.958,196
RAW,590.7,9913,8904,0.958,196
RAW,590.8,9920,8906,0.958,196
RAW,591.2,9931,8907,0.953,195
RAW,591.3,9939,8912,0.958,196
RAW,591.6,9942,8920,0.953,195
RAW,591.7,9946,8917,0.958,196
RAW,592.6,9969,8928,0.953,195
RAW,592.7,9962,8921,0.953,195
RAW,593.2,9964,8921,0.953,195
RAW,593.3,9977,8931,0.953,195
RAW,594.2,9996,8931,0.948,194
RAW,594.3,9996,8933,0.953,195
RAW,594.9,10004,8932,0.953,195
RAW,595.0,9998,8937,0.958,196
RAW,596.0,10000,8931,0.953,195
RAW,596.1,9998,8937,0.958,196
RAW,596.6,10009,8946,0.958,196
RAW,596.7,10001,8938,0.958,196
RAW,596.8,9998,8937,0.958,196
RAW,597.4,10003,8942,0.958,196
RAW,597.5,10006,8950,0.963,197
RAW,597.6,10008,8947,0.963,197
RAW,598.0,10017,8950,0.963,197
RAW,598.1,10013,8943,0.963,197
RAW,599.1,9891,8892,0.963,197
RAW,599.2,9898,8891,0.963,197
RAW,599.5,9911,8899,0.963,197
RAW,599.6,9917,8904,0.968,198
RAW,599.8,9941,8906,0.968,198
RAW,599.9,9946,8912,0.973,199

------------------------------------------
PHASE 2 (600-1200 tenths of seconds): Processed BPM/SpO2 data
Format: PROC,Time_0.1s,BPM,SpO2,GSR_V,GSR_raw
------------------------------------------
PROC,605.3,68.9,99.0,1.212,248
PROC,606.4,68.9,99.0,1.080,221
PROC,607.4,68.9,99.0,1.007,206
PROC,608.4,68.9,99.0,0.987,202
PROC,609.4,68.9,99.0,0.973,199
PROC,610.4,68.9,99.0,0.973,199
PROC,611.5,68.9,99.0,1.026,210
PROC,612.5,68.9,99.0,1.017,208
PROC,613.5,68.9,99.0,0.978,200
PROC,614.5,68.9,99.0,0.978,200
PROC,615.5,68.9,99.0,1.022,209
PROC,616.6,68.9,99.0,0.987,202
PROC,617.6,68.9,99.0,1.012,207
PROC,618.6,68.9,99.0,0.992,203
PROC,619.6,68.9,99.0,1.002,205
PROC,620.7,68.9,99.0,1.061,217
PROC,621.7,68.9,99.0,1.012,207
PROC,622.7,68.9,99.0,1.017,208
PROC,623.7,68.9,99.0,1.017,208
PROC,624.7,68.9,99.0,1.017,208
PROC,625.7,68.9,99.0,1.022,209
PROC,626.8,68.9,99.0,1.080,221
PROC,627.8,68.9,99.0,1.022,209
PROC,628.8,68.9,99.0,1.031,211
PROC,629.8,68.9,99.0,1.026,210
PROC,630.8,68.9,99.0,1.022,209
PROC,631.9,68.9,99.0,1.080,221
PROC,632.9,68.9,99.0,1.026,210
PROC,633.9,68.9,99.0,1.075,220
PROC,634.9,68.9,99.0,1.031,211
PROC,635.9,68.9,99.0,1.036,212
PROC,637.0,68.9,99.0,1.036,212
PROC,638.0,68.9,99.0,1.090,223
PROC,639.0,68.9,99.0,1.036,212
PROC,640.0,68.9,99.0,1.070,219
PROC,641.0,68.9,99.0,1.012,207
PROC,642.0,68.9,99.0,1.007,206
PROC,643.1,68.9,99.0,1.051,215
PROC,644.1,68.9,99.0,0.992,203
PROC,645.1,68.9,99.0,1.026,210
PROC,646.1,68.9,99.0,0.973,199
PROC,647.1,68.9,99.0,0.968,198
PROC,648.2,68.9,99.0,1.017,208
PROC,649.2,68.9,99.0,0.963,197
PROC,650.2,68.9,99.0,0.963,197
PROC,651.2,68.9,99.0,0.953,195
PROC,652.2,68.9,99.0,0.953,195
PROC,653.3,68.9,99.0,1.007,206
PROC,654.3,68.9,99.0,0.958,196
PROC,655.3,68.9,99.0,0.958,196
PROC,656.3,68.9,99.0,0.963,197
PROC,657.3,68.9,99.0,0.958,196
PROC,658.3,68.9,99.0,0.963,197
PROC,659.4,68.9,99.0,1.026,210
PROC,660.4,68.9,99.0,0.973,199
PROC,661.4,68.9,99.0,1.017,208
PROC,662.4,68.9,99.0,0.978,200
PROC,663.4,68.9,99.0,0.982,201
PROC,664.5,68.9,99.0,1.041,213
PROC,665.5,68.9,99.0,0.997,204
PROC,666.5,68.9,99.0,1.041,213
PROC,667.5,68.9,99.0,1.002,205
PROC,668.5,68.9,99.0,1.007,206
PROC,669.6,68.9,99.0,1.070,219
PROC,670.6,68.9,99.0,1.022,209
PROC,671.6,68.9,99.0,1.065,218
PROC,672.6,68.9,99.0,1.022,209
PROC,673.6,68.9,99.0,1.026,210
PROC,674.6,68.9,99.0,1.026,210
PROC,675.7,68.9,99.0,1.031,211
PROC,676.7,68.9,99.0,1.036,212
PROC,677.7,68.9,99.0,1.080,221
PROC,678.7,0,0,1.090,223
PROC,679.7,0,0,1.041,213
PROC,680.7,0,0,1.041,213
PROC,681.7,0,0,1.046,214
PROC,682.7,12.2,0,1.046,214
PROC,683.8,12.2,0,1.105,226
PROC,684.8,12.2,0,1.056,216
PROC,685.8,12.2,0,1.100,225
PROC,686.8,12.2,0,1.061,217
PROC,687.8,12.2,0,1.056,216
PROC,688.8,12.2,0,1.056,216
PROC,689.8,12.2,0,1.061,217
PROC,690.9,12.2,0,1.119,229
PROC,691.9,12.2,0,1.061,217
PROC,692.9,12.2,0,1.100,225
PROC,693.9,12.2,0,1.065,218
PROC,694.9,12.2,0,1.061,217
PROC,695.9,12.2,0,1.056,216
PROC,696.9,12.2,0,1.056,216
PROC,698.0,12.2,0,1.051,215
PROC,699.0,12.2,0,1.109,227
PROC,700.0,12.2,0,1.056,216
PROC,701.0,12.2,0,1.095,224
PROC,702.0,12.2,0,1.056,216
PROC,703.0,0,0,1.046,214
PROC,704.0,0,0,1.046,214
PROC,705.0,0,0,1.041,213
PROC,706.1,0,0,1.041,213
PROC,707.1,0,0,1.105,226
PROC,708.1,0,0,1.105,226
PROC,709.1,0,0,1.046,214
PROC,710.1,0,0,1.090,223
PROC,711.1,0,0,1.090,223
PROC,712.1,0,0,1.051,215
PROC,713.1,0,0,1.051,215
PROC,714.1,0,0,1.051,215
PROC,715.2,0,0,1.051,215
PROC,716.2,0,0,1.105,226
PROC,717.2,0,0,1.114,228
PROC,718.2,0,0,1.061,217
PROC,719.2,0,0,1.061,217
PROC,720.2,0,0,1.105,226
PROC,721.2,0,0,1.061,217
PROC,722.2,0,0,1.061,217
PROC,723.2,0,0,1.065,218
PROC,724.2,0,0,1.065,218
PROC,725.3,0,0,1.061,217
PROC,726.3,0,0,1.119,229
PROC,727.3,0,0,1.124,230
PROC,728.3,0,0,1.065,218
PROC,729.3,0,0,1.109,227
PROC,730.3,0,0,1.114,228
PROC,731.3,0,0,1.065,218
PROC,732.3,0,0,1.070,219
PROC,733.3,0,0,1.075,220
PROC,734.4,0,0,1.070,219
PROC,735.4,0,0,1.129,231
PROC,736.4,0,0,1.080,221
PROC,737.4,0,0,1.114,228
PROC,738.4,0,0,1.114,228
PROC,739.4,0,0,1.075,220
PROC,740.4,0,0,1.061,217
PROC,741.5,0,0,1.056,216
PROC,742.5,0,0,1.046,214
PROC,743.5,0,0,1.090,223
PROC,744.5,16.1,0,1.041,213
PROC,745.5,16.1,0,1.031,211
PROC,746.5,16.1,0,1.041,213
PROC,747.5,16.1,0,1.017,208
PROC,748.5,35.0,0,1.012,207
PROC,749.6,35.0,0,1.012,207
PROC,750.6,35.0,0,1.065,218
PROC,751.6,35.0,0,1.007,206
PROC,752.6,35.0,0,1.007,206
PROC,753.6,60.1,94.0,1.007,206
PROC,754.6,60.1,94.0,1.007,206
PROC,755.7,60.1,94.0,1.012,207
PROC,756.7,60.1,94.0,1.007,206
PROC,757.7,60.1,94.0,1.065,218
PROC,758.7,60.1,94.0,1.007,206
PROC,759.7,60.1,94.0,1.036,212
PROC,760.7,60.1,94.0,1.012,207
PROC,761.8,60.1,94.0,1.012,207
PROC,762.8,60.1,94.0,1.070,219
PROC,763.8,60.1,94.0,1.022,209
PROC,764.8,60.1,94.0,1.065,218
PROC,765.8,60.1,94.0,1.026,210
PROC,766.9,60.1,94.0,1.031,211
PROC,767.9,60.1,94.0,1.075,220
PROC,768.9,60.1,94.0,1.036,212
PROC,769.9,60.1,94.0,1.041,213
PROC,771.0,60.1,94.0,1.041,213
PROC,772.0,60.1,94.0,1.041,213
PROC,773.0,38.8,94.0,1.105,226
PROC,774.0,38.8,94.0,1.085,222
PROC,775.0,38.8,94.0,1.046,214
PROC,776.1,38.8,94.0,1.046,214
PROC,777.1,38.8,94.0,1.051,215
PROC,778.1,38.8,94.0,1.046,214
PROC,779.1,38.8,94.0,1.051,215
PROC,780.2,38.8,94.0,1.046,214
PROC,781.2,38.8,94.0,1.046,214
PROC,782.2,51.8,94.0,1.080,221
PROC,783.2,51.8,94.0,1.046,214
PROC,784.2,51.8,94.0,1.051,215
PROC,785.2,51.8,94.0,1.051,215
PROC,786.3,51.8,94.0,1.051,215
PROC,787.3,51.8,94.0,1.080,221
PROC,788.3,51.8,94.0,1.051,215
PROC,789.3,51.8,94.0,1.056,216
PROC,790.3,62.0,0,1.051,215
PROC,791.4,62.0,0,1.056,216
PROC,792.4,62.0,0,1.114,228
PROC,793.4,62.0,0,1.056,216
PROC,794.4,62.0,0,1.061,217
PROC,795.5,62.0,0,1.056,216
PROC,796.5,62.0,0,1.056,216
PROC,797.5,62.0,0,1.114,228
PROC,798.5,62.0,0,1.095,224
PROC,799.5,64.3,0,1.056,216
PROC,800.6,64.3,0,1.061,217
PROC,801.6,64.3,0,1.051,215
PROC,802.6,64.3,0,1.065,218
PROC,803.6,64.3,0,1.100,225
PROC,804.6,64.3,0,1.105,226
PROC,805.6,64.3,0,1.051,215
PROC,806.7,64.3,0,1.056,216
PROC,807.7,64.3,0,1.051,215
PROC,808.7,64.9,0,1.056,216
PROC,809.7,64.9,0,1.105,226
PROC,810.7,64.9,0,1.075,220
PROC,811.7,64.9,0,1.095,224
PROC,812.7,64.9,0,1.095,224
PROC,813.7,64.9,0,1.051,215
PROC,814.7,64.9,0,1.051,215
PROC,815.8,64.9,0,1.051,215
PROC,816.8,64.9,0,1.095,224
PROC,817.8,63.4,99.0,1.100,225
PROC,818.8,63.4,99.0,1.114,228
PROC,819.8,63.4,99.0,1.056,216
PROC,820.8,63.4,99.0,1.095,224
PROC,821.8,63.4,99.0,1.051,215
PROC,822.9,63.4,99.0,1.046,214
PROC,823.9,63.4,99.0,1.105,226
PROC,824.9,63.4,99.0,1.056,216
PROC,825.9,63.4,99.0,1.095,224
PROC,827.0,64.5,99.0,1.051,215
PROC,828.0,64.5,99.0,1.051,215
PROC,829.0,64.5,99.0,1.109,227
PROC,830.0,64.5,99.0,1.051,215
PROC,831.0,64.5,99.0,1.095,224
PROC,832.0,64.5,99.0,1.046,214
PROC,833.1,64.5,99.0,1.051,215
PROC,834.1,64.5,99.0,1.080,221
PROC,835.1,64.5,99.0,1.090,223
PROC,836.1,64.5,99.0,1.046,214
PROC,837.2,62.9,99.0,1.046,214
PROC,838.2,62.9,99.0,1.046,214
PROC,839.2,62.9,99.0,1.046,214
PROC,840.2,62.9,99.0,1.090,223
PROC,841.2,62.9,99.0,1.046,214
PROC,842.3,62.9,99.0,1.041,213
PROC,843.3,62.9,99.0,1.041,213
PROC,844.3,62.9,99.0,1.100,225
PROC,845.3,67.7,99.0,1.046,214
PROC,846.3,67.7,99.0,1.085,222
PROC,847.3,67.7,99.0,1.041,213
PROC,848.4,67.7,99.0,1.041,213
PROC,849.4,67.7,99.0,1.036,212
PROC,850.4,67.7,99.0,1.041,213
PROC,851.4,67.7,99.0,1.080,221
PROC,852.5,67.7,99.0,1.041,213
PROC,853.5,67.7,99.0,1.036,212
PROC,854.5,67.1,99.0,1.090,223
PROC,855.5,67.1,99.0,1.041,213
PROC,856.5,67.1,99.0,1.041,213
PROC,857.6,67.1,99.0,1.036,212
PROC,858.6,67.1,99.0,1.036,212
PROC,859.6,67.1,99.0,1.036,212
PROC,860.6,67.1,99.0,1.036,212
PROC,861.6,67.1,99.0,1.080,221
PROC,862.7,67.1,99.0,1.031,211
PROC,863.7,64.3,99.0,1.031,211
PROC,864.7,64.3,99.0,1.031,211
PROC,865.7,64.3,99.0,1.036,212
PROC,866.7,64.3,99.0,1.075,220
PROC,867.8,64.3,99.0,1.026,210
PROC,868.8,64.3,99.0,1.026,210
PROC,869.8,64.3,99.0,1.080,221
PROC,870.8,64.3,99.0,1.026,210
PROC,871.8,64.3,99.0,1.026,210
PROC,872.9,65.7,99.0,1.022,209
PROC,873.9,65.7,99.0,1.017,208
PROC,874.9,65.7,99.0,1.075,220
PROC,875.9,65.7,99.0,1.026,210
PROC,876.9,65.7,99.0,1.026,210
PROC,878.0,65.7,99.0,1.022,209
PROC,879.0,65.7,99.0,1.022,209
PROC,880.0,65.7,99.0,1.080,221
PROC,881.0,65.7,99.0,1.061,217
PROC,882.0,65.4,99.0,1.012,207
PROC,883.1,65.4,99.0,1.012,207
PROC,884.1,65.4,99.0,1.036,212
PROC,885.1,65.4,99.0,1.002,205
PROC,886.1,65.4,99.0,1.041,213
PROC,887.2,65.4,99.0,0.987,202
PROC,888.2,65.4,99.0,0.982,201
PROC,889.2,65.4,99.0,1.031,211
PROC,890.2,65.4,99.0,0.973,199
PROC,891.2,65.4,99.0,0.992,203
PROC,892.3,63.7,99.0,0.963,197
PROC,893.3,63.7,99.0,0.958,196
PROC,894.3,63.7,99.0,1.012,207
PROC,895.3,63.7,99.0,0.958,196
PROC,896.3,63.7,99.0,1.007,206
PROC,897.4,63.7,99.0,0.953,195
PROC,898.4,63.7,99.0,0.953,195
PROC,899.4,63.7,99.0,1.002,205
PROC,900.4,63.7,99.0,0.958,196
PROC,901.4,63.7,99.0,0.963,197
PROC,902.4,63.7,99.0,1.002,205
PROC,903.5,63.7,99.0,0.963,197
PROC,904.5,63.7,99.0,0.963,197
PROC,905.5,63.7,99.0,1.022,209
PROC,906.5,63.7,99.0,0.963,197
PROC,907.5,63.7,99.0,0.958,196
PROC,908.6,63.7,99.0,0.953,195
PROC,909.6,42.2,99.0,0.953,195
PROC,910.6,42.2,99.0,1.007,206
PROC,911.6,42.2,99.0,0.953,195
PROC,912.6,42.2,99.0,0.997,204
PROC,913.7,42.2,99.0,0.948,194
PROC,914.7,42.2,99.0,0.948,194
PROC,915.7,42.2,99.0,0.997,204
PROC,916.7,42.2,99.0,0.948,194
PROC,917.7,54.7,99.0,0.987,202
PROC,918.8,54.7,99.0,0.943,193
PROC,919.8,54.7,99.0,0.943,193
PROC,920.8,54.7,99.0,0.987,202
PROC,921.8,54.7,99.0,0.948,194
PROC,922.8,54.7,99.0,0.987,202
PROC,923.8,54.7,99.0,0.948,194
PROC,924.9,54.7,99.0,0.943,193
PROC,925.9,54.7,99.0,0.948,194
PROC,926.9,54.7,99.0,1.012,207
PROC,927.9,54.7,99.0,0.958,196
PROC,928.9,54.7,99.0,1.002,205
PROC,930.0,54.7,99.0,0.958,196
PROC,931.0,54.7,99.0,0.958,196
PROC,932.0,54.7,99.0,1.017,208
PROC,933.0,54.7,99.0,0.968,198
PROC,934.0,54.7,99.0,1.012,207
PROC,935.1,54.7,99.0,0.978,200
PROC,936.1,54.7,99.0,0.973,199
PROC,937.1,54.7,99.0,1.031,211
PROC,938.1,0,0,0.982,201
PROC,939.1,0,0,1.012,207
PROC,940.2,0,0,0.978,200
PROC,941.2,0,0,0.973,199
PROC,942.2,40.8,0,0.973,199
PROC,943.2,40.8,0,0.973,199
PROC,944.2,40.8,0,1.026,210
PROC,945.2,40.8,0,1.002,205
PROC,946.2,40.8,0,1.007,206
PROC,947.3,40.8,0,0.958,196
PROC,948.3,40.8,0,0.948,194
PROC,949.3,40.8,0,0.948,194
PROC,950.3,57.8,0,0.943,193
PROC,951.3,57.8,0,0.987,202
PROC,952.4,57.8,0,0.943,193
PROC,953.4,57.8,0,0.938,192
PROC,954.4,57.8,0,0.938,192
PROC,955.4,57.8,0,0.997,204
PROC,956.4,57.8,0,0.943,193
PROC,957.4,57.8,0,0.982,201
PROC,958.5,57.8,0,0.943,193
PROC,959.5,57.8,0,0.943,193
PROC,960.5,57.8,0,0.948,194
PROC,961.5,57.8,0,1.002,205
PROC,962.5,57.8,0,0.987,202
PROC,963.6,57.8,0,0.943,193
PROC,964.6,57.8,0,0.943,193
PROC,965.6,57.8,0,0.948,194
PROC,966.6,42.0,98.0,0.934,191
PROC,967.7,42.0,98.0,0.943,193
PROC,968.7,42.0,98.0,0.924,189
PROC,969.7,42.0,98.0,0.919,188
PROC,970.7,42.0,98.0,0.973,199
PROC,971.7,42.0,98.0,0.909,186
PROC,972.7,42.0,98.0,0.948,194
PROC,973.8,42.0,98.0,0.904,185
PROC,974.8,42.0,98.0,0.899,184
PROC,975.8,55.8,98.0,0.904,185
PROC,976.8,55.8,98.0,0.914,187
PROC,977.8,55.8,98.0,0.909,186
PROC,978.9,55.8,98.0,0.909,186
PROC,979.9,55.8,98.0,0.909,186
PROC,980.9,55.8,98.0,0.968,198
PROC,981.9,55.8,98.0,0.924,189
PROC,983.0,66.3,98.0,0.963,197
PROC,984.0,66.3,98.0,0.919,188
PROC,985.0,66.3,98.0,0.924,189
PROC,986.0,66.3,98.0,0.929,190
PROC,987.0,66.3,98.0,0.987,202
PROC,988.0,66.3,98.0,0.997,204
PROC,989.0,66.3,98.0,0.948,194
PROC,990.0,66.3,98.0,0.997,204
PROC,991.1,66.3,98.0,0.953,195
PROC,992.1,66.3,98.0,0.958,196
PROC,993.1,66.3,98.0,0.963,197
PROC,994.1,66.3,98.0,1.022,209
PROC,995.1,66.3,98.0,1.012,207
PROC,996.2,66.3,98.0,1.017,208
PROC,997.2,66.3,98.0,0.978,200
PROC,998.2,66.3,98.0,0.973,199
PROC,999.2,66.3,98.0,0.968,198
PROC,1000.2,66.3,98.0,1.022,209
PROC,1001.2,41.3,99.0,0.963,197
PROC,1002.2,41.3,99.0,1.002,205
PROC,1003.3,41.3,99.0,0.948,194
PROC,1004.3,41.3,99.0,0.943,193
PROC,1005.3,41.3,99.0,0.987,202
PROC,1006.3,41.3,99.0,0.938,192
PROC,1007.3,41.3,99.0,0.973,199
PROC,1008.4,58.9,99.0,0.924,189
PROC,1009.4,58.9,99.0,0.924,189
PROC,1010.4,58.9,99.0,0.982,201
PROC,1011.4,58.9,99.0,0.929,190
PROC,1012.5,58.9,99.0,0.934,191
PROC,1013.5,58.9,99.0,0.929,190
PROC,1014.5,58.9,99.0,0.929,190
PROC,1015.5,58.9,99.0,0.982,201
PROC,1016.5,69.9,99.0,0.982,201
PROC,1017.6,69.9,99.0,0.943,193
PROC,1018.6,69.9,99.0,0.948,194
PROC,1019.6,69.9,99.0,1.002,205
PROC,1020.6,69.9,99.0,0.953,195
PROC,1021.7,69.9,99.0,1.002,205
PROC,1022.7,69.9,99.0,0.958,196
PROC,1023.7,69.9,99.0,0.958,196
PROC,1024.7,69.9,99.0,0.963,197
PROC,1025.7,69.9,99.0,1.017,208
PROC,1026.7,69.9,99.0,1.017,208
PROC,1027.8,69.9,99.0,0.978,200
PROC,1028.8,69.9,99.0,0.978,200
PROC,1029.8,69.9,99.0,0.978,200
PROC,1030.8,69.9,99.0,1.022,209
PROC,1031.8,48.0,98.0,1.026,210
PROC,1032.9,48.0,98.0,0.992,203
PROC,1033.9,48.0,98.0,0.987,202
PROC,1034.9,48.0,98.0,0.987,202
PROC,1035.9,48.0,98.0,1.046,214
PROC,1036.9,48.0,98.0,1.036,212
PROC,1038.0,48.0,98.0,0.997,204
PROC,1039.0,48.0,98.0,0.992,203
PROC,1040.0,48.0,98.0,1.041,213
PROC,1041.0,48.0,98.0,1.002,205
PROC,1042.1,48.0,98.0,1.041,213
PROC,1043.1,48.0,98.0,0.997,204
PROC,1044.1,48.0,98.0,0.997,204
PROC,1045.1,48.0,98.0,1.041,213
PROC,1046.2,48.0,98.0,1.041,213
PROC,1047.2,48.0,98.0,0.997,204
PROC,1048.2,48.0,98.0,0.997,204
PROC,1049.2,48.0,98.0,1.046,214
PROC,1050.2,48.0,98.0,1.007,206
PROC,1051.2,0,0,1.002,205
PROC,1052.3,0,0,1.041,213
PROC,1053.3,0,0,1.002,205
PROC,1054.3,0,0,0.992,203
PROC,1055.3,42.0,0,0.992,203
PROC,1056.3,42.0,0,1.041,213
PROC,1057.3,42.0,0,0.992,203
PROC,1058.4,42.0,0,1.022,209
PROC,1059.4,42.0,0,0.973,199
PROC,1060.4,42.0,0,0.963,197
PROC,1061.4,42.0,0,0.958,196
PROC,1062.4,42.0,0,0.953,195
PROC,1063.4,57.7,0,0.938,192
PROC,1064.5,57.7,0,0.973,199
PROC,1065.5,57.7,0,0.924,189
PROC,1066.5,57.7,0,0.924,189
PROC,1067.5,57.7,0,0.919,188
PROC,1068.5,57.7,0,0.973,199
PROC,1069.5,57.7,0,0.929,190
PROC,1070.5,57.7,0,0.919,188
PROC,1071.6,57.7,0,0.963,197
PROC,1072.6,57.7,0,0.924,189
PROC,1073.6,57.7,0,0.919,188
PROC,1074.6,57.7,0,0.919,188
PROC,1075.6,57.7,0,0.948,194
PROC,1076.6,57.7,0,0.924,189
PROC,1077.6,57.7,0,0.929,190
PROC,1078.7,57.7,0,0.973,199
PROC,1079.7,43.0,99.0,0.934,191
PROC,1080.7,43.0,99.0,0.938,192
PROC,1081.7,43.0,99.0,0.997,204
PROC,1082.7,43.0,99.0,0.948,194
PROC,1083.8,43.0,99.0,0.948,194
PROC,1084.8,43.0,99.0,0.948,194
PROC,1085.8,43.0,99.0,0.953,195
PROC,1086.8,43.0,99.0,1.007,206
PROC,1087.8,57.9,99.0,1.017,208
PROC,1088.9,57.9,99.0,1.002,205
PROC,1089.9,57.9,99.0,0.963,197
PROC,1090.9,57.9,99.0,0.963,197
PROC,1091.9,57.9,99.0,0.968,198
PROC,1092.9,57.9,99.0,1.026,210
PROC,1094.0,57.9,99.0,1.012,207
PROC,1095.0,57.9,99.0,0.968,198
PROC,1096.0,57.9,99.0,0.973,199
PROC,1097.0,61.7,99.0,0.968,198
PROC,1098.0,61.7,99.0,0.978,200
PROC,1099.1,61.7,99.0,1.022,209
PROC,1100.1,61.7,99.0,0.978,200
PROC,1101.1,61.7,99.0,0.978,200
PROC,1102.1,61.7,99.0,1.036,212
PROC,1103.1,61.7,99.0,1.022,209
PROC,1104.2,61.7,99.0,0.978,200
PROC,1105.2,66.7,99.0,0.978,200
PROC,1106.2,66.7,99.0,0.978,200
PROC,1107.2,66.7,99.0,1.036,212
PROC,1108.2,66.7,99.0,0.982,201
PROC,1109.3,66.7,99.0,1.026,210
PROC,1110.3,66.7,99.0,0.982,201
PROC,1111.3,66.7,99.0,0.973,199
PROC,1112.3,66.7,99.0,0.973,199
PROC,1113.3,66.7,99.0,1.026,210
PROC,1114.3,66.7,99.0,0.973,199
PROC,1115.4,66.7,99.0,1.012,207
PROC,1116.4,66.7,99.0,0.963,197
PROC,1117.4,66.7,99.0,0.958,196
PROC,1118.4,66.7,99.0,1.012,207
PROC,1119.4,66.7,99.0,0.953,195
PROC,1120.5,66.7,99.0,0.992,203
PROC,1121.5,66.7,99.0,0.943,193
PROC,1122.5,66.7,99.0,0.938,192
PROC,1123.5,41.3,99.0,0.982,201
PROC,1124.5,41.3,99.0,0.997,204
PROC,1125.6,41.3,99.0,0.982,201
PROC,1126.6,41.3,99.0,0.938,192
PROC,1127.6,41.3,99.0,0.938,192
PROC,1128.6,41.3,99.0,0.938,192
PROC,1129.6,41.3,99.0,0.997,204
PROC,1130.7,59.9,99.0,0.943,193
PROC,1131.7,59.9,99.0,0.987,202
PROC,1132.7,59.9,99.0,0.934,191
PROC,1133.7,59.9,99.0,0.929,190
PROC,1134.7,59.9,99.0,0.987,202
PROC,1135.8,59.9,99.0,0.924,189
PROC,1136.8,59.9,99.0,0.963,197
PROC,1137.8,59.9,99.0,0.914,187
PROC,1138.8,65.9,98.0,0.909,186
PROC,1139.8,65.9,98.0,0.963,197
PROC,1140.8,65.9,98.0,0.904,185
PROC,1141.9,65.9,98.0,0.943,193
PROC,1142.9,65.9,98.0,0.894,183
PROC,1143.9,65.9,98.0,0.890,182
PROC,1144.9,65.9,98.0,0.890,182
PROC,1146.0,65.9,98.0,0.880,180
PROC,1147.0,65.9,98.0,0.885,181
PROC,1148.0,65.9,98.0,0.885,181
PROC,1149.0,65.9,98.0,0.885,181
PROC,1150.0,65.9,98.0,0.943,193
PROC,1151.1,65.9,98.0,0.890,182
PROC,1152.1,65.9,98.0,0.894,183
PROC,1153.1,65.9,98.0,0.890,182
PROC,1154.1,65.9,98.0,0.890,182
PROC,1155.1,44.1,98.0,0.953,195
PROC,1156.2,44.1,98.0,0.899,184
PROC,1157.2,44.1,98.0,0.909,186
PROC,1158.2,44.1,98.0,0.904,185
PROC,1159.2,44.1,98.0,0.948,194
PROC,1160.2,44.1,98.0,0.914,187
PROC,1161.3,44.1,98.0,0.914,187
PROC,1162.3,61.5,98.0,0.924,189
PROC,1163.3,61.5,98.0,0.919,188
PROC,1164.3,61.5,98.0,0.919,188
PROC,1165.3,61.5,98.0,0.978,200
PROC,1166.4,61.5,98.0,0.929,190
PROC,1167.4,61.5,98.0,0.973,199
PROC,1168.4,61.5,98.0,0.934,191
PROC,1169.4,75.7,99.0,0.934,191
PROC,1170.4,75.7,99.0,0.934,191
PROC,1171.4,75.7,99.0,0.997,204
PROC,1172.5,75.7,99.0,0.987,202
PROC,1173.5,75.7,99.0,0.948,194
PROC,1174.5,75.7,99.0,0.943,193
PROC,1175.5,75.7,99.0,0.943,193
PROC,1176.5,75.7,99.0,0.953,195
PROC,1177.6,74.7,99.0,0.997,204
PROC,1178.6,74.7,99.0,0.953,195
PROC,1179.6,74.7,99.0,0.953,195
PROC,1180.6,74.7,99.0,1.012,207
PROC,1181.7,74.7,99.0,0.982,201
PROC,1182.7,91.3,99.0,0.958,196
PROC,1183.7,91.3,99.0,0.958,196
PROC,1184.7,91.3,99.0,0.953,195
PROC,1185.7,91.3,99.0,1.017,208
PROC,1186.8,91.3,99.0,0.958,196
PROC,1187.8,91.3,99.0,1.007,206
PROC,1188.8,91.3,99.0,0.963,197
PROC,1189.8,89.4,99.0,0.963,197
PROC,1190.8,89.4,99.0,0.968,198
PROC,1191.8,89.4,99.0,0.958,196
PROC,1192.9,89.4,99.0,0.948,194
PROC,1193.9,89.4,99.0,0.948,194
PROC,1194.9,89.4,99.0,0.938,192
PROC,1195.9,89.4,99.0,0.938,192
PROC,1196.9,89.4,99.0,0.938,192
PROC,1198.0,82.2,99.0,0.938,192
PROC,1199.0,82.2,99.0,0.934,191

==========================================
=== 2-MINUTE DATA COLLECTION COMPLETE ===

Data Summary:
- Minute 1 (0-600 tenths sec): RAW IR/Red values
- Minute 2 (600-1200 tenths sec): Processed BPM/SpO2
- Full 2 minutes: GSR data (0.1s resolution)

Format markers:
  RAW,Time_0.1s,IR,Red,GSR_V,GSR_raw
  PROC,Time_0.1s,BPM,SpO2,GSR_V,GSR_raw

Copy all data above and save to CSV file
Press 's' to run again
