=~=~=~=~=~=~=~=~=~=~=~= PuTTY log 2026.03.19 23:34:52 =~=~=~=~=~=~=~=~=~=~=~=
Initializing MAX30100 for raw data..SUCCESS
Initializing PulseOximeter..SUCCESS

==========================================
Press 's' to start 2-minute data collection
Minute 1: RAW IR/Red data (0.1s intervals)
Minute 2: Processed BPM/SpO2 data (0.1s intervals)
==========================================

==========================================
=== 2-MINUTE DATA COLLECTION STARTED ===
PHASE 1 (0-600 tenths of seconds): RAW IR/Red data
Format: RAW,Time_0.1s,IR_raw,Red_raw,GSR_V,GSR_raw
------------------------------------------
RAW,0.0,10226,22841,2.659,544
RAW,0.0,10344,22963,2.869,587
RAW,0.0,10423,23073,3.040,622
RAW,0.0,10537,23246,2.698,552
RAW,0.0,10561,23316,2.698,552
RAW,0.0,10566,23322,2.722,557
RAW,0.0,10562,23325,3.050,624
RAW,0.0,10560,23343,2.664,545
RAW,0.0,10558,23358,2.664,545
RAW,0.0,10561,23366,2.683,549
RAW,0.0,10553,23367,2.791,571
RAW,0.0,10553,24576,2.693,551
RAW,0.0,10551,28343,2.845,582
RAW,0.0,10556,28361,2.688,550
RAW,0.0,10559,28376,2.688,550
RAW,0.0,10547,28369,2.664,545
RAW,0.4,10203,22794,2.683,549
RAW,0.4,10201,22792,3.060,626
RAW,0.4,10202,22807,2.698,552
RAW,0.4,10204,22804,2.693,551
RAW,0.4,10211,22810,2.889,591
RAW,0.4,10211,22820,3.045,623
RAW,0.6,10217,22803,2.669,546
RAW,0.6,10207,22794,2.669,546
RAW,0.8,10215,22807,2.669,546
RAW,1.0,10235,22812,2.664,545
RAW,1.3,10246,22828,2.688,550
RAW,1.5,10263,22846,2.688,550
RAW,1.8,10270,22871,2.659,544
RAW,2.1,10290,22889,2.683,549
RAW,2.3,10288,22873,2.683,549
RAW,2.6,10284,22865,2.649,542
RAW,2.8,10277,22847,2.654,543
RAW,3.0,10270,18616,2.654,543
RAW,3.3,10264,18601,2.683,549
RAW,3.5,10264,18590,2.683,549
RAW,3.8,10269,18591,2.659,544
RAW,4.0,10277,18582,2.654,543
RAW,4.3,10276,18568,2.688,550
RAW,4.5,10279,18559,2.688,550
RAW,4.8,10273,18534,2.659,544
RAW,5.0,10281,18530,2.659,544
RAW,5.3,10288,18524,2.688,550
RAW,5.6,10300,18517,2.659,544
RAW,5.8,10305,18532,2.659,544
RAW,6.1,10310,18528,2.683,549
RAW,6.3,10318,18520,2.688,550
RAW,6.6,10326,18523,2.659,544
RAW,6.8,10331,18523,2.659,544
RAW,7.1,10329,18522,2.683,549
RAW,7.3,10337,18509,2.688,550
RAW,7.6,10347,18515,2.654,543
RAW,7.9,10354,18509,2.683,549
RAW,8.0,10362,16384,2.654,543
RAW,8.3,10325,13570,2.688,550
RAW,8.5,10211,13465,2.688,550
RAW,8.8,10092,13377,2.659,544
RAW,9.0,10065,13362,2.654,543
RAW,9.3,10049,13360,2.688,550
RAW,9.6,10058,13348,2.659,544
RAW,9.9,10076,13349,2.688,550
RAW,10.1,10075,13350,2.688,550
RAW,10.3,10086,13353,2.688,550
RAW,10.4,10091,13358,2.659,544
RAW,10.6,10094,13350,2.664,545
RAW,10.7,10107,13354,2.688,550
RAW,10.9,10110,13355,2.693,551
RAW,11.0,10119,13363,2.664,545
RAW,11.2,10128,13371,2.659,544
RAW,11.3,10128,13371,2.693,551
RAW,11.5,10132,13359,2.693,551
RAW,11.7,10130,13343,2.688,550
RAW,11.8,10125,13344,2.664,545
RAW,11.9,10118,13339,2.688,550
RAW,12.1,10111,13332,2.693,551
RAW,12.3,10092,13321,2.688,550
RAW,12.4,10107,13322,2.659,544
RAW,12.6,10104,13323,2.659,544
RAW,12.7,10101,13328,2.693,551
RAW,12.9,10112,13325,2.688,550
RAW,13.0,10116,12139,2.659,544
RAW,13.1,10114,9181,2.688,550
RAW,13.3,10119,9190,2.688,550
RAW,13.5,10133,9187,2.688,550
RAW,13.7,10127,9191,2.693,551
RAW,13.8,10136,9200,2.659,544
RAW,14.0,10134,9199,2.664,545
RAW,14.2,10153,9200,2.659,544
RAW,14.4,10162,9203,2.659,544
RAW,14.5,10160,9202,2.688,550
RAW,14.7,10169,9198,2.693,551
RAW,14.9,10179,9203,2.693,551
RAW,15.1,10196,9204,2.693,551
RAW,15.2,10188,9203,2.659,544
RAW,15.4,10204,9214,2.664,545
RAW,15.6,10203,9210,2.659,544
RAW,15.7,10209,9207,2.693,551
RAW,15.9,10211,9210,2.688,550
RAW,16.1,10214,9208,2.693,551
RAW,16.3,10220,9201,2.698,552
RAW,16.4,10215,9203,2.664,545
RAW,16.6,10227,9203,2.659,544
RAW,16.8,10229,9208,2.659,544
RAW,17.0,10237,9205,2.659,544
RAW,17.1,10241,9211,2.693,551
RAW,17.3,10248,9206,2.693,551
RAW,17.5,10244,9199,2.688,550
RAW,17.7,10156,9146,2.688,550
RAW,17.8,10090,9107,2.664,545
RAW,18.0,9979,9056,2.659,544
RAW,18.2,9948,9046,2.664,545
RAW,18.4,9935,9041,2.659,544
RAW,18.6,9931,9038,2.664,545
RAW,18.8,9931,9039,2.659,544
RAW,19.1,9952,9044,2.688,550
RAW,19.3,9965,9044,2.688,550
RAW,19.5,9967,9051,2.693,551
RAW,19.8,9975,9051,2.654,543
RAW,20.0,9978,9046,2.664,545
RAW,20.2,9994,9059,2.659,544
RAW,20.4,10003,9066,2.659,544
RAW,20.5,10002,9052,2.688,550
RAW,20.7,10000,9062,2.688,550
RAW,20.9,10003,9058,2.693,551
RAW,21.1,9998,9051,2.693,551
RAW,21.3,9997,9046,2.688,550
RAW,21.5,9983,9037,2.688,550
RAW,21.7,9986,9038,2.688,550
RAW,21.9,9983,9037,2.693,551
RAW,22.1,9997,9040,2.688,550
RAW,22.3,9995,9038,2.688,550
RAW,22.5,10011,9047,2.688,550
RAW,22.7,10007,9044,2.693,551
RAW,22.8,10015,9041,2.659,544
RAW,23.0,10024,9051,2.659,544
RAW,23.2,10028,9045,2.659,544
RAW,23.4,10030,9057,2.659,544
RAW,23.5,10048,9054,2.688,550
RAW,23.7,10049,9051,2.688,550
RAW,23.9,10063,9059,2.688,550
RAW,24.0,10057,9060,2.664,545
RAW,24.2,10072,9062,2.659,544
RAW,24.4,10090,9063,2.664,545
RAW,24.6,10091,9068,2.654,543
RAW,24.7,10099,9075,2.688,550
RAW,24.9,10104,9069,2.683,549
RAW,25.1,10114,9083,2.688,550
RAW,25.3,10128,9082,2.683,549
RAW,25.4,10132,9081,2.654,543
RAW,25.6,10135,9078,2.654,543
RAW,25.8,10145,9085,2.659,544
RAW,26.0,10149,9082,2.659,544
RAW,26.1,10153,9085,2.688,550
RAW,26.3,10162,9086,2.683,549
RAW,26.5,10165,9086,2.688,550
RAW,26.6,10151,9072,2.654,543
RAW,26.8,10071,9024,2.654,543
RAW,27.0,9949,8965,2.654,543
RAW,27.2,9878,8933,2.654,543
RAW,27.4,9870,8930,2.649,542
RAW,27.6,9859,8926,2.654,543
RAW,27.8,9860,8927,2.649,542
RAW,28.0,9861,8933,2.654,543
RAW,28.2,9878,8938,2.654,543
RAW,28.4,9892,8939,2.649,542
RAW,28.6,9900,8944,2.649,542
RAW,28.8,9908,8941,2.654,543
RAW,29.0,9912,8943,2.649,542
RAW,29.2,9920,8943,2.654,543
RAW,29.4,9938,8955,2.649,542
RAW,29.6,9937,8953,2.654,543
RAW,29.8,9944,8954,2.649,542
RAW,30.0,9936,8945,2.649,542
RAW,30.2,9930,8946,2.649,542
RAW,30.4,9922,8940,2.649,542
RAW,30.6,9924,8934,2.649,542
RAW,30.8,9918,8928,2.649,542
RAW,31.0,9920,8932,2.649,542
RAW,31.2,9928,8934,2.649,542
RAW,31.4,9938,8940,2.649,542
RAW,31.6,9944,8937,2.649,542
RAW,31.8,9947,8943,2.654,543
RAW,32.0,9964,8945,2.649,542
RAW,32.2,9973,8951,2.649,542
RAW,32.4,9987,8951,2.649,542
RAW,32.6,9993,8955,2.644,541
RAW,32.8,10007,8956,2.649,542
RAW,32.9,10005,8959,2.678,548
RAW,33.1,10011,8956,2.683,549
RAW,33.3,10027,8962,2.674,547
RAW,33.5,10039,8971,2.678,548
RAW,33.6,10040,8969,2.649,542
RAW,33.8,10044,8972,2.654,543
RAW,34.0,10055,8975,2.649,542
RAW,34.2,10056,8986,2.649,542
RAW,34.3,10056,8980,2.674,547
RAW,34.5,10072,8973,2.674,547
RAW,34.7,10074,8980,2.674,547
RAW,34.8,10081,8975,2.649,542
RAW,35.0,10082,8981,2.649,542
RAW,35.2,10073,8977,2.649,542
RAW,35.4,9995,8921,2.644,541
RAW,35.6,9873,8864,2.649,542
RAW,35.7,9829,8847,2.674,547
RAW,35.9,9796,8835,2.678,548
RAW,36.2,9786,8835,2.649,542
RAW,36.4,9787,8830,2.649,542
RAW,36.6,9803,8840,2.644,541
RAW,36.8,9809,8840,2.649,542
RAW,37.1,9817,8839,2.674,547
RAW,37.4,9830,8855,2.639,540
RAW,37.6,9834,8854,2.639,540
RAW,37.8,9849,8856,2.644,541
RAW,38.0,9860,8864,2.639,540
RAW,38.2,9862,8863,2.644,541
RAW,38.4,9860,8865,2.639,540
RAW,38.5,9855,8861,2.669,546
RAW,38.8,9849,8853,2.639,540
RAW,38.9,9842,8847,2.674,547
RAW,39.1,9831,8840,2.669,546
RAW,39.3,9834,8838,2.674,547
RAW,39.5,9831,8842,2.669,546
RAW,39.8,9844,8831,2.639,540
RAW,40.0,9851,8837,2.639,540
RAW,40.2,9856,8844,2.644,541
RAW,40.4,9863,8848,2.639,540
RAW,40.6,9867,8845,2.644,541
RAW,40.8,9869,8847,2.644,541
RAW,41.0,9882,8847,2.639,540
RAW,41.2,9884,8848,2.639,540
RAW,41.3,9886,8853,2.674,547
RAW,41.5,9896,8856,2.669,546
RAW,41.7,9904,8853,2.674,547
RAW,41.9,9913,8847,2.674,547
RAW,42.1,9915,8859,2.674,547
RAW,42.3,9921,8858,2.669,546
RAW,42.5,9927,8859,2.678,548
RAW,42.7,9928,8859,2.674,547
RAW,42.9,9939,8861,2.674,547
RAW,43.1,9948,8865,2.669,546
RAW,43.2,9941,8865,2.674,547
RAW,43.5,9913,8840,2.674,547
RAW,43.7,9807,8775,2.674,547
RAW,43.9,9746,8750,2.669,546
RAW,44.1,9724,8739,2.674,547
RAW,44.3,9709,8739,2.669,546
RAW,44.5,9705,8735,2.674,547
RAW,44.7,9709,8732,2.674,547
RAW,44.9,9716,8738,2.678,548
RAW,45.1,9717,8741,2.674,547
RAW,45.3,9726,8735,2.674,547
RAW,45.5,9730,8737,2.674,547
RAW,45.7,9726,8737,2.674,547
RAW,45.9,9743,8739,2.678,548
RAW,46.1,9766,8747,2.678,548
RAW,46.3,9764,8750,2.674,547
RAW,46.5,9768,8757,2.674,547
RAW,46.7,9766,8746,2.669,546
RAW,46.9,9763,8742,2.674,547
RAW,47.0,9755,8728,2.674,547
RAW,47.3,9753,8733,2.674,547
RAW,47.5,9750,8741,2.674,547
RAW,47.7,9751,8736,2.674,547
RAW,47.9,9757,8735,2.674,547
RAW,48.1,9764,8734,2.674,547
RAW,48.3,9761,8735,2.674,547
RAW,48.5,9766,8739,2.674,547
RAW,48.6,9771,8745,2.644,541
RAW,48.7,9779,8741,2.649,542
RAW,49.0,9789,8744,2.649,542
RAW,49.3,9790,8744,2.674,547
RAW,49.4,9790,8746,2.644,541
RAW,49.5,9798,8749,2.644,541
RAW,49.8,9807,8745,2.644,541
RAW,50.0,9803,8751,2.649,542
RAW,50.2,9815,8755,2.644,541
RAW,50.3,9817,8749,2.649,542
RAW,50.6,9820,8748,2.649,542
RAW,50.7,9823,8756,2.644,541
RAW,51.0,9827,8753,2.644,541
RAW,51.2,9828,8755,2.649,542
RAW,51.3,9841,8755,2.649,542
RAW,51.5,9852,8760,2.644,541
RAW,51.7,9844,8758,2.644,541
RAW,52.0,9805,8730,2.644,541
RAW,52.2,9710,8676,2.644,541
RAW,52.4,9654,8646,2.649,542
RAW,52.5,9629,8640,2.644,541
RAW,52.8,9619,8635,2.644,541
RAW,53.0,9625,8637,2.644,541
RAW,53.2,9632,8639,2.649,542
RAW,53.5,9632,8644,2.674,547
RAW,53.7,9634,8642,2.674,547
RAW,54.0,9644,8640,2.644,541
RAW,54.2,9646,8643,2.649,542
RAW,54.3,9650,8642,2.644,541
RAW,54.5,9656,8648,2.649,542
RAW,54.7,9664,8656,2.649,542
RAW,55.0,9672,8653,2.649,542
RAW,55.2,9666,8648,2.644,541
RAW,55.4,9658,8643,2.644,541
RAW,55.5,9655,8642,2.644,541
RAW,55.8,9650,8633,2.644,541
RAW,56.0,9654,8634,2.644,541
RAW,56.2,9652,8631,2.649,542
RAW,56.3,9654,8627,2.644,541
RAW,56.6,9650,8630,2.644,541
RAW,56.7,9659,8628,2.649,542
RAW,57.0,9665,8630,2.644,541
RAW,57.2,9671,8634,2.644,541
RAW,57.4,9667,8632,2.644,541
RAW,57.5,9670,8635,2.644,541
RAW,57.7,9685,8637,2.649,542
RAW,58.0,9691,8640,2.644,541
RAW,58.2,9690,8634,2.644,541
RAW,58.4,9684,8632,2.644,541
RAW,58.5,9692,8634,2.644,541
RAW,58.8,9698,8634,2.644,541
RAW,59.0,9701,8630,2.644,541
RAW,59.2,9705,8632,2.644,541
RAW,59.3,9712,8633,2.644,541
RAW,59.6,9717,8636,2.644,541
RAW,59.7,9724,8638,2.644,541
RAW,60.0,9732,8629,2.644,541
RAW,60.2,9739,8645,2.649,542
RAW,60.2,9740,8639,2.674,547
RAW,60.5,9745,8637,2.674,547
RAW,60.7,9749,8632,2.674,547
RAW,60.8,9678,8593,2.674,547
RAW,61.0,9579,8544,2.669,546
RAW,61.2,9547,8530,2.674,547
RAW,61.5,9537,8526,2.674,547
RAW,61.7,9526,8528,2.674,547
RAW,61.8,9531,8527,2.674,547
RAW,62.1,9545,8531,2.674,547
RAW,62.2,9549,8537,2.674,547
RAW,62.5,9555,8539,2.649,542
RAW,62.7,9563,8540,2.644,541
RAW,63.0,9569,8539,2.649,542
RAW,63.2,9576,8554,2.644,541
RAW,63.4,9582,8556,2.649,542
RAW,63.5,9597,8559,2.644,541
RAW,63.8,9604,8554,2.644,541
RAW,64.0,9599,8547,2.649,542
RAW,64.2,9594,8552,2.649,542
RAW,64.4,9589,8547,2.644,541
RAW,64.5,9593,8545,2.678,548
RAW,64.7,9589,8540,2.674,547
RAW,64.9,9594,8548,2.674,547
RAW,65.1,9592,8545,2.674,547
RAW,65.3,9602,8546,2.674,547
RAW,65.4,9606,8554,2.649,542
RAW,65.6,9610,8548,2.649,542
RAW,65.8,9614,8559,2.644,541
RAW,66.0,9631,8560,2.649,542
RAW,66.2,9622,8559,2.649,542
RAW,66.4,9630,8564,2.649,542
RAW,66.6,9642,8561,2.644,541
RAW,66.8,9648,8568,2.644,541
RAW,67.0,9652,8565,2.649,542
RAW,67.1,9662,8569,2.649,542
RAW,67.4,9658,8568,2.644,541
RAW,67.5,9658,8572,2.644,541
RAW,67.8,9657,8569,2.649,542
RAW,67.9,9665,8569,2.649,542
RAW,68.2,9677,8576,2.644,541
RAW,68.3,9674,8569,2.669,546
RAW,68.5,9681,8577,2.669,546
RAW,68.7,9692,8580,2.674,547
RAW,68.8,9693,8580,2.678,548
RAW,69.1,9700,8581,2.674,547
RAW,69.2,9702,8580,2.674,547
RAW,69.5,9695,8568,2.678,548
RAW,69.6,9627,8532,2.674,547
RAW,69.9,9554,8495,2.674,547
RAW,70.0,9526,8484,2.674,547
RAW,70.3,9517,8477,2.674,547
RAW,70.4,9509,8477,2.649,542
RAW,70.5,9506,8480,2.649,542
RAW,70.8,9520,8480,2.644,541
RAW,70.9,9522,8478,2.654,543
RAW,71.2,9526,8486,2.654,543
RAW,71.3,9528,8486,2.654,543
RAW,71.6,9536,8489,2.649,542
RAW,71.7,9545,8489,2.649,542
RAW,72.0,9550,8491,2.649,542
RAW,72.1,9548,8497,2.649,542
RAW,72.4,9565,8501,2.649,542
RAW,72.5,9561,8503,2.654,543
RAW,72.8,9567,8495,2.649,542
RAW,72.9,9563,8490,2.654,543
RAW,73.2,9554,8487,2.649,542
RAW,73.4,9542,8482,2.649,542
RAW,73.5,9547,8491,2.644,541
RAW,73.8,9548,8484,2.654,543
RAW,73.9,9562,8491,2.649,542
RAW,74.2,9561,8489,2.649,542
RAW,74.3,9572,8492,2.649,542
RAW,74.6,9570,8492,2.649,542
RAW,74.7,9579,8489,2.644,541
RAW,75.0,9584,8488,2.649,542
RAW,75.1,9591,8502,2.649,542
RAW,75.4,9598,8501,2.654,543
RAW,75.4,9593,8493,2.674,547
RAW,75.6,9597,8498,2.674,547
RAW,75.8,9603,8498,2.674,547
RAW,76.0,9607,8501,2.674,547
RAW,76.2,9604,8502,2.674,547
RAW,76.4,9607,8504,2.674,547
RAW,76.7,9617,8501,2.669,546
RAW,76.8,9618,8508,2.674,547
RAW,77.1,9620,8509,2.674,547
RAW,77.2,9625,8510,2.674,547
RAW,77.5,9633,8511,2.674,547
RAW,77.6,9631,8512,2.674,547
RAW,77.9,9617,8491,2.674,547
RAW,78.0,9545,8456,2.678,548
RAW,78.2,9493,8429,2.674,547
RAW,78.4,9477,8420,2.674,547
RAW,78.6,9472,8421,2.674,547
RAW,78.7,9469,8421,2.654,543
RAW,78.9,9469,8418,2.649,542
RAW,79.2,9483,8432,2.678,548
RAW,79.4,9493,8430,2.678,548
RAW,79.7,9496,8435,2.649,542
RAW,79.9,9494,8429,2.654,543
RAW,80.2,9500,8431,2.678,548
RAW,80.4,9508,8439,2.674,547
RAW,80.6,9522,8436,2.674,547
RAW,80.8,9516,8438,2.674,547
RAW,81.0,9522,8438,2.674,547
RAW,81.2,9519,8439,2.674,547
RAW,81.4,9518,8436,2.674,547
RAW,81.6,9506,8431,2.674,547
RAW,81.8,9513,8432,2.674,547
RAW,82.0,9517,8432,2.674,547
RAW,82.2,9514,8436,2.678,548
RAW,82.4,9523,8437,2.669,546
RAW,82.6,9524,8433,2.678,548
RAW,82.8,9532,8438,2.674,547
RAW,83.0,9536,8438,2.678,548
RAW,83.2,9542,8439,2.678,548
RAW,83.4,9546,8437,2.674,547
RAW,83.6,9556,8445,2.674,547
RAW,83.8,9552,8445,2.678,548
RAW,84.0,9565,8450,2.674,547
RAW,84.2,9565,8449,2.674,547
RAW,84.4,9573,8446,2.674,547
RAW,84.6,9575,8452,2.674,547
RAW,84.8,9573,8452,2.674,547
RAW,85.0,9577,8456,2.674,547
RAW,85.2,9589,8453,2.674,547
RAW,85.4,9583,8456,2.674,547
RAW,85.6,9585,8458,2.669,546
RAW,85.8,9590,8451,2.674,547
RAW,86.0,9594,8464,2.674,547
RAW,86.2,9607,8469,2.678,548
RAW,86.4,9612,8468,2.674,547
RAW,86.6,9616,8470,2.678,548
RAW,86.8,9596,8452,2.674,547
RAW,87.0,9523,8409,2.678,548
RAW,87.2,9478,8389,2.674,547
RAW,87.4,9457,8381,2.674,547
RAW,87.6,9444,8376,2.674,547
RAW,87.8,9452,8371,2.678,548
RAW,88.0,9455,8376,2.674,547
RAW,88.2,9458,8377,2.678,548
RAW,88.4,9456,8376,2.674,547
RAW,88.7,9471,8379,2.649,542
RAW,88.9,9463,8381,2.649,542
RAW,89.2,9468,8390,2.674,547
RAW,89.4,9478,8390,2.674,547
RAW,89.6,9487,8394,2.674,547
RAW,89.8,9493,8387,2.678,548
RAW,90.0,9499,8390,2.674,547
RAW,90.1,9496,8390,2.649,542
RAW,90.3,9500,8389,2.649,542
RAW,90.5,9487,8386,2.649,542
RAW,90.7,9481,8380,2.654,543
RAW,90.9,9483,8382,2.649,542
RAW,91.1,9482,8377,2.654,543
RAW,91.3,9488,8383,2.649,542
RAW,91.5,9495,8385,2.654,543
RAW,91.7,9501,8384,2.654,543
RAW,91.9,9508,8389,2.654,543
RAW,92.1,9514,8393,2.654,543
RAW,92.3,9516,8394,2.654,543
RAW,92.5,9522,8398,2.654,543
RAW,92.7,9531,8398,2.654,543
RAW,92.9,9536,8400,2.649,542
RAW,93.1,9542,8405,2.659,544
RAW,93.3,9545,8400,2.654,543
RAW,93.5,9548,8403,2.654,543
RAW,93.7,9551,8409,2.649,542
RAW,93.9,9570,8408,2.654,543
RAW,94.1,9558,8410,2.654,543
RAW,94.3,9562,8405,2.654,543
RAW,94.5,9567,8407,2.654,543
RAW,94.7,9574,8410,2.654,543
RAW,94.9,9580,8409,2.654,543
RAW,95.1,9587,8411,2.659,544
RAW,95.3,9585,8420,2.649,542
RAW,95.5,9597,8416,2.654,543
RAW,95.7,9601,8420,2.654,543
RAW,95.9,9607,8419,2.654,543
RAW,96.1,9568,8395,2.654,543
RAW,96.3,9495,8360,2.654,543
RAW,96.5,9461,8346,2.649,542
RAW,96.7,9444,8331,2.659,544
RAW,96.9,9440,8333,2.654,543
RAW,97.1,9433,8337,2.654,543
RAW,97.4,9444,8335,2.674,547
RAW,97.6,9450,8344,2.674,547
RAW,97.8,9448,8349,2.674,547
RAW,98.1,9449,8348,2.654,543
RAW,98.3,9453,8344,2.654,543
RAW,98.6,9466,8351,2.674,547
RAW,98.8,9472,8349,2.674,547
RAW,99.0,9479,8351,2.674,547
RAW,99.2,9482,8353,2.674,547
RAW,99.4,9476,8359,2.674,547
RAW,99.6,9479,8348,2.678,548
RAW,99.8,9481,8348,2.674,547
RAW,100.0,9474,8349,2.674,547
RAW,100.2,9475,8349,2.674,547
RAW,100.3,9480,8353,2.654,543
RAW,100.5,9494,8353,2.659,544
RAW,100.7,9494,8356,2.654,543
RAW,100.9,9498,8352,2.659,544
RAW,101.0,9497,8354,2.678,548
RAW,101.2,9502,8360,2.678,548
RAW,101.4,9504,8357,2.674,547
RAW,101.6,9519,8363,2.678,548
RAW,101.7,9512,8361,2.654,543
RAW,101.9,9520,8370,2.659,544
RAW,102.1,9523,8365,2.654,543
RAW,102.3,9530,8372,2.654,543
RAW,102.4,9533,8373,2.678,548
RAW,102.6,9541,8369,2.678,548
RAW,102.8,9537,8375,2.674,547
RAW,103.0,9550,8376,2.678,548
RAW,103.1,9545,8379,2.659,544
RAW,103.3,9551,8378,2.659,544
RAW,103.5,9556,8382,2.659,544
RAW,103.7,9563,8384,2.659,544
RAW,103.8,9561,8380,2.678,548
RAW,104.0,9565,8384,2.678,548
RAW,104.2,9566,8383,2.678,548
RAW,104.4,9585,8391,2.674,547
RAW,104.5,9580,8390,2.654,543
RAW,104.7,9589,8395,2.654,543
RAW,104.9,9596,8397,2.654,543
RAW,105.0,9605,8400,2.678,548
RAW,105.2,9599,8395,2.674,547
RAW,105.4,9568,8377,2.678,548
RAW,105.6,9514,8343,2.678,548
RAW,105.7,9483,8337,2.659,544
RAW,105.9,9464,8327,2.659,544
RAW,106.1,9457,8320,2.654,543
RAW,106.3,9451,8322,2.654,543
RAW,106.4,9453,8318,2.678,548
RAW,106.6,9456,8330,2.678,548
RAW,106.8,9461,8334,2.678,548
RAW,107.0,9471,8324,2.674,547
RAW,107.1,9474,8331,2.659,544
RAW,107.3,9479,8333,2.659,544
RAW,107.5,9477,8335,2.654,543
RAW,107.7,9484,8336,2.654,543
RAW,107.8,9480,8334,2.678,548
RAW,108.0,9486,8336,2.678,548
RAW,108.2,9491,8337,2.678,548
RAW,108.3,9499,8340,2.654,543
RAW,108.5,9500,8344,2.659,544
RAW,108.7,9501,8335,2.654,543
RAW,108.9,9503,8341,2.654,543
RAW,109.0,9499,8335,2.674,547
RAW,109.2,9498,8334,2.678,548
RAW,109.4,9496,8330,2.674,547
RAW,109.6,9503,8335,2.678,548
RAW,109.7,9496,8338,2.654,543
RAW,109.9,9515,8343,2.664,545
RAW,110.1,9509,8341,2.654,543
RAW,110.2,9514,8345,2.678,548
RAW,110.4,9517,8349,2.678,548
RAW,110.6,9524,8347,2.683,549
RAW,110.8,9530,8347,2.674,547
RAW,110.9,9524,8348,2.659,544
RAW,111.1,9526,8352,2.659,544
RAW,111.3,9534,8345,2.659,544
RAW,111.5,9542,8348,2.654,543
RAW,111.6,9543,8348,2.674,547
RAW,111.8,9548,8354,2.674,547
RAW,112.0,9543,8351,2.678,548
RAW,112.1,9544,8358,2.654,543
RAW,112.3,9552,8357,2.659,544
RAW,112.5,9560,8363,2.659,544
RAW,112.7,9558,8358,2.664,545
RAW,112.8,9559,8352,2.674,547
RAW,113.0,9567,8355,2.678,548
RAW,113.2,9566,8362,2.674,547
RAW,113.4,9568,8356,2.674,547
RAW,113.5,9572,8361,2.659,544
RAW,113.7,9575,8366,2.664,545
RAW,113.9,9576,8364,2.659,544
RAW,114.1,9584,8361,2.664,545
RAW,114.2,9581,8362,2.674,547
RAW,114.4,9554,8340,2.678,548
RAW,114.6,9505,8315,2.674,547
RAW,114.8,9487,8314,2.678,548
RAW,114.9,9472,8304,2.659,544
RAW,115.1,9461,8301,2.664,545
RAW,115.3,9458,8300,2.654,543
RAW,115.4,9460,8301,2.674,547
RAW,115.6,9472,8305,2.674,547
RAW,115.8,9475,8311,2.678,548
RAW,116.0,9484,8309,2.674,547
RAW,116.1,9478,8313,2.664,545
RAW,116.3,9477,8314,2.659,544
RAW,116.5,9482,8306,2.659,544
RAW,116.6,9489,8317,2.674,547
RAW,116.8,9491,8311,2.674,547
RAW,117.0,9500,8316,2.674,547
RAW,117.2,9500,8323,2.674,547
RAW,117.3,9500,8319,2.659,544
RAW,117.5,9503,8316,2.659,544
RAW,117.7,9509,8312,2.659,544
RAW,117.9,9501,8317,2.654,543
RAW,118.0,9496,8312,2.678,548
RAW,118.2,9492,8312,2.674,547
RAW,118.4,9498,8313,2.678,548
RAW,118.5,9496,8314,2.659,544
RAW,118.8,9500,8312,2.674,547
RAW,119.0,9506,8321,2.678,548
RAW,119.3,9514,8317,2.659,544
RAW,119.6,9527,8326,2.674,547
RAW,119.8,9522,8326,2.678,548
RAW,120.1,9524,8321,2.654,543
RAW,120.3,9529,8321,2.654,543
RAW,120.6,9536,8325,2.674,547
RAW,120.8,9541,8328,2.674,547
RAW,121.1,9546,8324,2.659,544
RAW,121.3,9541,8328,2.659,544
RAW,121.6,9549,8330,2.678,548
RAW,121.8,9547,8324,2.674,547
RAW,122.1,9548,8333,2.664,545
RAW,122.3,9558,8333,2.654,543
RAW,122.6,9559,8332,2.674,547
RAW,122.8,9562,8335,2.669,546
RAW,123.1,9562,8335,2.659,544
RAW,123.3,9539,8312,2.659,544
RAW,123.6,9480,8285,2.674,547
RAW,123.8,9457,8280,2.669,546
RAW,124.1,9442,8270,2.659,544
RAW,124.4,9436,8271,2.674,547
RAW,124.7,9449,8270,2.654,543
RAW,124.9,9458,8272,2.659,544
RAW,125.2,9459,8277,2.674,547
RAW,125.5,9456,8273,2.654,543
RAW,125.7,9460,8282,2.654,543
RAW,125.9,9465,8281,2.659,544
RAW,126.1,9476,8281,2.664,545
RAW,126.3,9480,8281,2.654,543
RAW,126.4,9474,8283,2.674,547
RAW,126.6,9486,8278,2.674,547
RAW,126.8,9470,8282,2.674,547
RAW,127.0,9467,8279,2.674,547
RAW,127.1,9473,8282,2.659,544
RAW,127.3,9470,8277,2.659,544
RAW,127.5,9470,8275,2.659,544
RAW,127.7,9474,8283,2.659,544
RAW,127.8,9481,8281,2.678,548
RAW,128.0,9472,8284,2.678,548
RAW,128.2,9488,8283,2.678,548
RAW,128.3,9482,8277,2.664,545
RAW,128.5,9485,8283,2.664,545
RAW,128.7,9497,8286,2.659,544
RAW,128.9,9496,8286,2.659,544
RAW,129.0,9496,8284,2.674,547
RAW,129.2,9500,8283,2.678,548
RAW,129.4,9506,8285,2.674,547
RAW,129.6,9509,8293,2.674,547
RAW,129.7,9509,8287,2.659,544
RAW,129.9,9516,8289,2.659,544
RAW,130.1,9516,8289,2.659,544
RAW,130.3,9512,8293,2.659,544
RAW,130.4,9521,8287,2.674,547
RAW,130.6,9519,8295,2.674,547
RAW,130.8,9521,8296,2.674,547
RAW,130.9,9521,8291,2.664,545
RAW,131.1,9522,8295,2.659,544
RAW,131.3,9534,8293,2.664,545
RAW,131.5,9532,8302,2.659,544
RAW,131.6,9532,8297,2.678,548
RAW,131.8,9536,8294,2.674,547
RAW,132.0,9538,8292,2.674,547
RAW,132.2,9516,8282,2.674,547
RAW,132.3,9494,8267,2.664,545
RAW,132.5,9455,8249,2.659,544
RAW,132.7,9429,8238,2.664,545
RAW,132.8,9418,8239,2.678,548
RAW,133.0,9410,8236,2.674,547
RAW,133.2,9417,8232,2.674,547
RAW,133.4,9414,8233,2.674,547
RAW,133.5,9417,8236,2.659,544
RAW,133.7,9419,8239,2.659,544
RAW,133.9,9424,8239,2.659,544
RAW,134.2,9427,8240,2.674,547
RAW,134.4,9431,8237,2.669,546
RAW,134.6,9431,8239,2.674,547
RAW,134.8,9437,8244,2.669,546
RAW,135.0,9443,8244,2.674,547
RAW,135.2,9449,8247,2.674,547
RAW,135.4,9452,8247,2.674,547
RAW,135.5,9449,8249,2.659,544
RAW,135.7,9445,8244,2.664,545
RAW,135.9,9451,8243,2.664,545
RAW,136.1,9451,8241,2.664,545
RAW,136.2,9441,8243,2.674,547
RAW,136.4,9442,8241,2.674,547
RAW,136.6,9446,8248,2.674,547
RAW,136.8,9447,8245,2.674,547
RAW,136.9,9448,8243,2.659,544
RAW,137.1,9460,8249,2.659,544
RAW,137.3,9464,8257,2.659,544
RAW,137.5,9458,8253,2.659,544
RAW,137.6,9469,8251,2.674,547
RAW,137.8,9469,8252,2.678,548
RAW,138.0,9475,8254,2.678,548
RAW,138.2,9478,8256,2.678,548
RAW,138.3,9479,8249,2.659,544
RAW,138.5,9483,8257,2.659,544
RAW,138.7,9482,8259,2.659,544
RAW,138.8,9485,8252,2.674,547
RAW,139.0,9482,8258,2.669,546
RAW,139.2,9490,8252,2.678,548
RAW,139.4,9491,8261,2.669,546
RAW,139.5,9493,8258,2.664,545
RAW,139.7,9492,8260,2.659,544
RAW,139.9,9498,8259,2.659,544
RAW,140.1,9500,8264,2.659,544
RAW,140.2,9500,8260,2.674,547
RAW,140.4,9502,8263,2.674,547
RAW,140.6,9509,8264,2.674,547
RAW,140.8,9509,8269,2.674,547
RAW,140.9,9515,8268,2.664,545
RAW,141.1,9517,8260,2.659,544
RAW,141.3,9479,8243,2.664,545
RAW,141.5,9439,8226,2.659,544
RAW,141.6,9424,8215,2.674,547
RAW,141.8,9401,8210,2.674,547
RAW,142.0,9389,8210,2.678,548
RAW,142.2,9390,8200,2.674,547
RAW,142.3,9380,8207,2.664,545
RAW,142.5,9397,8208,2.659,544
RAW,142.7,9400,8212,2.664,545
RAW,142.9,9401,8205,2.659,544
RAW,143.1,9406,8207,2.659,544
RAW,143.3,9415,8210,2.659,544
RAW,143.5,9409,8205,2.664,545
RAW,143.7,9421,8214,2.659,544
RAW,143.9,9423,8217,2.664,545
RAW,144.1,9423,8217,2.659,544
RAW,144.4,9423,8219,2.674,547
RAW,144.6,9426,8218,2.674,547
RAW,144.7,9422,8210,2.664,545
RAW,144.9,9422,8217,2.659,544
RAW,145.1,9423,8218,2.664,545
RAW,145.3,9428,8217,2.659,544
RAW,145.4,9425,8212,2.674,547
RAW,145.6,9424,8216,2.669,546
RAW,145.8,9429,8218,2.669,546
RAW,146.0,9430,8223,2.669,546
RAW,146.1,9436,8216,2.664,545
RAW,146.3,9432,8215,2.664,545
RAW,146.5,9443,8215,2.664,545
RAW,146.7,9440,8221,2.659,544
RAW,146.8,9446,8223,2.674,547
RAW,147.0,9453,8227,2.674,547
RAW,147.2,9452,8225,2.674,547
RAW,147.3,9450,8218,2.664,545
RAW,147.5,9460,8223,2.664,545
RAW,147.7,9463,8230,2.659,544
RAW,147.9,9459,8231,2.659,544
RAW,148.0,9463,8227,2.674,547
RAW,148.2,9474,8229,2.669,546
RAW,148.4,9474,8229,2.669,546
RAW,148.6,9465,8228,2.674,547
RAW,148.7,9469,8227,2.664,545
RAW,148.9,9468,8226,2.659,544
RAW,149.1,9473,8231,2.659,544
RAW,149.2,9471,8232,2.669,546
RAW,149.4,9477,8235,2.669,546
RAW,149.6,9484,8228,2.669,546
RAW,149.8,9479,8222,2.669,546
RAW,149.9,9472,8221,2.664,545
RAW,150.1,9430,8205,2.659,544
RAW,150.3,9396,8190,2.659,544
RAW,150.5,9376,8178,2.659,544
RAW,150.6,9372,8173,2.669,546
RAW,150.8,9365,8177,2.669,546
RAW,151.0,9370,8173,2.669,546
RAW,151.2,9371,8175,2.669,546
RAW,151.4,9382,8181,2.669,546
RAW,151.6,9375,8178,2.664,545
RAW,151.8,9385,8178,2.669,546
RAW,152.0,9381,8180,2.669,546
RAW,152.2,9385,8184,2.669,546
RAW,152.4,9394,8180,2.664,545
RAW,152.6,9399,8185,2.669,546
RAW,152.8,9396,8186,2.664,545
RAW,153.0,9405,8181,2.669,546
RAW,153.1,9399,8180,2.659,544
RAW,153.3,9395,8180,2.664,545
RAW,153.5,9393,8182,2.664,545
RAW,153.7,9397,8182,2.664,545
RAW,153.8,9389,8176,2.664,545
RAW,154.0,9396,8179,2.669,546
RAW,154.2,9403,8177,2.669,546
RAW,154.4,9403,8185,2.669,546
RAW,154.5,9404,8188,2.664,545
RAW,154.7,9410,8184,2.664,545
RAW,154.9,9409,8183,2.664,545
RAW,155.1,9415,8185,2.659,544
RAW,155.2,9414,8185,2.669,546
RAW,155.4,9416,8187,2.669,546
RAW,155.6,9422,8189,2.664,545
RAW,155.7,9426,8197,2.664,545
RAW,155.9,9424,8189,2.664,545
RAW,156.1,9434,8192,2.664,545
RAW,156.3,9428,8193,2.659,544
RAW,156.4,9429,8187,2.669,546
RAW,156.6,9443,8190,2.669,546
RAW,156.8,9437,8195,2.669,546
RAW,157.0,9445,8197,2.664,545
RAW,157.1,9437,8191,2.664,545
RAW,157.3,9441,8195,2.664,545
RAW,157.5,9446,8200,2.659,544
RAW,157.6,9449,8200,2.664,545
RAW,157.8,9454,8202,2.669,546
RAW,158.0,9456,8198,2.669,546
RAW,158.2,9452,8191,2.669,546
RAW,158.3,9437,8186,2.664,545
RAW,158.5,9399,8170,2.664,545
RAW,158.7,9378,8152,2.664,545
RAW,158.8,9364,8157,2.669,546
RAW,159.0,9356,8147,2.664,545
RAW,159.2,9356,8144,2.669,546
RAW,159.4,9346,8142,2.664,545
RAW,159.5,9342,8142,2.664,545
RAW,159.7,9345,8142,2.664,545
RAW,159.9,9351,8142,2.664,545
RAW,160.1,9355,8142,2.664,545
RAW,160.3,9353,8137,2.664,545
RAW,160.5,9351,8149,2.664,545
RAW,160.7,9357,8146,2.669,546
RAW,160.9,9360,8143,2.664,545
RAW,161.1,9371,8146,2.664,545
RAW,161.3,9371,8149,2.664,545
RAW,161.5,9366,8146,2.669,546
RAW,161.7,9368,8142,2.664,545
RAW,161.9,9363,8147,2.664,545
RAW,162.0,9358,8146,2.674,547
RAW,162.2,9363,8140,2.674,547
RAW,162.4,9360,8142,2.669,546
RAW,162.6,9361,8142,2.674,547
RAW,162.7,9365,8143,2.664,545
RAW,162.9,9378,8140,2.664,545
RAW,163.1,9375,8138,2.664,545
RAW,163.2,9371,8138,2.669,546
RAW,163.4,9384,8143,2.669,546
RAW,163.6,9386,8146,2.674,547
RAW,163.7,9394,8149,2.669,546
RAW,163.9,9398,8154,2.669,546
RAW,164.1,9409,8154,2.669,546
RAW,164.3,9401,8159,2.669,546
RAW,164.4,9413,8157,2.664,545
RAW,164.6,9412,8162,2.669,546
RAW,164.8,9417,8154,2.664,545
RAW,164.9,9420,8165,2.669,546
RAW,165.1,9426,8160,2.664,545
RAW,165.3,9413,8164,2.669,546
RAW,165.5,9420,8166,2.669,546
RAW,165.6,9413,8160,2.664,545
RAW,165.8,9425,8164,2.664,545
RAW,166.0,9424,8166,2.669,546
RAW,166.2,9431,8166,2.664,545
RAW,166.3,9433,8169,2.669,546
RAW,166.5,9431,8167,2.669,546
RAW,166.7,9435,8168,2.669,546
RAW,166.9,9431,8165,2.664,545
RAW,167.0,9438,8163,2.669,546
RAW,167.2,9439,8166,2.669,546
RAW,167.4,9416,8152,2.669,546
RAW,167.6,9374,8131,2.664,545
RAW,167.7,9360,8122,2.674,547
RAW,167.9,9341,8121,2.669,546
RAW,168.1,9327,8116,2.674,547
RAW,168.2,9319,8113,2.669,546
RAW,168.4,9317,8109,2.664,545
RAW,168.6,9326,8115,2.664,545
RAW,168.7,9324,8113,2.674,547
RAW,168.9,9332,8114,2.669,546
RAW,169.1,9331,8112,2.674,547
RAW,169.3,9330,8112,2.669,546
RAW,169.6,9331,8116,2.669,546
RAW,169.8,9339,8113,2.669,546
RAW,170.0,9349,8120,2.669,546
RAW,170.2,9355,8116,2.664,545
RAW,170.5,9345,8116,2.674,547
RAW,170.6,9355,8123,2.664,545
RAW,170.8,9349,8114,2.664,545
RAW,171.0,9347,8112,2.664,545
RAW,171.1,9343,8113,2.674,547
RAW,171.3,9345,8104,2.669,546
RAW,171.5,9347,8109,2.674,547
RAW,171.7,9354,8111,2.669,546
RAW,171.8,9350,8108,2.669,546
RAW,172.0,9362,8112,2.664,545
RAW,172.2,9361,8110,2.664,545
RAW,172.4,9367,8111,2.664,545
RAW,172.5,9372,8116,2.678,548
RAW,172.7,9378,8113,2.674,547
RAW,172.9,9380,8114,2.674,547
RAW,173.0,9379,8113,2.659,544
RAW,173.2,9385,8111,2.659,544
RAW,173.4,9393,8115,2.659,544
RAW,173.6,9392,8122,2.664,545
RAW,173.7,9400,8121,2.674,547
RAW,173.9,9401,8124,2.669,546
RAW,174.1,9408,8126,2.669,546
RAW,174.2,9404,8126,2.659,544
RAW,174.4,9412,8129,2.664,545
RAW,174.6,9411,8135,2.659,544
RAW,174.8,9417,8129,2.659,544
RAW,174.9,9414,8136,2.669,546
RAW,175.1,9414,8130,2.669,546
RAW,175.3,9418,8130,2.674,547
RAW,175.4,9416,8129,2.659,544
RAW,175.6,9418,8139,2.664,545
RAW,175.8,9428,8134,2.664,545
RAW,176.0,9435,8140,2.664,545
RAW,176.1,9432,8140,2.674,547
RAW,176.3,9423,8133,2.678,548
RAW,176.5,9402,8122,2.674,547
RAW,176.7,9363,8103,2.674,547
RAW,176.8,9344,8103,2.669,546
RAW,177.0,9330,8090,2.669,546
RAW,177.2,9313,8085,2.664,545
RAW,177.3,9312,8087,2.678,548
RAW,177.5,9308,8084,2.678,548
RAW,177.7,9312,8082,2.678,548
RAW,177.9,9305,8086,2.674,547
RAW,178.1,9316,8089,2.678,548
RAW,178.3,9316,8088,2.674,547
RAW,178.5,9317,8084,2.674,547
RAW,178.7,9330,8086,2.674,547
RAW,178.9,9338,8096,2.674,547
RAW,179.1,9348,8097,2.674,547
RAW,179.3,9353,8103,2.674,547
RAW,179.4,9356,8098,2.659,544
RAW,179.6,9362,8103,2.664,545
RAW,179.8,9362,8107,2.659,544
RAW,179.9,9357,8106,2.674,547
RAW,180.1,9361,8103,2.678,548
RAW,180.3,9359,8105,2.674,547
RAW,180.5,9361,8106,2.674,547
RAW,180.6,9359,8104,2.659,544
RAW,180.8,9358,8101,2.664,545
RAW,181.0,9359,8104,2.659,544
RAW,181.1,9362,8104,2.678,548
RAW,181.3,9371,8109,2.674,547
RAW,181.5,9367,8104,2.674,547
RAW,181.7,9373,8112,2.674,547
RAW,181.8,9376,8109,2.659,544
RAW,182.0,9370,8111,2.659,544
RAW,182.2,9388,8112,2.659,544
RAW,182.3,9379,8109,2.678,548
RAW,182.5,9381,8112,2.678,548
RAW,182.7,9385,8111,2.674,547
RAW,182.9,9392,8115,2.674,547
RAW,183.0,9390,8116,2.659,544
RAW,183.2,9397,8117,2.659,544
RAW,183.4,9397,8119,2.664,545
RAW,183.5,9403,8121,2.678,548
RAW,183.7,9407,8123,2.678,548
RAW,183.9,9413,8124,2.674,547
RAW,184.0,9415,8124,2.659,544
RAW,184.2,9414,8127,2.659,544
RAW,184.4,9415,8132,2.664,545
RAW,184.6,9425,8134,2.654,543
RAW,184.7,9419,8131,2.678,548
RAW,184.9,9415,8125,2.674,547
RAW,185.1,9375,8106,2.674,547
RAW,185.2,9355,8093,2.659,544
RAW,185.4,9331,8083,2.659,544
RAW,185.6,9310,8076,2.654,543
RAW,185.8,9303,8075,2.659,544
RAW,185.9,9301,8076,2.678,548
RAW,186.1,9303,8076,2.678,548
RAW,186.3,9301,8082,2.674,547
RAW,186.4,9307,8077,2.659,544
RAW,186.6,9310,8079,2.654,543
RAW,186.8,9301,8076,2.659,544
RAW,187.0,9309,8084,2.659,544
RAW,187.2,9317,8079,2.659,544
RAW,187.5,9324,8086,2.678,548
RAW,187.7,9331,8089,2.683,549
RAW,187.9,9337,8085,2.678,548
RAW,188.1,9333,8088,2.678,548
RAW,188.2,9329,8089,2.659,544
RAW,188.4,9330,8086,2.659,544
RAW,188.6,9327,8087,2.659,544
RAW,188.8,9326,8084,2.659,544
RAW,188.9,9328,8081,2.683,549
RAW,189.1,9322,8082,2.683,549
RAW,189.3,9321,8079,2.678,548
RAW,189.4,9316,8073,2.659,544
RAW,189.6,9325,8069,2.659,544
RAW,189.8,9327,8071,2.664,545
RAW,190.0,9329,8075,2.659,544
RAW,190.1,9330,8080,2.688,550
RAW,190.3,9336,8079,2.683,549
RAW,190.5,9333,8084,2.683,549
RAW,190.6,9337,8080,2.664,545
RAW,190.8,9348,8080,2.669,546
RAW,191.0,9349,8088,2.664,545
RAW,191.2,9355,8086,2.664,545
RAW,191.3,9353,8090,2.688,550
RAW,191.5,9352,8091,2.688,550
RAW,191.7,9363,8091,2.688,550
RAW,191.9,9363,8094,2.688,550
RAW,192.0,9368,8098,2.664,545
RAW,192.2,9366,8098,2.669,546
RAW,192.4,9373,8097,2.664,545
RAW,192.5,9380,8098,2.693,551
RAW,192.7,9379,8098,2.693,551
RAW,192.9,9386,8099,2.688,550
RAW,193.1,9388,8099,2.688,550
RAW,193.2,9390,8096,2.669,546
RAW,193.4,9395,8098,2.664,545
RAW,193.6,9368,8086,2.669,546
RAW,193.7,9348,8075,2.693,551
RAW,193.9,9304,8059,2.693,551
RAW,194.1,9282,8051,2.688,550
RAW,194.2,9283,8044,2.664,545
RAW,194.4,9272,8045,2.664,545
RAW,194.6,9270,8045,2.669,546
RAW,194.8,9279,8051,2.669,546
RAW,194.9,9267,8044,2.693,551
RAW,195.1,9282,8050,2.693,551
RAW,195.3,9289,8050,2.698,552
RAW,195.6,9288,8048,2.664,545
RAW,195.8,9284,8055,2.664,545
RAW,196.0,9290,8060,2.664,545
RAW,196.3,9303,8061,2.688,550
RAW,196.4,9309,8062,2.664,545
RAW,196.6,9309,8057,2.664,545
RAW,196.8,9311,8063,2.664,545
RAW,197.0,9312,8052,2.669,546
RAW,197.1,9315,8053,2.693,551
RAW,197.3,9306,8066,2.693,551
RAW,197.5,9309,8051,2.688,550
RAW,197.7,9303,8056,2.693,551
RAW,197.8,9310,8052,2.664,545
RAW,198.0,9311,8053,2.664,545
RAW,198.2,9313,8058,2.664,545
RAW,198.4,9317,8066,2.664,545
RAW,198.5,9315,8058,2.683,549
RAW,198.7,9323,8062,2.688,550
RAW,198.9,9332,8059,2.683,549
RAW,199.0,9326,8070,2.664,545
RAW,199.2,9331,8068,2.664,545
RAW,199.4,9341,8064,2.664,545
RAW,199.6,9350,8070,2.659,544
RAW,199.7,9346,8066,2.688,550
RAW,199.9,9361,8074,2.683,549
RAW,200.1,9352,8079,2.688,550
RAW,200.3,9361,8072,2.683,549
RAW,200.4,9364,8076,2.659,544
RAW,200.6,9366,8079,2.664,545
RAW,200.8,9368,8076,2.664,545
RAW,201.0,9371,8085,2.659,544
RAW,201.1,9375,8082,2.688,550
RAW,201.3,9384,8087,2.683,549
RAW,201.5,9384,8085,2.688,550
RAW,201.7,9383,8079,2.683,549
RAW,201.8,9374,8074,2.659,544
RAW,202.0,9337,8054,2.664,545
RAW,202.2,9301,8038,2.664,545
RAW,202.4,9281,8033,2.659,544
RAW,202.5,9269,8032,2.688,550
RAW,202.7,9271,8027,2.688,550
RAW,202.9,9270,8030,2.688,550
RAW,203.0,9268,8030,2.669,546
RAW,203.2,9274,8035,2.664,545
RAW,203.4,9278,8034,2.664,545
RAW,203.5,9278,8037,2.698,552
RAW,203.7,9282,8035,2.688,550
RAW,203.9,9296,8041,2.698,552
RAW,204.1,9292,8038,2.688,550
RAW,204.2,9296,8043,2.664,545
RAW,204.4,9303,8046,2.664,545
RAW,204.6,9312,8050,2.669,546
RAW,204.8,9306,8053,2.664,545
RAW,204.9,9313,8052,2.698,552
RAW,205.1,9320,8050,2.693,551
RAW,205.3,9315,8046,2.693,551
RAW,205.4,9317,8044,2.664,545
RAW,205.6,9313,8052,2.669,546
RAW,205.8,9304,8047,2.664,545
RAW,206.0,9314,8043,2.669,546
RAW,206.1,9313,8048,2.693,551
RAW,206.3,9311,8046,2.693,551
RAW,206.5,9316,8048,2.693,551
RAW,206.7,9328,8049,2.693,551
RAW,206.8,9326,8049,2.664,545
RAW,207.0,9327,8053,2.669,546
RAW,207.2,9331,8052,2.664,545
RAW,207.3,9333,8056,2.698,552
RAW,207.5,9340,8053,2.693,551
RAW,207.7,9343,8057,2.698,552
RAW,207.9,9344,8062,2.693,551
RAW,208.0,9345,8059,2.669,546
RAW,208.2,9352,8064,2.664,545
RAW,208.4,9354,8064,2.669,546
RAW,208.5,9356,8064,2.693,551
RAW,208.7,9355,8066,2.693,551
RAW,208.9,9369,8073,2.693,551
RAW,209.1,9362,8072,2.693,551
RAW,209.2,9368,8070,2.664,545
RAW,209.4,9358,8062,2.669,546
RAW,209.6,9322,8043,2.664,545
RAW,209.7,9304,8036,2.698,552
RAW,209.9,9277,8026,2.693,551
RAW,210.1,9271,8024,2.693,551
RAW,210.3,9268,8019,2.693,551
RAW,210.4,9269,8022,2.669,546
RAW,210.6,9274,8019,2.664,545
RAW,210.8,9268,8021,2.669,546
RAW,211.0,9283,8026,2.669,546
RAW,211.2,9280,8030,2.674,547
RAW,211.4,9286,8029,2.664,545
RAW,211.6,9284,8029,2.669,546
RAW,211.8,9299,8029,2.669,546
RAW,212.0,9297,8031,2.669,546
RAW,212.2,9303,8035,2.669,546
RAW,212.4,9311,8036,2.664,545
RAW,212.6,9308,8036,2.669,546
RAW,212.7,9303,8031,2.698,552
RAW,212.9,9303,8028,2.693,551
RAW,213.1,9303,8029,2.698,552
RAW,213.3,9306,8028,2.698,552
RAW,213.4,9304,8027,2.669,546
RAW,213.6,9315,8030,2.669,546
RAW,213.8,9302,8021,2.664,545
RAW,214.0,9313,8031,2.664,545
RAW,214.1,9309,8030,2.698,552
RAW,214.3,9310,8033,2.693,551
RAW,214.5,9314,8037,2.693,551
RAW,214.7,9327,8035,2.693,551
RAW,214.8,9317,8040,2.669,546
RAW,215.0,9328,8040,2.664,545
RAW,215.2,9329,8041,2.669,546
RAW,215.3,9332,8038,2.698,552
RAW,215.5,9338,8034,2.698,552
RAW,215.7,9345,8043,2.698,552
RAW,215.9,9346,8045,2.698,552
RAW,216.0,9357,8043,2.669,546
RAW,216.2,9353,8046,2.669,546
RAW,216.4,9362,8048,2.664,545
RAW,216.6,9372,8042,2.664,545
RAW,216.7,9367,8045,2.698,552
RAW,216.9,9366,8049,2.698,552
RAW,217.1,9364,8047,2.698,552
RAW,217.3,9320,8027,2.698,552
RAW,217.4,9308,8013,2.664,545
RAW,217.6,9282,8009,2.669,546
RAW,217.8,9266,8005,2.669,546
RAW,217.9,9263,8001,2.703,553
RAW,218.1,9263,8000,2.693,551
RAW,218.3,9263,8005,2.698,552
RAW,218.5,9273,8006,2.698,552
RAW,218.6,9274,8010,2.669,546
RAW,218.8,9283,8007,2.664,545
RAW,219.0,9286,8012,2.674,547
RAW,219.2,9280,8013,2.669,546
RAW,219.3,9285,8007,2.698,552
RAW,219.5,9286,8004,2.693,551
RAW,219.7,9294,8019,2.698,552
RAW,219.9,9300,8017,2.693,551
RAW,220.0,9306,8018,2.669,546
RAW,220.2,9303,8019,2.669,546
RAW,220.4,9309,8009,2.669,546
RAW,220.5,9304,8016,2.698,552
RAW,220.7,9308,8013,2.703,553
RAW,220.9,9300,8014,2.703,553
RAW,221.1,9304,8019,2.698,552
RAW,221.2,9300,8019,2.669,546
RAW,221.4,9308,8015,2.669,546
RAW,221.6,9306,8008,2.669,546
RAW,221.8,9313,8012,2.669,546
RAW,221.9,9310,8015,2.698,552
RAW,222.1,9312,8017,2.698,552
RAW,222.3,9321,8018,2.693,551
RAW,222.4,9317,8016,2.669,546
RAW,222.6,9324,8013,2.669,546
RAW,222.8,9330,8024,2.669,546
RAW,223.0,9328,8026,2.664,545
RAW,223.1,9334,8017,2.698,552
RAW,223.3,9333,8026,2.698,552
RAW,223.5,9342,8024,2.698,552
RAW,223.6,9337,8029,2.669,546
RAW,223.8,9344,8031,2.669,546
RAW,224.0,9348,8034,2.664,545
RAW,224.2,9353,8034,2.669,546
RAW,224.3,9352,8031,2.698,552
RAW,224.5,9355,8031,2.698,552
RAW,224.7,9352,8035,2.698,552
RAW,224.8,9363,8037,2.669,546
RAW,225.0,9361,8032,2.674,547
RAW,225.2,9328,8012,2.669,546
RAW,225.4,9300,7995,2.664,545
RAW,225.5,9280,7999,2.703,553
RAW,225.7,9274,7990,2.698,552
RAW,225.9,9274,7986,2.703,553
RAW,226.1,9267,7994,2.698,552
RAW,226.2,9276,7990,2.669,546
RAW,226.4,9274,7994,2.669,546
RAW,226.6,9278,7989,2.669,546
RAW,226.8,9287,7998,2.669,546
RAW,226.9,9289,8000,2.703,553
RAW,227.1,9281,7992,2.698,552
RAW,227.3,9289,7997,2.708,554
RAW,227.5,9292,7999,2.698,552
RAW,227.6,9299,7998,2.669,546
RAW,227.8,9299,8000,2.669,546
RAW,228.0,9300,8006,2.669,546
RAW,228.2,9308,8005,2.669,546
RAW,228.3,9297,7998,2.703,553
RAW,228.5,9298,8002,2.703,553
RAW,228.7,9307,8002,2.698,552
RAW,228.8,9304,8000,2.669,546
RAW,229.0,9304,7997,2.674,547
RAW,229.2,9310,8004,2.674,547
RAW,229.4,9311,8002,2.669,546
RAW,229.5,9306,8001,2.703,553
RAW,229.7,9310,8007,2.703,553
RAW,229.9,9317,7999,2.703,553
RAW,230.0,9321,8002,2.669,546
RAW,230.2,9328,8005,2.669,546
RAW,230.4,9321,8002,2.674,547
RAW,230.6,9322,8003,2.669,546
RAW,230.7,9329,8001,2.708,554
RAW,230.9,9331,8007,2.703,553
RAW,231.1,9340,8013,2.703,553
RAW,231.3,9340,8012,2.698,552
RAW,231.4,9340,8011,2.674,547
RAW,231.6,9347,8015,2.669,546
RAW,231.8,9353,8007,2.674,547
RAW,232.0,9362,8017,2.669,546
RAW,232.1,9356,8017,2.703,553
RAW,232.3,9363,8018,2.703,553
RAW,232.5,9364,8022,2.703,553
RAW,232.8,9364,8025,2.669,546
RAW,233.0,9358,8018,2.674,547
RAW,233.3,9315,7988,2.708,554
RAW,233.5,9298,7984,2.703,553
RAW,233.8,9284,7983,2.669,546
RAW,234.0,9285,7983,2.669,546
RAW,234.3,9282,7977,2.703,553
RAW,234.5,9286,7981,2.708,554
RAW,234.8,9293,7980,2.669,546
RAW,235.0,9294,7984,2.669,546
RAW,235.3,9302,7981,2.698,552
RAW,235.5,9309,7986,2.703,553
RAW,235.8,9306,7988,2.664,545
RAW,236.0,9320,7988,2.664,545
RAW,236.3,9317,7982,2.693,551
RAW,236.5,9313,7985,2.698,552
RAW,236.8,9315,7984,2.664,545
RAW,237.0,9306,7980,2.664,545
RAW,237.3,9314,7983,2.693,551
RAW,237.5,9314,7981,2.698,552
RAW,237.8,9321,7985,2.664,545
RAW,238.0,9325,7992,2.669,546
RAW,238.2,9325,7983,2.664,545
RAW,238.5,9322,7991,2.693,551
RAW,238.7,9329,7991,2.693,551
RAW,239.0,9339,7993,2.664,545
RAW,239.2,9342,7993,2.664,545
RAW,239.5,9347,7998,2.693,551
RAW,239.7,9349,7996,2.693,551
RAW,240.0,9352,7991,2.669,546
RAW,240.2,9352,7993,2.664,545
RAW,240.5,9357,8001,2.693,551
RAW,240.7,9362,7999,2.688,550
RAW,241.0,9367,8002,2.659,544
RAW,241.2,9356,7989,2.664,545
RAW,241.5,9306,7965,2.693,551
RAW,241.6,9288,7961,2.688,550
RAW,242.0,9272,7956,2.659,544
RAW,242.3,9273,7956,2.688,550
RAW,242.5,9277,7950,2.693,551
RAW,242.8,9290,7962,2.659,544
RAW,243.1,9285,7961,2.688,550
RAW,243.4,9285,7957,2.659,544
RAW,243.6,9299,7964,2.659,544
RAW,243.9,9306,7961,2.688,550
RAW,244.1,9306,7963,2.693,551
RAW,244.1,9316,7966,2.659,544
RAW,244.4,9299,7965,2.659,544
RAW,244.6,9302,7962,2.664,545
RAW,244.8,9307,7964,2.664,545
RAW,244.9,9295,7961,2.698,552
RAW,245.1,9305,7966,2.693,551
RAW,245.3,9295,7964,2.698,552
RAW,245.5,9305,7959,2.693,551
RAW,245.7,9307,7969,2.693,551
RAW,245.8,9309,7969,2.664,545
RAW,246.0,9311,7968,2.664,545
RAW,246.2,9315,7970,2.659,544
RAW,246.3,9316,7968,2.693,551
RAW,246.5,9320,7968,2.698,552
RAW,246.7,9326,7966,2.693,551
RAW,246.9,9322,7975,2.693,551
RAW,247.0,9331,7973,2.659,544
RAW,247.1,9323,7976,2.669,546
RAW,247.4,9333,7972,2.659,544
RAW,247.6,9331,7972,2.664,545
RAW,247.7,9330,7973,2.698,552
RAW,247.9,9334,7971,2.703,553
RAW,248.1,9337,7976,2.698,552
RAW,248.3,9344,7979,2.693,551
RAW,248.4,9345,7970,2.664,545
RAW,248.6,9350,7983,2.669,546
RAW,248.8,9350,7975,2.659,544
RAW,248.9,9340,7981,2.698,552
RAW,249.1,9322,7954,2.698,552
RAW,249.3,9290,7950,2.703,553
RAW,249.5,9274,7937,2.698,552
RAW,249.6,9272,7937,2.669,546
RAW,249.8,9270,7942,2.664,545
RAW,250.0,9267,7941,2.664,545
RAW,250.1,9280,7944,2.664,545
RAW,250.3,9273,7946,2.698,552
RAW,250.5,9277,7945,2.698,552
RAW,250.7,9282,7946,2.698,552
RAW,250.9,9279,7946,2.698,552
RAW,251.0,9281,7950,2.664,545
RAW,251.2,9297,7951,2.664,545
RAW,251.4,9297,7952,2.664,545
RAW,251.6,9299,7952,2.664,545
RAW,251.7,9303,7947,2.703,553
RAW,251.9,9299,7955,2.698,552
RAW,252.1,9308,7953,2.698,552
RAW,252.1,9298,7948,2.664,545
RAW,252.4,9305,7954,2.669,546
RAW,252.6,9293,7954,2.664,545
RAW,252.8,9296,7955,2.669,546
RAW,252.9,9302,7946,2.703,553
RAW,253.1,9304,7952,2.703,553
RAW,253.3,9307,7950,2.698,552
RAW,253.5,9308,7955,2.698,552
RAW,253.6,9305,7957,2.664,545
RAW,253.8,9315,7955,2.669,546
RAW,254.0,9313,7956,2.664,545
RAW,254.1,9318,7954,2.708,554
RAW,254.3,9322,7960,2.703,553
RAW,254.5,9321,7957,2.703,553
RAW,254.7,9329,7955,2.698,552
RAW,254.8,9326,7958,2.674,547
RAW,255.0,9331,7959,2.669,546
RAW,255.1,9332,7961,2.664,545
RAW,255.4,9328,7966,2.664,545
RAW,255.5,9335,7959,2.703,553
RAW,255.6,9337,7960,2.698,552
RAW,255.9,9342,7956,2.703,553
RAW,256.0,9341,7961,2.703,553
RAW,256.1,9339,7962,2.669,546
RAW,256.3,9353,7962,2.669,546
RAW,256.5,9352,7962,2.669,546
RAW,256.7,9341,7960,2.698,552
RAW,256.8,9323,7950,2.703,553
RAW,257.1,9295,7934,2.703,553
RAW,257.2,9265,7927,2.698,552
RAW,257.3,9260,7920,2.669,546
RAW,257.6,9258,7922,2.669,546
RAW,257.7,9256,7923,2.664,545
RAW,257.8,9258,7917,2.708,554
RAW,258.0,9258,7927,2.703,553
RAW,258.2,9263,7920,2.703,553
RAW,258.5,9273,7924,2.703,553
RAW,258.6,9271,7927,2.708,554
RAW,258.8,9275,7926,2.698,552
RAW,259.0,9265,7922,2.703,553
RAW,259.2,9278,7929,2.703,553
RAW,259.5,9281,7928,2.703,553
RAW,259.6,9289,7926,2.698,552
RAW,259.8,9285,7926,2.703,553
RAW,260.1,9284,7930,2.703,553
RAW,260.1,9285,7929,2.674,547
RAW,260.3,9282,7927,2.669,546
RAW,260.5,9277,7927,2.669,546
RAW,260.7,9278,7929,2.669,546
RAW,260.8,9276,7925,2.703,553
RAW,261.0,9279,7924,2.703,553
RAW,261.2,9277,7927,2.708,554
RAW,261.5,9285,7928,2.698,552
RAW,261.5,9288,7927,2.669,546
RAW,261.8,9294,7928,2.669,546
RAW,262.0,9292,7926,2.669,546
RAW,262.2,9298,7930,2.664,545
RAW,262.2,9308,7924,2.708,554
RAW,262.5,9302,7937,2.708,554
RAW,262.6,9306,7930,2.703,553
RAW,262.7,9308,7933,2.669,546
RAW,263.0,9313,7934,2.669,546
RAW,263.1,9317,7938,2.669,546
RAW,263.3,9318,7933,2.669,546
RAW,263.5,9316,7935,2.703,553
RAW,263.6,9316,7931,2.703,553
RAW,263.9,9322,7938,2.703,553
RAW,264.0,9322,7939,2.669,546
RAW,264.1,9326,7933,2.669,546
RAW,264.3,9332,7945,2.669,546
RAW,264.5,9330,7941,2.669,546
RAW,264.6,9326,7937,2.703,553
RAW,264.8,9324,7936,2.703,553
RAW,265.0,9299,7917,2.708,554
RAW,265.2,9274,7903,2.698,552
RAW,265.3,9258,7901,2.669,546
RAW,265.5,9239,7899,2.669,546
RAW,265.7,9228,7896,2.669,546
RAW,266.0,9235,7892,2.669,546
RAW,266.0,9234,7896,2.703,553
RAW,266.2,9238,7895,2.703,553
RAW,266.5,9242,7898,2.703,553
RAW,266.6,9242,7895,2.703,553
RAW,266.8,9243,7901,2.703,553
RAW,267.0,9252,7906,2.703,553
RAW,267.2,9246,7896,2.703,553
RAW,267.5,9246,7900,2.703,553
RAW,267.6,9254,7901,2.708,554
RAW,267.8,9261,7904,2.703,553
RAW,268.1,9263,7906,2.669,546
RAW,268.3,9261,7898,2.669,546
RAW,268.5,9260,7900,2.669,546
RAW,268.6,9257,7903,2.703,553
RAW,268.8,9257,7897,2.703,553
RAW,269.0,9250,7900,2.698,552
RAW,269.2,9261,7900,2.703,553
RAW,269.3,9260,7902,2.669,546
RAW,269.5,9262,7902,2.669,546
RAW,269.7,9273,7911,2.664,545
RAW,269.8,9267,7905,2.703,553
RAW,270.0,9269,7906,2.703,553
RAW,270.2,9276,7902,2.703,553
RAW,270.5,9274,7907,2.703,553
RAW,270.5,9277,7909,2.669,546
RAW,270.7,9279,7908,2.669,546
RAW,271.0,9277,7911,2.669,546
RAW,271.1,9293,7914,2.664,545
RAW,271.2,9285,7911,2.708,554
RAW,271.4,9290,7915,2.703,553
RAW,271.6,9295,7911,2.703,553
RAW,271.7,9306,7916,2.669,546
RAW,271.9,9299,7910,2.669,546
RAW,272.1,9302,7914,2.669,546
RAW,272.3,9306,7916,2.669,546
RAW,272.5,9311,7915,2.703,553
RAW,272.6,9308,7916,2.703,553
RAW,272.8,9312,7922,2.708,554
RAW,273.0,9312,7922,2.703,553
RAW,273.1,9317,7920,2.669,546
RAW,273.3,9316,7917,2.669,546
RAW,273.5,9284,7895,2.669,546
RAW,273.6,9259,7893,2.703,553
RAW,273.8,9243,7886,2.703,553
RAW,274.0,9219,7877,2.703,553
RAW,274.2,9217,7873,2.708,554
RAW,274.3,9222,7873,2.669,546
RAW,274.5,9227,7873,2.669,546
RAW,274.7,9219,7879,2.674,547
RAW,275.0,9230,7881,2.669,546
RAW,275.1,9227,7874,2.669,546
RAW,275.3,9227,7883,2.669,546
RAW,275.5,9223,7881,2.669,546
RAW,275.7,9229,7882,2.664,545
RAW,276.0,9235,7883,2.669,546
RAW,276.1,9248,7891,2.669,546
RAW,276.3,9246,7886,2.669,546
RAW,276.5,9248,7886,2.664,545
RAW,276.7,9244,7887,2.669,546
RAW,276.9,9244,7881,2.669,546
RAW,277.1,9241,7885,2.669,546
RAW,277.2,9241,7881,2.708,554
RAW,277.4,9247,7886,2.708,554
RAW,277.6,9239,7886,2.703,553
RAW,277.8,9242,7879,2.703,553
RAW,278.0,9245,7883,2.674,547
RAW,278.1,9250,7884,2.669,546
RAW,278.3,9252,7887,2.669,546
RAW,278.5,9256,7888,2.669,546
RAW,278.6,9257,7888,2.703,553
RAW,278.8,9261,7886,2.703,553
RAW,279.0,9263,7891,2.703,553
RAW,279.1,9271,7893,2.669,546
RAW,279.3,9267,7893,2.669,546
RAW,279.5,9272,7893,2.669,546
RAW,279.7,9268,7894,2.674,547
RAW,279.8,9280,7893,2.708,554
RAW,280.0,9276,7894,2.703,553
RAW,280.2,9277,7892,2.708,554
RAW,280.4,9283,7895,2.703,553
RAW,280.5,9286,7891,2.674,547
RAW,280.7,9289,7891,2.669,546
RAW,281.0,9290,7895,2.669,546
RAW,281.0,9286,7897,2.703,553
RAW,281.2,9285,7896,2.703,553
RAW,281.5,9290,7893,2.703,553
RAW,281.6,9277,7889,2.703,553
RAW,281.7,9252,7879,2.669,546
RAW,281.9,9224,7869,2.669,546
RAW,282.1,9211,7859,2.669,546
RAW,282.3,9205,7858,2.669,546
RAW,282.4,9200,7851,2.703,553
RAW,282.6,9196,7856,2.703,553
RAW,282.8,9204,7857,2.703,553
RAW,283.0,9205,7856,2.703,553
RAW,283.1,9205,7855,2.669,546
RAW,283.3,9212,7858,2.674,547
RAW,283.5,9213,7856,2.669,546
RAW,283.7,9215,7861,2.669,546
RAW,283.9,9218,7864,2.674,547
RAW,284.1,9216,7871,2.669,546
RAW,284.3,9228,7865,2.669,546
RAW,284.6,9225,7864,2.703,553
RAW,284.7,9222,7865,2.669,546
RAW,284.9,9221,7867,2.669,546
RAW,285.1,9217,7865,2.664,545
RAW,285.3,9221,7859,2.674,547
RAW,285.4,9223,7861,2.703,553
RAW,285.6,9223,7860,2.703,553
RAW,285.8,9225,7865,2.708,554
RAW,286.0,9223,7866,2.708,554
RAW,286.1,9219,7862,2.669,546
RAW,286.3,9234,7863,2.669,546
RAW,286.5,9240,7870,2.669,546
RAW,286.7,9234,7863,2.669,546
RAW,286.8,9235,7873,2.703,553
RAW,287.0,9237,7867,2.703,553
RAW,287.2,9240,7871,2.703,553
RAW,287.4,9246,7867,2.703,553
RAW,287.5,9247,7872,2.669,546
RAW,287.7,9252,7876,2.669,546
RAW,287.9,9264,7876,2.669,546
RAW,288.0,9256,7875,2.708,554
RAW,288.2,9253,7867,2.703,553
RAW,288.4,9257,7867,2.703,553
RAW,288.6,9256,7880,2.703,553
RAW,288.7,9257,7876,2.674,547
RAW,288.9,9267,7875,2.669,546
RAW,289.1,9267,7878,2.669,546
RAW,289.3,9270,7875,2.669,546
RAW,289.4,9268,7872,2.708,554
RAW,289.6,9245,7861,2.703,553
RAW,289.8,9213,7843,2.708,554
RAW,289.9,9202,7838,2.669,546
RAW,290.1,9188,7836,2.669,546
RAW,290.3,9173,7827,2.674,547
RAW,290.5,9167,7827,2.669,546
RAW,290.6,9172,7831,2.703,553
RAW,290.8,9158,7830,2.703,553
RAW,291.0,9177,7830,2.708,554
RAW,291.2,9174,7831,2.703,553
RAW,291.4,9185,7829,2.703,553
RAW,291.6,9182,7831,2.703,553
RAW,291.8,9179,7832,2.703,553
RAW,292.0,9185,7834,2.703,553
RAW,292.2,9188,7833,2.698,552
RAW,292.5,9194,7836,2.669,546
RAW,292.7,9189,7834,2.669,546
RAW,292.9,9190,7835,2.669,546
RAW,293.1,9188,7828,2.664,545
RAW,293.2,9194,7831,2.703,553
RAW,293.4,9192,7830,2.703,553
RAW,293.6,9191,7832,2.703,553
RAW,293.8,9192,7826,2.698,552
RAW,293.9,9191,7827,2.678,548
RAW,294.1,9195,7826,2.669,546
RAW,294.3,9194,7831,2.674,547
RAW,294.5,9201,7833,2.669,546
RAW,294.6,9202,7828,2.708,554
RAW,294.8,9205,7832,2.703,553
RAW,295.0,9212,7838,2.703,553
RAW,295.2,9203,7838,2.698,552
RAW,295.3,9216,7832,2.674,547
RAW,295.5,9213,7838,2.669,546
RAW,295.7,9213,7839,2.674,547
RAW,295.9,9223,7834,2.669,546
RAW,296.0,9220,7838,2.708,554
RAW,296.2,9227,7840,2.703,553
RAW,296.4,9224,7837,2.703,553
RAW,296.5,9228,7843,2.674,547
RAW,296.7,9225,7838,2.674,547
RAW,296.9,9233,7846,2.669,546
RAW,297.1,9237,7841,2.669,546
RAW,297.2,9238,7843,2.708,554
RAW,297.4,9242,7844,2.703,553
RAW,297.6,9242,7847,2.703,553
RAW,297.8,9237,7836,2.703,553
RAW,297.9,9221,7829,2.669,546
RAW,298.1,9187,7817,2.674,547
RAW,298.3,9169,7806,2.669,546
RAW,298.4,9156,7801,2.708,554
RAW,298.6,9142,7795,2.708,554
RAW,298.8,9146,7791,2.708,554
RAW,299.0,9136,7796,2.703,553
RAW,299.1,9136,7799,2.674,547
RAW,299.3,9144,7798,2.669,546
RAW,299.5,9151,7791,2.674,547
RAW,299.7,9138,7795,2.674,547
RAW,300.0,9147,7796,2.698,552
RAW,300.2,9153,7800,2.698,552
RAW,300.4,9152,7798,2.698,552
RAW,300.6,9155,7803,2.703,553
RAW,300.8,9158,7800,2.703,553
RAW,301.0,9164,7799,2.698,552
RAW,301.2,9163,7799,2.703,553
RAW,301.3,9157,7799,2.674,547
RAW,301.5,9158,7797,2.674,547
RAW,301.7,9157,7792,2.669,546
RAW,301.9,9150,7799,2.674,547
RAW,302.0,9154,7794,2.698,552
RAW,302.2,9161,7801,2.708,554
RAW,302.4,9157,7797,2.703,553
RAW,302.6,9161,7803,2.698,552
RAW,302.7,9171,7794,2.674,547
RAW,302.9,9167,7801,2.674,547
RAW,303.1,9173,7800,2.669,546
RAW,303.3,9175,7799,2.678,548
RAW,303.4,9175,7802,2.703,553
RAW,303.6,9184,7804,2.708,554
RAW,303.8,9186,7805,2.703,553
RAW,303.9,9182,7806,2.674,547
RAW,304.1,9181,7803,2.674,547
RAW,304.3,9189,7803,2.674,547
RAW,304.5,9194,7805,2.669,546
RAW,304.6,9196,7799,2.708,554
RAW,304.8,9191,7802,2.698,552
RAW,305.0,9189,7804,2.703,553
RAW,305.2,9202,7809,2.703,553
RAW,305.3,9194,7809,2.674,547
RAW,305.5,9197,7808,2.674,547
RAW,305.7,9209,7812,2.674,547
RAW,305.8,9208,7807,2.698,552
RAW,306.0,9213,7811,2.703,553
RAW,306.2,9212,7811,2.698,552
RAW,306.4,9216,7810,2.703,553
RAW,306.5,9218,7807,2.674,547
RAW,306.7,9179,7791,2.674,547
RAW,306.9,9139,7772,2.669,546
RAW,307.0,9130,7767,2.698,552
RAW,307.2,9111,7760,2.698,552
RAW,307.4,9118,7762,2.703,553
RAW,307.6,9107,7759,2.698,552
RAW,307.7,9108,7761,2.674,547
RAW,307.9,9114,7765,2.669,546
RAW,308.1,9114,7765,2.674,547
RAW,308.3,9120,7759,2.669,546
RAW,308.5,9122,7763,2.674,547
RAW,308.7,9117,7770,2.669,546
RAW,308.9,9121,7766,2.674,547
RAW,309.1,9128,7769,2.674,547
RAW,309.3,9134,7766,2.674,547
RAW,309.5,9136,7772,2.674,547
RAW,309.7,9138,7773,2.674,547
RAW,309.9,9138,7767,2.669,546
RAW,310.1,9136,7761,2.674,547
RAW,310.2,9132,7771,2.698,552
RAW,310.4,9140,7764,2.698,552
RAW,310.6,9136,7767,2.703,553
RAW,310.8,9132,7770,2.703,553
RAW,310.9,9143,7766,2.669,546
RAW,311.1,9141,7764,2.674,547
RAW,311.3,9148,7770,2.674,547
RAW,311.5,9148,7771,2.674,547
RAW,311.7,9155,7771,2.674,547
RAW,311.8,9153,7783,2.698,552
RAW,312.0,9161,7775,2.698,552
RAW,312.2,9166,7781,2.698,552
RAW,312.3,9164,7777,2.674,547
RAW,312.5,9166,7784,2.674,547
RAW,312.7,9175,7784,2.674,547
RAW,312.9,9176,7786,2.674,547
RAW,313.0,9178,7786,2.698,552
RAW,313.2,9180,7787,2.698,552
RAW,313.4,9182,7791,2.698,552
RAW,313.6,9172,7785,2.698,552
RAW,313.7,9181,7796,2.674,547
RAW,313.9,9186,7787,2.674,547
RAW,314.1,9186,7792,2.674,547
RAW,314.3,9188,7793,2.674,547
RAW,314.4,9195,7795,2.698,552
RAW,314.6,9204,7793,2.698,552
RAW,314.8,9199,7788,2.698,552
RAW,315.0,9203,7798,2.698,552
RAW,315.1,9205,7798,2.678,548
RAW,315.3,9199,7792,2.683,549
RAW,315.5,9163,7773,2.674,547
RAW,315.7,9135,7761,2.678,548
RAW,315.8,9127,7755,2.698,552
RAW,316.0,9115,7753,2.698,552
RAW,316.2,9111,7753,2.698,552
RAW,316.4,9112,7756,2.698,552
RAW,316.5,9105,7755,2.678,548
RAW,316.7,9114,7757,2.678,548
RAW,316.9,9119,7761,2.674,547
RAW,317.0,9116,7759,2.698,552
RAW,317.2,9115,7761,2.698,552
RAW,317.4,9124,7761,2.698,552
RAW,317.6,9118,7762,2.698,552
RAW,317.7,9120,7761,2.683,549
RAW,317.9,9122,7772,2.683,549
RAW,318.1,9134,7768,2.683,549
RAW,318.3,9139,7771,2.683,549
RAW,318.5,9140,7767,2.683,549
RAW,318.6,9137,7766,2.708,554
RAW,318.8,9133,7767,2.703,553
RAW,319.0,9140,7769,2.703,553
RAW,319.1,9135,7760,2.683,549
RAW,319.3,9130,7767,2.683,549
RAW,319.5,9139,7765,2.688,550
RAW,319.7,9139,7768,2.683,549
RAW,319.8,9138,7771,2.708,554
RAW,320.0,9139,7766,2.708,554
RAW,320.2,9143,7772,2.708,554
RAW,320.3,9144,7768,2.688,550
RAW,320.5,9151,7772,2.688,550
RAW,320.7,9148,7773,2.688,550
RAW,320.9,9152,7776,2.693,551
RAW,321.0,9154,7770,2.708,554
RAW,321.2,9158,7779,2.708,554
RAW,321.4,9162,7772,2.703,553
RAW,321.6,9164,7778,2.708,554
RAW,321.7,9159,7777,2.688,550
RAW,321.9,9169,7779,2.693,551
RAW,322.1,9167,7778,2.688,550
RAW,322.3,9164,7780,2.688,550
RAW,322.4,9170,7784,2.708,554
RAW,322.6,9176,7778,2.708,554
RAW,322.8,9181,7782,2.708,554
RAW,323.0,9173,7774,2.708,554
RAW,323.1,9177,7782,2.693,551
RAW,323.3,9175,7780,2.693,551
RAW,323.5,9155,7770,2.693,551
RAW,323.7,9139,7759,2.693,551
RAW,323.8,9120,7753,2.703,553
RAW,324.0,9101,7746,2.708,554
RAW,324.2,9092,7737,2.708,554
RAW,324.3,9087,7745,2.693,551
RAW,324.5,9082,7740,2.693,551
RAW,324.7,9081,7741,2.693,551
RAW,324.9,9087,7736,2.693,551
RAW,325.1,9089,7738,2.698,552
RAW,325.3,9091,7739,2.688,550
RAW,325.5,9090,7741,2.693,551
RAW,325.7,9088,7735,2.688,550
RAW,325.9,9096,7740,2.693,551
RAW,326.1,9095,7735,2.688,550
RAW,326.3,9095,7742,2.693,551
RAW,326.5,9104,7742,2.693,551
RAW,326.7,9099,7739,2.693,551
RAW,326.9,9096,7735,2.693,551
RAW,327.1,9097,7738,2.693,551
RAW,327.4,9093,7737,2.703,553
RAW,327.6,9096,7741,2.708,554
RAW,327.8,9102,7731,2.703,553
RAW,327.9,9092,7735,2.693,551
RAW,328.1,9098,7735,2.688,550
RAW,328.3,9104,7742,2.693,551
RAW,328.5,9113,7737,2.688,550
RAW,328.6,9116,7738,2.708,554
RAW,328.8,9109,7740,2.708,554
RAW,329.0,9114,7742,2.708,554
RAW,329.2,9121,7743,2.703,553
RAW,329.3,9122,7749,2.693,551
RAW,329.5,9124,7749,2.688,550
RAW,329.7,9128,7747,2.698,552
RAW,329.8,9128,7751,2.703,553
RAW,330.0,9127,7746,2.703,553
RAW,330.2,9135,7748,2.703,553
RAW,330.4,9145,7747,2.703,553
RAW,330.5,9144,7746,2.693,551
RAW,330.7,9140,7751,2.693,551
RAW,330.9,9148,7750,2.693,551
RAW,331.0,9144,7749,2.703,553
RAW,331.2,9144,7753,2.708,554
RAW,331.4,9152,7751,2.703,553
RAW,331.6,9154,7761,2.703,553
RAW,331.7,9167,7756,2.693,551
RAW,331.9,9140,7748,2.693,551
RAW,332.1,9114,7734,2.693,551
RAW,332.3,9088,7718,2.693,551
RAW,332.4,9075,7717,2.703,553
RAW,332.6,9066,7715,2.703,553
RAW,332.8,9053,7710,2.703,553
RAW,333.0,9056,7711,2.703,553
RAW,333.1,9053,7713,2.693,551
RAW,333.3,9057,7710,2.693,551
RAW,333.5,9054,7711,2.693,551
RAW,333.7,9054,7710,2.693,551
RAW,333.9,9058,7713,2.698,552
RAW,334.1,9060,7716,2.693,551
RAW,334.3,9065,7712,2.698,552
RAW,334.5,9064,7718,2.698,552
RAW,334.7,9067,7717,2.698,552
RAW,334.9,9066,7714,2.693,551
RAW,335.1,9064,7714,2.698,552
RAW,335.3,9074,7721,2.698,552
RAW,335.5,9074,7720,2.693,551
RAW,335.7,9071,7718,2.693,551
RAW,335.9,9060,7710,2.698,552
RAW,336.1,9070,7712,2.693,551
RAW,336.2,9069,7715,2.698,552
RAW,336.4,9072,7718,2.698,552
RAW,336.6,9078,7722,2.698,552
RAW,336.7,9080,7716,2.703,553
RAW,336.9,9087,7724,2.698,552
RAW,337.1,9081,7723,2.693,551
RAW,337.3,9085,7722,2.693,551
RAW,337.5,9093,7730,2.693,551
RAW,337.6,9098,7728,2.703,553
RAW,337.8,9094,7725,2.703,553
RAW,338.0,9097,7721,2.703,553
RAW,338.2,9102,7727,2.703,553
RAW,338.3,9103,7729,2.693,551
RAW,338.5,9104,7730,2.698,552
RAW,338.7,9105,7728,2.703,553
RAW,338.8,9111,7734,2.698,552
RAW,339.0,9102,7728,2.698,552
RAW,339.2,9121,7733,2.698,552
RAW,339.4,9115,7734,2.698,552
RAW,339.5,9115,7731,2.698,552
RAW,339.7,9117,7733,2.698,552
RAW,339.9,9125,7730,2.698,552
RAW,340.0,9127,7734,2.698,552
RAW,340.2,9130,7734,2.698,552
RAW,340.4,9126,7733,2.698,552
RAW,340.6,9137,7733,2.698,552
RAW,340.7,9132,7733,2.703,553
RAW,340.9,9101,7722,2.693,551
RAW,341.1,9079,7711,2.698,552
RAW,341.3,9053,7702,2.698,552
RAW,341.4,9050,7704,2.698,552
RAW,341.6,9037,7699,2.698,552
RAW,341.8,9031,7695,2.698,552
RAW,342.0,9021,7691,2.693,551
RAW,342.1,9036,7693,2.698,552
RAW,342.3,9023,7691,2.698,552
RAW,342.5,9034,7694,2.698,552
RAW,342.7,9029,7691,2.703,553
RAW,342.9,9028,7689,2.703,553
RAW,343.1,9029,7692,2.703,553
RAW,343.3,9034,7697,2.703,553
RAW,343.5,9037,7698,2.698,552
RAW,343.7,9043,7696,2.703,553
RAW,343.9,9041,7699,2.708,554
RAW,344.1,9042,7698,2.708,554
RAW,344.3,9048,7696,2.703,553
RAW,344.5,9036,7694,2.703,553
RAW,344.7,9042,7692,2.708,554
RAW,344.9,9038,7691,2.703,553
RAW,345.1,9043,7693,2.703,553
RAW,345.2,9042,7700,2.698,552
RAW,345.4,9049,7698,2.698,552
RAW,345.6,9048,7704,2.698,552
RAW,345.8,9050,7703,2.693,551
RAW,346.0,9057,7703,2.693,551
RAW,346.1,9060,7703,2.708,554
RAW,346.3,9065,7712,2.703,553
RAW,346.5,9070,7705,2.703,553
RAW,346.7,9068,7712,2.703,553
RAW,346.8,9065,7708,2.698,552
RAW,347.0,9073,7709,2.698,552
RAW,347.2,9077,7712,2.693,551
RAW,347.3,9078,7709,2.708,554
RAW,347.5,9087,7710,2.703,553
RAW,347.7,9080,7713,2.708,554
RAW,347.9,9086,7714,2.703,553
RAW,348.1,9099,7713,2.703,553
RAW,348.2,9092,7715,2.698,552
RAW,348.4,9092,7713,2.703,553
RAW,348.6,9098,7720,2.693,551
RAW,348.8,9098,7719,2.698,552
RAW,348.9,9101,7721,2.708,554
RAW,349.1,9097,7720,2.708,554
RAW,349.3,9101,7722,2.703,553
RAW,349.4,9108,7721,2.698,552
RAW,349.6,9113,7721,2.698,552
RAW,349.8,9113,7726,2.698,552
RAW,350.0,9120,7719,2.698,552
RAW,350.1,9106,7715,2.717,556
RAW,350.3,9069,7698,2.708,554
RAW,350.5,9044,7695,2.713,555
RAW,350.7,9019,7679,2.708,554
RAW,350.8,9013,7682,2.703,553
RAW,351.0,9010,7680,2.693,551
RAW,351.2,9005,7674,2.698,552
RAW,351.3,9015,7681,2.713,555
RAW,351.5,9015,7679,2.713,555
RAW,351.7,9012,7675,2.713,555
RAW,351.9,9013,7679,2.717,556
RAW,352.1,9016,7677,2.708,554
RAW,352.3,9020,7678,2.713,555
RAW,352.5,9015,7682,2.708,554
RAW,352.7,9020,7682,2.713,555
RAW,352.9,9026,7685,2.713,555
RAW,353.2,9022,7685,2.693,551
RAW,353.4,9029,7692,2.693,551
RAW,353.6,9027,7680,2.693,551
RAW,353.8,9029,7683,2.693,551
RAW,353.9,9031,7679,2.713,555
RAW,354.1,9028,7677,2.713,555
RAW,354.3,9032,7686,2.708,554
RAW,354.5,9028,7686,2.703,553
RAW,354.6,9032,7688,2.693,551
RAW,354.8,9037,7687,2.688,550
RAW,355.0,9037,7691,2.688,550
RAW,355.2,9046,7693,2.693,551
RAW,355.3,9046,7692,2.713,555
RAW,355.5,9050,7691,2.708,554
RAW,355.7,9048,7695,2.708,554
RAW,355.9,9057,7696,2.708,554
RAW,356.0,9062,7695,2.693,551
RAW,356.2,9069,7692,2.688,550
RAW,356.4,9062,7695,2.693,551
RAW,356.6,9075,7695,2.693,551
RAW,356.7,9075,7692,2.708,554
RAW,356.9,9071,7701,2.703,553
RAW,357.1,9080,7698,2.703,553
RAW,357.2,9074,7698,2.683,549
RAW,357.4,9084,7695,2.688,550
RAW,357.6,9087,7696,2.678,548
RAW,357.8,9088,7698,2.688,550
RAW,357.9,9090,7701,2.703,553
RAW,358.1,9094,7699,2.703,553
RAW,358.3,9097,7706,2.698,552
RAW,358.5,9106,7706,2.703,553
RAW,358.6,9105,7710,2.683,549
RAW,358.8,9103,7710,2.678,548
RAW,359.0,9120,7709,2.683,549
RAW,359.2,9112,7711,2.683,549
RAW,359.3,9101,7704,2.703,553
RAW,359.5,9071,7683,2.703,553
RAW,359.7,9025,7668,2.703,553
RAW,359.9,9015,7656,2.703,553
RAW,360.0,9009,7660,2.678,548
RAW,360.2,8995,7662,2.683,549
RAW,360.4,8996,7658,2.678,548
RAW,360.5,9001,7658,2.703,553
RAW,360.7,8999,7664,2.703,553
RAW,360.9,9009,7657,2.708,554
RAW,361.1,9015,7662,2.703,553
RAW,361.3,9023,7661,2.708,554
RAW,361.5,9019,7662,2.703,553
RAW,361.7,9022,7666,2.703,553
RAW,361.9,9028,7670,2.703,553
RAW,362.1,9034,7674,2.708,554
RAW,362.3,9040,7674,2.703,553
RAW,362.5,9026,7672,2.708,554
RAW,362.7,9029,7671,2.703,553
RAW,362.9,9033,7669,2.703,553
RAW,363.0,9026,7662,2.678,548
RAW,363.2,9031,7666,2.683,549
RAW,363.4,9033,7668,2.683,549
RAW,363.6,9029,7672,2.688,550
RAW,363.7,9029,7674,2.703,553
RAW,363.9,9040,7676,2.708,554
RAW,364.1,9037,7680,2.708,554
RAW,364.2,9042,7681,2.683,549
RAW,364.4,9047,7682,2.683,549
RAW,364.6,9049,7680,2.683,549
RAW,364.8,9057,7684,2.678,548
RAW,364.9,9060,7682,2.708,554
RAW,365.1,9067,7685,2.703,553
RAW,365.3,9070,7684,2.708,554
RAW,365.5,9070,7691,2.703,553
RAW,365.6,9071,7687,2.688,550
RAW,365.8,9077,7691,2.683,549
RAW,366.0,9084,7696,2.678,548
RAW,366.2,9081,7689,2.678,548
RAW,366.3,9087,7694,2.713,555
RAW,366.5,9085,7692,2.708,554
RAW,366.7,9091,7698,2.708,554
RAW,366.9,9096,7704,2.708,554
RAW,367.0,9097,7697,2.683,549
RAW,367.2,9105,7698,2.678,548
RAW,367.4,9105,7697,2.683,549
RAW,367.6,9096,7695,2.678,548
RAW,367.7,9078,7688,2.713,555
RAW,367.9,9049,7673,2.708,554
RAW,368.1,9017,7658,2.708,554
RAW,368.2,9013,7662,2.683,549
RAW,368.4,8997,7662,2.683,549
RAW,368.6,8995,7662,2.683,549
RAW,368.8,8997,7657,2.683,549
RAW,368.9,9004,7659,2.703,553
RAW,369.1,9007,7662,2.708,554
RAW,369.3,9000,7664,2.708,554
RAW,369.5,9009,7662,2.713,555
RAW,369.6,9009,7659,2.678,548
RAW,369.8,9010,7661,2.678,548
RAW,370.0,9015,7668,2.678,548
RAW,370.2,9015,7675,2.678,548
RAW,370.3,9023,7675,2.713,555
RAW,370.5,9019,7669,2.708,554
RAW,370.7,9023,7668,2.708,554
RAW,370.9,9022,7668,2.703,553
RAW,371.0,9019,7669,2.678,548
RAW,371.2,9021,7666,2.683,549
RAW,371.4,9016,7668,2.678,548
RAW,371.5,9016,7669,2.708,554
RAW,371.7,9018,7668,2.708,554
RAW,371.9,9022,7671,2.708,554
RAW,372.1,9023,7669,2.703,553
RAW,372.2,9029,7666,2.683,549
RAW,372.4,9034,7667,2.678,548
RAW,372.6,9034,7673,2.678,548
RAW,372.8,9041,7669,2.678,548
RAW,372.9,9043,7673,2.708,554
RAW,373.1,9047,7676,2.703,553
RAW,373.3,9053,7676,2.703,553
RAW,373.4,9053,7672,2.678,548
RAW,373.6,9048,7677,2.678,548
RAW,373.8,9057,7682,2.678,548
RAW,374.0,9058,7685,2.678,548
RAW,374.1,9065,7680,2.708,554
RAW,374.3,9070,7684,2.703,553
RAW,374.5,9073,7686,2.703,553
RAW,374.7,9072,7687,2.708,554
RAW,374.8,9078,7684,2.678,548
RAW,375.0,9077,7691,2.683,549
RAW,375.2,9079,7692,2.678,548
RAW,375.3,9084,7688,2.708,554
RAW,375.5,9089,7692,2.708,554
RAW,375.7,9092,7691,2.713,555
RAW,375.9,9094,7694,2.708,554
RAW,376.0,9093,7694,2.683,549
RAW,376.2,9097,7695,2.683,549
RAW,376.4,9080,7685,2.688,550
RAW,376.6,9036,7670,2.688,550
RAW,376.7,9022,7666,2.717,556
RAW,376.9,9004,7656,2.713,555
RAW,377.1,8986,7647,2.717,556
RAW,377.3,8973,7649,2.717,556
RAW,377.4,8975,7649,2.693,551
RAW,377.6,8973,7646,2.688,550
RAW,377.8,8981,7656,2.688,550
RAW,378.0,8979,7648,2.683,549
RAW,378.2,8977,7650,2.693,551
RAW,378.4,8988,7652,2.683,549
RAW,378.6,8985,7652,2.688,550
RAW,378.8,8984,7651,2.683,549
RAW,379.0,8982,7654,2.688,550
RAW,379.2,8998,7657,2.688,550
RAW,379.4,8998,7656,2.688,550
RAW,379.6,8999,7654,2.683,549
RAW,379.8,8990,7653,2.693,551
RAW,380.0,8997,7655,2.688,550
RAW,380.2,8996,7654,2.688,550
RAW,380.4,9004,7655,2.683,549
RAW,380.5,8993,7646,2.722,557
RAW,380.7,8996,7649,2.717,556
RAW,380.9,9002,7653,2.717,556
RAW,381.1,8998,7654,2.713,555
RAW,381.2,9001,7657,2.688,550
RAW,381.4,9003,7653,2.688,550
RAW,381.6,9005,7653,2.688,550
RAW,381.7,9018,7659,2.717,556
RAW,381.9,9008,7658,2.722,557
RAW,382.1,9015,7663,2.722,557
RAW,382.3,9014,7658,2.717,556
RAW,382.4,9022,7663,2.693,551
RAW,382.6,9024,7664,2.693,551
RAW,382.8,9034,7666,2.688,550
RAW,383.0,9030,7664,2.688,550
RAW,383.1,9028,7663,2.717,556
RAW,383.3,9036,7669,2.722,557
RAW,383.5,9046,7666,2.717,556
RAW,383.7,9046,7668,2.717,556
RAW,383.8,9043,7672,2.688,550
RAW,384.0,9043,7673,2.688,550
RAW,384.2,9051,7674,2.683,549
RAW,384.4,9051,7678,2.688,550
RAW,384.5,9048,7672,2.722,557
RAW,384.7,9057,7674,2.722,557
RAW,384.9,9068,7676,2.717,556
RAW,385.1,9066,7689,2.717,556
RAW,385.2,9066,7679,2.688,550
RAW,385.4,9072,7682,2.693,551
RAW,385.6,9051,7662,2.688,550
RAW,385.7,9032,7657,2.727,558
RAW,385.9,8999,7648,2.717,556
RAW,386.1,8971,7636,2.717,556
RAW,386.3,8962,7629,2.717,556
RAW,386.4,8955,7626,2.688,550
RAW,386.6,8956,7624,2.688,550
RAW,386.8,8950,7627,2.688,550
RAW,387.0,8953,7628,2.688,550
RAW,387.2,8955,7629,2.693,551
RAW,387.4,8957,7636,2.688,550
RAW,387.6,8957,7626,2.688,550
RAW,387.8,8955,7630,2.688,550
RAW,388.0,8959,7634,2.688,550
RAW,388.2,8970,7634,2.693,551
RAW,388.4,8972,7636,2.693,551
RAW,388.7,8981,7634,2.717,556
RAW,388.9,8970,7635,2.722,557
RAW,389.0,8972,7633,2.688,550
RAW,389.2,8969,7635,2.688,550
RAW,389.4,8970,7634,2.683,549
RAW,389.6,8969,7637,2.688,550
RAW,389.7,8975,7634,2.722,557
RAW,389.9,8970,7635,2.722,557
RAW,390.1,8978,7635,2.717,556
RAW,390.3,8981,7641,2.722,557
RAW,390.4,8980,7640,2.688,550
RAW,390.6,8990,7642,2.688,550
RAW,390.8,8989,7639,2.688,550
RAW,390.9,8992,7640,2.722,557
RAW,391.1,8994,7640,2.722,557
RAW,391.3,8993,7646,2.722,557
RAW,391.5,9009,7650,2.722,557
RAW,391.6,9014,7642,2.693,551
RAW,391.8,9013,7645,2.688,550
RAW,392.0,9015,7655,2.688,550
RAW,392.1,9009,7649,2.727,558
RAW,392.3,9023,7651,2.722,557
RAW,392.5,9018,7651,2.722,557
RAW,392.7,9021,7656,2.722,557
RAW,392.8,9023,7648,2.688,550
RAW,393.0,9027,7651,2.688,550
RAW,393.2,9029,7653,2.688,550
RAW,393.3,9034,7657,2.722,557
RAW,393.5,9045,7657,2.717,556
RAW,393.7,9038,7660,2.717,556
RAW,393.9,9036,7659,2.713,555
RAW,394.0,9044,7654,2.683,549
RAW,394.2,9047,7658,2.678,548
RAW,394.4,9046,7657,2.678,548
RAW,394.6,9053,7660,2.678,548
RAW,394.7,9061,7658,2.713,555
RAW,394.9,9063,7658,2.713,555
RAW,395.1,9062,7654,2.713,555
RAW,395.3,9038,7651,2.713,555
RAW,395.4,9017,7635,2.678,548
RAW,395.6,8982,7621,2.678,548
RAW,395.8,8960,7615,2.674,547
RAW,396.0,8946,7619,2.678,548
RAW,396.1,8942,7613,2.713,555
RAW,396.3,8941,7616,2.708,554
RAW,396.5,8947,7619,2.713,555
RAW,396.7,8955,7628,2.713,555
RAW,396.8,8956,7623,2.678,548
RAW,397.0,8967,7623,2.688,550
RAW,397.2,8966,7623,2.683,549
RAW,397.4,8968,7627,2.683,549
RAW,397.5,8958,7630,2.727,558
RAW,397.7,8971,7632,2.722,557
RAW,397.9,8976,7634,2.722,557
RAW,398.0,8979,7636,2.688,550
RAW,398.2,8982,7638,2.693,551
RAW,398.4,8984,7634,2.688,550
RAW,398.6,8979,7640,2.688,550
RAW,398.7,8979,7637,2.727,558
RAW,398.9,8975,7635,2.722,557
RAW,399.1,8979,7630,2.722,557
RAW,399.3,8975,7634,2.722,557
RAW,399.4,8975,7631,2.688,550
RAW,399.6,8980,7637,2.693,551
RAW,399.8,8981,7640,2.688,550
RAW,399.9,8976,7636,2.727,558
RAW,400.1,8983,7639,2.722,557
RAW,400.3,8992,7641,2.722,557
RAW,400.5,8989,7643,2.722,557
RAW,400.6,8998,7645,2.693,551
RAW,400.8,9000,7645,2.693,551
RAW,401.0,8997,7640,2.693,551
RAW,401.2,9004,7646,2.688,550
RAW,401.3,9006,7641,2.727,558
RAW,401.5,9002,7648,2.722,557
RAW,401.7,9009,7644,2.727,558
RAW,401.9,9014,7649,2.727,558
RAW,402.0,9010,7644,2.693,551
RAW,402.2,9018,7646,2.693,551
RAW,402.4,9018,7646,2.693,551
RAW,402.6,9016,7645,2.693,551
RAW,402.7,9013,7650,2.727,558
RAW,402.9,9020,7646,2.727,558
RAW,403.1,9020,7645,2.727,558
RAW,403.3,9024,7646,2.727,558
RAW,403.4,9028,7652,2.693,551
RAW,403.6,9026,7650,2.693,551
RAW,403.8,9026,7644,2.693,551
RAW,403.9,9023,7641,2.727,558
RAW,404.1,9009,7633,2.732,559
RAW,404.3,8980,7617,2.727,558
RAW,404.5,8952,7617,2.727,558
RAW,404.6,8954,7608,2.693,551
RAW,404.8,8942,7607,2.698,552
RAW,405.0,8938,7612,2.693,551
RAW,405.2,8930,7606,2.698,552
RAW,405.3,8932,7610,2.722,557
RAW,405.5,8936,7612,2.732,559
RAW,405.8,8931,7615,2.693,551
RAW,406.0,8937,7612,2.693,551
RAW,406.2,8943,7615,2.693,551
RAW,406.4,8944,7613,2.693,551
RAW,406.6,8950,7614,2.693,551
RAW,406.8,8948,7620,2.693,551
RAW,407.0,8949,7612,2.693,551
RAW,407.2,8947,7615,2.693,551
RAW,407.4,8953,7612,2.688,550
RAW,407.6,8946,7608,2.693,551
RAW,407.7,8950,7609,2.727,558
RAW,407.9,8948,7604,2.732,559
RAW,408.1,8954,7615,2.727,558
RAW,408.3,8948,7616,2.727,558
RAW,408.4,8953,7612,2.693,551
RAW,408.6,8953,7612,2.698,552
RAW,408.8,8955,7613,2.693,551
RAW,409.0,8958,7619,2.693,551
RAW,409.1,8963,7618,2.732,559
RAW,409.3,8974,7621,2.727,558
RAW,409.5,8971,7623,2.727,558
RAW,409.7,8978,7620,2.727,558
RAW,409.8,8982,7622,2.693,551
RAW,410.0,8978,7627,2.693,551
RAW,410.2,8980,7623,2.693,551
RAW,410.4,8987,7622,2.693,551
RAW,410.5,8986,7629,2.727,558
RAW,410.7,8988,7625,2.732,559
RAW,410.9,8995,7625,2.722,557
RAW,411.0,8995,7628,2.693,551
RAW,411.2,8992,7629,2.698,552
RAW,411.4,8992,7629,2.693,551
RAW,411.6,9003,7632,2.693,551
RAW,411.7,9002,7635,2.727,558
RAW,411.9,9010,7630,2.727,558
RAW,412.1,9011,7633,2.732,559
RAW,412.3,9010,7629,2.722,557
RAW,412.4,9013,7632,2.693,551
RAW,412.6,8986,7613,2.693,551
RAW,412.8,8948,7603,2.693,551
RAW,413.0,8929,7591,2.688,550
RAW,413.1,8919,7592,2.727,558
RAW,413.3,8906,7585,2.722,557
RAW,413.5,8900,7583,2.727,558
RAW,413.7,8902,7584,2.727,558
RAW,413.8,8901,7583,2.693,551
RAW,414.0,8902,7584,2.698,552
RAW,414.2,8902,7591,2.698,552
RAW,414.4,8903,7581,2.693,551
RAW,414.6,8911,7582,2.698,552
RAW,414.9,8908,7583,2.722,557
RAW,415.1,8911,7589,2.722,557
RAW,415.3,8912,7589,2.722,557
RAW,415.5,8919,7588,2.722,557
RAW,415.7,8922,7584,2.727,558
RAW,415.9,8922,7583,2.727,558
RAW,416.1,8916,7587,2.722,557
RAW,416.2,8917,7584,2.693,551
RAW,416.4,8916,7583,2.693,551
RAW,416.6,8911,7583,2.693,551
RAW,416.8,8921,7580,2.688,550
RAW,417.0,8920,7582,2.693,551
RAW,417.1,8925,7587,2.722,557
RAW,417.3,8928,7587,2.722,557
RAW,417.5,8932,7587,2.727,558
RAW,417.6,8934,7590,2.693,551
RAW,417.8,8933,7588,2.693,551
RAW,418.0,8935,7595,2.693,551
RAW,418.2,8947,7599,2.688,550
RAW,418.3,8946,7593,2.727,558
RAW,418.5,8942,7596,2.722,557
RAW,418.7,8956,7599,2.722,557
RAW,418.9,8950,7596,2.727,558
RAW,419.0,8965,7604,2.693,551
RAW,419.2,8965,7601,2.693,551
RAW,419.4,8968,7601,2.693,551
RAW,419.6,8971,7601,2.693,551
RAW,419.7,8969,7602,2.722,557
RAW,419.9,8972,7608,2.722,557
RAW,420.1,8974,7608,2.722,557
RAW,420.3,8980,7611,2.727,558
RAW,420.4,8979,7608,2.698,552
RAW,420.6,8980,7612,2.688,550
RAW,420.8,8987,7610,2.693,551
RAW,421.0,8996,7608,2.693,551
RAW,421.1,8996,7611,2.722,557
RAW,421.3,8993,7616,2.722,557
RAW,421.5,9007,7622,2.727,558
RAW,421.6,9005,7618,2.693,551
RAW,421.8,8973,7595,2.693,551
RAW,422.0,8938,7580,2.688,550
RAW,422.2,8908,7580,2.693,551
RAW,422.3,8895,7573,2.722,557
RAW,422.5,8885,7571,2.722,557
RAW,422.7,8878,7565,2.727,558
RAW,422.9,8874,7562,2.722,557
RAW,423.0,8871,7567,2.688,550
RAW,423.2,8874,7564,2.698,552
RAW,423.4,8884,7570,2.688,550
RAW,423.6,8881,7565,2.693,551
RAW,423.9,8883,7567,2.722,557
RAW,424.0,8885,7568,2.693,551
RAW,424.3,8890,7569,2.717,556
RAW,424.5,8898,7571,2.717,556
RAW,424.7,8899,7574,2.717,556
RAW,424.9,8896,7569,2.722,557
RAW,425.2,8899,7570,2.688,550
RAW,425.3,8895,7563,2.727,558
RAW,425.5,8898,7567,2.717,556
RAW,425.7,8894,7566,2.722,557
RAW,425.9,8898,7570,2.722,557
RAW,426.0,8904,7571,2.693,551
RAW,426.2,8897,7573,2.688,550
RAW,426.4,8902,7573,2.688,550
RAW,426.6,8908,7581,2.688,550
RAW,426.7,8911,7574,2.717,556
RAW,426.9,8909,7578,2.717,556
RAW,427.1,8922,7583,2.727,558
RAW,427.3,8923,7580,2.717,556
RAW,427.4,8928,7582,2.693,551
RAW,427.6,8927,7581,2.688,550
RAW,427.8,8936,7580,2.693,551
RAW,428.0,8934,7579,2.688,550
RAW,428.1,8937,7582,2.722,557
RAW,428.3,8933,7589,2.717,556
RAW,428.5,8945,7586,2.722,557
RAW,428.7,8949,7590,2.717,556
RAW,428.8,8953,7596,2.698,552
RAW,429.0,8949,7598,2.693,551
RAW,429.2,8953,7589,2.693,551
RAW,429.4,8965,7595,2.693,551
RAW,429.5,8960,7599,2.717,556
RAW,429.7,8968,7597,2.717,556
RAW,429.9,8969,7596,2.722,557
RAW,430.1,8969,7602,2.717,556
RAW,430.2,8974,7604,2.693,551
RAW,430.4,8979,7606,2.693,551
RAW,430.6,8985,7593,2.693,551
RAW,430.8,8989,7604,2.693,551
RAW,430.9,8992,7607,2.722,557
RAW,431.1,8996,7611,2.717,556
RAW,431.3,8987,7603,2.717,556
RAW,431.5,8949,7575,2.717,556
RAW,431.6,8930,7572,2.698,552
RAW,431.8,8898,7565,2.693,551
RAW,432.0,8876,7560,2.693,551
RAW,432.1,8868,7552,2.717,556
RAW,432.3,8866,7555,2.717,556
RAW,432.5,8865,7549,2.717,556
RAW,432.7,8869,7555,2.717,556
RAW,432.9,8871,7557,2.713,555
RAW,433.1,8869,7554,2.717,556
RAW,433.3,8870,7553,2.722,557
RAW,433.5,8869,7550,2.722,557
RAW,433.7,8866,7555,2.717,556
RAW,433.9,8878,7556,2.713,555
RAW,434.1,8880,7562,2.713,555
RAW,434.3,8888,7561,2.722,557
RAW,434.5,8889,7559,2.717,556
RAW,434.7,8895,7565,2.717,556
RAW,434.8,8886,7561,2.693,551
RAW,435.0,8886,7556,2.693,551
RAW,435.2,8890,7559,2.693,551
RAW,435.4,8887,7553,2.693,551
RAW,435.5,8888,7559,2.722,557
RAW,435.7,8889,7564,2.717,556
RAW,435.9,8895,7558,2.717,556
RAW,436.1,8899,7568,2.717,556
RAW,436.2,8899,7561,2.693,551
RAW,436.4,8900,7565,2.693,551
RAW,436.6,8909,7566,2.698,552
RAW,436.8,8911,7573,2.698,552
RAW,436.9,8914,7573,2.717,556
RAW,437.1,8919,7572,2.717,556
RAW,437.3,8927,7572,2.717,556
RAW,437.4,8925,7584,2.698,552
RAW,437.6,8929,7576,2.693,551
RAW,437.8,8939,7583,2.698,552
RAW,438.0,8939,7581,2.688,550
RAW,438.1,8940,7576,2.717,556
RAW,438.3,8947,7579,2.717,556
RAW,438.5,8941,7586,2.717,556
RAW,438.7,8957,7585,2.713,555
RAW,438.8,8953,7591,2.698,552
RAW,439.0,8953,7587,2.698,552
RAW,439.2,8957,7592,2.698,552
RAW,439.4,8963,7588,2.688,550
RAW,439.5,8961,7585,2.717,556
RAW,439.7,8968,7594,2.713,555
RAW,439.9,8963,7593,2.722,557
RAW,440.1,8974,7596,2.713,555
RAW,440.2,8982,7599,2.698,552
RAW,440.4,8985,7595,2.693,551
RAW,440.6,8984,7599,2.693,551
RAW,440.7,8988,7600,2.713,555
RAW,440.9,8989,7595,2.717,556
RAW,441.1,8979,7595,2.713,555
RAW,441.3,8939,7565,2.713,555
RAW,441.4,8912,7568,2.698,552
RAW,441.6,8887,7556,2.698,552
RAW,441.8,8866,7553,2.693,551
RAW,441.9,8865,7550,2.713,555
RAW,442.1,8863,7549,2.713,555
RAW,442.3,8859,7547,2.717,556
RAW,442.5,8863,7549,2.713,555
RAW,442.6,8862,7550,2.698,552
RAW,442.8,8872,7545,2.693,551
RAW,443.0,8871,7553,2.698,552
RAW,443.2,8872,7557,2.698,552
RAW,443.5,8877,7554,2.713,555
RAW,443.7,8882,7560,2.713,555
RAW,443.9,8895,7562,2.713,555
RAW,444.1,8896,7558,2.713,555
RAW,444.3,8891,7558,2.713,555
RAW,444.4,8885,7556,2.693,551
RAW,444.6,8887,7557,2.693,551
RAW,444.8,8888,7558,2.693,551
RAW,445.0,8891,7558,2.693,551
RAW,445.2,8889,7557,2.693,551
RAW,445.3,8896,7560,2.713,555
RAW,445.5,8897,7560,2.708,554
RAW,445.7,8892,7559,2.713,555
RAW,445.9,8901,7556,2.713,555
RAW,446.0,8904,7554,2.698,552
RAW,446.2,8904,7567,2.693,551
RAW,446.4,8905,7564,2.698,552
RAW,446.5,8916,7568,2.713,555
RAW,446.7,8915,7571,2.713,555
RAW,446.9,8921,7569,2.713,555
RAW,447.1,8927,7575,2.717,556
RAW,447.2,8930,7573,2.693,551
RAW,447.4,8926,7571,2.698,552
RAW,447.6,8930,7578,2.693,551
RAW,447.8,8929,7579,2.693,551
RAW,447.9,8936,7576,2.708,554
RAW,448.1,8935,7581,2.713,555
RAW,448.3,8941,7579,2.708,554
RAW,448.5,8950,7585,2.713,555
RAW,448.6,8944,7584,2.693,551
RAW,448.8,8954,7584,2.693,551
RAW,449.0,8954,7585,2.698,552
RAW,449.1,8957,7580,2.708,554
RAW,449.3,8958,7588,2.713,555
RAW,449.5,8960,7588,2.713,555
RAW,449.7,8972,7593,2.708,554
RAW,449.8,8970,7589,2.698,552
RAW,450.0,8968,7592,2.693,551
RAW,450.2,8954,7583,2.693,551
RAW,450.3,8932,7568,2.708,554
RAW,450.5,8894,7553,2.708,554
RAW,450.7,8870,7548,2.713,555
RAW,450.9,8858,7543,2.708,554
RAW,451.0,8844,7542,2.693,551
RAW,451.2,8845,7542,2.693,551
RAW,451.4,8840,7538,2.688,550
RAW,451.6,8853,7541,2.693,551
RAW,451.8,8852,7540,2.698,552
RAW,452.0,8858,7540,2.698,552
RAW,452.2,8853,7546,2.698,552
RAW,452.4,8859,7546,2.698,552
RAW,452.6,8861,7542,2.698,552
RAW,452.8,8864,7548,2.698,552
RAW,453.0,8867,7550,2.693,551
RAW,453.3,8872,7541,2.703,553
RAW,453.5,8870,7542,2.708,554
RAW,453.6,8872,7548,2.698,552
RAW,453.8,8863,7552,2.698,552
RAW,454.0,8870,7546,2.693,551
RAW,454.2,8865,7551,2.698,552
RAW,454.3,8867,7547,2.708,554
RAW,454.5,8870,7548,2.703,553
RAW,454.7,8871,7555,2.708,554
RAW,454.9,8874,7550,2.708,554
RAW,455.0,8884,7552,2.698,552
RAW,455.2,8882,7551,2.693,551
RAW,455.4,8892,7555,2.703,553
RAW,455.5,8893,7555,2.703,553
RAW,455.7,8891,7560,2.708,554
RAW,455.9,8907,7558,2.703,553
RAW,456.1,8905,7560,2.713,555
RAW,456.2,8909,7564,2.693,551
RAW,456.4,8920,7565,2.693,551
RAW,456.6,8920,7565,2.693,551
RAW,456.8,8916,7569,2.693,551
RAW,456.9,8921,7566,2.703,553
RAW,457.1,8926,7569,2.708,554
RAW,457.3,8929,7572,2.703,553
RAW,457.5,8933,7580,2.703,553
RAW,457.6,8934,7574,2.703,553
RAW,457.8,8939,7578,2.698,552
RAW,458.0,8944,7574,2.698,552
RAW,458.2,8943,7579,2.698,552
RAW,458.3,8945,7578,2.703,553
RAW,458.5,8944,7578,2.708,554
RAW,458.7,8949,7579,2.703,553
RAW,458.9,8950,7579,2.703,553
RAW,459.0,8963,7587,2.693,551
RAW,459.2,8967,7587,2.698,552
RAW,459.4,8966,7587,2.698,552
RAW,459.6,8976,7590,2.698,552
RAW,459.7,8965,7583,2.703,553
RAW,459.9,8922,7568,2.703,553
RAW,460.1,8884,7541,2.698,552
RAW,460.3,8853,7533,2.708,554
RAW,460.4,8848,7536,2.698,552
RAW,460.6,8834,7529,2.698,552
RAW,460.8,8827,7532,2.703,553
RAW,461.0,8825,7531,2.698,552
RAW,461.2,8828,7531,2.693,551
RAW,461.4,8835,7528,2.698,552
RAW,461.6,8835,7525,2.698,552
RAW,461.8,8843,7533,2.703,553
RAW,462.0,8838,7530,2.698,552
RAW,462.2,8842,7532,2.698,552
RAW,462.4,8845,7536,2.698,552
RAW,462.6,8859,7537,2.698,552
RAW,462.8,8855,7534,2.693,551
RAW,463.0,8853,7540,2.698,552
RAW,463.2,8855,7539,2.693,551
RAW,463.3,8856,7536,2.698,552
RAW,463.5,8852,7538,2.698,552
RAW,463.7,8850,7540,2.698,552
RAW,463.9,8849,7533,2.698,552
RAW,464.0,8856,7537,2.703,553
RAW,464.2,8854,7534,2.698,552
RAW,464.4,8862,7534,2.698,552
RAW,464.5,8852,7534,2.698,552
RAW,464.7,8870,7536,2.698,552
RAW,464.9,8874,7545,2.698,552
RAW,465.1,8879,7549,2.703,553
RAW,465.2,8879,7548,2.703,553
RAW,465.4,8887,7550,2.703,553
RAW,465.6,8888,7547,2.698,552
RAW,465.8,8893,7550,2.698,552
RAW,465.9,8890,7553,2.703,553
RAW,466.1,8894,7555,2.698,552
RAW,466.3,8905,7561,2.698,552
RAW,466.5,8911,7561,2.703,553
RAW,466.6,8915,7559,2.703,553
RAW,466.8,8919,7558,2.703,553
RAW,467.0,8916,7559,2.698,552
RAW,467.1,8922,7562,2.698,552
RAW,467.3,8921,7558,2.698,552
RAW,467.5,8929,7564,2.698,552
RAW,467.7,8942,7568,2.698,552
RAW,467.8,8937,7566,2.708,554
RAW,468.0,8937,7565,2.703,553
RAW,468.2,8940,7569,2.698,552
RAW,468.4,8946,7571,2.698,552
RAW,468.5,8945,7577,2.698,552
RAW,468.7,8951,7576,2.698,552
RAW,468.9,8965,7577,2.698,552
RAW,469.1,8958,7582,2.698,552
RAW,469.2,8962,7583,2.703,553
RAW,469.4,8979,7586,2.703,553
RAW,469.6,8973,7580,2.703,553
RAW,469.7,8977,7582,2.693,551
RAW,469.9,8959,7568,2.703,553
RAW,470.1,8894,7547,2.698,552
RAW,470.3,8869,7529,2.698,552
RAW,470.4,8853,7524,2.703,553
RAW,470.6,8827,7520,2.703,553
RAW,470.8,8818,7517,2.698,552
RAW,471.0,8825,7516,2.703,553
RAW,471.1,8825,7521,2.693,551
RAW,471.3,8821,7525,2.693,551
RAW,471.5,8829,7520,2.698,552
RAW,471.7,8833,7524,2.693,551
RAW,471.9,8840,7524,2.693,551
RAW,472.1,8839,7528,2.693,551
RAW,472.3,8838,7524,2.693,551
RAW,472.5,8843,7529,2.693,551
RAW,472.7,8842,7534,2.688,550
RAW,472.9,8853,7528,2.693,551
RAW,473.1,8848,7529,2.693,551
RAW,473.2,8851,7531,2.713,555
RAW,473.4,8846,7531,2.708,554
RAW,473.6,8846,7526,2.708,554
RAW,473.8,8847,7525,2.703,553
RAW,473.9,8841,7525,2.698,552
RAW,474.1,8846,7526,2.693,551
RAW,474.3,8857,7529,2.693,551
RAW,474.4,8855,7531,2.708,554
RAW,474.6,8859,7538,2.708,554
RAW,474.8,8865,7542,2.708,554
RAW,475.0,8872,7539,2.708,554
RAW,475.1,8869,7543,2.693,551
RAW,475.3,8878,7545,2.693,551
RAW,475.5,8884,7542,2.693,551
RAW,475.6,8887,7549,2.708,554
RAW,475.8,8891,7548,2.708,554
RAW,476.0,8894,7547,2.708,554
RAW,476.2,8902,7547,2.708,554
RAW,476.3,8897,7550,2.693,551
RAW,476.5,8902,7550,2.693,551
RAW,476.7,8910,7552,2.693,551
RAW,476.9,8910,7556,2.698,552
RAW,477.0,8911,7558,2.708,554
RAW,477.2,8919,7563,2.708,554
RAW,477.4,8921,7560,2.708,554
RAW,477.6,8929,7563,2.708,554
RAW,477.7,8927,7560,2.693,551
RAW,477.9,8928,7562,2.693,551
RAW,478.1,8936,7566,2.698,552
RAW,478.2,8941,7566,2.713,555
RAW,478.4,8937,7568,2.708,554
RAW,478.6,8941,7567,2.703,553
RAW,478.8,8948,7572,2.713,555
RAW,478.9,8948,7572,2.693,551
RAW,479.1,8954,7574,2.693,551
RAW,479.3,8960,7571,2.688,550
RAW,479.5,8964,7578,2.693,551
RAW,479.6,8967,7579,2.708,554
RAW,479.8,8957,7567,2.713,555
RAW,480.0,8907,7541,2.708,554
RAW,480.1,8873,7532,2.693,551
RAW,480.3,8844,7522,2.688,550
RAW,480.5,8823,7518,2.688,550
RAW,480.7,8816,7515,2.688,550
RAW,480.8,8819,7511,2.713,555
RAW,481.0,8819,7517,2.708,554
RAW,481.2,8812,7518,2.713,555
RAW,481.4,8823,7521,2.708,554
RAW,481.6,8826,7522,2.708,554
RAW,481.8,8827,7519,2.708,554
RAW,482.0,8833,7523,2.708,554
RAW,482.2,8839,7524,2.713,555
RAW,482.4,8843,7519,2.708,554
RAW,482.7,8853,7531,2.688,550
RAW,482.8,8851,7531,2.708,554
RAW,483.0,8860,7533,2.708,554
RAW,483.2,8855,7527,2.713,555
RAW,483.4,8852,7527,2.708,554
RAW,483.5,8848,7530,2.693,551
RAW,483.7,8848,7528,2.688,550
RAW,483.9,8853,7520,2.688,550
RAW,484.1,8850,7529,2.688,550
RAW,484.2,8852,7530,2.717,556
RAW,484.4,8858,7529,2.708,554
RAW,484.6,8866,7530,2.708,554
RAW,484.8,8870,7533,2.708,554
RAW,484.9,8870,7535,2.688,550
RAW,485.1,8879,7544,2.688,550
RAW,485.3,8885,7536,2.688,550
RAW,485.5,8894,7542,2.688,550
RAW,485.6,8895,7542,2.713,555
RAW,485.8,8903,7539,2.713,555
RAW,486.0,8900,7546,2.713,555
RAW,486.2,8906,7542,2.708,554
RAW,486.3,8908,7553,2.693,551
RAW,486.5,8905,7557,2.688,550
RAW,486.7,8915,7553,2.688,550
RAW,486.9,8916,7552,2.688,550
RAW,487.0,8922,7552,2.717,556
RAW,487.2,8923,7556,2.708,554
RAW,487.4,8930,7553,2.713,555
RAW,487.5,8938,7563,2.688,550
RAW,487.7,8937,7563,2.688,550
RAW,487.9,8942,7567,2.693,551
RAW,488.1,8948,7561,2.688,550
RAW,488.3,8945,7565,2.688,550
RAW,488.4,8955,7563,2.713,555
RAW,488.6,8956,7562,2.708,554
RAW,488.8,8960,7569,2.708,554
RAW,488.9,8961,7578,2.688,550
RAW,489.1,8967,7576,2.688,550
RAW,489.3,8961,7565,2.688,550
RAW,489.5,8926,7550,2.688,550
RAW,489.6,8897,7534,2.708,554
RAW,489.8,8858,7521,2.713,555
RAW,490.0,8835,7518,2.713,555
RAW,490.2,8826,7512,2.713,555
RAW,490.3,8816,7506,2.688,550
RAW,490.5,8828,7510,2.688,550
RAW,490.7,8824,7509,2.688,550
RAW,490.9,8826,7509,2.693,551
RAW,491.1,8838,7508,2.688,550
RAW,491.3,8835,7512,2.688,550
RAW,491.5,8838,7515,2.683,549
RAW,491.7,8836,7521,2.688,550
RAW,491.9,8849,7523,2.688,550
RAW,492.1,8856,7528,2.688,550
RAW,492.3,8860,7526,2.683,549
RAW,492.4,8861,7524,2.717,556
RAW,492.6,8854,7528,2.713,555
RAW,492.8,8862,7526,2.713,555
RAW,493.0,8852,7525,2.713,555
RAW,493.1,8861,7523,2.693,551
RAW,493.3,8849,7516,2.688,550
RAW,493.5,8844,7522,2.688,550
RAW,493.7,8857,7522,2.688,550
RAW,493.8,8858,7524,2.717,556
RAW,494.0,8864,7524,2.713,555
RAW,494.2,8862,7528,2.717,556
RAW,494.3,8868,7526,2.693,551
RAW,494.5,8878,7533,2.693,551
RAW,494.7,8882,7532,2.693,551
RAW,494.9,8884,7531,2.693,551
RAW,495.0,8886,7529,2.713,555
RAW,495.2,8890,7540,2.713,555
RAW,495.4,8894,7539,2.713,555
RAW,495.6,8894,7545,2.717,556
RAW,495.7,8903,7547,2.693,551
RAW,495.9,8905,7546,2.693,551
RAW,496.1,8913,7553,2.688,550
RAW,496.2,8913,7546,2.717,556
RAW,496.4,8916,7552,2.713,555
RAW,496.6,8914,7546,2.722,557
RAW,496.8,8921,7556,2.713,555
RAW,496.9,8913,7551,2.693,551
RAW,497.1,8921,7558,2.693,551
RAW,497.3,8926,7558,2.693,551
RAW,497.5,8927,7550,2.688,550
RAW,497.6,8930,7555,2.722,557
RAW,497.8,8933,7557,2.717,556
RAW,498.0,8929,7557,2.722,557
RAW,498.0,8916,7548,2.688,550
RAW,498.3,8880,7538,2.693,551
RAW,498.5,8840,7518,2.693,551
RAW,498.7,8822,7511,2.693,551
RAW,498.8,8817,7501,2.717,556
RAW,499.0,8811,7503,2.717,556
RAW,499.2,8798,7501,2.717,556
RAW,499.3,8793,7498,2.693,551
RAW,499.5,8807,7500,2.698,552
RAW,499.7,8809,7501,2.693,551
RAW,499.9,8809,7502,2.693,551
RAW,500.1,8813,7499,2.693,551
RAW,500.3,8816,7507,2.688,550
RAW,500.5,8813,7502,2.693,551
RAW,500.7,8822,7506,2.693,551
RAW,500.9,8826,7510,2.698,552
RAW,501.0,8830,7511,2.693,551
RAW,501.3,8833,7501,2.693,551
RAW,501.5,8832,7502,2.688,550
RAW,501.7,8820,7502,2.693,551
RAW,501.9,8820,7501,2.693,551
RAW,502.0,8818,7500,2.717,556
RAW,502.2,8825,7495,2.722,557
RAW,502.3,8823,7500,2.717,556
RAW,502.6,8826,7503,2.717,556
RAW,502.6,8826,7502,2.693,551
RAW,502.9,8827,7505,2.693,551
RAW,503.1,8834,7506,2.693,551
RAW,503.3,8840,7504,2.693,551
RAW,503.4,8847,7513,2.722,557
RAW,503.5,8844,7514,2.717,556
RAW,503.8,8858,7515,2.717,556
RAW,504.0,8865,7516,2.717,556
RAW,504.0,8865,7518,2.693,551
RAW,504.3,8870,7516,2.688,550
RAW,504.5,8872,7526,2.688,550
RAW,504.6,8881,7529,2.717,556
RAW,504.8,8880,7526,2.722,557
RAW,505.0,8884,7526,2.717,556
RAW,505.2,8886,7526,2.722,557
RAW,505.2,8885,7534,2.688,550
RAW,505.5,8884,7528,2.688,550
RAW,505.6,8887,7528,2.688,550
RAW,505.9,8896,7530,2.688,550
RAW,506.0,8899,7532,2.717,556
RAW,506.1,8904,7531,2.722,557
RAW,506.4,8908,7535,2.717,556
RAW,506.5,8909,7538,2.698,552
RAW,506.7,8923,7541,2.693,551
RAW,506.9,8923,7543,2.693,551
RAW,507.1,8921,7540,2.688,550
RAW,507.2,8908,7530,2.722,557
RAW,507.3,8857,7501,2.717,556
RAW,507.6,8814,7489,2.722,557
RAW,507.8,8797,7484,2.722,557
RAW,507.8,8789,7480,2.693,551
RAW,508.1,8780,7476,2.688,550
RAW,508.2,8778,7471,2.688,550
RAW,508.5,8777,7477,2.688,550
RAW,508.5,8781,7472,2.722,557
RAW,508.7,8781,7481,2.717,556
RAW,509.0,8781,7480,2.722,557
RAW,509.1,8785,7480,2.722,557
RAW,509.4,8785,7479,2.717,556
RAW,509.5,8793,7475,2.717,556
RAW,509.8,8800,7482,2.722,557
RAW,510.0,8811,7492,2.722,557
RAW,510.3,8813,7494,2.717,556
RAW,510.5,8813,7490,2.688,550
RAW,510.7,8804,7486,2.688,550
RAW,510.8,8810,7482,2.693,551
RAW,511.1,8804,7484,2.688,550
RAW,511.1,8806,7486,2.722,557
RAW,511.4,8809,7488,2.722,557
RAW,511.5,8811,7489,2.717,556
RAW,511.6,8817,7485,2.693,551
RAW,511.9,8813,7485,2.688,550
RAW,512.0,8822,7489,2.688,550
RAW,512.3,8832,7495,2.688,550
RAW,512.3,8832,7492,2.727,558
RAW,512.5,8835,7504,2.717,556
RAW,512.8,8838,7499,2.722,557
RAW,513.0,8837,7503,2.717,556
RAW,513.1,8850,7498,2.693,551
RAW,513.2,8854,7504,2.693,551
RAW,513.5,8856,7505,2.693,551
RAW,513.5,8862,7506,2.722,557
RAW,513.7,8860,7514,2.727,558
RAW,514.0,8872,7510,2.722,557
RAW,514.2,8872,7512,2.722,557
RAW,514.2,8872,7511,2.688,550
RAW,514.5,8884,7514,2.693,551
RAW,514.7,8880,7518,2.688,550
RAW,514.9,8880,7522,2.693,551
RAW,515.0,8888,7517,2.722,557
RAW,515.2,8888,7521,2.722,557
RAW,515.3,8891,7524,2.722,557
RAW,515.5,8897,7522,2.722,557
RAW,515.7,8899,7526,2.688,550
RAW,515.8,8905,7527,2.693,551
RAW,516.1,8907,7528,2.693,551
RAW,516.2,8903,7529,2.727,558
RAW,516.3,8915,7529,2.722,557
RAW,516.5,8893,7515,2.722,557
RAW,516.7,8839,7490,2.722,557
RAW,516.8,8822,7486,2.693,551
RAW,517.0,8799,7481,2.688,550
RAW,517.2,8786,7478,2.688,550
RAW,517.5,8775,7473,2.693,551
RAW,517.5,8774,7474,2.727,558
RAW,517.8,8769,7472,2.727,558
RAW,518.0,8776,7472,2.722,557
RAW,518.2,8777,7477,2.722,557
RAW,518.3,8782,7478,2.722,557
RAW,518.5,8780,7481,2.722,557
RAW,518.7,8785,7478,2.727,558
RAW,519.0,8786,7477,2.722,557
RAW,519.2,8793,7478,2.722,557
RAW,519.3,8793,7478,2.722,557
RAW,519.5,8804,7477,2.727,558
RAW,519.7,8813,7483,2.722,557
RAW,519.9,8803,7479,2.693,551
RAW,520.0,8803,7478,2.688,550
RAW,520.2,8785,7479,2.693,551
RAW,520.5,8790,7478,2.688,550
RAW,520.5,8792,7483,2.732,559
RAW,520.7,8800,7481,2.722,557
RAW,521.0,8797,7480,2.722,557
RAW,521.2,8808,7482,2.727,558
RAW,521.2,8807,7488,2.693,551
RAW,521.5,8811,7485,2.693,551
RAW,521.7,8816,7489,2.688,550
RAW,521.7,8821,7487,2.722,557
RAW,522.0,8830,7486,2.727,558
RAW,522.2,8831,7493,2.722,557
RAW,522.3,8838,7496,2.727,558
RAW,522.5,8845,7494,2.693,551
RAW,522.7,8844,7494,2.698,552
RAW,522.9,8848,7496,2.688,550
RAW,523.0,8854,7495,2.693,551
RAW,523.2,8858,7497,2.722,557
RAW,523.3,8861,7503,2.727,558
RAW,523.5,8863,7505,2.722,557
RAW,523.7,8863,7502,2.727,558
RAW,523.8,8865,7507,2.688,550
RAW,524.0,8871,7505,2.698,552
RAW,524.2,8880,7509,2.693,551
RAW,524.3,8883,7505,2.722,557
RAW,524.5,8878,7511,2.722,557
RAW,524.7,8879,7509,2.727,558
RAW,525.0,8883,7511,2.722,557
RAW,525.0,8890,7515,2.693,551
RAW,525.2,8895,7523,2.688,550
RAW,525.5,8904,7522,2.693,551
RAW,525.7,8909,7524,2.688,550
RAW,525.7,8901,7521,2.722,557
RAW,526.0,8889,7513,2.717,556
RAW,526.2,8840,7491,2.717,556
RAW,526.3,8807,7473,2.713,555
RAW,526.5,8792,7475,2.688,550
RAW,526.6,8774,7467,2.683,549
RAW,526.8,8765,7467,2.683,549
RAW,527.0,8765,7463,2.678,548
RAW,527.2,8769,7465,2.717,556
RAW,527.3,8775,7472,2.713,555
RAW,527.5,8776,7469,2.713,555
RAW,527.7,8779,7472,2.713,555
RAW,527.9,8781,7472,2.713,555
RAW,528.2,8788,7470,2.713,555
RAW,528.3,8785,7470,2.713,555
RAW,528.5,8796,7481,2.713,555
RAW,528.7,8803,7478,2.708,554
RAW,529.0,8810,7485,2.708,554
RAW,529.1,8809,7479,2.713,555
RAW,529.3,8807,7476,2.708,554
RAW,529.5,8800,7472,2.683,549
RAW,529.6,8801,7478,2.678,548
RAW,529.8,8798,7476,2.678,548
RAW,530.0,8800,7479,2.678,548
RAW,530.2,8792,7477,2.713,555
RAW,530.3,8804,7475,2.713,555
RAW,530.5,8804,7480,2.713,555
RAW,530.7,8813,7480,2.713,555
RAW,530.8,8811,7489,2.683,549
RAW,531.0,8817,7489,2.683,549
RAW,531.2,8824,7487,2.688,550
RAW,531.3,8827,7490,2.713,555
RAW,531.5,8831,7492,2.722,557
RAW,531.7,8834,7493,2.717,556
RAW,532.0,8840,7492,2.717,556
RAW,532.1,8843,7495,2.717,556
RAW,532.2,8843,7502,2.688,550
RAW,532.5,8851,7501,2.688,550
RAW,532.6,8852,7501,2.693,551
RAW,532.7,8855,7496,2.722,557
RAW,532.9,8858,7502,2.722,557
RAW,533.2,8857,7501,2.717,556
RAW,533.3,8859,7500,2.722,557
RAW,533.5,8862,7507,2.722,557
RAW,533.7,8864,7509,2.688,550
RAW,533.8,8862,7516,2.688,550
RAW,534.0,8871,7511,2.698,552
RAW,534.2,8874,7510,2.688,550
RAW,534.3,8869,7505,2.717,556
RAW,534.5,8850,7492,2.722,557
RAW,534.7,8808,7475,2.727,558
RAW,534.8,8799,7470,2.688,550
RAW,535.0,8779,7462,2.693,551
RAW,535.2,8761,7457,2.688,550
RAW,535.5,8750,7452,2.693,551
RAW,535.5,8748,7453,2.722,557
RAW,535.7,8755,7457,2.722,557
RAW,535.9,8754,7456,2.717,556
RAW,536.2,8757,7462,2.722,557
RAW,536.3,8762,7461,2.717,556
RAW,536.5,8767,7462,2.717,556
RAW,536.7,8775,7467,2.722,557
RAW,537.0,8775,7464,2.717,556
RAW,537.1,8781,7470,2.717,556
RAW,537.3,8785,7468,2.722,557
RAW,537.6,8782,7470,2.693,551
RAW,537.8,8774,7466,2.693,551
RAW,538.0,8777,7470,2.688,550
RAW,538.1,8767,7457,2.722,557
RAW,538.3,8773,7464,2.717,556
RAW,538.5,8772,7462,2.717,556
RAW,538.7,8779,7462,2.722,557
RAW,538.8,8783,7466,2.693,551
RAW,539.0,8780,7465,2.693,551
RAW,539.2,8790,7470,2.693,551
RAW,539.4,8797,7470,2.693,551
RAW,539.5,8792,7471,2.722,557
RAW,539.7,8796,7478,2.717,556
RAW,540.0,8809,7476,2.717,556
RAW,540.1,8808,7479,2.722,557
RAW,540.2,8807,7473,2.693,551
RAW,540.5,8811,7482,2.693,551
RAW,540.6,8812,7477,2.693,551
RAW,540.8,8825,7480,2.688,550
RAW,540.9,8821,7481,2.717,556
RAW,541.1,8832,7487,2.717,556
RAW,541.3,8824,7486,2.717,556
RAW,541.5,8832,7485,2.717,556
RAW,541.7,8836,7488,2.693,551
RAW,541.8,8842,7489,2.688,550
RAW,542.0,8845,7489,2.693,551
RAW,542.1,8846,7490,2.717,556
RAW,542.3,8850,7496,2.717,556
RAW,542.5,8847,7494,2.713,555
RAW,542.7,8859,7490,2.717,556
RAW,543.0,8863,7494,2.717,556
RAW,543.0,8860,7497,2.698,552
RAW,543.2,8854,7496,2.693,551
RAW,543.4,8807,7472,2.693,551
RAW,543.6,8776,7453,2.693,551
RAW,543.7,8761,7449,2.717,556
RAW,543.9,8748,7451,2.717,556
RAW,544.1,8728,7439,2.717,556
RAW,544.3,8725,7443,2.717,556
RAW,544.4,8731,7436,2.693,551
RAW,544.7,8729,7441,2.693,551
RAW,544.8,8735,7443,2.693,551
RAW,545.0,8739,7446,2.693,551
RAW,545.2,8739,7442,2.693,551
RAW,545.4,8738,7446,2.693,551
RAW,545.7,8744,7443,2.713,555
RAW,546.0,8747,7449,2.708,554
RAW,546.1,8754,7450,2.713,555
RAW,546.3,8756,7451,2.713,555
RAW,546.5,8753,7442,2.708,554
RAW,546.6,8756,7446,2.693,551
RAW,546.8,8750,7448,2.698,552
RAW,547.0,8753,7441,2.693,551
RAW,547.1,8752,7444,2.713,555
RAW,547.3,8752,7445,2.713,555
RAW,547.5,8748,7443,2.713,555
RAW,547.7,8761,7447,2.708,554
RAW,547.9,8760,7447,2.713,555
RAW,548.0,8762,7448,2.693,551
RAW,548.2,8766,7450,2.693,551
RAW,548.5,8775,7450,2.688,550
RAW,548.6,8776,7454,2.693,551
RAW,548.7,8778,7454,2.708,554
RAW,548.9,8786,7459,2.717,556
RAW,549.1,8789,7464,2.708,554
RAW,549.2,8789,7464,2.698,552
RAW,549.4,8796,7462,2.693,551
RAW,549.6,8808,7464,2.693,551
RAW,549.8,8804,7467,2.693,551
RAW,549.9,8808,7469,2.713,555
RAW,550.2,8812,7468,2.708,554
RAW,550.3,8821,7474,2.713,555
RAW,550.4,8815,7469,2.693,551
RAW,550.6,8815,7478,2.698,552
RAW,550.8,8820,7475,2.693,551
RAW,551.0,8835,7477,2.693,551
RAW,551.1,8825,7480,2.713,555
RAW,551.3,8829,7476,2.708,554
RAW,551.5,8842,7482,2.708,554
RAW,551.7,8844,7478,2.708,554
RAW,551.8,8843,7483,2.693,551
RAW,552.0,8847,7479,2.693,551
RAW,552.2,8857,7486,2.688,550
RAW,552.4,8859,7492,2.698,552
RAW,552.5,8858,7485,2.703,553
RAW,552.7,8838,7470,2.708,554
RAW,552.9,8786,7454,2.708,554
RAW,553.2,8749,7438,2.713,555
RAW,553.2,8740,7434,2.693,551
RAW,553.4,8722,7426,2.698,552
RAW,553.6,8716,7424,2.693,551
RAW,553.8,8719,7427,2.698,552
RAW,553.9,8721,7425,2.703,553
RAW,554.1,8725,7426,2.703,553
RAW,554.3,8729,7432,2.703,553
RAW,554.5,8720,7431,2.703,553
RAW,554.7,8729,7435,2.703,553
RAW,554.9,8732,7432,2.703,553
RAW,555.1,8737,7429,2.698,552
RAW,555.3,8736,7432,2.703,553
RAW,555.5,8743,7434,2.703,553
RAW,555.7,8749,7440,2.703,553
RAW,555.9,8746,7436,2.698,552
RAW,556.1,8746,7440,2.703,553
RAW,556.3,8747,7434,2.703,553
RAW,556.4,8745,7428,2.693,551
RAW,556.6,8736,7432,2.693,551
RAW,556.8,8744,7429,2.693,551
RAW,557.0,8749,7432,2.693,551
RAW,557.1,8744,7433,2.703,553
RAW,557.3,8748,7437,2.698,552
RAW,557.5,8754,7435,2.698,552
RAW,557.7,8761,7442,2.698,552
RAW,557.8,8765,7436,2.698,552
RAW,558.0,8767,7443,2.693,551
RAW,558.2,8781,7444,2.693,551
RAW,558.4,8783,7449,2.693,551
RAW,558.5,8788,7450,2.698,552
RAW,558.7,8791,7453,2.698,552
RAW,558.9,8800,7453,2.698,552
RAW,559.1,8795,7451,2.698,552
RAW,559.2,8806,7457,2.698,552
RAW,559.4,8811,7457,2.693,551
RAW,559.6,8807,7459,2.693,551
RAW,559.7,8809,7461,2.693,551
RAW,559.9,8813,7462,2.698,552
RAW,560.1,8818,7465,2.693,551
RAW,560.3,8814,7471,2.698,552
RAW,560.4,8821,7461,2.698,552
RAW,560.6,8830,7469,2.698,552
RAW,560.8,8828,7475,2.693,551
RAW,561.0,8827,7473,2.698,552
RAW,561.1,8832,7477,2.698,552
RAW,561.3,8837,7480,2.698,552
RAW,561.5,8838,7481,2.698,552
RAW,561.6,8844,7477,2.703,553
RAW,561.8,8848,7484,2.698,552
RAW,562.0,8850,7483,2.703,553
RAW,562.2,8853,7483,2.693,551
RAW,562.3,8847,7484,2.698,552
RAW,562.5,8811,7462,2.693,551
RAW,562.7,8778,7444,2.698,552
RAW,562.9,8753,7435,2.693,551
RAW,563.0,8736,7433,2.703,553
RAW,563.2,8728,7432,2.693,551
RAW,563.4,8719,7424,2.698,552
RAW,563.6,8720,7435,2.693,551
RAW,563.7,8723,7429,2.693,551
RAW,563.9,8725,7435,2.698,552
RAW,564.1,8736,7441,2.698,552
RAW,564.3,8728,7442,2.693,551
RAW,564.5,8735,7444,2.693,551
RAW,564.7,8736,7444,2.693,551
RAW,564.9,8740,7445,2.693,551
RAW,565.1,8745,7452,2.693,551
RAW,565.3,8755,7450,2.693,551
RAW,565.6,8754,7455,2.698,552
RAW,565.8,8757,7451,2.698,552
RAW,565.9,8753,7447,2.688,550
RAW,566.1,8756,7449,2.698,552
RAW,566.3,8753,7447,2.693,551
RAW,566.5,8751,7452,2.693,551
RAW,566.6,8754,7449,2.703,553
RAW,566.8,8753,7452,2.708,554
RAW,567.0,8760,7456,2.703,553
RAW,567.2,8759,7456,2.703,553
RAW,567.3,8757,7456,2.693,551
RAW,567.5,8764,7461,2.693,551
RAW,567.7,8776,7464,2.693,551
RAW,567.9,8780,7467,2.693,551
RAW,568.0,8782,7458,2.708,554
RAW,568.2,8777,7471,2.708,554
RAW,568.4,8785,7468,2.703,553
RAW,568.6,8791,7475,2.703,553
RAW,568.7,8792,7458,2.698,552
RAW,568.9,8796,7467,2.693,551
RAW,569.1,8796,7468,2.693,551
RAW,569.3,8800,7469,2.698,552
RAW,569.4,8801,7475,2.708,554
RAW,569.6,8807,7469,2.708,554
RAW,569.8,8804,7476,2.708,554
RAW,570.0,8808,7474,2.708,554
RAW,570.1,8808,7476,2.693,551
RAW,570.3,8809,7475,2.693,551
RAW,570.5,8818,7475,2.693,551
RAW,570.7,8825,7481,2.693,551
RAW,570.8,8823,7475,2.708,554
RAW,571.0,8833,7487,2.713,555
RAW,571.2,8836,7480,2.703,553
RAW,571.4,8837,7489,2.713,555
RAW,571.5,8838,7485,2.693,551
RAW,571.7,8841,7488,2.688,550
RAW,571.9,8832,7476,2.688,550
RAW,572.1,8785,7456,2.688,550
RAW,572.2,8773,7456,2.708,554
RAW,572.4,8749,7447,2.713,555
RAW,572.6,8730,7435,2.708,554
RAW,572.7,8728,7438,2.693,551
RAW,572.9,8720,7432,2.688,550
RAW,573.1,8711,7440,2.693,551
RAW,573.3,8722,7440,2.688,550
RAW,573.4,8734,7436,2.713,555
RAW,573.6,8726,7437,2.713,555
RAW,573.8,8729,7436,2.713,555
RAW,574.0,8734,7434,2.708,554
RAW,574.2,8739,7439,2.717,556
RAW,574.4,8738,7441,2.708,554
RAW,574.6,8751,7446,2.713,555
RAW,574.9,8749,7439,2.683,549
RAW,575.0,8748,7442,2.713,555
RAW,575.2,8754,7445,2.708,554
RAW,575.4,8741,7444,2.708,554
RAW,575.6,8745,7438,2.708,554
RAW,575.7,8742,7438,2.688,550
RAW,575.9,8746,7437,2.688,550
RAW,576.1,8753,7444,2.693,551
RAW,576.3,8754,7439,2.688,550
RAW,576.4,8758,7441,2.708,554
RAW,576.6,8759,7447,2.708,554
RAW,576.8,8768,7447,2.708,554
RAW,577.0,8775,7456,2.703,553
RAW,577.1,8771,7454,2.688,550
RAW,577.3,8776,7454,2.683,549
RAW,577.5,8781,7458,2.683,549
RAW,577.6,8784,7458,2.713,555
RAW,577.8,8799,7467,2.713,555
RAW,578.0,8801,7466,2.708,554
RAW,578.2,8804,7467,2.713,555
RAW,578.3,8808,7471,2.688,550
RAW,578.5,8812,7480,2.688,550
RAW,578.7,8813,7474,2.683,549
RAW,578.9,8820,7482,2.693,551
RAW,579.0,8813,7480,2.717,556
RAW,579.2,8825,7483,2.717,556
RAW,579.4,8823,7480,2.713,555
RAW,579.5,8826,7479,2.693,551
RAW,579.7,8831,7483,2.688,550
RAW,579.9,8834,7485,2.688,550
RAW,580.1,8841,7491,2.688,550
RAW,580.2,8841,7491,2.717,556
RAW,580.4,8852,7492,2.713,555
RAW,580.6,8847,7491,2.717,556
RAW,580.8,8813,7477,2.713,555
RAW,580.9,8800,7468,2.693,551
RAW,581.1,8765,7461,2.693,551
RAW,581.3,8749,7450,2.693,551
RAW,581.5,8736,7443,2.688,550
RAW,581.6,8729,7451,2.722,557
RAW,581.8,8722,7439,2.717,556
RAW,582.0,8720,7450,2.717,556
RAW,582.2,8722,7441,2.717,556
RAW,582.3,8729,7452,2.698,552
RAW,582.5,8721,7446,2.688,550
RAW,582.7,8723,7449,2.693,551
RAW,582.9,8726,7452,2.693,551
RAW,583.1,8725,7447,2.693,551
RAW,583.3,8734,7449,2.693,551
RAW,583.5,8739,7448,2.693,551
RAW,583.8,8744,7451,2.717,556
RAW,584.0,8742,7448,2.722,557
RAW,584.1,8749,7450,2.693,551
RAW,584.3,8739,7458,2.698,552
RAW,584.5,8744,7456,2.693,551
RAW,584.7,8738,7448,2.693,551
RAW,584.8,8742,7444,2.717,556
RAW,585.0,8742,7450,2.722,557
RAW,585.2,8744,7451,2.717,556
RAW,585.4,8747,7455,2.722,557
RAW,585.5,8747,7455,2.693,551
RAW,585.7,8761,7450,2.693,551
RAW,585.9,8758,7459,2.693,551
RAW,586.1,8760,7460,2.693,551
RAW,586.2,8767,7457,2.717,556
RAW,586.4,8775,7463,2.722,557
RAW,586.6,8773,7465,2.727,558
RAW,586.8,8780,7467,2.727,558
RAW,586.9,8784,7467,2.693,551
RAW,587.1,8788,7467,2.698,552
RAW,587.3,8786,7473,2.693,551
RAW,587.5,8799,7474,2.698,552
RAW,587.6,8798,7473,2.722,557
RAW,587.8,8800,7472,2.727,558
RAW,588.0,8797,7473,2.722,557
RAW,588.2,8803,7481,2.722,557
RAW,588.3,8812,7479,2.693,551
RAW,588.5,8805,7482,2.698,552
RAW,588.7,8818,7485,2.693,551
RAW,588.9,8827,7490,2.698,552
RAW,589.0,8822,7482,2.727,558
RAW,589.2,8827,7493,2.722,557
RAW,589.4,8831,7486,2.722,557
RAW,589.6,8842,7489,2.722,557
RAW,589.7,8845,7490,2.693,551
RAW,589.9,8846,7489,2.693,551
RAW,590.1,8816,7473,2.693,551
RAW,590.3,8779,7459,2.693,551
RAW,590.4,8758,7457,2.722,557
RAW,590.6,8736,7447,2.727,558
RAW,590.8,8724,7437,2.722,557
RAW,591.0,8715,7439,2.727,558
RAW,591.1,8716,7436,2.693,551
RAW,591.3,8711,7442,2.693,551
RAW,591.5,8720,7443,2.693,551
RAW,591.7,8720,7441,2.693,551
RAW,591.9,8720,7439,2.698,552
RAW,592.1,8727,7446,2.693,551
RAW,592.3,8730,7451,2.688,550
RAW,592.5,8723,7445,2.698,552
RAW,592.7,8735,7450,2.693,551
RAW,592.9,8747,7449,2.693,551
RAW,593.2,8753,7451,2.722,557
RAW,593.4,8746,7451,2.722,557
RAW,593.6,8742,7451,2.722,557
RAW,593.7,8746,7453,2.693,551
RAW,593.9,8740,7451,2.688,550
RAW,594.1,8737,7449,2.693,551
RAW,594.2,8743,7452,2.727,558
RAW,594.4,8749,7458,2.722,557
RAW,594.6,8748,7449,2.727,558
RAW,594.8,8761,7459,2.727,558
RAW,594.9,8756,7459,2.693,551
RAW,595.1,8766,7461,2.693,551
RAW,595.3,8775,7462,2.693,551
RAW,595.5,8770,7467,2.693,551
RAW,595.6,8777,7472,2.727,558
RAW,595.8,8782,7472,2.727,558
RAW,596.0,8789,7473,2.722,557
RAW,596.2,8791,7476,2.732,559
RAW,596.3,8793,7476,2.693,551
RAW,596.5,8799,7485,2.693,551
RAW,596.7,8807,7483,2.693,551
RAW,596.9,8804,7482,2.693,551
RAW,597.0,8806,7486,2.727,558
RAW,597.2,8812,7484,2.727,558
RAW,597.4,8815,7489,2.722,557
RAW,597.6,8814,7489,2.727,558
RAW,597.7,8821,7487,2.693,551
RAW,597.9,8826,7483,2.693,551
RAW,598.1,8828,7493,2.693,551
RAW,598.3,8831,7494,2.698,552
RAW,598.4,8831,7491,2.732,559
RAW,598.6,8842,7495,2.727,558
RAW,598.8,8847,7502,2.727,558
RAW,599.0,8850,7497,2.732,559
RAW,599.1,8850,7500,2.693,551
RAW,599.3,8857,7502,2.693,551
RAW,599.5,8860,7499,2.693,551
RAW,599.6,8867,7504,2.732,559
RAW,599.8,8867,7501,2.727,558

------------------------------------------
PHASE 2 (600-1200 tenths of seconds): Processed BPM/SpO2 data
Format: PROC,Time_0.1s,BPM,SpO2,GSR_V,GSR_raw
------------------------------------------
PROC,605.1,65.6,98.0,2.757,564
PROC,606.2,65.6,98.0,2.820,577
PROC,607.2,65.6,98.0,2.703,553
PROC,608.2,65.6,98.0,2.845,582
PROC,609.2,65.6,98.0,2.708,554
PROC,610.2,65.6,98.0,2.698,552
PROC,611.2,65.6,98.0,2.703,553
PROC,612.3,65.6,98.0,2.722,557
PROC,613.3,65.6,98.0,2.835,580
PROC,614.3,65.6,98.0,2.669,546
PROC,615.3,65.6,98.0,2.664,545
PROC,616.3,65.6,98.0,2.674,547
PROC,617.4,65.6,98.0,2.713,555
PROC,618.4,65.6,98.0,2.845,582
PROC,619.4,65.6,98.0,2.703,553
PROC,620.4,65.6,98.0,2.703,553
PROC,621.5,65.6,98.0,2.893,592
PROC,622.5,65.6,98.0,2.703,553
PROC,623.5,65.6,98.0,2.688,550
PROC,624.5,65.6,98.0,2.674,547
PROC,625.5,65.6,98.0,2.674,547
PROC,626.6,65.6,98.0,2.859,585
PROC,627.6,65.6,98.0,2.688,550
PROC,628.6,65.6,98.0,2.761,565
PROC,629.6,65.6,98.0,2.693,551
PROC,630.6,65.6,98.0,2.703,553
PROC,631.7,65.6,98.0,2.717,556
PROC,632.7,65.6,98.0,2.713,555
PROC,633.7,65.6,98.0,2.786,570
PROC,634.7,65.6,98.0,2.688,550
PROC,635.7,65.6,98.0,2.674,547
PROC,636.7,65.6,98.0,2.874,588
PROC,637.8,65.6,98.0,2.815,576
PROC,638.8,65.6,98.0,2.678,548
PROC,639.8,65.6,98.0,2.683,549
PROC,640.8,65.6,98.0,2.703,553
PROC,641.9,65.6,98.0,2.717,556
PROC,642.9,65.6,98.0,2.786,570
PROC,643.9,65.6,98.0,2.678,548
PROC,644.9,65.6,98.0,2.669,546
PROC,646.0,65.6,98.0,2.874,588
PROC,647.0,65.6,98.0,2.801,573
PROC,648.0,65.6,98.0,2.830,579
PROC,649.0,65.6,98.0,2.674,547
PROC,650.0,65.6,98.0,2.678,548
PROC,651.0,65.6,98.0,2.898,593
PROC,652.1,65.6,98.0,2.830,579
PROC,653.1,65.6,98.0,2.864,586
PROC,654.1,65.6,98.0,2.693,551
PROC,655.1,65.6,98.0,2.678,548
PROC,656.1,65.6,98.0,2.830,579
PROC,657.2,65.6,98.0,2.678,548
PROC,658.2,65.6,98.0,2.825,578
PROC,659.2,65.6,98.0,2.669,546
PROC,660.2,65.6,98.0,2.678,548
PROC,661.2,65.6,98.0,2.893,592
PROC,662.3,65.6,98.0,2.859,585
PROC,663.3,65.6,98.0,2.722,557
PROC,664.3,65.6,98.0,2.693,551
PROC,665.3,65.6,98.0,2.835,580
PROC,666.4,65.6,98.0,2.698,552
PROC,667.4,65.6,98.0,2.825,578
PROC,668.4,65.6,98.0,2.698,552
PROC,669.4,65.6,98.0,2.664,545
PROC,670.4,65.6,98.0,2.840,581
PROC,671.5,65.6,98.0,2.889,591
PROC,672.5,65.6,98.0,2.854,584
PROC,673.5,65.6,98.0,2.727,558
PROC,674.5,65.6,98.0,2.693,551
PROC,675.5,65.6,98.0,2.688,550
PROC,676.5,65.6,98.0,2.869,587
PROC,677.6,65.6,98.0,2.742,561
PROC,678.6,65.6,98.0,2.835,580
PROC,679.6,65.6,98.0,2.664,545
PROC,680.6,65.6,98.0,2.669,546
PROC,681.6,65.6,98.0,2.864,586
PROC,682.7,65.6,98.0,2.757,564
PROC,683.7,65.6,98.0,2.703,553
PROC,684.7,65.6,98.0,2.693,551
PROC,685.7,65.6,98.0,2.884,590
PROC,686.7,65.6,98.0,2.698,552
PROC,687.8,65.6,98.0,2.830,579
PROC,688.8,65.6,98.0,2.664,545
PROC,689.8,65.6,98.0,2.664,545
PROC,690.8,65.6,98.0,2.869,587
PROC,691.8,65.6,98.0,2.693,551
PROC,692.9,65.6,98.0,2.849,583
PROC,693.9,65.6,98.0,2.693,551
PROC,694.9,65.6,98.0,2.693,551
PROC,695.9,65.6,98.0,2.893,592
PROC,697.0,65.6,98.0,2.713,555
PROC,698.0,65.6,98.0,2.825,578
PROC,699.0,65.6,98.0,2.669,546
PROC,700.0,65.6,98.0,2.669,546
PROC,701.0,65.6,98.0,2.801,573
PROC,702.0,65.6,98.0,2.683,549
PROC,703.1,65.6,98.0,2.722,557
PROC,704.1,65.6,98.0,2.693,551
PROC,705.1,65.6,98.0,2.693,551
PROC,706.1,65.6,98.0,2.825,578
PROC,707.1,65.6,98.0,2.698,552
PROC,708.2,65.6,98.0,2.703,553
PROC,709.2,65.6,98.0,2.674,547
PROC,710.2,65.6,98.0,2.669,546
PROC,711.2,65.6,98.0,2.869,587
PROC,712.2,65.6,98.0,2.825,578
PROC,713.3,65.6,98.0,2.708,554
PROC,714.3,65.6,98.0,2.688,550
PROC,715.3,65.6,98.0,2.698,552
PROC,716.3,65.6,98.0,2.893,592
PROC,717.3,65.6,98.0,2.708,554
PROC,718.3,65.6,98.0,2.717,556
PROC,719.4,65.6,98.0,2.688,550
PROC,720.4,65.6,98.0,2.674,547
PROC,721.4,65.6,98.0,2.674,547
PROC,722.4,65.6,98.0,2.869,587
PROC,723.4,65.6,98.0,2.683,549
PROC,724.5,65.6,98.0,2.708,554
PROC,725.5,65.6,98.0,2.683,549
PROC,726.5,65.6,98.0,2.796,572
PROC,727.5,65.6,98.0,2.742,561
PROC,728.5,65.6,98.0,2.713,555
PROC,729.6,65.6,98.0,2.737,560
PROC,730.6,65.6,98.0,2.678,548
PROC,731.6,65.6,98.0,2.674,547
PROC,732.6,65.6,98.0,2.874,588
PROC,733.6,65.6,98.0,2.683,549
PROC,734.7,65.6,98.0,2.830,579
PROC,735.7,65.6,98.0,2.669,546
PROC,736.7,65.6,98.0,2.674,547
PROC,737.7,65.6,98.0,2.884,590
PROC,738.7,65.6,98.0,2.713,555
PROC,739.8,65.6,98.0,2.708,554
PROC,740.8,65.6,98.0,2.683,549
PROC,741.8,65.6,98.0,2.683,549
PROC,742.8,65.6,98.0,2.859,585
PROC,743.8,65.6,98.0,2.678,548
PROC,744.9,65.6,98.0,2.683,549
PROC,745.9,65.6,98.0,2.674,547
PROC,746.9,65.6,98.0,2.683,549
PROC,747.9,65.6,98.0,2.742,561
PROC,748.9,65.6,98.0,2.864,586
PROC,750.0,65.6,98.0,2.717,556
PROC,751.0,65.6,98.0,2.693,551
PROC,752.0,65.6,98.0,2.698,552
PROC,753.0,65.6,98.0,2.722,557
PROC,754.0,65.6,98.0,2.835,580
PROC,755.1,65.6,98.0,2.688,550
PROC,756.1,65.6,98.0,2.674,547
PROC,757.1,65.6,98.0,2.664,545
PROC,758.1,65.6,98.0,2.884,590
PROC,759.1,65.6,98.0,2.840,581
PROC,760.2,65.6,98.0,2.771,567
PROC,761.2,65.6,98.0,2.698,552
PROC,762.2,65.6,98.0,2.742,561
PROC,763.2,65.6,98.0,2.688,550
PROC,764.2,65.6,98.0,2.830,579
PROC,765.2,65.6,98.0,2.757,564
PROC,766.3,65.6,98.0,2.669,546
PROC,767.3,65.6,98.0,2.678,548
PROC,768.3,65.6,98.0,2.874,588
PROC,769.3,65.6,98.0,2.825,578
PROC,770.3,65.6,98.0,2.713,555
PROC,771.4,65.6,98.0,2.698,552
PROC,772.4,65.6,98.0,2.708,554
PROC,773.4,65.6,98.0,2.889,591
PROC,774.4,65.6,98.0,2.708,554
PROC,775.4,65.6,98.0,2.849,583
PROC,776.5,65.6,98.0,2.688,550
PROC,777.5,65.6,98.0,2.674,547
PROC,778.5,65.6,98.0,2.845,582
PROC,779.5,65.6,98.0,2.683,549
PROC,780.5,65.6,98.0,2.708,554
PROC,781.6,65.6,98.0,2.698,552
PROC,782.6,65.6,98.0,2.889,591
PROC,783.6,65.6,98.0,2.761,565
PROC,784.6,65.6,98.0,2.864,586
PROC,785.7,65.6,98.0,2.693,551
PROC,786.7,65.6,98.0,2.698,552
PROC,787.7,65.6,98.0,2.747,562
PROC,788.7,65.6,98.0,2.722,557
PROC,789.7,65.6,98.0,2.732,559
PROC,790.8,65.6,98.0,2.727,558
PROC,791.8,65.6,98.0,2.830,579
PROC,792.8,65.6,98.0,2.933,600
PROC,793.8,65.6,98.0,2.732,559
PROC,794.8,65.6,98.0,2.727,558
PROC,795.9,65.6,98.0,2.703,553
PROC,796.9,65.6,98.0,2.708,554
PROC,797.9,65.6,98.0,2.889,591
PROC,798.9,65.6,98.0,2.903,594
PROC,799.9,65.6,98.0,2.815,576
PROC,800.9,65.6,98.0,2.717,556
PROC,802.0,65.6,98.0,2.717,556
PROC,803.0,65.6,98.0,2.737,560
PROC,804.0,65.6,98.0,2.937,601
PROC,805.0,65.6,98.0,2.771,567
PROC,806.0,65.6,98.0,2.879,589
PROC,807.0,65.6,98.0,2.884,590
PROC,808.0,65.6,98.0,2.717,556
PROC,809.1,65.6,98.0,2.708,554
PROC,810.1,65.6,98.0,2.708,554
PROC,811.1,65.6,98.0,2.898,593
PROC,812.1,65.6,98.0,2.717,556
PROC,813.1,65.6,98.0,2.717,556
PROC,814.1,65.6,98.0,2.732,559
PROC,815.1,65.6,98.0,2.713,555
PROC,816.2,65.6,98.0,2.708,554
PROC,817.2,65.6,98.0,2.722,557
PROC,818.2,65.6,98.0,2.859,585
PROC,819.2,65.6,98.0,2.747,562
PROC,820.2,65.6,98.0,2.869,587
PROC,821.2,65.6,98.0,2.766,566
PROC,822.2,65.6,98.0,2.727,558
PROC,823.2,65.6,98.0,2.722,557
PROC,824.3,65.6,98.0,2.717,556
PROC,825.3,65.6,98.0,2.898,593
PROC,826.3,65.6,98.0,2.898,593
PROC,827.3,65.6,98.0,2.835,580
PROC,828.3,65.6,98.0,2.742,561
PROC,829.3,65.6,98.0,2.703,553
PROC,830.3,65.6,98.0,2.698,552
PROC,831.4,65.6,98.0,2.698,552
PROC,832.4,65.6,98.0,2.893,592
PROC,833.4,65.6,98.0,2.742,561
PROC,834.4,65.6,98.0,2.732,559
PROC,835.4,65.6,98.0,2.820,577
PROC,836.4,65.6,98.0,2.732,559
PROC,837.5,65.6,98.0,2.722,557
PROC,838.5,65.6,98.0,2.717,556
PROC,839.5,65.6,98.0,2.722,557
PROC,840.5,65.6,98.0,2.732,559
PROC,841.5,65.6,98.0,2.825,578
PROC,842.5,65.6,98.0,2.854,584
PROC,843.5,65.6,98.0,2.698,552
PROC,844.5,65.6,98.0,2.698,552
PROC,845.6,65.6,98.0,2.698,552
PROC,846.6,65.6,98.0,2.884,590
PROC,847.6,65.6,98.0,2.903,594
PROC,848.6,65.6,98.0,2.815,576
PROC,849.6,65.6,98.0,2.869,587
PROC,850.6,65.6,98.0,2.737,560
PROC,851.6,65.6,98.0,2.732,559
PROC,852.7,65.6,98.0,2.727,558
PROC,853.7,65.6,98.0,2.898,593
PROC,854.7,65.6,98.0,2.761,565
PROC,855.7,65.6,98.0,2.732,559
PROC,856.7,65.6,98.0,2.864,586
PROC,857.7,65.6,98.0,2.703,553
PROC,858.7,65.6,98.0,2.703,553
PROC,859.7,65.6,98.0,2.698,552
PROC,860.8,65.6,98.0,2.874,588
PROC,861.8,65.6,98.0,2.713,555
PROC,862.8,65.6,98.0,2.732,559
PROC,863.8,65.6,98.0,2.717,556
PROC,864.8,65.6,98.0,2.722,557
PROC,865.8,65.6,98.0,2.727,558
PROC,866.9,65.6,98.0,2.874,588
PROC,867.9,65.6,98.0,2.737,560
PROC,868.9,65.6,98.0,2.727,558
PROC,869.9,65.6,98.0,2.747,562
PROC,870.9,65.6,98.0,2.703,553
PROC,871.9,65.6,98.0,2.703,553
PROC,873.0,65.6,98.0,2.703,553
PROC,874.0,65.6,98.0,2.898,593
PROC,875.0,65.6,98.0,2.884,590
PROC,876.0,65.6,98.0,2.835,580
PROC,877.0,65.6,98.0,2.854,584
PROC,878.0,65.6,98.0,2.708,554
PROC,879.0,65.6,98.0,2.713,555
PROC,880.0,65.6,98.0,2.732,559
PROC,881.1,65.6,98.0,2.757,564
PROC,882.1,65.6,98.0,2.879,589
PROC,883.1,65.6,98.0,2.708,554
PROC,884.1,65.6,98.0,2.708,554
PROC,885.2,65.6,98.0,2.898,593
PROC,886.2,65.6,98.0,2.708,554
PROC,887.2,65.6,98.0,2.703,553
PROC,888.2,65.6,98.0,2.703,553
PROC,889.2,65.6,98.0,2.717,556
PROC,890.3,65.6,98.0,2.913,596
PROC,891.3,65.6,98.0,2.845,582
PROC,892.3,65.6,98.0,2.732,559
PROC,893.3,65.6,98.0,2.717,556
PROC,894.3,65.6,98.0,2.708,554
PROC,895.3,65.6,98.0,2.703,553
PROC,896.4,65.6,98.0,2.898,593
PROC,897.4,65.6,98.0,2.708,554
PROC,898.4,65.6,98.0,2.815,576
PROC,899.4,65.6,98.0,2.713,555
PROC,900.4,65.6,98.0,2.698,552
PROC,901.5,65.6,98.0,2.869,587
PROC,902.5,65.6,98.0,2.786,570
PROC,903.5,65.6,98.0,2.732,559
PROC,904.5,65.6,98.0,2.889,591
PROC,905.5,65.6,98.0,2.732,559
PROC,906.5,65.6,98.0,2.732,559
PROC,907.5,65.6,98.0,2.722,557
PROC,908.5,65.6,98.0,2.869,587
PROC,909.6,65.6,98.0,2.781,569
PROC,910.6,65.6,98.0,2.713,555
PROC,911.6,65.6,98.0,2.854,584
PROC,912.6,65.6,98.0,2.713,555
PROC,913.6,65.6,98.0,2.698,552
PROC,914.6,65.6,98.0,2.825,578
PROC,915.7,65.6,98.0,2.732,559
PROC,916.7,65.6,98.0,2.722,557
PROC,917.7,65.6,98.0,2.766,566
PROC,918.7,65.6,98.0,2.727,558
PROC,919.7,65.6,98.0,2.727,558
PROC,920.7,65.6,98.0,2.722,557
PROC,921.7,65.6,98.0,2.737,560
PROC,922.8,65.6,98.0,2.859,585
PROC,923.8,65.6,98.0,2.713,555
PROC,924.8,65.6,98.0,2.703,553
PROC,925.8,65.6,98.0,2.693,551
PROC,926.8,65.6,98.0,2.903,594
PROC,927.9,65.6,98.0,2.713,555
PROC,928.9,65.6,98.0,2.849,583
PROC,929.9,65.6,98.0,2.732,559
PROC,930.9,65.6,98.0,2.717,556
PROC,931.9,65.6,98.0,2.893,592
PROC,933.0,65.6,98.0,2.757,564
PROC,934.0,65.6,98.0,2.859,585
PROC,935.0,65.6,98.0,2.698,552
PROC,936.0,65.6,98.0,2.693,551
PROC,937.0,65.6,98.0,2.898,593
PROC,938.1,65.6,98.0,2.703,553
PROC,939.1,65.6,98.0,2.722,557
PROC,940.1,65.6,98.0,2.717,556
PROC,941.1,65.6,98.0,2.898,593
PROC,942.2,65.6,98.0,2.732,559
PROC,943.2,65.6,98.0,2.766,566
PROC,944.2,65.6,98.0,2.732,559
PROC,945.2,65.6,98.0,2.708,554
PROC,946.2,65.6,98.0,2.703,553
PROC,947.2,65.6,98.0,2.708,554
PROC,948.2,65.6,98.0,2.874,588
PROC,949.2,65.6,98.0,2.713,555
PROC,950.3,65.6,98.0,2.722,557
PROC,951.3,65.6,98.0,2.708,554
PROC,952.3,65.6,98.0,2.717,556
PROC,953.3,65.6,98.0,2.889,591
PROC,954.3,65.6,98.0,2.933,600
PROC,955.3,65.6,98.0,2.771,567
PROC,956.4,65.6,98.0,2.879,589
PROC,957.4,65.6,98.0,2.717,556
PROC,958.4,65.6,98.0,2.703,553
PROC,959.4,65.6,98.0,2.708,554
PROC,960.4,65.6,98.0,2.884,590
PROC,961.4,65.6,98.0,2.747,562
PROC,962.5,65.6,98.0,2.864,586
PROC,963.5,65.6,98.0,2.703,553
PROC,964.5,65.6,98.0,2.698,552
PROC,965.5,65.6,98.0,2.717,556
PROC,966.5,65.6,98.0,2.737,560
PROC,967.5,65.6,98.0,2.889,591
PROC,968.6,65.6,98.0,2.732,559
PROC,969.6,65.6,98.0,2.727,558
PROC,970.6,65.6,98.0,2.722,557
PROC,971.6,65.6,98.0,2.893,592
PROC,972.6,65.6,98.0,2.884,590
PROC,973.6,65.6,98.0,2.815,576
PROC,974.7,65.6,98.0,2.708,554
PROC,975.7,65.6,98.0,2.703,553
PROC,976.7,65.6,98.0,2.864,586
PROC,977.7,65.6,98.0,2.918,597
PROC,978.7,65.6,98.0,2.732,559
PROC,979.7,65.6,98.0,2.898,593
PROC,980.8,65.6,98.0,2.752,563
PROC,981.8,65.6,98.0,2.732,559
PROC,982.8,65.6,98.0,2.727,558
PROC,983.8,65.6,98.0,2.874,588
PROC,984.8,65.6,98.0,2.805,574
PROC,985.8,65.6,98.0,2.727,558
PROC,986.8,65.6,98.0,2.869,587
PROC,987.9,65.6,98.0,2.703,553
PROC,988.9,65.6,98.0,2.698,552
PROC,989.9,65.6,98.0,2.908,595
PROC,990.9,65.6,98.0,2.849,583
PROC,991.9,65.6,98.0,2.869,587
PROC,993.0,65.6,98.0,2.727,558
PROC,994.0,65.6,98.0,2.727,558
PROC,995.0,65.6,98.0,2.732,559
PROC,996.0,65.6,98.0,2.937,601
PROC,997.0,65.6,98.0,2.727,558
PROC,998.0,65.6,98.0,2.874,588
PROC,999.0,65.6,98.0,2.757,564
PROC,1000.1,65.6,98.0,2.708,554
PROC,1001.1,65.6,98.0,2.708,554
PROC,1002.1,65.6,98.0,2.918,597
PROC,1003.1,65.6,98.0,2.805,574
PROC,1004.2,65.6,98.0,2.859,585
PROC,1005.2,65.6,98.0,2.717,556
PROC,1006.2,65.6,98.0,2.737,560
PROC,1007.2,65.6,98.0,2.937,601
PROC,1008.2,65.6,98.0,2.879,589
PROC,1009.2,65.6,98.0,2.737,560
PROC,1010.3,65.6,98.0,2.708,554
PROC,1011.3,65.6,98.0,2.703,553
PROC,1012.3,65.6,98.0,2.849,583
PROC,1013.3,65.6,98.0,2.717,556
PROC,1014.3,65.6,98.0,2.747,562
PROC,1015.3,65.6,98.0,2.713,555
PROC,1016.4,65.6,98.0,2.713,555
PROC,1017.4,65.6,98.0,2.717,556
PROC,1018.4,65.6,98.0,2.933,600
PROC,1019.4,65.6,98.0,2.757,564
PROC,1020.4,65.6,98.0,2.742,561
PROC,1021.4,65.6,98.0,2.776,568
PROC,1022.5,65.6,98.0,2.717,556
PROC,1023.5,65.6,98.0,2.708,554
PROC,1024.5,65.6,98.0,2.708,554
PROC,1025.5,65.6,98.0,2.781,569
PROC,1026.5,65.6,98.0,2.727,558
PROC,1027.5,65.6,98.0,2.835,580
PROC,1028.5,65.6,98.0,2.869,587
PROC,1029.6,65.6,98.0,2.708,554
PROC,1030.6,65.6,98.0,2.703,553
PROC,1031.6,65.6,98.0,2.708,554
PROC,1032.6,65.6,98.0,2.923,598
PROC,1033.6,65.6,98.0,2.937,601
PROC,1034.6,65.6,98.0,2.849,583
PROC,1035.6,65.6,98.0,2.752,563
PROC,1036.7,65.6,98.0,2.722,557
PROC,1037.7,65.6,98.0,2.693,551
PROC,1038.7,65.6,98.0,2.849,583
PROC,1039.7,65.6,98.0,2.688,550
PROC,1040.7,65.6,98.0,2.698,552
PROC,1041.8,65.6,98.0,2.669,546
PROC,1042.8,65.6,98.0,2.669,546
PROC,1043.8,65.6,98.0,2.864,586
PROC,1044.8,65.6,98.0,2.869,587
PROC,1045.8,65.6,98.0,2.708,554
PROC,1046.9,65.6,98.0,2.713,555
PROC,1047.9,65.6,98.0,2.884,590
PROC,1048.9,65.6,98.0,2.708,554
PROC,1049.9,65.6,98.0,2.737,560
PROC,1051.0,65.6,98.0,2.693,551
PROC,1052.0,65.6,98.0,2.698,552
PROC,1053.0,65.6,98.0,2.752,563
PROC,1054.0,65.6,98.0,2.879,589
PROC,1055.0,65.6,98.0,2.747,562
PROC,1056.1,65.6,98.0,2.722,557
PROC,1057.1,65.6,98.0,2.732,559
PROC,1058.1,65.6,98.0,2.854,584
PROC,1059.1,65.6,98.0,2.874,588
PROC,1060.1,65.6,98.0,2.708,554
PROC,1061.2,65.6,98.0,2.703,553
PROC,1062.2,65.6,98.0,2.703,553
PROC,1063.2,65.6,98.0,2.727,558
PROC,1064.2,65.6,98.0,2.879,589
PROC,1065.2,65.6,98.0,2.727,558
PROC,1066.3,65.6,98.0,2.722,557
PROC,1067.3,65.6,98.0,2.732,559
PROC,1068.3,65.6,98.0,2.776,568
PROC,1069.3,65.6,98.0,2.815,576
PROC,1070.3,65.6,98.0,2.884,590
PROC,1071.3,65.6,98.0,2.708,554
PROC,1072.4,65.6,98.0,2.698,552
PROC,1073.4,65.6,98.0,2.889,591
PROC,1074.4,65.6,98.0,2.717,556
PROC,1075.4,65.6,98.0,2.752,563
PROC,1076.4,65.6,98.0,2.727,558
PROC,1077.4,65.6,98.0,2.713,555
PROC,1078.5,65.6,98.0,2.722,557
PROC,1079.5,65.6,98.0,2.859,585
PROC,1080.5,65.6,98.0,2.737,560
PROC,1081.5,65.6,98.0,2.898,593
PROC,1082.5,65.6,98.0,2.708,554
PROC,1083.6,65.6,98.0,2.703,553
PROC,1084.6,65.6,98.0,2.913,596
PROC,1085.6,65.6,98.0,2.722,557
PROC,1086.6,65.6,98.0,2.713,555
PROC,1087.6,65.6,98.0,2.747,562
PROC,1088.6,65.6,98.0,2.703,553
PROC,1089.6,65.6,98.0,2.708,554
PROC,1090.7,65.6,98.0,2.713,555
PROC,1091.7,65.6,98.0,2.835,580
PROC,1092.7,65.6,98.0,2.747,562
PROC,1093.7,65.6,98.0,2.874,588
PROC,1094.7,65.6,98.0,2.903,594
PROC,1095.7,65.6,98.0,2.727,558
PROC,1096.7,65.6,98.0,2.717,556
PROC,1097.8,65.6,98.0,2.722,557
PROC,1098.8,65.6,98.0,2.732,559
PROC,1099.8,65.6,98.0,2.835,580
PROC,1100.8,65.6,98.0,2.717,556
PROC,1101.8,65.6,98.0,2.698,552
PROC,1102.9,65.6,98.0,2.703,553
PROC,1103.9,65.6,98.0,2.757,564
PROC,1104.9,65.6,98.0,2.727,558
PROC,1105.9,65.6,98.0,2.903,594
PROC,1106.9,65.6,98.0,2.727,558
PROC,1107.9,65.6,98.0,2.727,558
PROC,1108.9,65.6,98.0,2.717,556
PROC,1110.0,65.6,98.0,2.727,558
PROC,1111.0,65.6,98.0,2.771,567
PROC,1112.0,65.6,98.0,2.732,559
PROC,1113.0,65.6,98.0,2.869,587
PROC,1114.0,65.6,98.0,2.708,554
PROC,1115.0,65.6,98.0,2.703,553
PROC,1116.0,65.6,98.0,2.703,553
PROC,1117.1,65.6,98.0,2.874,588
PROC,1118.1,65.6,98.0,2.771,567
PROC,1119.1,65.6,98.0,2.889,591
PROC,1120.1,65.6,98.0,2.722,557
PROC,1121.1,65.6,98.0,2.732,559
PROC,1122.1,65.6,98.0,2.732,559
PROC,1123.2,65.6,98.0,2.742,561
PROC,1124.2,65.6,98.0,2.889,591
PROC,1125.2,65.6,98.0,2.717,556
PROC,1126.2,65.6,98.0,2.703,553
PROC,1127.2,65.6,98.0,2.698,552
PROC,1128.3,65.6,98.0,2.933,600
PROC,1129.3,65.6,98.0,2.713,555
PROC,1130.3,65.6,98.0,2.840,581
PROC,1131.3,65.6,98.0,2.722,557
PROC,1132.3,65.6,98.0,2.722,557
PROC,1133.3,65.6,98.0,2.928,599
PROC,1134.4,65.6,98.0,2.776,568
PROC,1135.4,65.6,98.0,2.889,591
PROC,1136.4,65.6,98.0,2.893,592
PROC,1137.4,65.6,98.0,2.708,554
PROC,1138.4,65.6,98.0,2.708,554
PROC,1139.5,65.6,98.0,2.918,597
PROC,1140.5,65.6,98.0,2.713,555
PROC,1141.5,65.6,98.0,2.874,588
PROC,1142.5,65.6,98.0,2.708,554
PROC,1143.5,65.6,98.0,2.717,556
PROC,1144.5,65.6,98.0,2.854,584
PROC,1145.6,65.6,98.0,2.752,563
PROC,1146.6,65.6,98.0,2.879,589
PROC,1147.6,65.6,98.0,2.898,593
PROC,1148.6,65.6,98.0,2.717,556
PROC,1149.6,65.6,98.0,2.708,554
PROC,1150.6,65.6,98.0,2.708,554
PROC,1151.6,65.6,98.0,2.918,597
PROC,1152.7,65.6,98.0,2.928,599
PROC,1153.7,65.6,98.0,2.840,581
PROC,1154.7,65.6,98.0,2.766,566
PROC,1155.7,65.6,98.0,2.708,554
PROC,1156.7,65.6,98.0,2.698,552
PROC,1157.7,65.6,98.0,2.703,553
PROC,1158.8,65.6,98.0,2.757,564
PROC,1159.8,65.6,98.0,2.893,592
PROC,1160.8,65.6,98.0,2.859,585
PROC,1161.8,65.6,98.0,2.722,557
PROC,1162.8,65.6,98.0,2.722,557
PROC,1163.9,65.6,98.0,2.757,564
PROC,1164.9,65.6,98.0,2.757,564
PROC,1165.9,65.6,98.0,2.874,588
PROC,1166.9,65.6,98.0,2.708,554
PROC,1167.9,65.6,98.0,2.698,552
PROC,1168.9,65.6,98.0,2.869,587
PROC,1170.0,65.6,98.0,2.727,558
PROC,1171.0,65.6,98.0,2.727,558
PROC,1172.0,65.6,98.0,2.757,564
PROC,1173.0,65.6,98.0,2.727,558
PROC,1174.0,65.6,98.0,2.732,559
PROC,1175.0,65.6,98.0,2.732,559
PROC,1176.0,65.6,98.0,2.937,601
PROC,1177.0,65.6,98.0,2.830,579
PROC,1178.1,65.6,98.0,2.874,588
PROC,1179.1,65.6,98.0,2.884,590
PROC,1180.1,65.6,98.0,2.708,554
PROC,1181.1,65.6,98.0,2.698,552
PROC,1182.1,65.6,98.0,2.703,553
PROC,1183.1,65.6,98.0,2.923,598
PROC,1184.2,65.6,98.0,2.854,584
PROC,1185.2,65.6,98.0,2.727,558
PROC,1186.2,65.6,98.0,2.717,556
PROC,1187.2,65.6,98.0,2.727,558
PROC,1188.2,65.6,98.0,2.810,575
PROC,1189.2,65.6,98.0,2.737,560
PROC,1190.3,65.6,98.0,2.889,591
PROC,1191.3,65.6,98.0,2.708,554
PROC,1192.3,65.6,98.0,2.708,554
PROC,1193.3,65.6,98.0,2.698,552
PROC,1194.3,65.6,98.0,2.923,598
PROC,1195.3,65.6,98.0,2.717,556
PROC,1196.4,65.6,98.0,2.874,588
PROC,1197.4,65.6,98.0,2.708,554
PROC,1198.4,65.6,98.0,2.732,559
PROC,1199.4,65.6,98.0,2.766,566

==========================================
=== 2-MINUTE DATA COLLECTION COMPLETE ===

Data Summary:
- Minute 1 (0-600 tenths sec): RAW IR/Red values
- Minute 2 (600-1200 tenths sec): Processed BPM/SpO2
- Full 2 minutes: GSR data (0.1s resolution)

Format markers:
  RAW,Time_0.1s,IR,Red,GSR_V,GSR_raw
  PROC,Time_0.1s,BPM,SpO2,GSR_V,GSR_raw

Copy all data above and save to CSV file
Press 's' to run again
