=~=~=~=~=~=~=~=~=~=~=~= PuTTY log 2026.05.02 07:05:15 =~=~=~=~=~=~=~=~=~=~=~=
ets Jul 29 2019 12:21:46

rst:0x1 (POWERON_RESET),boot:0x13 (SPI_FAST_FLASH_BOOT)
configsip: 0, SPIWP:0xee
clk_drv:0x00,q_drv:0x00,d_drv:0x00,cs0_drv:0x00,hd_drv:0x00,wp_drv:0x00
mode:DIO, clock div:1
load:0x3fff0030,len:4876
ho 0 tail 12 room 4
load:0x40078000,len:16560
load:0x40080400,len:3500
entry 0x400805b4
Initializing OLED on Wire1 (SDA=16, SCL=17)...SUCCESS
Initializing MAX30100 for raw data on Wire (SDA=21, SCL=22)...SUCCESS
Initializing PulseOximeter on Wire (SDA=21, SCL=22)...SUCCESS

==========================================
Press 's' to start 2-minute data collection
Minute 1: RAW IR/Red data (0.1s intervals)
Minute 2: Processed BPM/SpO2 data (0.1s intervals)
==========================================

==========================================
=== 2-MINUTE DATA COLLECTION STARTED ===
PHASE 1 (0-600 tenths of seconds): RAW IR/Red data
Format: RAW,Time_0.1s,IR_raw,Red_raw,GSR_V,GSR_raw
------------------------------------------
RAW,0.0,8929,4853,3.050,624
RAW,0.0,8929,4852,3.021,618
RAW,0.0,8928,4848,3.011,616
RAW,0.0,8929,4850,3.035,621
RAW,0.0,8927,4857,3.025,619
RAW,0.0,8941,4856,2.986,611
RAW,0.0,8941,4855,3.016,617
RAW,0.0,8941,4855,3.021,618
RAW,0.0,8935,4857,3.006,615
RAW,0.0,8937,4856,3.069,628
RAW,0.0,8939,4860,3.069,628
RAW,0.0,8944,4858,3.069,628
RAW,0.0,8936,4856,3.016,617
RAW,0.0,8938,4848,3.025,619
RAW,0.0,8942,4852,3.021,618
RAW,0.0,8931,4854,3.030,620
RAW,0.7,9037,4915,3.035,621
RAW,0.7,9024,4917,3.035,621
RAW,0.7,8993,4897,3.055,625
RAW,0.7,8964,4889,3.045,623
RAW,0.7,8941,4870,3.030,620
RAW,0.7,8934,4856,3.016,617
RAW,0.7,8926,4862,3.021,618
RAW,0.7,8927,4852,3.030,620
RAW,1.1,8961,4878,3.001,614
RAW,1.1,8968,4883,3.006,615
RAW,1.1,8993,4897,3.030,620
RAW,1.1,9004,4893,3.025,619
RAW,1.1,9031,4908,3.011,616
RAW,1.4,8968,4877,3.006,615
RAW,1.4,8957,4875,3.011,616
RAW,1.4,8954,4869,3.011,616
RAW,1.7,9018,4896,3.006,615
RAW,1.7,9007,4889,3.006,615
RAW,1.7,8990,4888,3.030,620
RAW,2.0,8973,4872,3.030,620
RAW,2.0,8988,4876,3.011,616
RAW,2.0,9001,4885,3.030,620
RAW,2.3,8996,4881,3.030,620
RAW,2.3,8985,4885,3.030,620
RAW,2.3,8976,4873,3.011,616
RAW,2.7,9002,4880,3.011,616
RAW,2.7,8999,4877,3.050,624
RAW,2.7,9005,4885,3.060,626
RAW,96.0,9344,4928,3.001,614
RAW,96.0,9347,4923,3.001,614
RAW,96.0,9340,4927,3.001,614
RAW,96.3,9341,4909,3.011,616
RAW,96.3,9347,4913,2.986,611
RAW,96.3,9341,4922,3.050,624
RAW,96.6,9345,4905,3.030,620
RAW,96.6,9342,4913,3.045,623
RAW,96.6,9339,4909,3.069,628
RAW,96.9,9340,4914,3.040,622
RAW,96.9,9344,4907,3.055,625
RAW,96.9,9340,4915,3.069,628
RAW,97.2,9355,4912,3.069,628
RAW,97.2,9349,4914,3.069,628
RAW,97.2,9347,4913,3.060,626
RAW,97.5,9347,4907,3.069,628
RAW,97.5,9345,4914,3.074,629
RAW,97.5,9343,4906,3.035,621
RAW,97.8,9342,4899,3.065,627
RAW,97.8,9345,4900,3.030,620
RAW,97.8,9344,4902,3.001,614
RAW,98.1,9343,4913,3.006,615
RAW,98.1,9347,4908,3.001,614
RAW,98.1,9347,4904,3.001,614
RAW,98.4,9343,4909,3.006,615
RAW,98.4,9346,4915,3.001,614
RAW,98.4,9345,4923,3.011,616
RAW,98.7,9344,4916,3.030,620
RAW,98.7,9337,4909,3.030,620
RAW,98.7,9348,4909,3.025,619
RAW,99.0,9345,4920,3.001,614
RAW,99.0,9346,4920,3.030,620
RAW,99.0,9349,4920,3.025,619
RAW,99.3,9350,4899,3.021,618
RAW,99.3,9346,4909,3.030,620
RAW,99.3,9344,4914,3.030,620
RAW,99.6,9346,4898,3.050,624
RAW,99.6,9345,4909,3.030,620
RAW,99.6,9346,4911,3.025,619
RAW,99.9,9348,4899,3.030,620
RAW,99.9,9344,4904,3.030,620
RAW,99.9,9345,4902,3.030,620
RAW,100.2,9345,4903,3.030,620
RAW,100.2,9346,4899,3.006,615
RAW,100.2,9347,4899,2.991,612
RAW,100.6,9344,4911,3.016,617
RAW,100.6,9342,4918,3.030,620
RAW,100.6,9343,4907,3.021,618
RAW,100.9,9337,4913,3.011,616
RAW,100.9,9347,4914,3.025,619
RAW,100.9,9344,4912,2.996,613
RAW,101.2,9346,10028,3.001,614
RAW,101.2,9347,10035,3.011,616
RAW,101.2,9343,10040,3.001,614
RAW,101.5,9341,9993,2.991,612
RAW,101.5,9343,10005,3.006,615
RAW,101.5,9345,10018,3.001,614
RAW,101.8,9346,10006,3.030,620
RAW,101.8,9347,10002,3.021,618
RAW,101.8,9339,10000,3.001,614
RAW,102.1,9335,10006,3.006,615
RAW,102.1,9344,10004,3.030,620
RAW,102.1,9344,10003,3.025,619
RAW,102.4,9354,9993,2.991,612
RAW,102.4,9339,9991,2.991,612
RAW,102.4,9342,9996,3.001,614
RAW,102.7,9355,9999,3.016,617
RAW,102.7,9345,9993,2.996,613
RAW,102.7,9347,9992,3.006,615
RAW,103.0,9347,9996,3.011,616
RAW,103.0,9347,9998,2.996,613
RAW,103.0,9343,10002,3.021,618
RAW,103.3,9337,9977,3.001,614
RAW,103.3,9339,9988,3.001,614
RAW,103.3,9345,9994,3.035,621
RAW,103.6,9332,9972,2.996,613
RAW,103.6,9327,9969,3.045,623
RAW,103.6,9327,9966,3.069,628
RAW,103.9,9333,9985,3.045,623
RAW,103.9,9327,9978,3.060,626
RAW,103.9,9332,9973,3.084,631
RAW,104.2,9327,9995,3.069,628
RAW,104.2,9333,9991,3.060,626
RAW,104.2,9330,9993,3.065,627
RAW,104.5,9325,10003,3.055,625
RAW,104.5,9323,10004,3.055,625
RAW,104.5,9321,9994,3.011,616
RAW,104.8,9323,10009,3.050,624
RAW,104.8,9329,10011,3.016,617
RAW,104.8,9328,10014,3.006,615
RAW,105.1,9317,9995,3.011,616
RAW,105.1,9325,10006,3.006,615
RAW,105.1,9328,10007,3.025,619
RAW,105.4,9319,9983,2.991,612
RAW,105.4,9329,9986,3.021,618
RAW,105.4,9322,9987,3.030,620
RAW,105.7,9328,9981,2.991,612
RAW,105.7,9321,9980,2.996,613
RAW,105.7,9321,9974,3.040,622
RAW,106.0,9323,10001,3.025,619
RAW,106.0,9320,9996,3.089,632
RAW,106.0,9320,9984,3.069,628
RAW,106.3,9323,14525,3.084,631
RAW,106.3,9321,14203,3.084,631
RAW,106.3,9330,10003,3.084,631
RAW,106.6,9327,14516,3.055,625
RAW,106.6,9322,14514,3.025,619
RAW,106.6,9318,14517,3.006,615
RAW,106.9,9324,14516,3.006,615
RAW,106.9,9321,14506,3.006,615
RAW,106.9,9325,14503,2.991,612
RAW,107.2,9317,14517,3.001,614
RAW,107.2,9319,14511,3.016,617
RAW,107.2,9323,14516,3.030,620
RAW,107.6,9327,14522,3.011,616
RAW,107.6,9325,14521,3.001,614
RAW,107.6,9320,14521,3.011,616
RAW,107.8,9318,14514,3.011,616
RAW,107.8,9325,14511,2.996,613
RAW,107.8,9322,14512,2.996,613
RAW,108.2,9318,14491,2.991,612
RAW,108.2,9324,14497,2.996,613
RAW,108.2,9316,14494,2.986,611
RAW,108.5,9325,14459,2.996,613
RAW,108.5,9321,14471,2.996,613
RAW,108.5,9319,14480,3.001,614
RAW,108.8,9326,14482,2.991,612
RAW,108.8,9315,14470,2.991,612
RAW,108.8,9323,14469,3.025,619
RAW,109.1,9328,14495,2.991,612
RAW,109.1,9319,14494,2.991,612
RAW,109.1,9328,14493,3.001,614
RAW,109.4,9323,14462,3.016,617
RAW,109.4,9321,14476,3.011,616
RAW,109.4,9317,14478,3.006,615
RAW,109.7,9319,14454,2.991,612
RAW,109.7,9320,14450,3.011,616
RAW,109.7,9321,14449,3.025,619
RAW,110.0,9313,14455,2.991,612
RAW,110.0,9311,14462,2.972,608
RAW,110.0,9309,14449,2.991,612
RAW,110.3,9308,14447,2.996,613
RAW,110.3,9316,14448,3.021,618
RAW,110.3,9304,14458,3.050,624
RAW,110.6,9303,14415,3.060,626
RAW,110.6,9307,14430,3.050,624
RAW,110.6,9305,14437,3.055,625
RAW,110.9,9311,14390,3.001,614
RAW,110.9,9312,14391,3.065,627
RAW,110.9,9305,14401,3.074,629
RAW,111.2,9310,14382,3.060,626
RAW,111.2,9303,14386,3.050,624
RAW,111.2,9310,14379,3.025,619
RAW,111.5,9308,14406,3.069,628
RAW,111.5,9310,14393,3.011,616
RAW,111.5,9314,14392,3.001,614
RAW,111.8,9312,14426,3.040,622
RAW,111.8,9307,14410,3.016,617
RAW,111.8,9306,14403,3.006,615
RAW,112.1,9308,14436,2.991,612
RAW,112.1,9309,14436,3.001,614
RAW,112.1,9306,14423,2.996,613
RAW,112.4,9307,14439,2.996,613
RAW,112.4,9303,14445,2.996,613
RAW,112.4,9308,14442,3.030,620
RAW,112.7,9312,14428,3.001,614
RAW,112.7,9309,14437,3.045,623
RAW,112.7,9309,14438,3.069,628
RAW,113.0,9310,14415,3.065,627
RAW,113.0,9309,14414,3.079,630
RAW,113.0,9302,14420,3.084,631
RAW,113.3,9298,14431,3.060,626
RAW,113.3,9308,14421,3.065,627
RAW,113.3,9307,14420,3.065,627
RAW,113.6,9306,14455,3.065,627
RAW,113.6,9309,14443,3.016,617
RAW,113.6,9307,14428,2.996,613
RAW,113.9,9304,14459,3.006,615
RAW,113.9,9305,14457,2.996,613
RAW,113.9,9310,14462,2.996,613
RAW,114.2,9309,14458,2.996,613
RAW,114.2,9309,14448,3.006,615
RAW,114.2,9301,14451,3.006,615
RAW,114.6,9314,14451,2.991,612
RAW,114.6,9314,14453,2.996,613
RAW,114.6,9307,14456,2.996,613
RAW,114.8,9311,14443,3.021,618
RAW,114.8,9308,14451,3.025,619
RAW,114.8,9307,14449,2.991,612
RAW,115.2,9311,14463,3.001,614
RAW,115.2,9307,14456,3.035,621
RAW,115.2,9311,14450,3.011,616
RAW,115.5,9305,14458,2.991,612
RAW,115.5,9309,14459,3.011,616
RAW,115.5,9309,14463,2.991,612
RAW,115.8,9309,14423,2.991,612
RAW,115.8,9310,14438,2.991,612
RAW,115.8,9304,14448,2.991,612
RAW,116.1,9310,14400,2.991,612
RAW,116.1,9305,14405,3.011,616
RAW,116.1,9315,14411,3.016,617
RAW,116.4,9309,14435,3.001,614
RAW,116.4,9304,14430,3.016,617
RAW,116.4,9310,14410,3.016,617
RAW,116.7,9302,14425,2.991,612
RAW,116.7,9305,14431,3.001,614
RAW,116.7,9310,14427,2.996,613
RAW,117.0,9295,14407,3.001,614
RAW,117.0,9291,14412,2.996,613
RAW,117.0,9304,14418,3.011,616
RAW,117.3,9295,14418,2.991,612
RAW,117.3,9297,14413,3.030,620
RAW,117.3,9288,14401,3.050,624
RAW,117.6,9294,14402,3.025,619
RAW,117.6,9292,14412,3.050,624
RAW,117.6,9293,14418,3.060,626
RAW,117.9,9294,14404,3.055,625
RAW,117.9,9290,14399,3.065,627
RAW,117.9,9290,14399,3.050,624
RAW,118.2,9298,14416,3.055,625
RAW,118.2,9288,14411,3.084,631
RAW,118.2,9295,14409,3.040,622
RAW,118.5,9301,14448,3.084,631
RAW,118.5,9293,14446,3.006,615
RAW,118.5,9293,14424,3.030,620
RAW,118.8,9301,14461,3.001,614
RAW,118.8,9293,14453,2.996,613
RAW,118.8,9304,14451,2.996,613
RAW,119.1,9297,14459,2.991,612
RAW,119.1,9295,14462,3.001,614
RAW,119.1,9294,14459,2.991,612
RAW,119.4,9294,14447,3.006,615
RAW,119.4,9291,14453,2.991,612
RAW,119.4,9295,14457,3.040,622
RAW,119.7,9291,14459,2.996,613
RAW,119.7,9292,14455,3.045,623
RAW,119.7,9293,14451,3.079,630
RAW,120.0,9292,14453,3.045,623
RAW,120.0,9294,14453,3.060,626
RAW,120.0,9294,14455,3.069,628
RAW,120.3,9295,14458,3.084,631
RAW,120.3,9292,14454,3.060,626
RAW,120.3,9292,14452,3.006,615
RAW,120.6,9292,14441,3.040,622
RAW,120.6,9294,14447,3.001,614
RAW,120.9,9300,14424,3.006,615
RAW,120.9,9295,14430,3.016,617
RAW,120.9,9291,14426,3.001,614
RAW,121.2,9302,14434,3.001,614
RAW,121.2,9297,14427,2.991,612
RAW,121.2,9301,14426,2.991,612
RAW,121.5,9292,14454,3.001,614
RAW,121.5,9298,14442,2.991,612
RAW,121.5,9300,14435,3.011,616
RAW,121.8,9300,14453,3.025,619
RAW,121.8,9297,14455,3.011,616
RAW,121.8,9301,14454,2.996,613
RAW,122.2,9300,14433,2.996,613
RAW,122.2,9300,14434,2.991,612
RAW,122.2,9298,14449,2.996,613
RAW,122.5,9299,14418,2.986,611
RAW,122.5,9302,14418,2.991,612
RAW,122.5,9300,14425,2.991,612
RAW,122.8,9300,14418,3.011,616
RAW,122.8,9299,14411,2.991,612
RAW,122.8,9301,14411,2.991,612
RAW,123.1,9302,14429,2.996,613
RAW,123.1,9305,14419,2.996,613
RAW,123.1,9293,14416,3.021,618
RAW,123.4,9296,14419,2.991,612
RAW,123.4,9294,14422,3.016,617
RAW,123.4,9301,14418,3.001,614
RAW,123.7,9291,14412,3.006,615
RAW,123.7,9283,14416,3.021,618
RAW,123.7,9288,14424,3.030,620
RAW,124.0,9280,14392,2.996,613
RAW,124.0,9276,14398,2.996,613
RAW,124.0,9284,14408,3.040,622
RAW,124.3,9286,14392,2.991,612
RAW,124.3,9286,14389,3.030,620
RAW,124.3,9285,14388,3.045,623
RAW,124.6,9281,14394,3.030,620
RAW,124.6,9288,14386,3.050,624
RAW,124.6,9284,14383,3.050,624
RAW,124.9,9283,14397,3.055,625
RAW,124.9,9281,14395,3.079,630
RAW,124.9,9283,14399,3.079,630
RAW,125.2,9287,14400,3.055,625
RAW,125.2,9289,14387,3.084,631
RAW,125.2,9282,14389,3.016,617
RAW,125.5,9288,14414,3.055,625
RAW,125.5,9284,14402,3.001,614
RAW,125.5,9283,14392,2.996,613
RAW,125.8,9289,14410,3.016,617
RAW,125.8,9292,14417,3.025,619
RAW,125.8,9286,14418,2.996,613
RAW,126.1,9288,14420,3.016,617
RAW,126.1,9279,14415,3.001,614
RAW,126.1,9285,14411,2.991,612
RAW,126.4,9286,14415,3.001,614
RAW,126.4,9286,14405,2.996,613
RAW,126.4,9289,14406,3.050,624
RAW,126.7,9283,14407,2.996,613
RAW,126.7,9290,14411,3.050,624
RAW,126.7,9282,14405,3.065,627
RAW,127.0,9283,14399,3.050,624
RAW,127.0,9284,14395,3.065,627
RAW,127.0,9286,14397,3.065,627
RAW,127.3,9291,14404,3.074,629
RAW,127.3,9291,14401,3.065,627
RAW,127.3,9299,14396,2.996,613
RAW,127.6,9290,14443,3.011,616
RAW,127.6,9289,14426,3.001,614
RAW,127.9,9289,14490,3.001,614
RAW,127.9,9294,14478,2.996,613
RAW,127.9,9291,14473,2.996,613
RAW,128.2,9295,14456,2.996,613
RAW,128.2,9290,14466,3.016,617
RAW,128.2,9298,14475,3.006,615
RAW,128.5,9289,14451,2.996,613
RAW,128.5,9289,14456,2.996,613
RAW,128.5,9293,14462,3.011,616
RAW,128.8,9292,14469,2.991,612
RAW,128.8,9297,14467,2.991,612
RAW,128.8,9291,14460,2.996,613
RAW,129.1,9293,14464,3.016,617
RAW,129.1,9287,14466,3.021,618
RAW,129.1,9294,14473,3.016,617
RAW,129.4,9291,14449,2.986,611
RAW,129.4,9292,14457,3.011,616
RAW,129.4,9289,14464,3.016,617
RAW,129.8,9297,14429,2.991,612
RAW,129.8,9287,14437,3.001,614
RAW,129.8,9292,14442,2.996,613
RAW,130.1,9290,14416,2.991,612
RAW,130.1,9294,14418,2.996,613
RAW,130.1,9294,14431,2.996,613
RAW,130.4,9288,14427,3.006,615
RAW,130.4,9287,14419,2.991,612
RAW,130.4,9289,14415,2.991,612
RAW,130.7,9279,14427,2.996,613
RAW,130.7,9282,14428,3.021,618
RAW,130.7,9288,14428,3.021,618
RAW,131.0,9278,14385,3.001,614
RAW,131.0,9277,14397,2.996,613
RAW,131.0,9277,14408,3.035,621
RAW,131.3,9280,14393,2.996,613
RAW,131.3,9285,14386,3.035,621
RAW,131.3,9277,14388,3.050,624
RAW,131.6,9280,14415,3.060,626
RAW,131.6,9284,14408,3.065,627
RAW,131.6,9280,14401,3.060,626
RAW,131.9,9281,14443,3.065,627
RAW,131.9,9283,14428,3.055,625
RAW,131.9,9282,14433,3.050,624
RAW,132.2,9283,14432,3.060,626
RAW,132.2,9282,14434,3.050,624
RAW,132.2,9280,14430,3.001,614
RAW,132.5,9286,14427,3.060,626
RAW,132.5,9283,14431,3.006,615
RAW,132.5,9283,14432,3.025,619
RAW,132.8,9286,14432,3.021,618
RAW,132.8,9279,14428,3.025,619
RAW,132.8,9281,14426,3.021,618
RAW,133.1,9286,14420,2.991,612
RAW,133.1,9279,14427,3.001,614
RAW,133.1,9285,14425,2.991,612
RAW,133.4,9283,14406,2.991,612
RAW,133.4,9284,14404,2.996,613
RAW,133.4,9284,14411,3.094,633
RAW,133.7,9290,14427,3.016,617
RAW,133.7,9289,14424,3.055,625
RAW,133.7,9280,14414,3.094,633
RAW,134.0,9295,14431,3.060,626
RAW,134.0,9290,14428,3.065,627
RAW,134.0,9286,14431,3.069,628
RAW,134.3,9288,14381,3.055,625
RAW,134.3,9287,14394,3.055,625
RAW,134.3,9290,14420,3.001,614
RAW,134.6,9302,14375,3.035,621
RAW,134.6,9297,14378,3.006,615
RAW,134.9,9300,14446,3.011,616
RAW,134.9,9303,14436,3.011,616
RAW,134.9,9298,14414,2.996,613
RAW,135.2,9294,14464,2.996,613
RAW,135.2,9295,14458,3.001,614
RAW,135.2,9296,14461,2.991,612
RAW,135.5,9294,14467,3.001,614
RAW,135.5,9295,14459,2.957,605
RAW,135.5,9299,14466,2.996,613
RAW,135.8,9294,14487,3.006,615
RAW,135.8,9293,14482,3.016,617
RAW,135.8,9299,14469,2.996,613
RAW,136.1,9292,14466,3.006,615
RAW,136.1,9295,14473,3.016,617
RAW,136.1,9297,14482,3.030,620
RAW,136.4,9297,14478,2.991,612
RAW,136.4,9296,14472,2.986,611
RAW,136.4,9288,14454,2.996,613
RAW,136.8,9301,14499,3.011,616
RAW,136.8,9299,14487,2.991,612
RAW,136.8,9302,14485,2.996,613
RAW,137.1,9302,14476,3.016,617
RAW,137.1,9294,14486,2.991,612
RAW,137.1,9294,14494,3.021,618
RAW,137.4,9284,14458,2.996,613
RAW,137.4,9290,14472,2.977,609
RAW,137.4,9294,14474,2.996,613
RAW,137.7,9292,14472,2.991,612
RAW,137.7,9290,14471,3.011,616
RAW,137.7,9286,14462,3.006,615
RAW,138.0,9295,14471,2.996,613
RAW,138.0,9287,14475,3.030,620
RAW,138.0,9290,14467,3.065,627
RAW,138.3,9298,14479,3.016,617
RAW,138.3,9293,14477,3.050,624
RAW,138.3,9287,14480,3.069,628
RAW,138.6,9300,14487,3.045,623
RAW,138.6,9293,14478,3.055,625
RAW,138.6,9283,14473,3.050,624
RAW,138.9,9292,14479,3.021,618
RAW,138.9,9284,14478,3.055,625
RAW,138.9,9288,14482,3.060,626
RAW,139.2,9287,14470,3.055,625
RAW,139.2,9296,14467,3.069,628
RAW,139.2,9284,14467,3.030,620
RAW,139.5,9301,14495,3.060,626
RAW,139.5,9289,14484,3.011,616
RAW,139.5,9282,14484,3.030,620
RAW,139.8,9290,14486,2.996,613
RAW,139.8,9287,14488,2.991,612
RAW,139.8,9297,14485,2.996,613
RAW,140.1,9293,14492,3.016,617
RAW,140.1,9291,14488,3.006,615
RAW,140.1,9294,14486,3.001,614
RAW,140.4,9290,14493,2.996,613
RAW,140.4,9296,14488,3.025,619
RAW,140.4,9297,14493,3.089,632
RAW,140.7,9295,14485,3.011,616
RAW,140.7,9293,14488,3.069,628
RAW,140.7,9287,14488,3.055,625
RAW,141.0,9291,14475,3.045,623
RAW,141.0,9294,14482,3.060,626
RAW,141.0,9281,14475,3.060,626
RAW,141.3,9288,14479,3.079,630
RAW,141.3,9284,14480,3.069,628
RAW,141.3,9285,14476,3.021,618
RAW,141.6,9292,14488,3.045,623
RAW,141.6,9286,14487,3.006,615
RAW,141.9,9290,14477,2.991,612
RAW,141.9,9286,14487,3.001,614
RAW,141.9,9291,14482,2.996,613
RAW,142.2,9288,14474,2.991,612
RAW,142.2,9290,14483,2.991,612
RAW,142.2,9292,14482,2.991,612
RAW,142.5,9290,14463,3.021,618
RAW,142.5,9287,14476,2.991,612
RAW,142.5,9286,14475,2.991,612
RAW,142.8,9285,14463,2.991,612
RAW,142.8,9288,14460,2.991,612
RAW,142.8,9289,14455,2.996,613
RAW,143.1,9293,14480,2.991,612
RAW,143.1,9282,14478,2.996,613
RAW,143.1,9292,14479,2.991,612
RAW,143.4,9291,14473,3.074,629
RAW,143.4,9291,14485,3.030,620
RAW,143.4,9286,14484,3.011,616
RAW,143.8,9287,14446,3.006,615
RAW,143.8,9287,14454,3.025,619
RAW,143.8,9284,14461,2.996,613
RAW,144.1,9281,14450,2.996,613
RAW,144.1,9283,14455,2.996,613
RAW,144.1,9285,14457,3.001,614
RAW,144.4,9275,14440,3.016,617
RAW,144.4,9270,14451,2.996,613
RAW,144.4,9275,14450,3.001,614
RAW,144.7,9273,14446,3.001,614
RAW,144.7,9273,14442,3.016,617
RAW,144.7,9272,14442,3.011,616
RAW,145.0,9272,14426,3.011,616
RAW,145.0,9277,14438,3.025,619
RAW,145.0,9266,14435,3.050,624
RAW,145.3,9271,14427,2.996,613
RAW,145.3,9268,14423,3.045,623
RAW,145.3,9269,14426,3.050,624
RAW,145.6,9269,14419,3.045,623
RAW,145.6,9267,14427,3.055,625
RAW,145.6,9269,14432,3.060,626
RAW,145.9,9272,14424,3.074,629
RAW,145.9,9274,14419,3.084,631
RAW,145.9,9274,14421,3.069,628
RAW,146.2,9275,14420,3.055,625
RAW,146.2,9272,14407,3.050,624
RAW,146.2,9274,14410,3.006,615
RAW,146.5,9279,14425,3.055,625
RAW,146.5,9279,14418,2.986,611
RAW,146.5,9277,14412,3.030,620
RAW,146.8,9275,14428,3.011,616
RAW,146.8,9276,14428,3.001,614
RAW,146.8,9273,14419,2.996,613
RAW,147.1,9278,14421,3.016,617
RAW,147.1,9279,14415,3.021,618
RAW,147.1,9284,14418,3.001,614
RAW,147.4,9281,14412,3.001,614
RAW,147.4,9281,14418,2.991,612
RAW,147.4,9276,14412,3.050,624
RAW,147.7,9281,14417,3.001,614
RAW,147.7,9279,14417,3.060,626
RAW,147.7,9281,14425,3.065,627
RAW,148.0,9282,14417,3.069,628
RAW,148.0,9280,14415,3.065,627
RAW,148.0,9282,14413,3.055,625
RAW,148.3,9274,14434,3.060,626
RAW,148.3,9285,14431,3.074,629
RAW,148.3,9289,14422,3.025,619
RAW,148.6,9285,14453,2.996,613
RAW,148.6,9290,14438,2.996,613
RAW,148.9,9285,14459,3.016,617
RAW,148.9,9289,14454,3.035,621
RAW,148.9,9282,14457,3.006,615
RAW,149.2,9288,14451,2.991,612
RAW,149.2,9288,14455,3.016,617
RAW,149.2,9287,14452,3.030,620
RAW,149.5,9291,14450,2.991,612
RAW,149.5,9284,14451,2.991,612
RAW,149.5,9285,14450,2.996,613
RAW,149.8,9280,14447,2.991,612
RAW,149.8,9289,14445,2.991,612
RAW,149.8,9291,14448,2.991,612
RAW,150.1,9285,14437,3.006,615
RAW,150.1,9292,14446,3.001,614
RAW,150.1,9284,14449,2.991,612
RAW,150.4,9285,14434,2.996,613
RAW,150.4,9288,14437,3.011,616
RAW,150.4,9280,14434,3.001,614
RAW,150.7,9285,14444,2.986,611
RAW,150.7,9292,14440,2.996,613
RAW,150.7,9288,14437,2.991,612
RAW,151.1,9278,14427,3.011,616
RAW,151.1,9280,14436,3.001,614
RAW,151.1,9285,14437,2.996,613
RAW,151.4,9277,14438,3.001,614
RAW,151.4,9274,14419,3.021,618
RAW,151.4,9275,14432,2.996,613
RAW,151.7,9276,14434,2.991,612
RAW,151.7,9273,14432,3.001,614
RAW,151.7,9277,14431,2.996,613
RAW,152.0,9277,14441,2.996,613
RAW,152.0,9274,14440,2.996,613
RAW,152.0,9273,14436,3.050,624
RAW,152.3,9280,14456,3.011,616
RAW,152.3,9272,14455,3.035,621
RAW,152.3,9275,14445,3.084,631
RAW,152.6,9283,14449,3.060,626
RAW,152.6,9283,14453,3.069,628
RAW,152.6,9275,14460,3.069,628
RAW,152.9,9285,14453,3.050,624
RAW,152.9,9276,14451,3.055,625
RAW,152.9,9281,14449,3.060,626
RAW,153.2,9278,14451,3.055,625
RAW,153.2,9278,14450,3.050,624
RAW,153.2,9275,14452,3.006,615
RAW,153.5,9284,14464,3.069,628
RAW,153.5,9283,14456,2.996,613
RAW,153.5,9278,14451,3.030,620
RAW,153.8,9284,14488,3.006,615
RAW,153.8,9284,14479,2.986,611
RAW,153.8,9279,14470,3.016,617
RAW,154.1,9283,14494,2.991,612
RAW,154.1,9283,14494,2.996,613
RAW,154.1,9287,14485,2.996,613
RAW,154.4,9286,14490,3.021,618
RAW,154.4,9287,14489,3.016,617
RAW,154.4,9284,14500,3.084,631
RAW,154.7,9276,14479,3.001,614
RAW,154.7,9282,14481,3.069,628
RAW,154.7,9284,14481,3.065,627
RAW,155.0,9283,14465,3.040,622
RAW,155.0,9281,14461,3.069,628
RAW,155.0,9278,14465,3.069,628
RAW,155.3,9293,14450,3.050,624
RAW,155.3,9286,14454,3.065,627
RAW,155.3,9285,14450,2.991,612
RAW,155.6,9288,14454,3.025,619
RAW,155.6,9283,14444,2.991,612
RAW,155.9,9283,14472,2.981,610
RAW,155.9,9290,14467,3.011,616
RAW,155.9,9286,14462,3.035,621
RAW,156.2,9288,14482,3.006,615
RAW,156.2,9282,14474,3.006,615
RAW,156.2,9287,14482,2.991,612
RAW,156.5,9290,14496,3.025,619
RAW,156.5,9291,14498,2.991,612
RAW,156.5,9287,14484,2.991,612
RAW,156.8,9289,14510,3.006,615
RAW,156.8,9292,14510,2.991,612
RAW,156.8,9292,14514,2.991,612
RAW,157.1,9290,14495,2.991,612
RAW,157.1,9290,14500,2.996,613
RAW,157.1,9287,14502,2.977,609
RAW,157.4,9281,14485,2.991,612
RAW,157.4,9289,14483,2.996,613
RAW,157.4,9288,14487,2.996,613
RAW,157.7,9282,14470,2.991,612
RAW,157.7,9281,14479,3.016,617
RAW,157.7,9283,14477,3.030,620
RAW,158.0,9276,14452,3.016,617
RAW,158.0,9273,14456,2.991,612
RAW,158.0,9275,14464,3.016,617
RAW,158.4,9268,14446,2.996,613
RAW,158.4,9268,14452,2.991,612
RAW,158.4,9271,14457,3.060,626
RAW,158.6,9271,14456,2.996,613
RAW,158.6,9266,14455,2.991,612
RAW,158.6,9265,14452,2.996,613
RAW,159.0,9271,14479,3.011,616
RAW,159.0,9271,14468,3.006,615
RAW,159.0,9263,14467,3.030,620
RAW,159.3,9270,14469,2.991,612
RAW,159.3,9268,14474,3.040,622
RAW,159.3,9268,14480,3.074,629
RAW,159.6,9264,14457,3.040,622
RAW,159.6,9264,14458,3.060,626
RAW,159.6,9269,14456,3.050,624
RAW,159.9,9262,14442,3.079,630
RAW,159.9,9260,14451,3.069,628
RAW,159.9,9263,14454,3.060,626
RAW,160.2,9268,14448,3.055,625
RAW,160.2,9266,14447,3.069,628
RAW,160.2,9265,14444,3.001,614
RAW,160.5,9272,14460,3.045,623
RAW,160.5,9270,14454,3.001,614
RAW,160.5,9263,14449,2.996,613
RAW,160.8,9271,14463,3.006,615
RAW,160.8,9272,14465,2.991,612
RAW,160.8,9270,14463,2.996,613
RAW,161.1,9281,14466,2.996,613
RAW,161.1,9272,14471,3.074,629
RAW,161.1,9275,14474,3.006,615
RAW,161.4,9279,14460,3.025,619
RAW,161.4,9276,14463,3.011,616
RAW,161.4,9277,14462,3.065,627
RAW,161.7,9273,14464,3.001,614
RAW,161.7,9279,14453,3.055,625
RAW,161.7,9275,14450,3.050,624
RAW,162.0,9275,14470,3.079,630
RAW,162.0,9272,14461,3.055,625
RAW,162.0,9268,14464,3.060,626
RAW,162.3,9272,14459,3.060,626
RAW,162.3,9274,14462,3.069,628
RAW,162.3,9277,14466,3.016,617
RAW,162.6,9280,14480,2.996,613
RAW,162.6,9275,14482,3.016,617
RAW,162.9,9285,14487,2.996,613
RAW,162.9,9286,14488,2.977,609
RAW,162.9,9281,14493,2.991,612
RAW,163.2,9279,14471,3.030,620
RAW,163.2,9278,14475,3.016,617
RAW,163.2,9277,14476,2.996,613
RAW,163.5,9278,14467,2.996,613
RAW,163.5,9286,14466,2.996,613
RAW,163.5,9285,14470,3.006,615
RAW,163.8,9275,14460,2.952,604
RAW,163.8,9280,14454,3.001,614
RAW,163.8,9283,14467,3.016,617
RAW,164.1,9277,14447,2.996,613
RAW,164.1,9278,14447,2.991,612
RAW,164.1,9278,14453,2.981,610
RAW,164.4,9269,14433,2.991,612
RAW,164.4,9271,14444,3.025,619
RAW,164.4,9271,14436,3.006,615
RAW,164.7,9272,14444,3.016,617
RAW,164.7,9266,14443,3.016,617
RAW,164.7,9270,14435,3.035,621
RAW,165.0,9255,14426,2.991,612
RAW,165.0,9267,14435,2.991,612
RAW,165.0,9269,14435,2.991,612
RAW,165.3,9264,14414,3.021,618
RAW,165.3,9263,14422,3.016,617
RAW,165.3,9264,14420,3.001,614
RAW,165.6,9268,14435,3.016,617
RAW,165.6,9262,14430,3.016,617
RAW,165.6,9267,14426,3.069,628
RAW,165.9,9258,14435,2.996,613
RAW,165.9,9269,14428,3.011,616
RAW,165.9,9258,14439,3.030,620
RAW,166.3,9259,14421,2.991,612
RAW,166.3,9265,14416,3.045,623
RAW,166.3,9258,14421,3.050,624
RAW,166.6,9270,14418,2.937,601
RAW,166.6,9264,14419,3.050,624
RAW,166.6,9260,14407,3.069,628
RAW,166.9,9272,14440,3.069,628
RAW,166.9,9268,14431,3.045,623
RAW,166.9,9266,14424,3.050,624
RAW,167.2,9279,14433,3.055,625
RAW,167.2,9273,14436,3.050,624
RAW,167.2,9268,14435,3.006,615
RAW,167.5,9275,14430,3.050,624
RAW,167.5,9275,14435,3.006,615
RAW,167.5,9272,14440,2.996,613
RAW,167.8,9270,14430,3.016,617
RAW,167.8,9273,14422,2.996,613
RAW,167.8,9270,14428,3.025,619
RAW,168.1,9271,14431,3.001,614
RAW,168.1,9265,14425,3.001,614
RAW,168.1,9270,14424,3.011,616
RAW,168.4,9265,14428,2.996,613
RAW,168.4,9274,14424,2.991,612
RAW,168.4,9266,14419,3.050,624
RAW,168.7,9278,14447,3.025,619
RAW,168.7,9270,14437,3.079,630
RAW,168.7,9271,14426,3.079,630
RAW,169.0,9273,14441,3.065,627
RAW,169.0,9277,14434,3.065,627
RAW,169.0,9276,14431,3.123,639
RAW,169.3,9278,14444,3.025,619
RAW,169.3,9273,14441,3.065,627
RAW,169.3,9275,14441,3.006,615
RAW,169.6,9277,14460,3.050,624
RAW,169.6,9281,14452,3.006,615
RAW,169.6,9276,14449,3.001,614
RAW,169.9,9284,14447,3.001,614
RAW,169.9,9280,14453,3.011,616
RAW,169.9,9280,14453,3.001,614
RAW,170.2,9279,14452,3.021,618
RAW,170.2,9275,14451,3.006,615
RAW,170.2,9282,14448,3.021,618
RAW,170.5,9284,14451,2.977,609
RAW,170.5,9283,14453,2.991,612
RAW,170.5,9282,14448,2.991,612
RAW,170.8,9288,14448,3.016,617
RAW,170.8,9280,14452,2.991,612
RAW,170.8,9278,14452,2.991,612
RAW,171.1,9278,14449,3.006,615
RAW,171.1,9280,14451,2.977,609
RAW,171.1,9283,14449,3.001,614
RAW,171.4,9274,14468,2.986,611
RAW,171.4,9276,14468,2.991,612
RAW,171.4,9277,14464,2.991,612
RAW,171.7,9273,14470,2.991,612
RAW,171.7,9276,14478,2.991,612
RAW,171.7,9278,14471,2.991,612
RAW,172.0,9275,14444,3.006,615
RAW,172.0,9273,14460,2.991,612
RAW,172.0,9274,14461,3.030,620
RAW,172.3,9265,14435,3.011,616
RAW,172.3,9265,14439,2.991,612
RAW,172.3,9267,14445,3.016,617
RAW,172.6,9270,14427,2.986,611
RAW,172.6,9271,14432,2.991,612
RAW,172.6,9265,14435,2.996,613
RAW,172.9,9272,14420,2.996,613
RAW,172.9,9269,14427,3.006,615
RAW,172.9,9262,14432,3.045,623
RAW,173.3,9271,14439,3.011,616
RAW,173.3,9271,14433,3.069,628
RAW,173.3,9262,14425,3.069,628
RAW,173.6,9274,14456,3.045,623
RAW,173.6,9279,14450,3.084,631
RAW,173.6,9271,14441,3.079,630
RAW,173.9,9271,14445,3.055,625
RAW,173.9,9275,14454,3.050,624
RAW,173.9,9273,14453,3.050,624
RAW,174.2,9277,14449,3.074,629
RAW,174.2,9273,14447,3.050,624
RAW,174.2,9269,14451,3.006,615
RAW,174.5,9274,14445,3.030,620
RAW,174.5,9273,14447,3.030,620
RAW,174.5,9268,14442,2.996,613
RAW,174.8,9274,14447,2.996,613
RAW,174.8,9279,14444,3.030,620
RAW,174.8,9278,14451,2.996,613
RAW,175.1,9279,14454,2.991,612
RAW,175.1,9276,14447,2.991,612
RAW,175.1,9283,14448,3.006,615
RAW,175.4,9282,14457,3.025,619
RAW,175.4,9276,14458,3.055,625
RAW,175.4,9276,14450,3.065,627
RAW,175.7,9281,14465,3.055,625
RAW,175.7,9281,14461,3.079,630
RAW,175.7,9276,14448,3.094,633
RAW,176.0,9281,14466,3.060,626
RAW,176.0,9285,14473,3.060,626
RAW,176.0,9285,14468,3.060,626
RAW,176.3,9287,14465,3.069,628
RAW,176.3,9288,14464,3.035,621
RAW,176.3,9288,14469,3.011,616
RAW,176.6,9279,14453,3.030,620
RAW,176.6,9279,14470,3.011,616
RAW,176.6,9278,14467,3.011,616
RAW,176.9,9280,14455,2.991,612
RAW,176.9,9278,14449,2.991,612
RAW,176.9,9277,14455,2.991,612
RAW,177.2,9290,14445,2.991,612
RAW,177.2,9281,14446,2.996,613
RAW,177.2,9278,14452,2.986,611
RAW,177.5,9279,14441,3.001,614
RAW,177.5,9282,14452,3.025,619
RAW,177.5,9286,14448,3.021,618
RAW,177.8,9283,14443,2.996,613
RAW,177.8,9277,14444,2.996,613
RAW,177.8,9283,14441,3.016,617
RAW,178.1,9276,14431,3.001,614
RAW,178.1,9284,14434,3.001,614
RAW,178.1,9282,14429,2.991,612
RAW,178.4,9276,14435,3.001,614
RAW,178.4,9278,14425,2.996,613
RAW,178.4,9280,14432,2.967,607
RAW,178.7,9272,14444,3.001,614
RAW,178.7,9274,14434,3.021,618
RAW,178.7,9270,14426,3.021,618
RAW,179.0,9277,14442,2.986,611
RAW,179.0,9278,14454,3.025,619
RAW,179.0,9275,14445,3.006,615
RAW,179.3,9279,14460,3.016,617
RAW,179.3,9278,14455,3.001,614
RAW,179.3,9274,14446,3.001,614
RAW,179.6,9272,14451,3.016,617
RAW,179.6,9284,14456,2.996,613
RAW,179.6,9278,14452,3.001,614
RAW,179.9,9274,14445,3.016,617
RAW,179.9,9276,14445,3.025,619
RAW,179.9,9278,14449,3.055,625
RAW,180.3,9282,14452,3.021,618
RAW,180.3,9277,14456,3.055,625
RAW,180.3,9277,14445,3.055,625
RAW,180.6,9280,14459,3.040,622
RAW,180.6,9279,14454,3.060,626
RAW,180.6,9282,14455,3.055,625
RAW,180.9,9287,14466,3.069,628
RAW,180.9,9284,14462,3.055,625
RAW,180.9,9280,14459,3.030,620
RAW,181.2,9288,14465,3.069,628
RAW,181.2,9287,14459,3.035,621
RAW,181.2,9283,14462,3.011,616
RAW,181.5,9286,14464,3.001,614
RAW,181.5,9284,14461,3.001,614
RAW,181.5,9278,14457,3.001,614
RAW,181.8,9284,14477,2.991,612
RAW,181.8,9287,14465,2.996,613
RAW,181.8,9290,14460,2.996,613
RAW,182.1,9289,14469,2.991,612
RAW,182.1,9289,14474,3.021,618
RAW,182.1,9285,14469,3.050,624
RAW,182.4,9291,14470,2.991,612
RAW,182.4,9295,14471,3.040,622
RAW,182.4,9287,14467,3.060,626
RAW,182.7,9292,14472,3.055,625
RAW,182.7,9291,14473,3.060,626
RAW,182.7,9286,14473,3.065,627
RAW,183.0,9289,14470,3.089,632
RAW,183.0,9292,14470,3.069,628
RAW,183.0,9303,14467,3.016,617
RAW,183.3,9295,14461,3.055,625
RAW,183.3,9293,14468,3.006,615
RAW,183.6,9290,14460,3.011,616
RAW,183.6,9285,14463,2.996,613
RAW,183.6,9292,14465,2.991,612
RAW,183.9,9289,14459,3.001,614
RAW,183.9,9290,14462,3.001,614
RAW,183.9,9291,14453,3.006,615
RAW,184.2,9292,14461,3.001,614
RAW,184.2,9293,14456,3.016,617
RAW,184.2,9288,14462,2.996,613
RAW,184.5,9303,14468,3.025,619
RAW,184.5,9301,14467,3.021,618
RAW,184.5,9293,14464,3.016,617
RAW,184.8,9293,14461,2.991,612
RAW,184.8,9291,14459,2.996,613
RAW,184.8,9294,14465,2.996,613
RAW,185.1,9288,14462,3.021,618
RAW,185.1,9290,14456,2.991,612
RAW,185.1,9293,14454,2.991,612
RAW,185.4,9286,14458,3.011,616
RAW,185.4,9284,14457,3.001,614
RAW,185.4,9294,14458,3.021,618
RAW,185.7,9281,14438,2.991,612
RAW,185.7,9284,14440,2.991,612
RAW,185.7,9282,14444,2.996,613
RAW,186.0,9278,14437,2.991,612
RAW,186.0,9274,14433,3.006,615
RAW,186.0,9273,14437,3.001,614
RAW,186.3,9276,14435,2.991,612
RAW,186.3,9273,14431,3.001,614
RAW,186.3,9274,14435,3.030,620
RAW,186.6,9283,14447,3.016,617
RAW,186.6,9279,14445,2.996,613
RAW,186.6,9279,14439,3.035,621
RAW,186.9,9280,14450,2.996,613
RAW,186.9,9281,14446,3.030,620
RAW,186.9,9280,14446,3.050,624
RAW,187.3,9285,14447,3.030,620
RAW,187.3,9278,14445,3.050,624
RAW,187.3,9275,14448,3.050,624
RAW,187.6,9283,14455,3.074,629
RAW,187.6,9282,14455,3.060,626
RAW,187.6,9279,14455,3.079,630
RAW,187.9,9288,14455,3.045,623
RAW,187.9,9292,14451,3.065,627
RAW,187.9,9285,14449,2.991,612
RAW,188.2,9290,14466,3.055,625
RAW,188.2,9293,14466,3.006,615
RAW,188.2,9292,14456,2.996,613
RAW,188.5,9289,14461,3.030,620
RAW,188.5,9289,14461,3.030,620
RAW,188.5,9290,14471,2.996,613
RAW,188.8,9292,14456,2.991,612
RAW,188.8,9292,14468,3.025,619
RAW,188.8,9293,14465,3.011,616
RAW,189.1,9305,14478,3.006,615
RAW,189.1,9290,14480,3.006,615
RAW,189.1,9295,14466,3.050,624
RAW,189.4,9298,14466,3.050,624
RAW,189.4,9296,14467,3.055,625
RAW,189.4,9297,14472,3.050,624
RAW,189.7,9298,14466,3.065,627
RAW,189.7,9289,14467,3.079,630
RAW,189.7,9297,14468,3.045,623
RAW,190.0,9299,14461,3.079,630
RAW,190.0,9298,14465,3.069,628
RAW,190.0,9294,14461,3.011,616
RAW,190.3,9294,14462,3.001,614
RAW,190.3,9298,14466,2.991,612
RAW,190.6,9297,14457,3.011,616
RAW,190.6,9294,14460,2.996,613
RAW,190.6,9298,14460,3.030,620
RAW,190.9,9290,14453,3.030,620
RAW,190.9,9291,14461,3.001,614
RAW,190.9,9288,14458,3.025,619
RAW,191.2,9293,14451,2.991,612
RAW,191.2,9290,14450,2.991,612
RAW,191.2,9294,14457,2.996,613
RAW,191.5,9292,14456,2.977,609
RAW,191.5,9292,14446,2.996,613
RAW,191.5,9291,14452,2.996,613
RAW,191.8,9289,14440,2.991,612
RAW,191.8,9288,14444,3.011,616
RAW,191.8,9293,14450,3.001,614
RAW,192.1,9282,14439,2.996,613
RAW,192.1,9289,14434,3.001,614
RAW,192.1,9287,14443,3.011,616
RAW,192.4,9279,14435,2.986,611
RAW,192.4,9279,14435,2.996,613
RAW,192.4,9283,14435,3.001,614
RAW,192.7,9268,14415,3.001,614
RAW,192.7,9268,14419,2.991,612
RAW,192.7,9275,14423,2.991,612
RAW,193.0,9263,14411,3.016,617
RAW,193.0,9271,14416,3.021,618
RAW,193.0,9266,14416,3.025,619
RAW,193.3,9265,14419,3.030,620
RAW,193.3,9266,14414,3.021,618
RAW,193.3,9260,14416,3.030,620
RAW,193.6,9265,14414,2.996,613
RAW,193.6,9266,14419,2.996,613
RAW,193.6,9267,14413,3.030,620
RAW,193.9,9272,14433,3.011,616
RAW,193.9,9267,14426,3.045,623
RAW,193.9,9261,14418,3.050,624
RAW,194.3,9274,14426,3.050,624
RAW,194.3,9275,14426,3.060,626
RAW,194.3,9272,14423,3.060,626
RAW,194.6,9274,14432,3.040,622
RAW,194.6,9277,14430,3.079,630
RAW,194.6,9275,14430,3.050,624
RAW,194.9,9279,14432,3.055,625
RAW,194.9,9276,14432,3.050,624
RAW,194.9,9276,14438,3.001,614
RAW,195.2,9277,14437,3.065,627
RAW,195.2,9278,14438,3.011,616
RAW,195.2,9280,14442,3.025,619
RAW,195.5,9276,14441,3.025,619
RAW,195.5,9278,14443,3.016,617
RAW,195.5,9279,14434,3.011,616
RAW,195.8,9277,14432,3.006,615
RAW,195.8,9280,14441,3.001,614
RAW,195.8,9287,14436,2.991,612
RAW,196.1,9282,14427,2.991,612
RAW,196.1,9283,14437,3.011,616
RAW,196.1,9278,14437,3.055,625
RAW,196.4,9284,14434,3.025,619
RAW,196.4,9283,14429,3.055,625
RAW,196.4,9282,14428,3.055,625
RAW,196.7,9283,14427,3.050,624
RAW,196.7,9287,14428,3.065,627
RAW,196.7,9279,14428,3.084,631
RAW,197.0,9286,14434,3.060,626
RAW,197.0,9289,14429,3.050,624
RAW,197.0,9280,14425,3.001,614
RAW,197.3,9291,14440,3.055,625
RAW,197.3,9286,14436,3.016,617
RAW,197.3,9285,14430,3.001,614
RAW,197.6,9283,14436,3.006,615
RAW,197.6,9285,14431,3.006,615
RAW,197.6,9291,14431,3.021,618
RAW,197.9,9289,14420,2.996,613
RAW,197.9,9285,14420,2.996,613
RAW,197.9,9282,14424,2.991,612
RAW,198.2,9289,14416,2.991,612
RAW,198.2,9284,14422,3.001,614
RAW,198.2,9287,14424,2.991,612
RAW,198.5,9273,14413,3.006,615
RAW,198.5,9283,14406,2.991,612
RAW,198.5,9281,14407,3.001,614
RAW,198.8,9271,14407,3.016,617
RAW,198.8,9272,14408,3.021,618
RAW,198.8,9268,14411,2.991,612
RAW,199.1,9260,14409,2.991,612
RAW,199.1,9268,14402,2.996,613
RAW,199.1,9271,14401,2.991,612
RAW,199.4,9270,14398,2.996,613
RAW,199.4,9263,14402,3.001,614
RAW,199.4,9261,14402,2.991,612
RAW,199.7,9263,14386,3.016,617
RAW,199.7,9259,14389,2.991,612
RAW,199.7,9265,14390,3.001,614
RAW,200.0,9259,14380,2.991,612
RAW,200.0,9261,14388,2.991,612
RAW,200.0,9263,14391,3.006,615
RAW,200.3,9253,14385,2.991,612
RAW,200.3,9260,14382,3.006,615
RAW,200.3,9257,14385,2.996,613
RAW,200.6,9270,14392,3.006,615
RAW,200.6,9265,14393,3.035,621
RAW,200.6,9256,14385,3.069,628
RAW,200.9,9264,14398,3.040,622
RAW,200.9,9269,14399,3.069,628
RAW,200.9,9260,14399,3.069,628
RAW,201.2,9274,14401,3.055,625
RAW,201.2,9266,14407,3.050,624
RAW,201.2,9268,14407,3.045,623
RAW,201.6,9268,14406,3.030,620
RAW,201.6,9265,14399,3.055,625
RAW,201.6,9267,14398,3.021,618
RAW,201.9,9262,14398,3.060,626
RAW,201.9,9268,14397,3.025,619
RAW,201.9,9261,14392,3.025,619
RAW,202.2,9267,14390,3.030,620
RAW,202.2,9268,14396,3.030,620
RAW,202.2,9273,14399,3.021,618
RAW,202.5,9270,14412,3.001,614
RAW,202.5,9276,14405,2.991,612
RAW,202.5,9273,14398,2.991,612
RAW,202.8,9278,14413,3.016,617
RAW,202.8,9274,14421,3.011,616
RAW,202.8,9274,14412,3.045,623
RAW,203.1,9275,14411,3.016,617
RAW,203.1,9278,14405,3.069,628
RAW,203.1,9280,14400,3.060,626
RAW,203.4,9271,14400,3.055,625
RAW,203.4,9275,14404,3.065,627
RAW,203.4,9271,14398,3.055,625
RAW,203.7,9276,14400,3.050,624
RAW,203.7,9273,14395,3.084,631
RAW,203.7,9273,14396,3.011,616
RAW,204.0,9283,14398,3.030,620
RAW,204.0,9276,14398,3.030,620
RAW,204.3,9280,14409,3.016,617
RAW,204.3,9281,14405,2.996,613
RAW,204.3,9288,14402,3.021,618
RAW,204.6,9289,14413,3.006,615
RAW,204.6,9287,14404,2.991,612
RAW,204.6,9277,14420,2.996,613
RAW,204.9,9280,14399,2.991,612
RAW,204.9,9276,14405,2.996,613
RAW,204.9,9282,14404,2.996,613
RAW,205.2,9281,14396,2.991,612
RAW,205.2,9285,14393,3.016,617
RAW,205.2,9278,14398,3.021,618
RAW,205.5,9266,14389,2.991,612
RAW,205.5,9273,14397,3.011,616
RAW,205.5,9275,14396,2.991,612
RAW,205.8,9268,14390,3.001,614
RAW,205.8,9270,14393,2.996,613
RAW,205.8,9269,14392,2.996,613
RAW,206.1,9274,14390,3.016,617
RAW,206.1,9270,14392,3.021,618
RAW,206.1,9269,14387,2.996,613
RAW,206.4,9269,14388,3.030,620
RAW,206.4,9270,14396,3.016,617
RAW,206.4,9266,14390,3.001,614
RAW,206.7,9271,14402,2.996,613
RAW,206.7,9275,14394,2.991,612
RAW,206.7,9274,14397,3.006,615
RAW,207.0,9272,14389,2.991,612
RAW,207.0,9270,14397,2.991,612
RAW,207.0,9276,14392,3.001,614
RAW,207.3,9273,14401,3.025,619
RAW,207.3,9267,14397,3.025,619
RAW,207.3,9268,14395,3.035,621
RAW,207.6,9276,14394,3.016,617
RAW,207.6,9272,14393,3.050,624
RAW,207.6,9269,14399,3.069,628
RAW,207.9,9270,14391,3.035,621
RAW,207.9,9280,14393,3.055,625
RAW,207.9,9270,14396,3.045,623
RAW,208.2,9277,14386,3.060,626
RAW,208.2,9274,14396,3.055,625
RAW,208.2,9274,14392,3.050,624
RAW,208.6,9281,14391,3.055,625
RAW,208.6,9276,14383,3.060,626
RAW,208.6,9275,14397,3.001,614
RAW,208.9,9275,14389,3.035,621
RAW,208.9,9275,14394,3.006,615
RAW,208.9,9276,14383,2.996,613
RAW,209.1,9279,14394,3.006,615
RAW,209.1,9280,14392,3.021,618
RAW,209.1,9273,14388,3.006,615
RAW,209.5,9280,14392,3.001,614
RAW,209.5,9276,14391,3.021,618
RAW,209.5,9273,14384,3.021,618
RAW,209.8,9285,14389,3.055,625
RAW,209.8,9278,14385,3.050,624
RAW,209.8,9283,14382,3.069,628
RAW,210.1,9285,14384,3.040,622
RAW,210.1,9283,14385,3.065,627
RAW,210.1,9279,14388,3.065,627
RAW,210.4,9279,14383,3.060,626
RAW,210.4,9280,14385,3.060,626
RAW,210.4,9276,14385,3.055,625
RAW,210.7,9285,14388,3.065,627
RAW,210.7,9281,14389,2.972,608
RAW,210.7,9281,14386,3.006,615
RAW,211.0,9279,14384,3.006,615
RAW,211.0,9288,14395,3.011,616
RAW,211.0,9284,14390,3.001,614
RAW,211.3,9291,14391,2.991,612
RAW,211.3,9282,14385,2.991,612
RAW,211.3,9282,14386,3.006,615
RAW,211.6,9288,14389,3.016,617
RAW,211.6,9290,14387,2.991,612
RAW,211.6,9284,14385,2.996,613
RAW,211.9,9285,14396,2.967,607
RAW,211.9,9287,14389,3.021,618
RAW,211.9,9287,14388,2.996,613
RAW,212.2,9279,14384,2.991,612
RAW,212.2,9286,14389,2.991,612
RAW,212.2,9287,14394,2.991,612
RAW,212.5,9278,14380,2.991,612
RAW,212.5,9280,14385,2.996,613
RAW,212.5,9282,14388,2.996,613
RAW,212.8,9275,14379,2.996,613
RAW,212.8,9281,14378,3.006,615
RAW,212.8,9281,14383,3.001,614
RAW,213.1,9269,14387,3.001,614
RAW,213.1,9276,14377,3.001,614
RAW,213.1,9270,14380,2.996,613
RAW,213.4,9272,14380,2.991,612
RAW,213.4,9273,14380,2.991,612
RAW,213.4,9276,14377,3.016,617
RAW,213.7,9276,14381,2.991,612
RAW,213.7,9283,14378,2.991,612
RAW,213.7,9270,14381,2.991,612
RAW,214.0,9276,14377,2.986,611
RAW,214.0,9278,14379,3.011,616
RAW,214.0,9279,14380,3.055,625
RAW,214.3,9273,14373,3.001,614
RAW,214.3,9276,14369,3.050,624
RAW,214.3,9265,14375,3.055,625
RAW,214.6,9267,14368,3.050,624
RAW,214.6,9272,14364,3.050,624
RAW,214.6,9268,14369,3.050,624
RAW,214.9,9274,14366,3.079,630
RAW,214.9,9270,14367,3.065,627
RAW,214.9,9274,14360,3.050,624
RAW,215.2,9279,14373,3.060,626
RAW,215.2,9278,14372,3.074,629
RAW,215.2,9275,14366,3.006,615
RAW,215.6,9274,14370,3.040,622
RAW,215.6,9276,14372,3.011,616
RAW,215.6,9271,14373,2.991,612
RAW,215.9,9275,14376,2.996,613
RAW,215.9,9280,14376,3.001,614
RAW,215.9,9274,14373,3.025,619
RAW,216.1,9287,14385,2.991,612
RAW,216.1,9283,14377,3.016,617
RAW,216.1,9280,14376,3.001,614
RAW,216.5,9280,14387,3.011,616
RAW,216.5,9287,14381,3.040,622
RAW,216.5,9286,14384,3.065,627
RAW,216.8,9288,14383,3.035,621
RAW,216.8,9283,14389,3.060,626
RAW,216.8,9286,14384,3.065,627
RAW,217.1,9288,14376,3.060,626
RAW,217.1,9284,14378,3.069,628
RAW,217.1,9294,14380,3.060,626
RAW,217.4,9284,14388,3.060,626
RAW,217.4,9284,14380,3.030,620
RAW,217.4,9290,14384,3.001,614
RAW,217.7,9283,14376,3.001,614
RAW,217.7,9277,14381,3.011,616
RAW,217.7,9280,14377,3.006,615
RAW,218.0,9283,14378,3.006,615
RAW,218.0,9286,14375,2.991,612
RAW,218.0,9282,14370,2.996,613
RAW,218.3,9280,14374,3.025,619
RAW,218.3,9280,14371,3.021,618
RAW,218.3,9288,14368,3.021,618
RAW,218.6,9287,14376,3.006,615
RAW,218.6,9283,14370,3.016,617
RAW,218.6,9289,14379,3.016,617
RAW,218.9,9281,14356,2.991,612
RAW,218.9,9280,14368,2.996,613
RAW,218.9,9280,14365,2.991,612
RAW,219.2,9280,14354,2.991,612
RAW,219.2,9279,14359,2.991,612
RAW,219.2,9282,14354,2.991,612
RAW,219.5,9280,14355,3.001,614
RAW,219.5,9276,14357,3.001,614
RAW,219.5,9276,14350,2.996,613
RAW,219.8,9271,14352,3.011,616
RAW,219.8,9270,14357,3.016,617
RAW,219.8,9274,14352,3.030,620
RAW,220.1,9269,14348,2.996,613
RAW,220.1,9265,14353,2.991,612
RAW,220.1,9273,14361,2.986,611
RAW,220.4,9265,14350,2.996,613
RAW,220.4,9271,14345,3.001,614
RAW,220.4,9271,14340,2.991,612
RAW,220.7,9268,14354,3.011,616
RAW,220.7,9270,14345,3.006,615
RAW,220.7,9262,14344,3.055,625
RAW,221.0,9267,14340,3.001,614
RAW,221.0,9269,14344,3.040,622
RAW,221.0,9267,14341,3.050,624
RAW,221.3,9279,14334,3.045,623
RAW,221.3,9272,14339,3.060,626
RAW,221.3,9271,14344,3.050,624
RAW,221.6,9268,14344,3.055,625
RAW,221.6,9272,14339,3.060,626
RAW,221.6,9270,14341,3.074,629
RAW,221.9,9274,14346,3.069,628
RAW,221.9,9272,14345,3.055,625
RAW,221.9,9275,14349,3.011,616
RAW,222.2,9275,14349,3.050,624
RAW,222.2,9277,14348,3.001,614
RAW,222.2,9277,14345,2.996,613
RAW,222.6,9278,14351,3.011,616
RAW,222.6,9273,14345,3.001,614
RAW,222.6,9273,14344,3.001,614
RAW,222.9,9282,14349,3.025,619
RAW,222.9,9273,14350,3.030,620
RAW,222.9,9276,14353,3.011,616
RAW,223.1,9278,14351,3.006,615
RAW,223.1,9277,14360,3.025,619
RAW,223.1,9278,14348,3.065,627
RAW,223.5,9283,14352,3.021,618
RAW,223.5,9288,14359,3.065,627
RAW,223.5,9291,14347,3.069,628
RAW,223.8,9282,14360,3.084,631
RAW,223.8,9281,14354,3.089,632
RAW,223.8,9278,14355,3.065,627
RAW,224.1,9290,14355,3.074,629
RAW,224.1,9286,14353,3.069,628
RAW,224.1,9291,14356,3.011,616
RAW,224.4,9291,14359,3.030,620
RAW,224.4,9288,14368,3.006,615
RAW,224.4,9291,14364,2.996,613
RAW,224.7,9288,14361,2.996,613
RAW,224.7,9290,14366,3.001,614
RAW,224.7,9287,14355,2.996,613
RAW,225.0,9289,14351,3.011,616
RAW,225.0,9283,14354,3.021,618
RAW,225.0,9293,14354,3.006,615
RAW,225.3,9291,14353,3.011,616
RAW,225.3,9286,14357,3.025,619
RAW,225.3,9291,14357,3.050,624
RAW,225.6,9296,14353,2.986,611
RAW,225.6,9292,14349,2.991,612
RAW,225.6,9292,14356,2.996,613
RAW,225.9,9288,14349,2.986,611
RAW,225.9,9292,14356,2.991,612
RAW,225.9,9293,14351,3.001,614
RAW,226.2,9284,14343,2.991,612
RAW,226.2,9291,14347,3.001,614
RAW,226.2,9296,14351,3.006,615
RAW,226.5,9278,14338,2.991,612
RAW,226.5,9277,14341,3.011,616
RAW,226.5,9283,14345,3.006,615
RAW,226.8,9273,14324,2.991,612
RAW,226.8,9276,14336,2.991,612
RAW,226.8,9280,14335,3.001,614
RAW,227.1,9273,14336,3.011,616
RAW,227.1,9275,14331,3.011,616
RAW,227.1,9274,14322,3.016,617
RAW,227.4,9275,14334,2.996,613
RAW,227.4,9277,14334,3.011,616
RAW,227.4,9271,14334,3.035,621
RAW,227.7,9273,14328,2.991,612
RAW,227.7,9265,14327,3.030,620
RAW,227.7,9272,14324,3.050,624
RAW,228.0,9275,14325,3.035,621
RAW,228.0,9274,14328,3.050,624
RAW,228.0,9267,14333,3.055,625
RAW,228.3,9269,14330,3.069,628
RAW,228.3,9274,14332,3.055,625
RAW,228.3,9270,14333,3.055,625
RAW,228.6,9271,14329,3.069,628
RAW,228.6,9266,14322,3.065,627
RAW,228.6,9268,14325,3.025,619
RAW,228.9,9277,14325,3.045,623
RAW,228.9,9278,14338,2.996,613
RAW,228.9,9280,14329,2.996,613
RAW,229.2,9276,14343,3.011,616
RAW,229.2,9281,14332,2.991,612
RAW,229.2,9276,14340,3.001,614
RAW,229.5,9279,14339,3.006,615
RAW,229.5,9277,14342,3.016,617
RAW,229.5,9274,14341,3.021,618
RAW,229.9,9281,14349,2.991,612
RAW,229.9,9278,14336,2.996,613
RAW,229.9,9285,14340,3.055,625
RAW,230.1,9278,14341,3.006,615
RAW,230.1,9276,14340,3.074,629
RAW,230.1,9282,14334,3.065,627
RAW,230.5,9284,14338,3.055,625
RAW,230.5,9277,14341,3.069,628
RAW,230.5,9281,14344,3.079,630
RAW,230.8,9279,14343,3.069,628
RAW,230.8,9282,14339,3.060,626
RAW,230.8,9285,14338,3.001,614
RAW,231.1,9287,14329,3.001,614
RAW,231.1,9287,14338,3.011,616
RAW,231.4,9283,14330,2.991,612
RAW,231.4,9287,14335,2.991,612
RAW,231.4,9281,14336,2.996,613
RAW,231.7,9287,14342,2.996,613
RAW,231.7,9282,14338,3.006,615
RAW,231.7,9281,14334,3.021,618
RAW,232.0,9287,14328,3.006,615
RAW,232.0,9285,14325,3.030,620
RAW,232.0,9285,14333,3.006,615
RAW,232.3,9295,14328,2.991,612
RAW,232.3,9290,14329,3.001,614
RAW,232.3,9288,14329,2.991,612
RAW,232.6,9287,14325,3.001,614
RAW,232.6,9286,14332,3.011,616
RAW,232.6,9285,14328,2.991,612
RAW,232.9,9278,14323,3.021,618
RAW,232.9,9277,14325,3.011,616
RAW,232.9,9282,14329,3.001,614
RAW,233.2,9274,14315,2.981,610
RAW,233.2,9277,14320,2.991,612
RAW,233.2,9269,14332,2.991,612
RAW,233.5,9274,14311,2.991,612
RAW,233.5,9269,14319,2.991,612
RAW,233.5,9268,14318,2.991,612
RAW,233.8,9271,14317,2.991,612
RAW,233.8,9266,14311,2.996,613
RAW,233.8,9269,14312,3.001,614
RAW,234.1,9270,14310,3.011,616
RAW,234.1,9266,14312,3.011,616
RAW,234.1,9272,14308,2.991,612
RAW,234.4,9265,14311,2.996,613
RAW,234.4,9276,14310,2.996,613
RAW,234.4,9268,14307,3.040,622
RAW,234.7,9271,14316,2.996,613
RAW,234.7,9277,14308,3.050,624
RAW,234.7,9270,14314,3.050,624
RAW,235.0,9276,14316,3.055,625
RAW,235.0,9276,14321,3.065,627
RAW,235.0,9272,14310,3.060,626
RAW,235.3,9274,14305,3.055,625
RAW,235.3,9269,14323,3.060,626
RAW,235.3,9277,14311,3.065,627
RAW,235.6,9278,14310,3.050,624
RAW,235.6,9278,14321,3.030,620
RAW,235.6,9274,14310,2.996,613
RAW,235.9,9279,14313,3.016,617
RAW,235.9,9274,14316,3.006,615
RAW,235.9,9269,14309,3.021,618
RAW,236.2,9280,14315,3.006,615
RAW,236.2,9280,14321,3.006,615
RAW,236.2,9274,14316,3.016,617
RAW,236.5,9277,14321,3.006,615
RAW,236.5,9279,14319,3.006,615
RAW,236.5,9276,14313,3.030,620
RAW,236.9,9289,14319,2.996,613
RAW,236.9,9289,14321,3.040,622
RAW,236.9,9283,14322,3.069,628
RAW,237.1,9285,14316,3.060,626
RAW,237.1,9282,14320,3.069,628
RAW,237.1,9287,14316,3.069,628
RAW,237.4,9283,14316,3.074,629
RAW,237.4,9288,14310,3.069,628
RAW,237.4,9285,14314,3.040,622
RAW,237.8,9286,14311,3.065,627
RAW,237.8,9283,14312,3.006,615
RAW,237.8,9281,14316,2.996,613
RAW,238.1,9284,14319,3.016,617
RAW,238.1,9285,14321,3.001,614
RAW,238.1,9285,14322,3.001,614
RAW,238.4,9292,14327,3.006,615
RAW,238.4,9291,14326,2.991,612
RAW,238.4,9293,14327,2.996,613
RAW,238.7,9287,14329,2.991,612
RAW,238.7,9288,14311,2.996,613
RAW,238.7,9287,14324,2.986,611
RAW,239.0,9288,14320,2.981,610
RAW,239.0,9289,14317,2.996,613
RAW,239.0,9290,14323,2.977,609
RAW,239.3,9290,14319,2.991,612
RAW,239.3,9295,14320,3.030,620
RAW,239.3,9291,14322,3.016,617
RAW,239.6,9296,14321,2.996,613
RAW,239.6,9289,14309,3.006,615
RAW,239.6,9282,14316,3.006,615
RAW,239.9,9279,14307,2.986,611
RAW,239.9,9279,14310,2.991,612
RAW,239.9,9281,14315,2.986,611
RAW,240.2,9277,14306,2.991,612
RAW,240.2,9281,14303,2.996,613
RAW,240.2,9276,14305,2.991,612
RAW,240.5,9274,14306,3.001,614
RAW,240.5,9272,14310,2.991,612
RAW,240.5,9272,14305,3.001,614
RAW,240.8,9264,14303,2.913,596
RAW,240.8,9277,14303,3.025,619
RAW,240.8,9275,14305,3.025,619
RAW,241.1,9279,14309,3.001,614
RAW,241.1,9276,14307,2.991,612
RAW,241.1,9275,14305,3.035,621
RAW,241.4,9281,14301,3.011,616
RAW,241.4,9278,14299,3.060,626
RAW,241.4,9275,14304,3.055,625
RAW,241.7,9282,14302,3.050,624
RAW,241.7,9275,14313,3.060,626
RAW,241.7,9280,14297,3.074,629
RAW,242.0,9287,14317,3.055,625
RAW,242.0,9287,14314,3.055,625
RAW,242.0,9283,14306,3.055,625
RAW,242.3,9284,14310,3.050,624
RAW,242.3,9278,14308,3.050,624
RAW,242.3,9281,14302,3.006,615
RAW,242.6,9283,14311,3.021,618
RAW,242.6,9282,14311,3.001,614
RAW,242.6,9278,14307,2.996,613
RAW,242.9,9290,14312,3.011,616
RAW,242.9,9290,14315,3.025,619
RAW,242.9,9285,14312,3.001,614
RAW,243.2,9296,14313,2.996,613
RAW,243.2,9297,14320,2.996,613
RAW,243.2,9293,14311,3.011,616
RAW,243.5,9297,14328,2.991,612
RAW,243.5,9298,14320,3.030,620
RAW,243.5,9289,14317,3.055,625
RAW,243.9,9292,14314,3.060,626
RAW,243.9,9292,14310,3.069,628
RAW,243.9,9293,14311,3.094,633
RAW,244.1,9296,14312,3.050,624
RAW,244.1,9299,14319,3.060,626
RAW,244.1,9296,14317,3.069,628
RAW,244.5,9298,14319,3.065,627
RAW,244.5,9296,14320,3.025,619
RAW,244.5,9293,14317,3.006,615
RAW,244.8,9301,14316,3.035,621
RAW,244.8,9297,14319,3.016,617
RAW,244.8,9298,14329,2.996,613
RAW,245.1,9296,14317,2.996,613
RAW,245.1,9296,14312,3.006,615
RAW,245.1,9298,14318,3.001,614
RAW,245.4,9301,14314,2.991,612
RAW,245.4,9294,14317,2.996,613
RAW,245.4,9299,14324,2.991,612
RAW,245.7,9298,14311,2.991,612
RAW,245.7,9299,14319,2.996,613
RAW,245.7,9300,14318,2.991,612
RAW,246.0,9297,14312,3.006,615
RAW,246.0,9299,14309,3.016,617
RAW,246.0,9300,14303,3.011,616
RAW,246.3,9290,14302,3.011,616
RAW,246.3,9298,14303,3.025,619
RAW,246.3,9298,14306,2.996,613
RAW,246.6,9294,14300,2.996,613
RAW,246.6,9290,14301,3.001,614
RAW,246.6,9285,14308,2.996,613
RAW,246.9,9296,14308,2.996,613
RAW,246.9,9288,14309,2.991,612
RAW,246.9,9281,14302,2.996,613
RAW,247.2,9284,14306,2.991,612
RAW,247.2,9286,14291,2.991,612
RAW,247.2,9288,14303,3.006,615
RAW,247.5,9285,14292,2.991,612
RAW,247.5,9285,14288,2.996,613
RAW,247.5,9285,14299,3.001,614
RAW,247.8,9285,14294,2.991,612
RAW,247.8,9281,14295,3.006,615
RAW,247.8,9281,14290,3.030,620
RAW,248.1,9283,14292,3.016,617
RAW,248.1,9287,14293,3.065,627
RAW,248.1,9279,14296,3.074,629
RAW,248.4,9281,14286,3.069,628
RAW,248.4,9281,14286,3.089,632
RAW,248.4,9279,14285,3.069,628
RAW,248.7,9290,14299,3.050,624
RAW,248.7,9287,14289,3.050,624
RAW,248.7,9274,14283,3.060,626
RAW,249.0,9286,14291,3.045,623
RAW,249.0,9284,14289,3.030,620
RAW,249.0,9281,14293,3.001,614
RAW,249.3,9285,14290,3.050,624
RAW,249.3,9288,14289,3.006,615
RAW,249.3,9283,14292,3.006,615
RAW,249.6,9290,14289,3.016,617
RAW,249.6,9293,14291,3.030,620
RAW,249.6,9290,14294,2.986,611
RAW,249.9,9285,14286,2.991,612
RAW,249.9,9290,14290,2.991,612
RAW,249.9,9294,14289,3.006,615
RAW,250.2,9288,14281,3.016,617
RAW,250.2,9289,14286,3.040,622
RAW,250.2,9293,14288,3.055,625
RAW,250.5,9285,14285,3.055,625
RAW,250.5,9289,14284,3.074,629
RAW,250.5,9284,14285,3.065,627
RAW,250.9,9297,14287,3.055,625
RAW,250.9,9287,14287,3.065,627
RAW,250.9,9285,14291,3.060,626
RAW,251.1,9285,14287,3.060,626
RAW,251.1,9293,14301,3.030,620
RAW,251.1,9290,14290,2.991,612
RAW,251.5,9284,14282,3.011,616
RAW,251.5,9291,14283,2.996,613
RAW,251.5,9292,14282,3.016,617
RAW,251.8,9293,14276,3.016,617
RAW,251.8,9284,14282,2.996,613
RAW,251.8,9285,14280,3.016,617
RAW,252.1,9285,14278,2.991,612
RAW,252.1,9291,14283,2.991,612
RAW,252.1,9290,14273,2.991,612
RAW,252.4,9290,14280,2.996,613
RAW,252.4,9296,14282,2.996,613
RAW,252.4,9298,14280,2.996,613
RAW,252.7,9291,14277,3.006,615
RAW,252.7,9296,14279,3.011,616
RAW,252.7,9287,14285,2.991,612
RAW,253.0,9288,14268,2.996,613
RAW,253.0,9282,14272,2.996,613
RAW,253.0,9290,14272,3.006,615
RAW,253.3,9279,14272,2.986,611
RAW,253.3,9287,14272,3.006,615
RAW,253.3,9283,14278,2.996,613
RAW,253.6,9278,14270,3.025,619
RAW,253.6,9284,14272,3.021,618
RAW,253.6,9281,14265,3.001,614
RAW,253.9,9274,14258,3.006,615
RAW,253.9,9272,14261,3.006,615
RAW,253.9,9276,14264,2.996,613
RAW,254.2,9274,14252,2.996,613
RAW,254.2,9273,14248,2.996,613
RAW,254.2,9268,14261,2.991,612
RAW,254.5,9276,14251,2.991,612
RAW,254.5,9272,14255,2.991,612
RAW,254.5,9269,14253,3.030,620
RAW,254.8,9275,14247,3.011,616
RAW,254.8,9271,14245,3.045,623
RAW,254.8,9271,14250,3.069,628
RAW,255.1,9274,14252,3.065,627
RAW,255.1,9279,14249,3.079,630
RAW,255.1,9279,14247,3.065,627
RAW,255.4,9272,14248,3.055,625
RAW,255.4,9278,14252,3.050,624
RAW,255.4,9265,14263,3.055,625
RAW,255.7,9278,14245,3.050,624
RAW,255.7,9281,14244,3.045,623
RAW,255.7,9277,14248,3.011,616
RAW,256.0,9275,14242,3.011,616
RAW,256.0,9274,14246,2.996,613
RAW,256.0,9277,14254,3.021,618
RAW,256.3,9280,9827,2.991,612
RAW,256.3,9278,9820,3.006,615
RAW,256.3,9277,11116,2.996,613
RAW,256.6,9276,9834,2.996,613
RAW,256.6,9279,9825,2.996,613
RAW,256.6,9278,9827,3.016,617
RAW,256.9,9285,9830,3.025,619
RAW,256.9,9282,9825,3.050,624
RAW,256.9,9279,9827,3.069,628
RAW,257.2,9280,9820,3.035,621
RAW,257.2,9276,9823,3.065,627
RAW,257.2,9273,9827,3.069,628
RAW,257.5,9275,9829,3.045,623
RAW,257.5,9276,9825,3.045,623
RAW,257.5,9268,9822,3.045,623
RAW,257.9,9278,9823,3.045,623
RAW,257.9,9278,9825,3.001,614
RAW,257.9,9277,9819,3.025,619
RAW,258.1,9278,9819,3.021,618
RAW,258.1,9275,9821,3.006,615
RAW,258.1,9273,9819,3.021,618
RAW,258.5,9281,9824,3.030,620
RAW,258.5,9279,9820,3.001,614
RAW,258.5,9277,9819,3.006,615
RAW,258.8,9280,9816,2.996,613
RAW,258.8,9280,9829,3.001,614
RAW,258.8,9284,9824,2.991,612
RAW,259.1,9278,9819,3.001,614
RAW,259.1,9280,9818,2.991,612
RAW,259.1,9274,9825,2.996,613
RAW,259.4,9280,9819,3.025,619
RAW,259.4,9288,9817,2.991,612
RAW,259.4,9278,9821,3.025,619
RAW,259.7,9276,9821,2.986,611
RAW,259.7,9279,9816,2.991,612
RAW,259.7,9284,9814,3.016,617
RAW,260.0,9274,9821,2.991,612
RAW,260.0,9277,9815,2.996,613
RAW,260.0,9276,9821,2.996,613
RAW,260.3,9271,9812,3.011,616
RAW,260.3,9268,9812,3.016,617
RAW,260.3,9276,9809,3.011,616
RAW,260.6,9263,9811,2.996,613
RAW,260.6,9278,9807,3.001,614
RAW,260.6,9270,9808,3.030,620
RAW,260.9,9262,9808,2.991,612
RAW,260.9,9268,9814,2.996,613
RAW,260.9,9263,9807,2.996,613
RAW,261.2,9263,9801,2.996,613
RAW,261.2,9265,9800,2.996,613
RAW,261.2,9257,9800,3.050,624
RAW,261.5,9257,9796,3.001,614
RAW,261.5,9266,9799,3.065,627
RAW,261.5,9263,9801,3.069,628
RAW,261.8,9271,9794,3.069,628
RAW,261.8,9268,9799,3.069,628
RAW,261.8,9260,9794,3.069,628
RAW,262.1,9271,9797,3.050,624
RAW,262.1,9269,9798,3.069,628
RAW,262.1,9269,9797,3.060,626
RAW,262.4,9263,9810,3.079,630
RAW,262.4,9274,9809,3.065,627
RAW,262.4,9267,9803,2.996,613
RAW,262.7,9272,9815,3.065,627
RAW,262.7,9270,9806,3.030,620
RAW,262.7,9268,9814,3.001,614
RAW,263.0,9273,9816,2.996,613
RAW,263.0,9264,9821,3.006,615
RAW,263.0,9271,9819,3.011,616
RAW,263.3,9268,9813,2.991,612
RAW,263.3,9279,9813,3.001,614
RAW,263.3,9271,9817,2.991,612
RAW,263.6,9267,9808,3.030,620
RAW,263.6,9271,9803,3.030,620
RAW,263.6,9269,9810,3.069,628
RAW,263.9,9276,9806,3.045,623
RAW,263.9,9270,9803,3.069,628
RAW,263.9,9283,9799,3.050,624
RAW,264.2,9275,9800,3.040,622
RAW,264.2,9271,9803,3.045,623
RAW,264.2,9274,9806,3.045,623
RAW,264.5,9276,9804,3.040,622
RAW,264.5,9276,9796,3.021,618
RAW,264.5,9271,9792,3.006,615
RAW,264.9,9276,9796,3.030,620
RAW,264.9,9273,9795,3.011,616
RAW,264.9,9276,9799,3.030,620
RAW,265.1,9282,9809,3.001,614
RAW,265.1,9279,9801,3.001,614
RAW,265.1,9281,9800,3.016,617
RAW,265.5,9277,9804,2.977,609
RAW,265.5,9276,9797,2.996,613
RAW,265.5,9277,9800,2.996,613
RAW,265.8,9282,9805,3.021,618
RAW,265.8,9280,9799,3.016,617
RAW,265.8,9281,9795,3.001,614
RAW,266.1,9277,9800,3.016,617
RAW,266.1,9282,9801,3.006,615
RAW,266.1,9289,9802,2.996,613
RAW,266.4,9285,9806,2.996,613
RAW,266.4,9285,9796,2.996,613
RAW,266.4,9285,9804,3.006,615
RAW,266.7,9282,9809,2.991,612
RAW,266.7,9283,9807,2.991,612
RAW,266.7,9286,9806,3.001,614
RAW,267.0,9278,9796,3.011,616
RAW,267.0,9273,9798,2.996,613
RAW,267.0,9282,9807,3.011,616
RAW,267.3,9272,9798,3.016,617
RAW,267.3,9260,9808,3.016,617
RAW,267.3,9276,9801,3.001,614
RAW,267.6,9270,9799,2.996,613
RAW,267.6,9271,9798,2.991,612
RAW,267.6,9267,9794,2.996,613
RAW,267.9,9269,9798,3.001,614
RAW,267.9,9271,9805,2.996,613
RAW,267.9,9269,9795,3.030,620
RAW,268.2,9274,9797,3.011,616
RAW,268.2,9268,9795,3.035,621
RAW,268.2,9265,9796,3.060,626
RAW,268.5,9269,9799,3.045,623
RAW,268.5,9270,9795,3.055,625
RAW,268.5,9266,9796,3.079,630
RAW,268.8,9264,9799,3.050,624
RAW,268.8,9268,9802,3.060,626
RAW,268.8,9268,9802,3.050,624
RAW,269.1,9266,9798,3.055,625
RAW,269.1,9273,9801,3.084,631
RAW,269.1,9268,9802,3.030,620
RAW,269.4,9276,9798,3.040,622
RAW,269.4,9273,9799,3.016,617
RAW,269.4,9269,9812,3.030,620
RAW,269.7,9272,9796,2.996,613
RAW,269.7,9265,9800,3.001,614
RAW,269.7,9270,9799,3.001,614
RAW,270.0,9277,9804,2.996,613
RAW,270.0,9270,9802,2.996,613
RAW,270.0,9271,9800,3.006,615
RAW,270.3,9271,9801,3.021,618
RAW,270.3,9266,9806,3.025,619
RAW,270.3,9275,9801,3.065,627
RAW,270.6,9279,9798,3.021,618
RAW,270.6,9271,9803,3.069,628
RAW,270.6,9269,9804,3.055,625
RAW,270.9,9281,9808,3.035,621
RAW,270.9,9277,9804,3.050,624
RAW,270.9,9276,9800,3.045,623
RAW,271.2,9274,9807,3.055,625
RAW,271.2,9275,9809,3.040,622
RAW,271.2,9280,9811,3.006,615
RAW,271.5,9279,9810,3.021,618
RAW,271.5,9278,9821,3.001,614
RAW,271.5,9274,9814,3.001,614
RAW,271.9,9280,9812,2.996,613
RAW,271.9,9279,9817,3.006,615
RAW,271.9,9275,9811,3.016,617
RAW,272.1,9278,9814,3.006,615
RAW,272.1,9281,9809,3.006,615
RAW,272.1,9278,9816,2.991,612
RAW,272.5,9281,9808,2.996,613
RAW,272.5,9282,9808,3.011,616
RAW,272.5,9283,9810,2.996,613
RAW,272.8,9279,9811,3.021,618
RAW,272.8,9285,9806,3.025,619
RAW,272.8,9280,9811,3.025,619
RAW,273.1,9280,9807,2.996,613
RAW,273.1,9281,9811,3.006,615
RAW,273.1,9284,9810,2.996,613
RAW,273.4,9281,9803,2.996,613
RAW,273.4,9275,9806,2.991,612
RAW,273.4,9276,9806,2.991,612
RAW,273.7,9272,9804,2.962,606
RAW,273.7,9283,9810,2.991,612
RAW,273.7,9276,9806,3.021,618
RAW,274.0,9268,9792,2.986,611
RAW,274.0,9270,9793,3.011,616
RAW,274.0,9273,9791,3.025,619
RAW,274.3,9259,9780,2.996,613
RAW,274.3,9261,9789,3.001,614
RAW,274.3,9262,9785,3.006,615
RAW,274.6,9273,9781,3.025,619
RAW,274.6,9266,9778,3.021,618
RAW,274.6,9253,9782,3.016,617
RAW,274.9,9269,9785,3.030,620
RAW,274.9,9266,9778,3.035,621
RAW,274.9,9264,9781,3.055,625
RAW,275.2,9273,9777,3.030,620
RAW,275.2,9267,9777,3.060,626
RAW,275.2,9266,9784,3.069,628
RAW,275.5,9266,9783,3.050,624
RAW,275.5,9273,9779,3.060,626
RAW,275.5,9272,9780,3.060,626
RAW,275.8,9264,9777,3.069,628
RAW,275.8,9271,9782,3.069,628
RAW,275.8,9265,9785,3.025,619
RAW,276.1,9276,9783,3.074,629
RAW,276.1,9263,9784,3.035,621
RAW,276.1,9271,9774,3.001,614
RAW,276.4,9270,9782,3.001,614
RAW,276.4,9267,9776,2.996,613
RAW,276.4,9273,9774,2.996,613
RAW,276.7,9266,9783,2.996,613
RAW,276.7,9267,9777,3.006,615
RAW,276.7,9273,9781,2.996,613
RAW,277.0,9278,9776,2.991,612
RAW,277.0,9275,9778,3.016,617
RAW,277.0,9275,9780,3.050,624
RAW,277.3,9271,9776,3.001,614
RAW,277.3,9272,9778,3.045,623
RAW,277.3,9276,9785,3.040,622
RAW,277.6,9279,9784,3.040,622
RAW,277.6,9270,9782,3.040,622
RAW,277.6,9270,9780,3.045,623
RAW,277.9,9277,9794,3.069,628
RAW,277.9,9275,9797,3.079,630
RAW,277.9,9273,9793,3.006,615
RAW,278.2,9275,9789,3.016,617
RAW,278.2,9279,9797,3.001,614
RAW,278.5,9278,9791,3.001,614
RAW,278.5,9273,9787,2.996,613
RAW,278.5,9280,9791,2.996,613
RAW,278.9,9282,9795,2.991,612
RAW,278.9,9282,9791,2.996,613
RAW,278.9,9280,9790,2.996,613
RAW,279.1,9284,9790,3.006,615
RAW,279.1,9280,9795,3.006,615
RAW,279.1,9280,9794,2.991,612
RAW,279.5,9279,9789,3.030,620
RAW,279.5,9284,9799,3.025,619
RAW,279.5,9284,9794,3.030,620
RAW,279.8,9282,9787,2.991,612
RAW,279.8,9287,9790,3.001,614
RAW,279.8,9285,9786,3.006,615
RAW,280.1,9281,9786,3.001,614
RAW,280.1,9278,9786,3.001,614
RAW,280.1,9282,9783,2.991,612
RAW,280.4,9277,9785,3.011,616
RAW,280.4,9278,9787,3.001,614
RAW,280.4,9281,9795,2.996,613
RAW,280.7,9277,9784,3.006,615
RAW,280.7,9275,9785,2.991,612
RAW,280.7,9267,9780,2.996,613
RAW,281.0,9268,9778,2.991,612
RAW,281.0,9273,9777,3.016,617
RAW,281.0,9278,9782,3.001,614
RAW,281.3,9270,9771,2.991,612
RAW,281.3,9270,9779,3.016,617
RAW,281.3,9267,9777,3.030,620
RAW,281.6,9263,9776,3.016,617
RAW,281.6,9267,9763,3.021,618
RAW,281.6,9266,9770,3.065,627
RAW,281.9,9264,9769,3.001,614
RAW,281.9,9265,9764,3.045,623
RAW,281.9,9262,9767,3.099,634
RAW,282.2,9272,9769,3.045,623
RAW,282.2,9269,9765,3.060,626
RAW,282.2,9266,9763,3.060,626
RAW,282.5,9269,9778,3.065,627
RAW,282.5,9269,9772,3.065,627
RAW,282.5,9272,9773,3.050,624
RAW,282.8,9280,9781,3.055,625
RAW,282.8,9278,9775,3.055,625
RAW,282.8,9275,9765,3.030,620
RAW,283.1,9270,9788,3.025,619
RAW,283.1,9279,9779,3.006,615
RAW,283.1,9275,9781,2.996,613
RAW,283.4,9283,9791,3.030,620
RAW,283.4,9269,9783,3.025,619
RAW,283.4,9265,9785,3.001,614
RAW,283.7,9275,9786,3.006,615
RAW,283.7,9275,9779,3.025,619
RAW,283.7,9270,9786,3.025,619
RAW,284.0,9281,9795,2.991,612
RAW,284.0,9275,9792,3.030,620
RAW,284.0,9269,9784,3.045,623
RAW,284.3,9283,9797,3.030,620
RAW,284.3,9281,9792,3.050,624
RAW,284.3,9277,9790,3.045,623
RAW,284.6,9279,9796,3.045,623
RAW,284.6,9279,9792,3.045,623
RAW,284.6,9275,9796,3.045,623
RAW,284.9,9279,9792,3.065,627
RAW,284.9,9280,9797,3.011,616
RAW,284.9,9276,9789,3.011,616
RAW,285.2,9283,9800,3.011,616
RAW,285.2,9280,9794,3.006,615
RAW,285.2,9277,9789,3.045,623
RAW,285.5,9279,9804,3.006,615
RAW,285.5,9287,9802,3.001,614
RAW,285.5,9290,9798,3.001,614
RAW,285.9,9281,9796,3.016,617
RAW,285.9,9276,9792,3.016,617
RAW,285.9,9287,9799,3.016,617
RAW,286.1,9278,9797,2.996,613
RAW,286.1,9289,9797,3.006,615
RAW,286.1,9281,9789,3.021,618
RAW,286.5,9278,9804,2.996,613
RAW,286.5,9275,9799,3.001,614
RAW,286.5,9279,9791,2.996,613
RAW,286.8,9282,9795,3.025,619
RAW,286.8,9283,9793,3.006,615
RAW,286.8,9283,9792,2.991,612
RAW,287.1,9281,9791,2.996,613
RAW,287.1,9278,9794,3.001,614
RAW,287.1,9285,9799,3.025,619
RAW,287.4,9269,9786,2.991,612
RAW,287.4,9264,9789,2.996,613
RAW,287.4,9278,9784,2.991,612
RAW,287.7,9269,9777,2.991,612
RAW,287.7,9268,9782,2.996,613
RAW,287.7,9269,9780,3.001,614
RAW,288.0,9268,9786,3.001,614
RAW,288.0,9262,9779,3.001,614
RAW,288.0,9266,9786,3.021,618
RAW,288.3,9271,9794,3.030,620
RAW,288.3,9264,9788,3.006,615
RAW,288.3,9263,9783,3.050,624
RAW,288.6,9270,9782,2.996,613
RAW,288.6,9268,9784,3.045,623
RAW,288.6,9258,9790,3.065,627
RAW,288.9,9268,9778,3.040,622
RAW,288.9,9268,9779,3.055,625
RAW,288.9,9268,9790,3.060,626
RAW,289.2,9273,9782,3.069,628
RAW,289.2,9271,9783,3.060,626
RAW,289.2,9270,9777,3.069,628
RAW,289.5,9267,9783,3.060,626
RAW,289.5,9270,9785,3.065,627
RAW,289.5,9269,9776,3.021,618
RAW,289.8,9278,9784,3.030,620
RAW,289.8,9273,9785,3.001,614
RAW,289.8,9267,9783,3.001,614
RAW,290.1,9275,9790,3.021,618
RAW,290.1,9271,9782,3.030,620
RAW,290.1,9268,9784,2.996,613
RAW,290.4,9271,9786,3.011,616
RAW,290.4,9271,9792,3.021,618
RAW,290.4,9268,9784,3.016,617
RAW,290.7,9276,9795,2.996,613
RAW,290.7,9273,9785,3.030,620
RAW,290.7,9273,9786,3.055,625
RAW,291.0,9275,9793,3.021,618
RAW,291.0,9279,9792,3.040,622
RAW,291.0,9277,9788,3.045,623
RAW,291.3,9280,9786,3.050,624
RAW,291.3,9276,9785,3.069,628
RAW,291.3,9283,9792,3.074,629
RAW,291.6,9276,9791,3.065,627
RAW,291.6,9273,9787,3.035,621
RAW,291.6,9274,9780,3.030,620
RAW,291.9,9281,9794,3.011,616
RAW,291.9,9275,9797,3.006,615
RAW,291.9,9281,9797,2.996,613
RAW,292.2,9279,9795,3.030,620
RAW,292.2,9284,9794,3.006,615
RAW,292.2,9275,9795,2.991,612
RAW,292.5,9284,9785,3.001,614
RAW,292.5,9281,9788,3.001,614
RAW,292.5,9280,9794,2.996,613
RAW,292.9,9277,9787,2.991,612
RAW,292.9,9279,9794,2.991,612
RAW,292.9,9278,9790,2.991,612
RAW,293.1,9287,9794,2.996,613
RAW,293.1,9281,9795,2.996,613
RAW,293.1,9283,9796,3.021,618
RAW,293.5,9286,9796,3.006,615
RAW,293.5,9287,9794,3.011,616
RAW,293.5,9283,9799,3.011,616
RAW,293.8,9278,9799,3.006,615
RAW,293.8,9285,9798,3.016,617
RAW,293.8,9284,9791,3.006,615
RAW,294.1,9280,9794,2.996,613
RAW,294.1,9280,9791,2.977,609
RAW,294.1,9278,9792,2.996,613
RAW,294.4,9271,9795,2.991,612
RAW,294.4,9269,9790,2.996,613
RAW,294.4,9274,9792,2.996,613
RAW,294.7,9270,9794,2.996,613
RAW,294.7,9271,9785,3.006,615
RAW,294.7,9266,9784,3.021,618
RAW,295.0,9266,9782,2.996,613
RAW,295.0,9267,9782,3.016,617
RAW,295.0,9263,9787,3.065,627
RAW,295.3,9271,9789,3.006,615
RAW,295.3,9266,9792,3.040,622
RAW,295.3,9265,9790,3.104,635
RAW,295.6,9270,9784,3.074,629
RAW,295.6,9268,9790,3.069,628
RAW,295.6,9263,9784,3.060,626
RAW,295.9,9267,9793,3.113,637
RAW,295.9,9265,9777,3.079,630
RAW,295.9,9266,9783,3.069,628
RAW,296.2,9274,9788,3.060,626
RAW,296.2,9271,9790,3.050,624
RAW,296.2,9261,9788,3.001,614
RAW,296.5,9270,9785,3.025,619
RAW,296.5,9273,9783,3.006,615
RAW,296.5,9269,9785,3.011,616
RAW,296.8,9267,9777,3.025,619
RAW,296.8,9271,9783,3.001,614
RAW,296.8,9276,9786,3.016,617
RAW,297.1,9277,9776,3.016,617
RAW,297.1,9262,9782,3.030,620
RAW,297.1,9268,9772,3.021,618
RAW,297.4,9275,9783,2.996,613
RAW,297.4,9271,9786,3.030,620
RAW,297.4,9272,9787,3.050,624
RAW,297.7,9276,9784,3.030,620
RAW,297.7,9272,9777,3.050,624
RAW,297.7,9275,9783,3.045,623
RAW,298.0,9271,9779,3.040,622
RAW,298.0,9273,9781,3.050,624
RAW,298.0,9264,9776,3.055,625
RAW,298.3,9277,9790,3.040,622
RAW,298.3,9272,9783,3.016,617
RAW,298.3,9275,9786,3.025,619
RAW,298.6,9286,9789,3.006,615
RAW,298.6,9277,9791,3.001,614
RAW,298.6,9278,9796,2.996,613
RAW,298.9,9278,9782,3.025,619
RAW,298.9,9282,9791,3.021,618
RAW,298.9,9283,9793,3.001,614
RAW,299.2,9277,9780,3.011,616
RAW,299.2,9275,9784,3.016,617
RAW,299.2,9282,9789,3.016,617
RAW,299.5,9281,9781,2.991,612
RAW,299.5,9275,9783,2.991,612
RAW,299.5,9282,9783,3.006,615
RAW,299.9,9282,9791,3.001,614
RAW,299.9,9284,9789,3.006,615
RAW,299.9,9276,9786,3.001,614
RAW,300.1,9285,9785,2.991,612
RAW,300.1,9280,9787,2.996,613
RAW,300.1,9279,9783,2.996,613
RAW,300.5,9282,9791,3.030,620
RAW,300.5,9285,9792,3.030,620
RAW,300.5,9278,9790,2.991,612
RAW,300.8,9279,9785,2.996,613
RAW,300.8,9280,9785,2.991,612
RAW,300.8,9283,9789,2.981,610
RAW,301.1,9271,9782,2.996,613
RAW,301.1,9282,9783,2.996,613
RAW,301.1,9278,9783,2.991,612
RAW,301.4,9271,9776,3.001,614
RAW,301.4,9272,9781,3.021,618
RAW,301.4,9275,9787,3.001,614
RAW,301.7,9264,9778,2.991,612
RAW,301.7,9264,9774,3.065,627
RAW,301.7,9262,9779,3.069,628
RAW,302.0,9263,9767,2.977,609
RAW,302.0,9261,9770,3.045,623
RAW,302.0,9263,9773,3.050,624
RAW,302.3,9259,9774,3.050,624
RAW,302.3,9258,9775,3.069,628
RAW,302.3,9262,9779,3.079,630
RAW,302.6,9266,9778,3.065,627
RAW,302.6,9265,9781,3.074,629
RAW,302.6,9267,9768,3.069,628
RAW,302.9,9269,9783,3.055,625
RAW,302.9,9260,9784,3.040,622
RAW,302.9,9274,9780,3.006,615
RAW,303.2,9275,9782,3.030,620
RAW,303.2,9271,9777,3.011,616
RAW,303.2,9264,9775,3.001,614
RAW,303.5,9272,9775,3.025,619
RAW,303.5,9273,9784,3.030,620
RAW,303.5,9267,9771,3.006,615
RAW,303.8,9272,9775,2.991,612
RAW,303.8,9275,9784,3.025,619
RAW,303.8,9270,9782,3.025,619
RAW,304.1,9275,9778,2.996,613
RAW,304.1,9267,9779,3.030,620
RAW,304.1,9272,9771,3.050,624
RAW,304.4,9273,9782,3.055,625
RAW,304.4,9276,9780,3.050,624
RAW,304.4,9276,9778,3.040,622
RAW,304.7,9276,9782,3.060,626
RAW,304.7,9270,9782,3.074,629
RAW,304.7,9277,9779,3.040,622
RAW,305.0,9282,9793,3.050,624
RAW,305.0,9288,9790,2.991,612
RAW,305.0,9280,9789,3.025,619
RAW,305.3,9291,9789,3.006,615
RAW,305.3,9288,9790,2.996,613
RAW,305.3,9286,9790,3.001,614
RAW,305.6,9283,9780,3.016,617
RAW,305.6,9291,9785,3.016,617
RAW,305.6,9292,9780,3.016,617
RAW,305.9,9282,9785,3.025,619
RAW,305.9,9284,9781,3.016,617
RAW,305.9,9287,9787,3.025,619
RAW,306.2,9292,9776,2.991,612
RAW,306.2,9289,9786,2.991,612
RAW,306.2,9289,9784,2.996,613
RAW,306.5,9295,9791,2.996,613
RAW,306.5,9293,9791,2.991,612
RAW,306.5,9286,9788,3.001,614
RAW,306.9,9288,9793,2.991,612
RAW,306.9,9288,9792,3.006,615
RAW,306.9,9291,9791,3.011,616
RAW,307.1,9288,9785,3.016,617
RAW,307.1,9283,9782,3.021,618
RAW,307.1,9288,9784,3.016,617
RAW,307.5,9285,9775,2.991,612
RAW,307.5,9283,9776,2.996,613
RAW,307.5,9287,9782,2.996,613
RAW,307.8,9275,9776,3.030,620
RAW,307.8,9282,9776,3.006,615
RAW,307.8,9276,9776,3.001,614
RAW,308.1,9272,9777,3.021,618
RAW,308.1,9275,9770,3.011,616
RAW,308.1,9275,9769,2.996,613
RAW,308.4,9271,9770,2.996,613
RAW,308.4,9270,9766,3.001,614
RAW,308.4,9262,9769,3.035,621
RAW,308.7,9273,9771,2.991,612
RAW,308.7,9266,9767,3.045,623
RAW,308.7,9268,9763,3.045,623
RAW,309.0,9271,9772,3.069,628
RAW,309.0,9270,9765,3.055,625
RAW,309.0,9271,9769,3.079,630
RAW,309.3,9273,9775,3.084,631
RAW,309.3,9268,9766,3.074,629
RAW,309.3,9264,9762,3.074,629
RAW,309.6,9278,9772,3.055,625
RAW,309.6,9271,9776,3.065,627
RAW,309.6,9269,9770,2.996,613
RAW,309.9,9277,9770,3.050,624
RAW,309.9,9283,9768,3.006,615
RAW,309.9,9275,9771,2.996,613
RAW,310.2,9274,9773,2.996,613
RAW,310.2,9269,9764,3.011,616
RAW,310.2,9274,9772,3.011,616
RAW,310.5,9274,9776,3.001,614
RAW,310.5,9278,9771,3.001,614
RAW,310.5,9274,9771,3.006,615
RAW,310.8,9279,9775,2.991,612
RAW,310.8,9274,9782,3.011,616
RAW,310.8,9270,9763,3.045,623
RAW,311.1,9283,9776,3.040,622
RAW,311.1,9279,9780,3.055,625
RAW,311.1,9280,9770,3.069,628
RAW,311.4,9285,9774,3.045,623
RAW,311.4,9280,9780,3.060,626
RAW,311.4,9279,9778,3.084,631
RAW,311.7,9272,9774,3.035,621
RAW,311.7,9278,9774,3.045,623
RAW,311.7,9278,9780,2.933,600
RAW,312.0,9284,9766,3.025,619
RAW,312.0,9285,9772,2.996,613
RAW,312.0,9283,9776,3.006,615
RAW,312.3,9289,9771,3.025,619
RAW,312.3,9286,9768,2.996,613
RAW,312.3,9285,9774,3.025,619
RAW,312.6,9286,9770,3.040,622
RAW,312.6,9280,9780,3.021,618
RAW,312.6,9286,9767,3.006,615
RAW,312.9,9289,9774,2.996,613
RAW,312.9,9284,9771,3.001,614
RAW,312.9,9291,9774,3.050,624
RAW,313.2,9290,9776,2.991,612
RAW,313.2,9287,9776,3.006,615
RAW,313.2,9293,9781,2.991,612
RAW,313.5,9296,9782,3.016,617
RAW,313.5,9289,9778,2.991,612
RAW,313.5,9290,9775,2.996,613
RAW,313.8,9294,9778,2.996,613
RAW,313.8,9293,9782,2.991,612
RAW,313.8,9293,9777,3.016,617
RAW,314.1,9300,9782,2.991,612
RAW,314.1,9296,9779,3.006,615
RAW,314.1,9295,9785,3.001,614
RAW,314.5,9293,9774,3.016,617
RAW,314.5,9293,9777,3.030,620
RAW,314.5,9289,9778,3.021,618
RAW,314.8,9288,9773,3.001,614
RAW,314.8,9291,9781,2.996,613
RAW,314.8,9290,9780,3.011,616
RAW,315.1,9288,9765,2.991,612
RAW,315.1,9287,9771,2.996,613
RAW,315.1,9285,9768,2.991,612
RAW,315.4,9286,9774,2.996,613
RAW,315.4,9280,9765,3.021,618
RAW,315.4,9285,9770,3.050,624
RAW,315.7,9282,9769,3.025,619
RAW,315.7,9282,9774,3.045,623
RAW,315.7,9283,9778,3.069,628
RAW,316.0,9284,9771,3.065,627
RAW,316.0,9285,9769,3.079,630
RAW,316.0,9283,9776,3.079,630
RAW,316.3,9285,9769,3.055,625
RAW,316.3,9288,9774,3.060,626
RAW,316.3,9284,9771,3.035,621
RAW,316.6,9279,9777,3.079,630
RAW,316.6,9291,9769,3.045,623
RAW,316.6,9286,9770,3.006,615
RAW,316.9,9289,9771,3.025,619
RAW,316.9,9289,9771,3.030,620
RAW,316.9,9287,9771,3.016,617
RAW,317.2,9285,9778,2.996,613
RAW,317.2,9291,9770,2.991,612
RAW,317.2,9292,9772,3.001,614
RAW,317.5,9289,9769,3.001,614
RAW,317.5,9294,9767,3.001,614
RAW,317.5,9288,9779,3.035,621
RAW,317.8,9288,9778,3.001,614
RAW,317.8,9281,9771,3.030,620
RAW,317.8,9286,9773,3.045,623
RAW,318.1,9289,9775,3.060,626
RAW,318.1,9293,9782,3.060,626
RAW,318.1,9294,9772,3.040,622
RAW,318.4,9292,9777,3.045,623
RAW,318.4,9291,9776,3.040,622
RAW,318.4,9292,9771,3.001,614
RAW,318.7,9287,9780,3.016,617
RAW,318.7,9287,9772,3.006,615
RAW,319.0,9290,9773,2.996,613
RAW,319.0,9297,9774,2.996,613
RAW,319.0,9294,9773,3.016,617
RAW,319.3,9296,9779,3.001,614
RAW,319.3,9291,9776,3.006,615
RAW,319.3,9295,9775,3.021,618
RAW,319.6,9294,9773,3.001,614
RAW,319.6,9292,9777,2.996,613
RAW,319.6,9295,9774,2.991,612
RAW,319.9,9289,9769,3.016,617
RAW,319.9,9294,9770,2.996,613
RAW,319.9,9293,9780,3.001,614
RAW,320.2,9293,9777,3.016,617
RAW,320.2,9292,9778,3.030,620
RAW,320.2,9291,9779,3.016,617
RAW,320.5,9301,9777,2.996,613
RAW,320.5,9293,9780,2.991,612
RAW,320.5,9293,9778,3.001,614
RAW,320.8,9296,9781,3.001,614
RAW,320.8,9294,9784,2.996,613
RAW,320.8,9291,9779,2.996,613
RAW,321.1,9294,9771,2.991,612
RAW,321.1,9289,9772,3.016,617
RAW,321.1,9302,9770,2.996,613
RAW,321.5,9289,9767,3.016,617
RAW,321.5,9290,9773,3.011,616
RAW,321.5,9290,9776,3.016,617
RAW,321.8,9288,9773,2.996,613
RAW,321.8,9292,9772,3.011,616
RAW,321.8,9287,9768,3.006,615
RAW,322.1,9284,9767,3.011,616
RAW,322.1,9289,9764,3.006,615
RAW,322.1,9294,9768,3.035,621
RAW,322.4,9281,9761,3.016,617
RAW,322.4,9293,9763,3.050,624
RAW,322.4,9285,9765,3.050,624
RAW,322.7,9286,9765,3.050,624
RAW,322.7,9285,9761,3.060,626
RAW,322.7,9279,9764,3.065,627
RAW,323.0,9279,9770,3.050,624
RAW,323.0,9283,9765,3.055,625
RAW,323.0,9287,9767,3.065,627
RAW,323.3,9286,9760,3.060,626
RAW,323.3,9284,9768,3.089,632
RAW,323.3,9286,9765,3.021,618
RAW,323.6,9282,9760,3.079,630
RAW,323.6,9284,9765,2.996,613
RAW,323.6,9279,9758,3.021,618
RAW,323.9,9276,9756,3.006,615
RAW,323.9,9281,9759,2.996,613
RAW,323.9,9277,9761,3.001,614
RAW,324.2,9277,9753,2.991,612
RAW,324.2,9278,9759,2.996,613
RAW,324.2,9278,9752,2.991,612
RAW,324.5,9278,9762,3.021,618
RAW,324.5,9276,9757,3.030,620
RAW,324.5,9285,9755,3.040,622
RAW,324.8,9281,9751,3.025,619
RAW,324.8,9281,9765,3.045,623
RAW,324.8,9284,9752,3.069,628
RAW,325.1,9279,9757,3.030,620
RAW,325.1,9284,9756,3.045,623
RAW,325.1,9277,9756,3.045,623
RAW,325.4,9280,9757,3.065,627
RAW,325.4,9284,9749,3.030,620
RAW,325.4,9275,9759,3.006,615
RAW,325.7,9282,9754,3.035,621
RAW,325.7,9283,9753,3.016,617
RAW,325.7,9281,9751,3.001,614
RAW,326.0,9276,9759,2.991,612
RAW,326.0,9277,9753,2.996,613
RAW,326.0,9272,9759,3.006,615
RAW,326.3,9279,9751,2.996,613
RAW,326.3,9273,9748,3.001,614
RAW,326.3,9280,9757,2.996,613
RAW,326.6,9276,9752,3.006,615
RAW,326.6,9280,9760,3.021,618
RAW,326.6,9279,9752,3.094,633
RAW,326.9,9280,9755,3.011,616
RAW,326.9,9291,9756,2.996,613
RAW,326.9,9285,9754,3.021,618
RAW,327.2,9288,9757,2.972,608
RAW,327.2,9289,9751,2.981,610
RAW,327.2,9287,9758,2.996,613
RAW,327.5,9291,9762,2.986,611
RAW,327.5,9291,9754,3.001,614
RAW,327.5,9287,9756,2.996,613
RAW,327.8,9286,9758,2.996,613
RAW,327.8,9282,9753,3.006,615
RAW,327.8,9289,9759,2.991,612
RAW,328.1,9273,9753,3.006,615
RAW,328.1,9279,9758,3.001,614
RAW,328.1,9277,9758,3.011,616
RAW,328.5,9277,9746,3.001,614
RAW,328.5,9270,9748,2.991,612
RAW,328.5,9278,9744,3.001,614
RAW,328.8,9275,9740,3.025,619
RAW,328.8,9272,9745,3.025,619
RAW,328.8,9274,9739,3.030,620
RAW,329.1,9278,9746,3.006,615
RAW,329.1,9265,9745,3.030,620
RAW,329.1,9261,9742,3.069,628
RAW,329.4,9272,9752,3.030,620
RAW,329.4,9272,9742,3.045,623
RAW,329.4,9265,9739,3.055,625
RAW,329.7,9271,9743,3.050,624
RAW,329.7,9271,9742,3.065,627
RAW,329.7,9271,9744,3.050,624
RAW,330.0,9270,9743,3.050,624
RAW,330.0,9270,9743,3.074,629
RAW,330.0,9269,9743,3.030,620
RAW,330.3,9276,9744,3.069,628
RAW,330.3,9273,9742,3.030,620
RAW,330.3,9274,9738,3.030,620
RAW,330.6,9269,9742,3.006,615
RAW,330.6,9283,9743,3.011,616
RAW,330.6,9273,9746,2.996,613
RAW,330.9,9275,9747,3.030,620
RAW,330.9,9280,9747,3.001,614
RAW,330.9,9278,9743,2.996,613
RAW,331.2,9284,9751,3.011,616
RAW,331.2,9282,9749,3.006,615
RAW,331.2,9288,9743,3.035,621
RAW,331.5,9288,9754,3.001,614
RAW,331.5,9288,9747,3.045,623
RAW,331.5,9284,9755,3.055,625
RAW,331.8,9294,9758,3.035,621
RAW,331.8,9291,9750,3.045,623
RAW,331.8,9292,9746,3.050,624
RAW,332.1,9284,9742,3.045,623
RAW,332.1,9290,9748,3.065,627
RAW,332.1,9286,9752,3.030,620
RAW,332.4,9284,9749,3.025,619
RAW,332.4,9290,9749,3.011,616
RAW,332.7,9291,9757,3.001,614
RAW,332.7,9286,9747,3.016,617
RAW,332.7,9286,9753,3.001,614
RAW,333.0,9288,9751,3.011,616
RAW,333.0,9294,9748,2.996,613
RAW,333.0,9290,9752,2.996,613
RAW,333.3,9292,9746,3.001,614
RAW,333.3,9290,9753,3.016,617
RAW,333.3,9288,9758,3.016,617
RAW,333.6,9288,9751,3.011,616
RAW,333.6,9289,9746,3.011,616
RAW,333.6,9291,9751,3.016,617
RAW,333.9,9287,9754,2.991,612
RAW,333.9,9282,9746,2.996,613
RAW,333.9,9289,9750,2.996,613
RAW,334.2,9291,9755,3.011,616
RAW,334.2,9291,9747,3.021,618
RAW,334.2,9290,9752,3.001,614
RAW,334.5,9284,9748,3.016,617
RAW,334.5,9293,9745,2.996,613
RAW,334.5,9291,9755,2.996,613
RAW,334.8,9280,9738,2.996,613
RAW,334.8,9277,9740,3.001,614
RAW,334.8,9288,9749,2.996,613
RAW,335.1,9273,9741,2.991,612
RAW,335.1,9276,9735,2.996,613
RAW,335.1,9283,9746,3.025,619
RAW,335.4,9274,9732,3.021,618
RAW,335.4,9274,9733,3.006,615
RAW,335.4,9274,9737,3.030,620
RAW,335.8,9269,9736,2.996,613
RAW,335.8,9273,9734,3.035,621
RAW,335.8,9268,9735,3.040,622
RAW,336.0,9272,9738,2.991,612
RAW,336.0,9272,9734,3.040,622
RAW,336.0,9275,9744,3.060,626
RAW,336.4,9268,9737,3.045,623
RAW,336.4,9271,9737,3.050,624
RAW,336.4,9272,9738,2.991,612
RAW,336.7,9282,9743,3.055,625
RAW,336.7,9282,9743,3.055,625
RAW,336.7,9277,9734,3.069,628
RAW,337.0,9278,9738,3.060,626
RAW,337.0,9280,9738,3.060,626
RAW,337.0,9276,9739,3.011,616
RAW,337.3,9279,9741,3.060,626
RAW,337.3,9278,9740,2.996,613
RAW,337.3,9278,9733,3.001,614
RAW,337.6,9274,9737,3.030,620
RAW,337.6,9278,9737,3.016,617
RAW,337.6,9279,9734,3.016,617
RAW,337.9,9283,9742,3.011,616
RAW,337.9,9278,9739,3.030,620
RAW,337.9,9278,9744,3.011,616
RAW,338.2,9279,9738,2.991,612
RAW,338.2,9277,9737,3.016,617
RAW,338.2,9281,9737,3.035,621
RAW,338.5,9277,9731,2.996,613
RAW,338.5,9282,9739,3.045,623
RAW,338.5,9278,9732,3.045,623
RAW,338.8,9288,9742,3.050,624
RAW,338.8,9279,9741,3.045,623
RAW,338.8,9278,9740,3.045,623
RAW,339.1,9282,9737,3.060,626
RAW,339.1,9278,9728,3.055,625
RAW,339.1,9276,9731,3.025,619
RAW,339.4,9281,9736,3.030,620
RAW,339.4,9276,9742,3.011,616
RAW,339.4,9280,9734,2.996,613
RAW,339.7,9280,9743,3.006,615
RAW,339.7,9277,9741,3.001,614
RAW,339.7,9282,9738,3.006,615
RAW,340.0,9278,9749,3.016,617
RAW,340.0,9279,9740,3.006,615
RAW,340.0,9283,9733,3.021,618
RAW,340.3,9275,9736,2.996,613
RAW,340.3,9283,9737,2.996,613
RAW,340.3,9275,9738,3.030,620
RAW,340.6,9281,9731,2.947,603
RAW,340.6,9279,9743,2.996,613
RAW,340.6,9279,9737,3.006,615
RAW,340.9,9276,9732,3.011,616
RAW,340.9,9278,9729,3.021,618
RAW,340.9,9278,9739,3.030,620
RAW,341.2,9272,9732,2.991,612
RAW,341.2,9273,9728,2.996,613
RAW,341.2,9274,9738,3.025,619
RAW,341.5,9266,9727,2.991,612
RAW,341.5,9271,9729,2.991,612
RAW,341.5,9268,9726,2.996,613
RAW,341.8,9264,9724,2.991,612
RAW,341.8,9260,9731,2.996,613
RAW,341.8,9259,9723,3.006,615
RAW,342.1,9260,9724,2.991,612
RAW,342.1,9256,9716,3.021,618
RAW,342.1,9258,9717,3.001,614
RAW,342.4,9254,9723,3.011,616
RAW,342.4,9257,9725,3.030,620
RAW,342.4,9254,9721,3.030,620
RAW,342.8,9252,9723,2.991,612
RAW,342.8,9248,9716,3.021,618
RAW,342.8,9251,9714,3.050,624
RAW,343.0,9251,9722,3.050,624
RAW,343.0,9257,9721,3.055,625
RAW,343.0,9254,9715,3.050,624
RAW,343.4,9259,9718,3.074,629
RAW,343.4,9259,9720,3.060,626
RAW,343.4,9260,9720,3.065,627
RAW,343.7,9256,9721,3.040,622
RAW,343.7,9251,9717,3.055,625
RAW,343.7,9255,9712,3.035,621
RAW,344.0,9260,9717,3.045,623
RAW,344.0,9261,9720,3.016,617
RAW,344.0,9255,9708,3.025,619
RAW,344.3,9249,9711,3.006,615
RAW,344.3,9256,9715,2.996,613
RAW,344.3,9261,9717,3.025,619
RAW,344.6,9250,9726,3.006,615
RAW,344.6,9262,9725,3.021,618
RAW,344.6,9251,9721,3.016,617
RAW,344.9,9254,9714,2.991,612
RAW,344.9,9252,9724,3.006,615
RAW,344.9,9258,9715,3.030,620
RAW,345.2,9261,9721,2.991,612
RAW,345.2,9257,9721,3.035,621
RAW,345.2,9252,9711,3.040,622
RAW,345.5,9256,9719,3.045,623
RAW,345.5,9263,9716,3.045,623
RAW,345.5,9252,9717,3.050,624
RAW,345.8,9263,9722,3.045,623
RAW,345.8,9252,9721,3.050,624
RAW,345.8,9257,9717,3.035,621
RAW,346.1,9262,9717,3.006,615
RAW,346.1,9259,9713,2.996,613
RAW,346.4,9256,9713,3.021,618
RAW,346.4,9252,9712,3.016,617
RAW,346.4,9258,9711,2.996,613
RAW,346.7,9260,9707,3.011,616
RAW,346.7,9262,9709,3.011,616
RAW,346.7,9259,9717,3.021,618
RAW,347.0,9262,9716,2.991,612
RAW,347.0,9268,9708,3.006,615
RAW,347.0,9261,9716,2.996,613
RAW,347.3,9256,9712,3.001,614
RAW,347.3,9255,9713,2.991,612
RAW,347.3,9265,9716,3.006,615
RAW,347.6,9262,9716,3.006,615
RAW,347.6,9266,9710,3.025,619
RAW,347.6,9261,9717,2.962,606
RAW,347.9,9260,9721,3.079,630
RAW,347.9,9260,9717,3.011,616
RAW,347.9,9266,9711,3.011,616
RAW,348.2,9260,9707,3.001,614
RAW,348.2,9252,9706,3.001,614
RAW,348.2,9257,9718,2.991,612
RAW,348.5,9248,9710,2.996,613
RAW,348.5,9248,9710,3.001,614
RAW,348.5,9248,9711,2.996,613
RAW,348.8,9249,9706,3.016,617
RAW,348.8,9250,9709,3.001,614
RAW,348.8,9250,9703,2.991,612
RAW,349.1,9243,9704,2.996,613
RAW,349.1,9247,9707,3.006,615
RAW,349.1,9246,9707,3.030,620
RAW,349.4,9249,9707,2.991,612
RAW,349.4,9244,9701,3.006,615
RAW,349.4,9245,9710,3.045,623
RAW,349.7,9245,9699,3.016,617
RAW,349.7,9249,9705,3.060,626
RAW,349.7,9244,9705,3.069,628
RAW,350.0,9247,9698,3.050,624
RAW,350.0,9244,9694,3.069,628
RAW,350.0,9240,9706,3.079,630
RAW,350.4,9248,9700,3.050,624
RAW,350.4,9250,9697,3.065,627
RAW,350.4,9247,9699,3.065,627
RAW,350.7,9248,9711,3.050,624
RAW,350.7,9255,9702,3.060,626
RAW,350.7,9253,9710,3.001,614
RAW,351.0,9253,9703,3.035,621
RAW,351.0,9257,9699,3.025,619
RAW,351.0,9253,9701,3.030,620
RAW,351.3,9249,9707,3.006,615
RAW,351.3,9255,9709,3.030,620
RAW,351.3,9249,9706,3.001,614
RAW,351.6,9252,9706,2.996,613
RAW,351.6,9256,9708,3.006,615
RAW,351.6,9253,9712,2.996,613
RAW,351.9,9256,9711,3.006,615
RAW,351.9,9262,9709,3.030,620
RAW,351.9,9255,9701,3.050,624
RAW,352.2,9256,9708,3.035,621
RAW,352.2,9254,9715,3.065,627
RAW,352.2,9245,9709,3.050,624
RAW,352.5,9258,9705,3.040,622
RAW,352.5,9254,9707,3.045,623
RAW,352.5,9257,9705,3.040,622
RAW,352.8,9258,9711,3.045,623
RAW,352.8,9255,9714,3.035,621
RAW,352.8,9263,9713,3.025,619
RAW,353.1,9260,9703,3.016,617
RAW,353.1,9262,9710,3.025,619
RAW,353.1,9261,9711,3.030,620
RAW,353.4,9255,9708,3.040,622
RAW,353.4,9257,9704,2.996,613
RAW,353.4,9258,9705,3.011,616
RAW,353.7,9258,9705,2.996,613
RAW,353.7,9260,9710,2.991,612
RAW,353.7,9254,9700,3.001,614
RAW,354.0,9259,9710,2.996,613
RAW,354.0,9256,9706,3.001,614
RAW,354.0,9264,9703,2.996,613
RAW,354.3,9255,9708,3.021,618
RAW,354.3,9254,9711,2.996,613
RAW,354.3,9262,9707,2.991,612
RAW,354.6,9252,9702,2.991,612
RAW,354.6,9253,9705,2.991,612
RAW,354.6,9259,9705,3.030,620
RAW,354.9,9262,9700,2.991,612
RAW,354.9,9262,9703,3.011,616
RAW,354.9,9259,9705,2.996,613
RAW,355.2,9253,9699,3.030,620
RAW,355.2,9255,9707,3.006,615
RAW,355.2,9252,9703,2.986,611
RAW,355.5,9248,9688,3.011,616
RAW,355.5,9257,9701,3.025,619
RAW,355.5,9253,9698,3.011,616
RAW,355.8,9244,9696,2.996,613
RAW,355.8,9245,9697,3.016,617
RAW,355.8,9242,9696,3.001,614
RAW,356.1,9248,9692,2.996,613
RAW,356.1,9246,9699,3.001,614
RAW,356.1,9247,9691,3.030,620
RAW,356.4,9248,9689,2.996,613
RAW,356.4,9246,9688,3.035,621
RAW,356.4,9245,9691,3.055,625
RAW,356.7,9246,9690,3.069,628
RAW,356.7,9249,9691,3.069,628
RAW,356.7,9242,9691,3.055,625
RAW,357.0,9253,9701,3.050,624
RAW,357.0,9253,9690,3.055,625
RAW,357.0,9247,9698,3.050,624
RAW,357.4,9251,9694,3.055,625
RAW,357.4,9251,9701,3.050,624
RAW,357.4,9255,9696,3.016,617
RAW,357.7,9262,9697,3.065,627
RAW,357.7,9253,9695,3.011,616
RAW,357.7,9256,9700,3.099,634
RAW,358.0,9255,9702,3.001,614
RAW,358.0,9258,9699,2.991,612
RAW,358.0,9252,9700,3.016,617
RAW,358.3,9254,9699,3.006,615
RAW,358.3,9250,9694,3.011,616
RAW,358.3,9259,9696,3.006,615
RAW,358.6,9256,9696,3.016,617
RAW,358.6,9260,9697,3.030,620
RAW,358.6,9254,9700,3.060,626
RAW,358.9,9264,9695,3.001,614
RAW,358.9,9258,9698,3.050,624
RAW,358.9,9262,9701,3.050,624
RAW,359.2,9263,9696,3.035,621
RAW,359.2,9260,9702,3.045,623
RAW,359.2,9261,9703,3.045,623
RAW,359.5,9260,9704,3.050,624
RAW,359.5,9266,9703,3.050,624
RAW,359.5,9259,9698,3.006,615
RAW,359.8,9257,9705,3.011,616
RAW,359.8,9267,9706,3.001,614
RAW,360.1,9266,9702,3.006,615
RAW,360.1,9262,9705,3.016,617
RAW,360.1,9260,9699,3.011,616
RAW,360.4,9264,9703,3.006,615
RAW,360.4,9257,9704,3.001,614
RAW,360.4,9258,9703,3.001,614
RAW,360.7,9269,9699,3.016,617
RAW,360.7,9263,9704,3.001,614
RAW,360.7,9264,9707,2.996,613
RAW,361.0,9267,9701,3.025,619
RAW,361.0,9262,9711,3.016,617
RAW,361.0,9266,9703,3.021,618
RAW,361.3,9264,9699,2.991,612
RAW,361.3,9262,9705,2.996,613
RAW,361.3,9268,9706,2.991,612
RAW,361.6,9262,9697,2.996,613
RAW,361.6,9264,9699,2.991,612
RAW,361.6,9268,9698,2.991,612
RAW,361.9,9261,9698,2.991,612
RAW,361.9,9263,9701,2.991,612
RAW,361.9,9258,9712,3.016,617
RAW,362.2,9244,9697,3.016,617
RAW,362.2,9255,9702,3.001,614
RAW,362.2,9257,9696,3.025,619
RAW,362.5,9259,9694,2.996,613
RAW,362.5,9256,9700,2.991,612
RAW,362.5,9253,9697,2.996,613
RAW,362.8,9253,9696,2.991,612
RAW,362.8,9253,9702,2.967,607
RAW,362.8,9256,9698,2.996,613
RAW,363.1,9263,9693,3.006,615
RAW,363.1,9260,9699,3.006,615
RAW,363.1,9253,9692,3.035,621
RAW,363.4,9257,9704,3.001,614
RAW,363.4,9257,9697,3.074,629
RAW,363.4,9258,9696,3.084,631
RAW,363.7,9260,9695,3.055,625
RAW,363.7,9254,9698,3.060,626
RAW,363.7,9254,9701,3.055,625
RAW,364.0,9257,9707,3.069,628
RAW,364.0,9259,9694,3.074,629
RAW,364.0,9255,9702,3.055,625
RAW,364.4,9258,9698,3.055,625
RAW,364.4,9268,9704,3.069,628
RAW,364.4,9256,9699,3.006,615
RAW,364.6,9265,9699,3.030,620
RAW,364.6,9268,9705,2.996,613
RAW,364.6,9258,9711,3.001,614
RAW,365.0,9262,9706,3.001,614
RAW,365.0,9264,9701,3.001,614
RAW,365.0,9265,9703,3.001,614
RAW,365.3,9261,9702,3.011,616
RAW,365.3,9267,9701,3.030,620
RAW,365.3,9258,9702,3.030,620
RAW,365.6,9272,9711,3.030,620
RAW,365.6,9270,9708,3.045,623
RAW,365.6,9267,9708,3.055,625
RAW,365.9,9269,9714,3.021,618
RAW,365.9,9275,9698,3.045,623
RAW,365.9,9269,9710,3.030,620
RAW,366.2,9272,9708,3.050,624
RAW,366.2,9273,9706,3.045,623
RAW,366.2,9274,9713,3.040,622
RAW,366.5,9273,9703,3.035,621
RAW,366.5,9273,9704,3.030,620
RAW,366.5,9269,9709,3.006,615
RAW,366.8,9272,9698,3.011,616
RAW,366.8,9270,9709,3.006,615
RAW,366.8,9274,9705,3.030,620
RAW,367.1,9275,9708,2.991,612
RAW,367.1,9276,9702,2.991,612
RAW,367.1,9274,9704,2.996,613
RAW,367.4,9270,9710,3.021,618
RAW,367.4,9279,9708,3.016,617
RAW,367.4,9280,9716,3.025,619
RAW,367.7,9281,9708,3.016,617
RAW,367.7,9275,9705,2.991,612
RAW,367.7,9273,9709,3.001,614
RAW,368.0,9279,9708,3.006,615
RAW,368.0,9278,9709,2.991,612
RAW,368.0,9280,9709,2.996,613
RAW,368.3,9285,9711,2.991,612
RAW,368.3,9280,9720,2.991,612
RAW,368.3,9281,9700,2.991,612
RAW,368.6,9277,9705,3.016,617
RAW,368.6,9282,9705,3.021,618
RAW,368.6,9283,9709,2.996,613
RAW,368.9,9275,9703,3.016,617
RAW,368.9,9269,9701,3.021,618
RAW,368.9,9276,9707,3.030,620
RAW,369.2,9273,9700,3.006,615
RAW,369.2,9276,9697,2.996,613
RAW,369.2,9267,9703,3.006,615
RAW,369.5,9267,9698,3.001,614
RAW,369.5,9265,9692,2.996,613
RAW,369.5,9267,9696,2.996,613
RAW,369.8,9262,9693,2.996,613
RAW,369.8,9264,9693,3.006,615
RAW,369.8,9257,9695,3.030,620
RAW,370.1,9256,9694,2.991,612
RAW,370.1,9261,9690,3.050,624
RAW,370.1,9264,9689,3.055,625
RAW,370.4,9261,9694,3.050,624
RAW,370.4,9257,9695,3.060,626
RAW,370.4,9259,9695,3.055,625
RAW,370.7,9265,9696,3.060,626
RAW,370.7,9265,9701,3.069,628
RAW,370.7,9262,9696,3.094,633
RAW,371.0,9265,9698,3.074,629
RAW,371.0,9266,9687,3.084,631
RAW,371.0,9261,9699,3.030,620
RAW,371.4,9266,9693,3.050,624
RAW,371.4,9262,9694,3.006,615
RAW,371.4,9264,9699,3.011,616
RAW,371.6,9263,9695,2.991,612
RAW,371.6,9264,9694,2.991,612
RAW,371.6,9268,9693,3.001,614
RAW,372.0,9267,9693,3.006,615
RAW,372.0,9268,9691,3.001,614
RAW,372.0,9265,9691,3.001,614
RAW,372.3,9268,9695,3.006,615
RAW,372.3,9270,9694,3.030,620
RAW,372.3,9276,9697,3.065,627
RAW,372.6,9272,9698,3.021,618
RAW,372.6,9267,9704,3.030,620
RAW,372.6,9267,9687,3.040,622
RAW,372.9,9271,9704,3.069,628
RAW,372.9,9271,9696,3.069,628
RAW,372.9,9271,9699,3.050,624
RAW,373.2,9267,9696,3.060,626
RAW,373.2,9269,9694,3.050,624
RAW,373.2,9273,9698,3.021,618
RAW,373.5,9272,9690,3.006,615
RAW,373.5,9270,9697,2.996,613
RAW,373.5,9263,9695,3.001,614
RAW,373.8,9270,9693,2.991,612
RAW,373.8,9264,9685,3.006,615
RAW,373.8,9264,9691,3.006,615
RAW,374.1,9270,9687,3.006,615
RAW,374.1,9273,9689,2.996,613
RAW,374.1,9273,9690,3.006,615
RAW,374.4,9276,9686,3.025,619
RAW,374.4,9266,9685,3.006,615
RAW,374.4,9263,9690,3.021,618
RAW,374.7,9273,9691,2.991,612
RAW,374.7,9271,9688,2.996,613
RAW,374.7,9276,9688,3.006,615
RAW,375.0,9269,9697,3.001,614
RAW,375.0,9274,9687,3.001,614
RAW,375.0,9270,9692,2.991,612
RAW,375.3,9279,9692,2.952,604
RAW,375.3,9277,9696,3.011,616
RAW,375.3,9275,9692,3.025,619
RAW,375.6,9276,9693,2.962,606
RAW,375.6,9277,9690,3.006,615
RAW,375.6,9277,9697,3.021,618
RAW,375.9,9279,9690,2.991,612
RAW,375.9,9282,9689,2.991,612
RAW,375.9,9280,9698,2.996,613
RAW,376.2,9272,9686,3.011,616
RAW,376.2,9267,9687,3.016,617
RAW,376.2,9271,9692,3.035,621
RAW,376.5,9266,9677,3.025,619
RAW,376.5,9265,9682,3.025,619
RAW,376.5,9263,9684,3.045,623
RAW,376.8,9262,9678,2.991,612
RAW,376.8,9263,9679,3.030,620
RAW,376.8,9261,9679,3.050,624
RAW,377.1,9264,9685,3.045,623
RAW,377.1,9263,9679,3.050,624
RAW,377.1,9255,9688,3.055,625
RAW,377.4,9266,9680,3.079,630
RAW,377.4,9263,9683,3.065,627
RAW,377.4,9259,9681,3.069,628
RAW,377.7,9263,9685,3.074,629
RAW,377.7,9263,9688,3.079,630
RAW,377.7,9261,9683,3.016,617
RAW,378.0,9269,9681,3.055,625
RAW,378.0,9264,9684,2.996,613
RAW,378.0,9261,9687,3.001,614
RAW,378.4,9261,9685,3.016,617
RAW,378.4,9268,9686,2.996,613
RAW,378.4,9273,9681,2.991,612
RAW,378.6,9271,9680,3.030,620
RAW,378.6,9268,9693,3.006,615
RAW,378.6,9268,9685,3.011,616
RAW,379.0,9273,9692,3.001,614
RAW,379.0,9271,9681,2.996,613
RAW,379.0,9272,9687,3.055,625
RAW,379.3,9265,9681,3.001,614
RAW,379.3,9274,9695,3.040,622
RAW,379.3,9272,9683,3.035,621
RAW,379.6,9272,9688,3.055,625
RAW,379.6,9275,9691,3.069,628
RAW,379.6,9271,9682,3.074,629
RAW,379.9,9274,9683,3.069,628
RAW,379.9,9274,9686,3.060,626
RAW,379.9,9282,9689,3.016,617
RAW,380.2,9272,9685,3.006,615
RAW,380.2,9273,9684,3.060,626
RAW,380.5,9275,9691,3.001,614
RAW,380.5,9276,9686,2.996,613
RAW,380.5,9277,9692,3.006,615
RAW,380.8,9284,9694,3.011,616
RAW,380.8,9283,9687,3.011,616
RAW,380.8,9282,9693,3.001,614
RAW,381.1,9277,9693,3.001,614
RAW,381.1,9282,9691,3.016,617
RAW,381.1,9288,9689,3.021,618
RAW,381.4,9283,9690,2.991,612
RAW,381.4,9286,9687,3.001,614
RAW,381.4,9286,9694,2.996,613
RAW,381.7,9275,9692,3.035,621
RAW,381.7,9284,9693,3.006,615
RAW,381.7,9281,9699,2.972,608
RAW,382.0,9285,9688,2.937,601
RAW,382.0,9280,9689,3.030,620
RAW,382.0,9282,9686,2.991,612
RAW,382.3,9280,9692,2.991,612
RAW,382.3,9286,9692,2.996,613
RAW,382.3,9288,9690,3.001,614
RAW,382.6,9279,9686,2.996,613
RAW,382.6,9277,9693,2.996,613
RAW,382.6,9278,9689,2.991,612
RAW,382.9,9270,9677,3.001,614
RAW,382.9,9264,9682,3.006,615
RAW,382.9,9274,9682,3.016,617
RAW,383.2,9266,9681,3.001,614
RAW,383.2,9268,9680,3.001,614
RAW,383.2,9269,9681,3.006,615
RAW,383.5,9264,9681,3.001,614
RAW,383.5,9265,9676,3.006,615
RAW,383.5,9262,9677,3.045,623
RAW,383.8,9259,9673,2.991,612
RAW,383.8,9266,9671,3.045,623
RAW,383.8,9261,9674,3.050,624
RAW,384.1,9262,9676,3.050,624
RAW,384.1,9260,9674,3.069,628
RAW,384.1,9262,9678,3.074,629
RAW,384.4,9265,9673,3.050,624
RAW,384.4,9259,9670,3.065,627
RAW,384.4,9258,9672,3.074,629
RAW,384.7,9266,9679,3.050,624
RAW,384.7,9265,9675,3.055,625
RAW,384.7,9262,9670,2.991,612
RAW,385.0,9266,9674,3.069,628
RAW,385.0,9260,9672,3.030,620
RAW,385.0,9258,9678,3.006,615
RAW,385.4,9266,9679,3.016,617
RAW,385.4,9268,9680,3.025,619
RAW,385.4,9269,9679,3.011,616
RAW,385.6,9270,9679,2.996,613
RAW,385.6,9271,9688,2.991,612
RAW,385.6,9271,9681,3.006,615
RAW,386.0,9271,9677,3.001,614
RAW,386.0,9272,9675,3.025,619
RAW,386.0,9272,9677,3.035,621
RAW,386.3,9273,9681,3.030,620
RAW,386.3,9266,9688,3.060,626
RAW,386.3,9269,9685,3.035,621
RAW,386.6,9272,9682,3.065,627
RAW,386.6,9277,9679,3.065,627
RAW,386.6,9274,9682,3.069,628
RAW,386.9,9275,9685,3.045,623
RAW,386.9,9272,9682,3.016,617
RAW,386.9,9275,9677,3.011,616
RAW,387.2,9276,9681,3.011,616
RAW,387.2,9270,9683,2.996,613
RAW,387.2,9279,9682,3.006,615
RAW,387.5,9271,9683,3.011,616
RAW,387.5,9272,9678,2.996,613
RAW,387.5,9271,9678,2.996,613
RAW,387.8,9265,9677,3.006,615
RAW,387.8,9277,9686,3.006,615
RAW,387.8,9270,9678,2.991,612
RAW,388.1,9276,9675,2.996,613
RAW,388.1,9274,9679,2.996,613
RAW,388.1,9274,9682,2.996,613
RAW,388.4,9279,9678,3.030,620
RAW,388.4,9274,9686,3.011,616
RAW,388.4,9271,9678,3.021,618
RAW,388.7,9275,9687,3.006,615
RAW,388.7,9284,9677,3.011,616
RAW,388.7,9270,9685,3.025,619
RAW,389.0,9276,9679,3.001,614
RAW,389.0,9272,9676,2.991,612
RAW,389.0,9274,9682,3.001,614
RAW,389.3,9265,9670,2.986,611
RAW,389.3,9270,9676,3.001,614
RAW,389.3,9277,9687,3.001,614
RAW,389.6,9264,9662,3.001,614
RAW,389.6,9270,9669,3.006,615
RAW,389.6,9271,9673,3.016,617
RAW,389.9,9262,9658,2.991,612
RAW,389.9,9252,9671,3.011,616
RAW,389.9,9260,9671,3.011,616
RAW,390.2,9256,9669,3.001,614
RAW,390.2,9262,9668,2.991,612
RAW,390.2,9262,9674,3.030,620
RAW,390.5,9249,9664,3.016,617
RAW,390.5,9264,9671,3.030,620
RAW,390.5,9257,9668,3.055,625
RAW,390.8,9249,9664,3.050,624
RAW,390.8,9255,9671,3.055,625
RAW,390.8,9256,9658,3.065,627
RAW,391.1,9258,9660,3.050,624
RAW,391.1,9250,9656,3.060,626
RAW,391.1,9252,9664,3.065,627
RAW,391.4,9253,9667,3.065,627
RAW,391.4,9258,9668,3.055,625
RAW,391.4,9260,9659,3.011,616
RAW,391.7,9257,9664,3.055,625
RAW,391.7,9254,9667,3.025,619
RAW,391.7,9253,9666,3.030,620
RAW,392.0,9257,9664,3.050,624
RAW,392.0,9262,9669,3.011,616
RAW,392.0,9259,9674,3.030,620
RAW,392.4,9262,9673,2.991,612
RAW,392.4,9259,9666,3.001,614
RAW,392.4,9257,9662,2.991,612
RAW,392.6,9262,9675,2.996,613
RAW,392.6,9262,9671,3.016,617
RAW,392.6,9255,9666,3.035,621
RAW,393.0,9269,9674,3.030,620
RAW,393.0,9265,9673,3.045,623
RAW,393.0,9261,9668,3.050,624
RAW,393.3,9270,9672,3.030,620
RAW,393.3,9266,9676,3.055,625
RAW,393.3,9270,9668,3.069,628
RAW,393.6,9268,9672,3.045,623
RAW,393.6,9264,9670,3.030,620
RAW,393.6,9269,9670,3.001,614
RAW,393.9,9268,9682,3.030,620
RAW,393.9,9270,9677,3.006,615
RAW,393.9,9266,9675,2.996,613
RAW,394.2,9272,9675,3.006,615
RAW,394.2,9268,9673,3.025,619
RAW,394.2,9269,9677,2.996,613
RAW,394.5,9266,9681,3.006,615
RAW,394.5,9269,9671,3.001,614
RAW,394.5,9267,9680,3.045,623
RAW,394.8,9275,9678,2.991,612
RAW,394.8,9272,9674,2.991,612
RAW,394.8,9280,9676,3.006,615
RAW,395.1,9275,9680,2.996,613
RAW,395.1,9276,9678,3.030,620
RAW,395.1,9281,9671,3.016,617
RAW,395.4,9276,9680,3.025,619
RAW,395.4,9275,9686,3.001,614
RAW,395.4,9272,9678,2.991,612
RAW,395.7,9277,9673,3.001,614
RAW,395.7,9276,9681,2.991,612
RAW,395.7,9277,9686,2.996,613
RAW,396.0,9280,9678,2.991,612
RAW,396.0,9273,9675,2.991,612
RAW,396.0,9279,9677,2.996,613
RAW,396.3,9276,9678,2.991,612
RAW,396.3,9271,9675,3.011,616
RAW,396.3,9284,9674,3.016,617
RAW,396.6,9262,9671,3.006,615
RAW,396.6,9271,9678,3.016,617
RAW,396.6,9272,9675,3.021,618
RAW,396.9,9265,9668,2.996,613
RAW,396.9,9269,9675,3.006,615
RAW,396.9,9274,9675,3.030,620
RAW,397.2,9258,9662,3.021,618
RAW,397.2,9257,9661,3.069,628
RAW,397.2,9259,9660,3.050,624
RAW,397.5,9258,9657,3.045,623
RAW,397.5,9257,9663,3.089,632
RAW,397.5,9259,9668,3.069,628
RAW,397.8,9253,9658,2.991,612
RAW,397.8,9255,9663,3.065,627
RAW,397.8,9259,9657,3.055,625
RAW,398.1,9259,9661,3.040,622
RAW,398.1,9253,9662,3.060,626
RAW,398.1,9256,9662,3.006,615
RAW,398.4,9259,9665,3.069,628
RAW,398.4,9263,9670,3.006,615
RAW,398.4,9255,9671,3.025,619
RAW,398.7,9260,9663,3.030,620
RAW,398.7,9257,9662,3.016,617
RAW,398.7,9258,9668,3.006,615
RAW,399.0,9254,9668,3.006,615
RAW,399.0,9256,9666,2.996,613
RAW,399.0,9254,9663,2.996,613
RAW,399.4,9261,9665,3.001,614
RAW,399.4,9259,9667,3.016,617
RAW,399.4,9259,9662,3.040,622
RAW,399.6,9261,9667,3.050,624
RAW,399.6,9259,9666,3.040,622
RAW,399.6,9260,9665,3.050,624
RAW,400.0,9258,9659,3.040,622
RAW,400.0,9263,9673,3.035,621
RAW,400.0,9262,9671,3.060,626
RAW,400.3,9256,9668,3.050,624
RAW,400.3,9266,9667,3.025,619
RAW,400.3,9263,9661,3.001,614
RAW,400.6,9264,9671,3.030,620
RAW,400.6,9270,9669,3.030,620
RAW,400.6,9265,9677,3.016,617
RAW,400.9,9267,9673,3.016,617
RAW,400.9,9269,9670,3.016,617
RAW,400.9,9265,9670,3.016,617
RAW,401.2,9264,9666,2.991,612
RAW,401.2,9270,9660,3.006,615
RAW,401.2,9266,9670,3.001,614
RAW,401.5,9269,9674,2.996,613
RAW,401.5,9270,9671,2.991,612
RAW,401.5,9269,9669,3.001,614
RAW,401.8,9277,9680,3.016,617
RAW,401.8,9267,9672,3.011,616
RAW,401.8,9271,9671,3.065,627
RAW,402.1,9275,9673,3.025,619
RAW,402.1,9273,9673,3.006,615
RAW,402.1,9270,9672,3.025,619
RAW,402.4,9268,9673,2.991,612
RAW,402.4,9276,9675,2.991,612
RAW,402.4,9272,9668,2.996,613
RAW,402.7,9275,9678,3.011,616
RAW,402.7,9272,9676,2.991,612
RAW,402.7,9270,9680,2.991,612
RAW,403.0,9280,9673,3.006,615
RAW,403.0,9280,9677,2.952,604
RAW,403.0,9280,9681,3.006,615
RAW,403.3,9277,9675,2.996,613
RAW,403.3,9277,9667,2.991,612
RAW,403.3,9271,9680,2.996,613
RAW,403.6,9271,9676,2.996,613
RAW,403.6,9271,9670,3.025,619
RAW,403.6,9271,9674,3.025,619
RAW,403.9,9267,9670,2.991,612
RAW,403.9,9265,9670,3.055,625
RAW,403.9,9273,9673,3.079,630
RAW,404.2,9270,9665,3.065,627
RAW,404.2,9269,9663,3.069,628
RAW,404.2,9268,9664,3.074,629
RAW,404.5,9259,9668,3.045,623
RAW,404.5,9265,9665,3.050,624
RAW,404.5,9262,9664,3.050,624
RAW,404.8,9269,9670,3.055,625
RAW,404.8,9260,9672,3.060,626
RAW,404.8,9263,9667,3.006,615
RAW,405.1,9263,9668,3.069,628
RAW,405.1,9258,9660,2.996,613
RAW,405.1,9264,9665,2.996,613
RAW,405.4,9266,9670,3.011,616
RAW,405.4,9266,9672,2.991,612
RAW,405.4,9264,9669,3.016,617
RAW,405.7,9265,9667,2.991,612
RAW,405.7,9268,9674,3.006,615
RAW,405.7,9268,9676,3.001,614
RAW,406.0,9267,9673,3.030,620
RAW,406.0,9269,9670,3.016,617
RAW,406.0,9265,9676,3.040,622
RAW,406.3,9268,9678,3.025,619
RAW,406.3,9273,9667,3.069,628
RAW,406.3,9272,9670,3.055,625
RAW,406.6,9269,9670,3.040,622
RAW,406.6,9267,9674,3.045,623
RAW,406.6,9268,9666,3.045,623
RAW,407.0,9270,9673,3.045,623
RAW,407.0,9268,9675,3.050,624
RAW,407.0,9264,9668,3.021,618
RAW,407.3,9265,9673,3.035,621
RAW,407.3,9273,9666,3.035,621
RAW,407.3,9270,9666,3.016,617
RAW,407.6,9269,9667,3.016,617
RAW,407.6,9265,9676,2.991,612
RAW,407.6,9265,9669,2.991,612
RAW,407.9,9266,9670,2.996,613
RAW,407.9,9273,9671,2.996,613
RAW,407.9,9267,9675,2.996,613
RAW,408.2,9275,9672,2.996,613
RAW,408.2,9269,9675,3.001,614
RAW,408.2,9266,9667,2.996,613
RAW,408.5,9279,9673,2.991,612
RAW,408.5,9277,9670,3.016,617
RAW,408.5,9276,9666,3.016,617
RAW,408.8,9281,9678,2.991,612
RAW,408.8,9277,9667,3.016,617
RAW,408.8,9277,9668,3.021,618
RAW,409.1,9276,9670,2.996,613
RAW,409.1,9273,9674,2.991,612
RAW,409.1,9272,9662,2.991,612
RAW,409.4,9276,9677,3.011,616
RAW,409.4,9280,9672,3.006,615
RAW,409.4,9282,9676,3.001,614
RAW,409.7,9277,9677,3.001,614
RAW,409.7,9281,9673,3.001,614
RAW,409.7,9286,9673,3.011,616
RAW,410.0,9280,9678,2.991,612
RAW,410.0,9285,9674,2.991,612
RAW,410.0,9282,9680,3.006,615
RAW,410.3,9275,9671,2.991,612
RAW,410.3,9280,9680,3.001,614
RAW,410.3,9279,9674,2.996,613
RAW,410.6,9271,9671,3.025,619
RAW,410.6,9278,9673,3.030,620
RAW,410.6,9274,9677,3.069,628
RAW,410.9,9270,9664,3.055,625
RAW,410.9,9267,9670,3.069,628
RAW,410.9,9269,9666,3.069,628
RAW,411.2,9265,9665,3.050,624
RAW,411.2,9262,9670,3.060,626
RAW,411.2,9262,9666,3.060,626
RAW,411.5,9260,9663,3.055,625
RAW,411.5,9262,9665,3.060,626
RAW,411.5,9257,9668,3.021,618
RAW,411.8,9263,9665,3.069,628
RAW,411.8,9268,9668,3.011,616
RAW,411.8,9261,9665,3.006,615
RAW,412.1,9265,9662,3.011,616
RAW,412.1,9263,9667,3.006,615
RAW,412.1,9265,9669,3.016,617
RAW,412.4,9268,9669,3.001,614
RAW,412.4,9261,9670,3.016,617
RAW,412.4,9261,9666,2.996,613
RAW,412.7,9263,9669,3.006,615
RAW,412.7,9265,9666,3.016,617
RAW,412.7,9270,9667,3.055,625
RAW,413.0,9263,9672,3.006,615
RAW,413.0,9266,9673,3.065,627
RAW,413.0,9262,9669,3.065,627
RAW,413.3,9266,9677,3.035,621
RAW,413.3,9266,9666,3.045,623
RAW,413.3,9264,9668,3.045,623
RAW,413.6,9272,9670,3.030,620
RAW,413.6,9268,9671,3.045,623
RAW,413.6,9266,9670,3.006,615
RAW,414.0,9269,9668,3.011,616
RAW,414.0,9269,9670,3.001,614
RAW,414.3,9270,9673,2.972,608
RAW,414.3,9266,9672,3.016,617
RAW,414.3,9274,9676,3.016,617
RAW,414.6,9270,9676,2.991,612
RAW,414.6,9268,9672,2.996,613
RAW,414.6,9267,9672,3.006,615
RAW,414.9,9279,9673,3.016,617
RAW,414.9,9272,9671,3.011,616
RAW,414.9,9279,9665,2.991,612
RAW,415.2,9268,9662,3.025,619
RAW,415.2,9262,9670,3.016,617
RAW,415.2,9272,9669,3.006,615
RAW,415.5,9267,9658,2.996,613
RAW,415.5,9266,9664,3.006,615
RAW,415.5,9271,9660,2.991,612
RAW,415.8,9260,9659,3.001,614
RAW,415.8,9263,9660,2.991,612
RAW,415.8,9266,9663,2.996,613
RAW,416.1,9264,9660,2.991,612
RAW,416.1,9265,9672,3.006,615
RAW,416.1,9265,9666,3.006,615
RAW,416.4,9269,9659,3.016,617
RAW,416.4,9265,9668,3.001,614
RAW,416.4,9267,9666,2.991,612
RAW,416.7,9267,9658,2.991,612
RAW,416.7,9267,9658,2.991,612
RAW,416.7,9265,9666,3.006,615
RAW,417.0,9272,9655,2.991,612
RAW,417.0,9268,9657,3.001,614
RAW,417.0,9271,9667,3.001,614
RAW,417.3,9264,9656,2.991,612
RAW,417.3,9267,9652,3.011,616
RAW,417.3,9270,9666,3.055,625
RAW,417.6,9265,9658,2.996,613
RAW,417.6,9262,9657,3.065,627
RAW,417.6,9260,9654,3.069,628
RAW,417.9,9253,9649,3.055,625
RAW,417.9,9258,9644,3.060,626
RAW,417.9,9255,9646,3.069,628
RAW,418.2,9249,9656,3.084,631
RAW,418.2,9255,9653,3.074,629
RAW,418.2,9248,9649,3.060,626
RAW,418.5,9247,9643,3.055,625
RAW,418.5,9250,9651,3.069,628
RAW,418.5,9248,9650,3.001,614
RAW,418.8,9249,9652,3.055,625
RAW,418.8,9251,9655,3.011,616
RAW,418.8,9256,9651,3.030,620
RAW,419.1,9255,9652,3.001,614
RAW,419.1,9254,9649,3.011,616
RAW,419.1,9249,9649,3.011,616
RAW,419.4,9250,9650,3.011,616
RAW,419.4,9258,9647,3.021,618
RAW,419.4,9252,9642,3.006,615
RAW,419.7,9254,9649,3.025,619
RAW,419.7,9262,9647,3.030,620
RAW,419.7,9257,9645,3.065,627
RAW,420.0,9263,9650,3.016,617
RAW,420.0,9259,9652,3.040,622
RAW,420.0,9259,9642,3.050,624
RAW,420.3,9259,9656,3.045,623
RAW,420.3,9263,9650,3.050,624
RAW,420.3,9251,9654,3.045,623
RAW,420.6,9266,9661,3.045,623
RAW,420.6,9275,9654,3.030,620
RAW,420.6,9256,9647,2.996,613
RAW,421.0,9263,9660,3.011,616
RAW,421.0,9263,9654,2.996,613
RAW,421.0,9267,9649,3.040,622
RAW,421.3,9259,9656,2.996,613
RAW,421.3,9265,9655,3.011,616
RAW,421.3,9267,9652,2.996,613
RAW,421.6,9273,9662,3.006,615
RAW,421.6,9266,9657,3.030,620
RAW,421.6,9260,9653,3.016,617
RAW,421.9,9273,9657,3.006,615
RAW,421.9,9270,9669,3.021,618
RAW,421.9,9273,9662,3.011,616
RAW,422.2,9265,9663,2.991,612
RAW,422.2,9270,9662,3.016,617
RAW,422.2,9275,9657,3.001,614
RAW,422.5,9276,9662,2.996,613
RAW,422.5,9268,9661,3.001,614
RAW,422.5,9277,9662,3.001,614
RAW,422.8,9274,9658,2.991,612
RAW,422.8,9272,9667,2.996,613
RAW,422.8,9271,9658,2.996,613
RAW,423.1,9276,9665,3.011,616
RAW,423.1,9273,9660,3.016,617
RAW,423.1,9268,9659,3.016,617
RAW,423.4,9267,9655,2.986,611
RAW,423.4,9268,9661,2.991,612
RAW,423.4,9272,9663,2.996,613
RAW,423.7,9276,9664,3.021,618
RAW,423.7,9270,9653,2.996,613
RAW,423.7,9278,9667,2.996,613
RAW,424.0,9270,9663,3.006,615
RAW,424.0,9277,9666,3.016,617
RAW,424.0,9268,9663,3.045,623
RAW,424.3,9271,9655,2.996,613
RAW,424.3,9274,9658,3.040,622
RAW,424.3,9267,9657,3.055,625
RAW,424.6,9264,9644,3.030,620
RAW,424.6,9265,9649,3.055,625
RAW,424.6,9265,9654,3.040,622
RAW,424.9,9256,9653,3.050,624
RAW,424.9,9257,9657,3.060,626
RAW,424.9,9252,9665,3.089,632
RAW,425.2,9259,9654,3.084,631
RAW,425.2,9258,9649,3.060,626
RAW,425.2,9252,9648,3.016,617
RAW,425.5,9250,9651,3.055,625
RAW,425.5,9255,9653,3.001,614
RAW,425.5,9255,9652,3.001,614
RAW,425.8,9250,9653,2.991,612
RAW,425.8,9253,9649,3.001,614
RAW,425.8,9255,9649,3.001,614
RAW,426.1,9258,9656,3.025,619
RAW,426.1,9249,9652,3.030,620
RAW,426.1,9256,9650,3.016,617
RAW,426.4,9259,9653,3.001,614
RAW,426.4,9256,9652,3.006,615
RAW,426.4,9255,9644,3.069,628
RAW,426.7,9259,9660,3.001,614
RAW,426.7,9260,9650,3.045,623
RAW,426.7,9256,9654,3.035,621
RAW,427.0,9257,9656,3.050,624
RAW,427.0,9265,9661,3.055,625
RAW,427.0,9265,9662,3.055,625
RAW,427.3,9260,9666,3.055,625
RAW,427.3,9259,9655,3.050,624
RAW,427.3,9264,9658,3.006,615
RAW,427.6,9254,9665,3.006,615
RAW,427.6,9258,9661,2.996,613
RAW,428.0,9267,9665,3.011,616
RAW,428.0,9268,9662,2.996,613
RAW,428.0,9265,9658,3.006,615
RAW,428.3,9267,9657,3.025,619
RAW,428.3,9271,9661,3.001,614
RAW,428.3,9267,9664,3.016,617
RAW,428.6,9264,9659,3.011,616
RAW,428.6,9271,9661,3.011,616
RAW,428.6,9266,9660,2.991,612
RAW,428.9,9269,9660,2.991,612
RAW,428.9,9265,9669,3.001,614
RAW,428.9,9260,9660,2.991,612
RAW,429.2,9263,9663,2.991,612
RAW,429.2,9266,9669,2.991,612
RAW,429.2,9268,9660,3.016,617
RAW,429.5,9270,9662,3.001,614
RAW,429.5,9269,9658,3.016,617
RAW,429.5,9263,9660,3.016,617
RAW,429.8,9275,9661,2.991,612
RAW,429.8,9270,9660,2.996,613
RAW,429.8,9267,9664,2.928,599
RAW,430.1,9272,9660,2.986,611
RAW,430.1,9269,9660,2.991,612
RAW,430.1,9265,9658,2.996,613
RAW,430.4,9266,9664,3.016,617
RAW,430.4,9274,9662,3.030,620
RAW,430.4,9267,9665,3.016,617
RAW,430.7,9270,9661,2.991,612
RAW,430.7,9269,9658,3.011,616
RAW,430.7,9269,9667,3.021,618
RAW,431.0,9267,9659,2.986,611
RAW,431.0,9263,9652,3.001,614
RAW,431.0,9268,9655,3.040,622
RAW,431.3,9258,9658,3.001,614
RAW,431.3,9261,9649,3.050,624
RAW,431.3,9262,9659,3.050,624
RAW,431.6,9260,9657,3.060,626
RAW,431.6,9259,9656,3.065,627
RAW,431.6,9257,9658,3.055,625
RAW,431.9,9256,9652,3.050,624
RAW,431.9,9260,9652,3.069,628
RAW,431.9,9251,9647,3.074,629
RAW,432.2,9252,9645,3.016,617
RAW,432.2,9248,9643,3.025,619
RAW,432.2,9253,9651,3.006,615
RAW,432.5,9245,9651,3.030,620
RAW,432.5,9252,9640,3.001,614
RAW,432.5,9255,9640,3.006,615
RAW,432.8,9251,9655,3.025,619
RAW,432.8,9251,9655,3.016,617
RAW,432.8,9250,9644,3.006,615
RAW,433.1,9257,9655,3.001,614
RAW,433.1,9261,9650,3.011,616
RAW,433.1,9254,9648,3.030,620
RAW,433.4,9263,9657,2.991,612
RAW,433.4,9257,9651,3.030,620
RAW,433.4,9263,9649,3.045,623
RAW,433.7,9259,9650,3.040,622
RAW,433.7,9257,9659,3.065,627
RAW,433.7,9258,9654,3.055,625
RAW,434.0,9258,9654,3.045,623
RAW,434.0,9255,9650,3.045,623
RAW,434.0,9263,9647,3.025,619
RAW,434.3,9260,9654,3.016,617
RAW,434.3,9263,9648,3.001,614
RAW,434.6,9263,9656,3.001,614
RAW,434.6,9261,9653,3.006,615
RAW,434.6,9259,9661,2.991,612
RAW,435.0,9261,9652,2.991,612
RAW,435.0,9258,9655,3.030,620
RAW,435.0,9255,9649,3.016,617
RAW,435.3,9259,9657,3.016,617
RAW,435.3,9264,9653,3.025,619
RAW,435.3,9260,9661,3.011,616
RAW,435.6,9262,9660,2.991,612
RAW,435.6,9256,9660,2.991,612
RAW,435.6,9264,9650,2.996,613
RAW,435.9,9262,9658,3.011,616
RAW,435.9,9269,9657,3.001,614
RAW,435.9,9271,9654,2.996,613
RAW,436.2,9269,9650,3.025,619
RAW,436.2,9266,9657,2.991,612
RAW,436.2,9270,9659,2.972,608
RAW,436.5,9266,9654,2.986,611
RAW,436.5,9267,9653,2.996,613
RAW,436.5,9268,9650,3.006,615
RAW,436.8,9269,9658,2.991,612
RAW,436.8,9269,9662,2.996,613
RAW,436.8,9270,9661,3.006,615
RAW,437.1,9272,9655,3.011,616
RAW,437.1,9270,9658,2.996,613
RAW,437.1,9264,9652,3.016,617
RAW,437.4,9273,9654,3.030,620
RAW,437.4,9266,9655,3.016,617
RAW,437.4,9271,9652,3.011,616
RAW,437.7,9268,9649,3.001,614
RAW,437.7,9268,9651,2.991,612
RAW,437.7,9272,9645,3.050,624
RAW,438.0,9262,9647,2.986,611
RAW,438.0,9266,9653,3.050,624
RAW,438.0,9263,9653,3.050,624
RAW,438.3,9259,9642,3.050,624
RAW,438.3,9260,9648,3.060,626
RAW,438.3,9261,9654,3.065,627
RAW,438.6,9254,9648,3.060,626
RAW,438.6,9252,9643,3.065,627
RAW,438.6,9253,9646,3.069,628
RAW,438.9,9252,9644,3.055,625
RAW,438.9,9246,9643,3.040,622
RAW,438.9,9248,9640,2.952,604
RAW,439.2,9247,9642,3.040,622
RAW,439.2,9252,9645,3.025,619
RAW,439.2,9241,9639,3.035,621
RAW,439.5,9248,9636,3.030,620
RAW,439.5,9250,9640,3.025,619
RAW,439.5,9247,9638,3.016,617
RAW,439.8,9245,9637,3.006,615
RAW,439.8,9246,9642,3.001,614
RAW,439.8,9246,9637,3.011,616
RAW,440.1,9247,9632,2.996,613
RAW,440.1,9249,9643,3.035,621
RAW,440.1,9247,9635,3.045,623
RAW,440.4,9253,9641,2.996,613
RAW,440.4,9248,9649,3.040,622
RAW,440.4,9250,9646,3.050,624
RAW,440.7,9247,9647,3.055,625
RAW,440.7,9254,9644,3.050,624
RAW,440.7,9248,9645,3.060,626
RAW,441.0,9249,9650,3.035,621
RAW,441.0,9248,9646,3.011,616
RAW,441.0,9251,9651,3.001,614
RAW,441.3,9249,9648,3.001,614
RAW,441.3,9251,9644,2.996,613
RAW,441.3,9250,9651,2.996,613
RAW,441.6,9253,9651,2.996,613
RAW,441.6,9253,9643,3.021,618
RAW,441.6,9254,9653,3.011,616
RAW,442.0,9250,9647,2.991,612
RAW,442.0,9258,9649,2.996,613
RAW,442.0,9254,9651,3.001,614
RAW,442.3,9261,9651,2.991,612
RAW,442.3,9253,9642,2.996,613
RAW,442.3,9254,9649,2.996,613
RAW,442.6,9265,9655,3.006,615
RAW,442.6,9261,9653,3.016,617
RAW,442.6,9261,9642,3.030,620
RAW,442.9,9265,9655,3.006,615
RAW,442.9,9262,9656,3.025,619
RAW,442.9,9267,9655,3.021,618
RAW,443.2,9271,9651,2.991,612
RAW,443.2,9266,9656,2.996,613
RAW,443.2,9269,9655,2.996,613
RAW,443.5,9277,9652,2.991,612
RAW,443.5,9272,9658,2.991,612
RAW,443.5,9269,9657,2.991,612
RAW,443.8,9275,9661,3.001,614
RAW,443.8,9272,9663,3.001,614
RAW,443.8,9274,9661,3.001,614
RAW,444.1,9280,9668,2.996,613
RAW,444.1,9280,9661,3.016,617
RAW,444.1,9274,9660,3.016,617
RAW,444.4,9278,9660,2.991,612
RAW,444.4,9278,9669,3.001,614
RAW,444.4,9270,9670,3.030,620
RAW,444.7,9276,9669,3.016,617
RAW,444.7,9280,9661,3.050,624
RAW,444.7,9280,9664,3.065,627
RAW,445.0,9283,9669,3.074,629
RAW,445.0,9281,9665,3.065,627
RAW,445.0,9282,9664,3.074,629
RAW,445.3,9284,9659,3.055,625
RAW,445.3,9272,9664,3.060,626
RAW,445.3,9290,9657,3.045,623
RAW,445.6,9275,9656,3.060,626
RAW,445.6,9279,9664,3.025,619
RAW,445.6,9278,9662,3.006,615
RAW,445.9,9265,9655,3.006,615
RAW,445.9,9271,9657,3.016,617
RAW,445.9,9270,9658,3.030,620
RAW,446.2,9273,9661,3.030,620
RAW,446.2,9270,9654,3.006,615
RAW,446.2,9268,9647,3.045,623
RAW,446.5,9270,9658,2.996,613
RAW,446.5,9272,9651,3.001,614
RAW,446.5,9273,9652,3.030,620
RAW,446.8,9272,9655,3.001,614
RAW,446.8,9267,9657,3.035,621
RAW,446.8,9273,9657,3.040,622
RAW,447.1,9268,9663,3.035,621
RAW,447.1,9265,9662,3.040,622
RAW,447.1,9273,9661,3.045,623
RAW,447.4,9279,9662,3.050,624
RAW,447.4,9278,9663,3.069,628
RAW,447.4,9275,9659,3.006,615
RAW,447.7,9287,9661,3.011,616
RAW,447.7,9284,9668,2.986,611
RAW,448.0,9280,9666,3.006,615
RAW,448.0,9282,9660,3.011,616
RAW,448.0,9284,9667,3.006,615
RAW,448.3,9278,9672,3.011,616
RAW,448.3,9284,9659,3.016,617
RAW,448.3,9279,9665,2.996,613
RAW,448.6,9283,9662,3.001,614
RAW,448.6,9285,9666,2.996,613
RAW,448.6,9280,9662,3.001,614
RAW,449.0,9284,9663,2.991,612
RAW,449.0,9284,9661,3.001,614
RAW,449.0,9283,9657,3.025,619
RAW,449.3,9283,9664,3.016,617
RAW,449.3,9281,9669,3.021,618
RAW,449.3,9288,9662,3.011,616
RAW,449.6,9283,9672,3.021,618
RAW,449.6,9286,9664,3.001,614
RAW,449.6,9281,9671,3.030,620
RAW,449.9,9288,9661,2.991,612
RAW,449.9,9286,9664,3.001,614
RAW,449.9,9282,9663,2.991,612
RAW,450.2,9293,9656,2.991,612
RAW,450.2,9288,9665,2.996,613
RAW,450.2,9286,9659,2.991,612
RAW,450.5,9286,9663,2.996,613
RAW,450.5,9288,9667,3.016,617
RAW,450.5,9290,9660,2.996,613
RAW,450.8,9286,9657,2.986,611
RAW,450.8,9285,9670,3.030,620
RAW,450.8,9291,9663,3.011,616
RAW,451.1,9292,9664,2.996,613
RAW,451.1,9285,9665,3.006,615
RAW,451.1,9291,9667,3.050,624
RAW,451.4,9292,9661,3.030,620
RAW,451.4,9292,9661,3.079,630
RAW,451.4,9287,9668,3.060,626
RAW,451.7,9289,9665,3.055,625
RAW,451.7,9288,9656,3.074,629
RAW,451.7,9289,9659,3.060,626
RAW,452.0,9291,9658,3.055,625
RAW,452.0,9283,9661,3.055,625
RAW,452.0,9290,9662,3.060,626
RAW,452.3,9277,9650,3.050,624
RAW,452.3,9282,9662,3.045,623
RAW,452.3,9281,9664,3.001,614
RAW,452.6,9275,9654,3.040,622
RAW,452.6,9275,9653,3.025,619
RAW,452.6,9278,9649,2.996,613
RAW,452.9,9271,9650,3.030,620
RAW,452.9,9279,9655,3.011,616
RAW,452.9,9273,9647,3.021,618
RAW,453.2,9271,9645,3.001,614
RAW,453.2,9273,9651,2.957,605
RAW,453.2,9274,9645,3.021,618
RAW,453.5,9270,9653,3.001,614
RAW,453.5,9275,9648,3.030,620
RAW,453.5,9272,9649,3.045,623
RAW,453.8,9274,9649,3.035,621
RAW,453.8,9275,9650,3.035,621
RAW,453.8,9275,9653,3.045,623
RAW,454.1,9280,9651,3.035,621
RAW,454.1,9272,9647,3.040,622
RAW,454.1,9275,9652,3.065,627
RAW,454.4,9269,9658,3.050,624
RAW,454.4,9270,9656,3.011,616
RAW,454.4,9277,9654,3.006,615
RAW,454.7,9278,9658,3.021,618
RAW,454.7,9285,9651,3.025,619
RAW,454.7,9275,9650,3.011,616
RAW,455.0,9281,9653,3.011,616
RAW,455.0,9277,9655,3.011,616
RAW,455.0,9279,9655,2.996,613
RAW,455.3,9276,9651,2.986,611
RAW,455.3,9277,9656,3.006,615
RAW,455.3,9274,9656,3.040,622
RAW,455.6,9275,9652,2.996,613
RAW,455.6,9275,9650,2.996,613
RAW,455.6,9283,9654,2.996,613
RAW,456.0,9278,9652,2.986,611
RAW,456.0,9285,9655,3.011,616
RAW,456.0,9278,9643,3.001,614
RAW,456.3,9288,9655,3.025,619
RAW,456.3,9277,9654,3.011,616
RAW,456.3,9279,9658,3.030,620
RAW,456.6,9279,9646,2.991,612
RAW,456.6,9280,9648,3.001,614
RAW,456.6,9277,9646,2.991,612
RAW,456.9,9277,9646,3.011,616
RAW,456.9,9282,9650,3.001,614
RAW,456.9,9280,9645,2.996,613
RAW,457.2,9280,9644,3.011,616
RAW,457.2,9280,9642,3.001,614
RAW,457.2,9285,9643,3.016,617
RAW,457.5,9284,9642,2.991,612
RAW,457.5,9282,9644,3.001,614
RAW,457.5,9283,9646,3.001,614
RAW,457.8,9285,9648,3.001,614
RAW,457.8,9284,9648,2.991,612
RAW,457.8,9278,9648,3.035,621
RAW,458.1,9282,9650,2.991,612
RAW,458.1,9285,9645,3.079,630
RAW,458.1,9280,9646,3.084,631
RAW,458.4,9283,9652,3.074,629
RAW,458.4,9279,9644,3.065,627
RAW,458.4,9283,9652,3.074,629
RAW,458.7,9283,9645,3.050,624
RAW,458.7,9279,9638,3.060,626
RAW,458.7,9282,9650,3.055,625
RAW,459.0,9274,9644,3.055,625
RAW,459.0,9273,9649,3.045,623
RAW,459.0,9277,9640,3.011,616
RAW,459.3,9268,9640,3.035,621
RAW,459.3,9273,9638,3.016,617
RAW,459.3,9275,9650,3.016,617
RAW,459.6,9269,9632,3.011,616
RAW,459.6,9265,9637,2.981,610
RAW,459.6,9264,9635,3.025,619
RAW,459.9,9263,9632,3.011,616
RAW,459.9,9261,9634,2.991,612
RAW,459.9,9265,9622,3.025,619
RAW,460.2,9260,9631,3.011,616
RAW,460.2,9261,9631,3.050,624
RAW,460.2,9262,9634,3.045,623
RAW,460.5,9265,9630,3.050,624
RAW,460.5,9264,9629,3.060,626
RAW,460.5,9261,9638,3.050,624
RAW,460.8,9261,9624,3.035,621
RAW,460.8,9252,9629,3.055,625
RAW,460.8,9261,9626,3.104,635
RAW,461.1,9262,9631,3.050,624
RAW,461.1,9256,9632,2.996,613
RAW,461.1,9255,9629,3.001,614
RAW,461.4,9258,9630,3.006,615
RAW,461.4,9262,9631,3.016,617
RAW,461.4,9262,9633,3.006,615
RAW,461.7,9264,9634,3.016,617
RAW,461.7,9260,9633,3.006,615
RAW,461.7,9263,9632,3.006,615
RAW,462.0,9260,9642,2.996,613
RAW,462.0,9265,9633,2.991,612
RAW,462.0,9263,9628,3.001,614
RAW,462.3,9267,9637,2.996,613
RAW,462.3,9267,9638,2.991,612
RAW,462.3,9262,9636,2.991,612
RAW,462.6,9265,9630,2.991,612
RAW,462.6,9267,9636,3.021,618
RAW,462.6,9262,9641,3.021,618
RAW,463.0,9261,9636,2.923,598
RAW,463.0,9263,9637,3.025,619
RAW,463.0,9262,9637,3.025,619
RAW,463.3,9265,9634,2.991,612
RAW,463.3,9262,9635,3.001,614
RAW,463.3,9261,9632,2.996,613
RAW,463.6,9265,9636,3.011,616
RAW,463.6,9267,9639,3.011,616
RAW,463.6,9270,9635,3.011,616
RAW,463.9,9274,9636,3.001,614
RAW,463.9,9271,9635,3.025,619
RAW,463.9,9273,9636,3.001,614
RAW,464.2,9272,9644,2.986,611
RAW,464.2,9275,9635,3.025,619
RAW,464.2,9267,9633,3.001,614
RAW,464.5,9273,9635,2.996,613
RAW,464.5,9274,9628,3.001,614
RAW,464.5,9275,9634,3.035,621
RAW,464.8,9266,9640,3.006,615
RAW,464.8,9270,9636,3.069,628
RAW,464.8,9272,9636,3.045,623
RAW,465.1,9276,9646,3.060,626
RAW,465.1,9270,9639,3.069,628
RAW,465.1,9270,9639,3.069,628
RAW,465.4,9270,9634,3.055,625
RAW,465.4,9273,9637,3.055,625
RAW,465.4,9273,9637,3.069,628
RAW,465.7,9272,9629,3.050,624
RAW,465.7,9272,9635,3.055,625
RAW,465.7,9271,9628,3.006,615
RAW,466.0,9265,9624,3.045,623
RAW,466.0,9265,9627,3.001,614
RAW,466.0,9269,9634,3.006,615
RAW,466.3,9260,9623,2.937,601
RAW,466.3,9254,9622,3.001,614
RAW,466.3,9259,9628,3.001,614
RAW,466.6,9257,9620,2.996,613
RAW,466.6,9254,9622,3.001,614
RAW,466.6,9251,9623,3.001,614
RAW,466.9,9251,9622,3.001,614
RAW,466.9,9245,9623,3.035,621
RAW,466.9,9249,9623,3.040,622
RAW,467.2,9246,9616,3.050,624
RAW,467.2,9255,9621,3.055,625
RAW,467.2,9253,9615,3.065,627
RAW,467.5,9251,9625,3.030,620
RAW,467.5,9251,9619,3.045,623
RAW,467.5,9244,9617,3.060,626
RAW,467.8,9255,9621,3.040,622
RAW,467.8,9255,9621,3.011,616
RAW,467.8,9245,9624,3.001,614
RAW,468.1,9249,9619,3.016,617
RAW,468.1,9256,9623,3.006,615
RAW,468.1,9250,9623,3.001,614
RAW,468.4,9254,9628,3.016,617
RAW,468.4,9245,9623,3.025,619
RAW,468.4,9253,9622,3.025,619
RAW,468.7,9248,9621,2.991,612
RAW,468.7,9248,9627,2.991,612
RAW,468.7,9254,9625,2.996,613
RAW,469.0,9253,9624,3.035,621
RAW,469.0,9253,9625,2.996,613
RAW,469.0,9255,9620,2.996,613
RAW,469.3,9251,9622,3.011,616
RAW,469.3,9257,9622,3.001,614
RAW,469.3,9264,9621,3.025,619
RAW,469.6,9258,9626,2.991,612
RAW,469.6,9253,9622,2.996,613
RAW,469.6,9257,9628,2.991,612
RAW,470.0,9255,9628,2.991,612
RAW,470.0,9257,9632,3.006,615
RAW,470.0,9259,9624,3.001,614
RAW,470.3,9264,9630,3.001,614
RAW,470.3,9270,9634,3.025,619
RAW,470.3,9260,9618,3.006,615
RAW,470.6,9259,9627,3.016,617
RAW,470.6,9261,9626,2.991,612
RAW,470.6,9261,9627,3.001,614
RAW,470.9,9259,9623,2.996,613
RAW,470.9,9261,9624,2.996,613
RAW,470.9,9264,9623,2.977,609
RAW,471.2,9268,9624,3.001,614
RAW,471.2,9265,9625,2.996,613
RAW,471.2,9261,9624,3.030,620
RAW,471.5,9263,9631,3.011,616
RAW,471.5,9273,9626,3.065,627
RAW,471.5,9263,9627,3.084,631
RAW,471.8,9265,9623,3.050,624
RAW,471.8,9265,9627,3.065,627
RAW,471.8,9266,9619,3.065,627
RAW,472.1,9267,9627,3.060,626
RAW,472.1,9262,9620,3.060,626
RAW,472.1,9263,9626,3.060,626
RAW,472.4,9269,9623,3.074,629
RAW,472.4,9267,9622,3.079,630
RAW,472.4,9268,9626,3.006,615
RAW,472.7,9262,9623,3.069,628
RAW,472.7,9267,9624,3.016,617
RAW,472.7,9271,9620,3.021,618
RAW,473.0,9260,9615,3.001,614
RAW,473.0,9260,9617,3.001,614
RAW,473.0,9260,9616,3.030,620
RAW,473.3,9258,9620,2.991,612
RAW,473.3,9257,9614,3.006,615
RAW,473.3,9255,9609,3.001,614
RAW,473.6,9258,9618,3.006,615
RAW,473.6,9253,9617,3.030,620
RAW,473.6,9252,9608,3.050,624
RAW,473.9,9250,9620,3.040,622
RAW,473.9,9256,9615,3.074,629
RAW,473.9,9257,9614,3.050,624
RAW,474.2,9249,9613,3.050,624
RAW,474.2,9255,9611,3.050,624
RAW,474.2,9248,9611,3.055,625
RAW,474.5,9243,9612,3.045,623
RAW,474.5,9240,9611,3.021,618
RAW,474.5,9241,9611,2.996,613
RAW,474.8,9256,9612,3.016,617
RAW,474.8,9242,9611,3.011,616
RAW,474.8,9244,9612,3.006,615
RAW,475.1,9256,9618,3.006,615
RAW,475.1,9252,9612,3.016,617
RAW,475.1,9244,9609,3.011,616
RAW,475.4,9250,9612,3.065,627
RAW,475.4,9248,9618,2.996,613
RAW,475.4,9251,9617,2.996,613
RAW,475.7,9242,9613,3.021,618
RAW,475.7,9253,9617,3.030,620
RAW,475.7,9252,9619,3.006,615
RAW,476.0,9253,9619,3.006,615
RAW,476.0,9252,9618,3.011,616
RAW,476.0,9248,9613,3.001,614
RAW,476.3,9258,9617,2.991,612
RAW,476.3,9251,9620,3.001,614
RAW,476.3,9251,9618,3.001,614
RAW,476.6,9255,9610,3.006,615
RAW,476.6,9259,9614,2.991,612
RAW,476.6,9258,9612,2.991,612
RAW,477.0,9260,9613,3.006,615
RAW,477.0,9253,9618,3.006,615
RAW,477.0,9260,9614,3.006,615
RAW,477.3,9258,9618,3.011,616
RAW,477.3,9253,9614,3.011,616
RAW,477.3,9254,9616,3.006,615
RAW,477.5,9258,9616,2.991,612
RAW,477.5,9257,9622,3.001,614
RAW,477.5,9253,9617,3.006,615
RAW,477.9,9261,9619,3.011,616
RAW,477.9,9266,9613,3.011,616
RAW,477.9,9256,9621,3.030,620
RAW,478.2,9261,9625,3.011,616
RAW,478.2,9265,9617,3.045,623
RAW,478.2,9254,9618,3.060,626
RAW,478.5,9261,9615,3.060,626
RAW,478.5,9264,9623,3.060,626
RAW,478.5,9252,9616,3.055,625
RAW,478.8,9267,9617,3.060,626
RAW,478.8,9264,9624,3.060,626
RAW,478.8,9263,9622,3.060,626
RAW,479.1,9273,9619,3.060,626
RAW,479.1,9266,9623,3.074,629
RAW,479.1,9266,9620,3.030,620
RAW,479.4,9268,9619,3.069,628
RAW,479.4,9269,9621,3.006,615
RAW,479.4,9265,9619,3.030,620
RAW,479.7,9271,9620,3.006,615
RAW,479.7,9271,9620,3.011,616
RAW,479.7,9272,9623,3.001,614
RAW,480.0,9265,9609,2.991,612
RAW,480.0,9269,9618,3.055,625
RAW,480.0,9264,9615,3.001,614
RAW,480.3,9262,9617,2.986,611
RAW,480.3,9264,9621,3.011,616
RAW,480.3,9264,9616,3.030,620
RAW,480.6,9261,9605,3.001,614
RAW,480.6,9258,9611,3.040,622
RAW,480.6,9268,9606,3.069,628
RAW,480.9,9255,9610,3.040,622
RAW,480.9,9254,9616,3.050,624
RAW,480.9,9259,9606,3.035,621
RAW,481.2,9252,9612,3.060,626
RAW,481.2,9253,9611,3.050,624
RAW,481.2,9256,9606,3.011,616
RAW,481.5,9252,9608,2.996,613
RAW,481.5,9252,9607,3.001,614
RAW,481.8,9257,9613,3.011,616
RAW,481.8,9247,9611,2.996,613
RAW,481.8,9251,9609,3.001,614
RAW,482.1,9257,9614,3.001,614
RAW,482.1,9252,9612,2.991,612
RAW,482.1,9255,9616,2.991,612
RAW,482.4,9264,9618,3.006,615
RAW,482.4,9258,9614,3.001,614
RAW,482.4,9256,9616,3.030,620
RAW,482.7,9273,9621,3.016,617
RAW,482.7,9263,9618,3.025,619
RAW,482.7,9268,9619,3.011,616
RAW,483.0,9279,9624,2.986,611
RAW,483.0,9276,9625,3.001,614
RAW,483.0,9274,9623,3.006,615
RAW,483.3,9280,9625,2.991,612
RAW,483.3,9280,9628,3.006,615
RAW,483.3,9281,9629,2.996,613
RAW,483.6,9287,9632,2.996,613
RAW,483.6,9282,9631,3.006,615
RAW,483.6,9288,9630,3.016,617
RAW,483.9,9294,9634,3.001,614
RAW,483.9,9290,9629,3.001,614
RAW,483.9,9286,9636,2.991,612
RAW,484.3,9293,9634,2.996,613
RAW,484.3,9295,9637,2.991,612
RAW,484.3,9297,9633,3.006,615
RAW,484.5,9300,9643,3.021,618
RAW,484.5,9300,9638,3.016,617
RAW,484.5,9292,9634,3.021,618
RAW,484.9,9297,9636,2.991,612
RAW,484.9,9286,9634,3.025,619
RAW,484.9,9292,9635,3.065,627
RAW,485.2,9295,9636,2.996,613
RAW,485.2,9296,9640,3.045,623
RAW,485.2,9286,9633,3.011,616
RAW,485.5,9298,9639,3.050,624
RAW,485.5,9293,9637,3.050,624
RAW,485.5,9294,9636,3.060,626
RAW,485.8,9294,9645,3.065,627
RAW,485.8,9294,9634,3.060,626
RAW,485.8,9292,9629,3.060,626
RAW,486.1,9305,9639,3.060,626
RAW,486.1,9301,9633,3.079,630
RAW,486.1,9304,9631,3.006,615
RAW,486.4,9304,9640,3.045,623
RAW,486.4,9298,9637,3.011,616
RAW,486.4,9304,9635,3.021,618
RAW,486.7,9303,9635,3.016,617
RAW,486.7,9298,9635,3.001,614
RAW,486.7,9307,9635,3.006,615
RAW,487.0,9293,9637,3.006,615
RAW,487.0,9301,9632,3.016,617
RAW,487.0,9301,9631,3.006,615
RAW,487.3,9288,9629,2.996,613
RAW,487.3,9294,9625,3.006,615
RAW,487.3,9297,9626,3.040,622
RAW,487.6,9278,9627,3.030,620
RAW,487.6,9281,9620,3.030,620
RAW,487.6,9285,9624,3.069,628
RAW,487.9,9278,9624,3.045,623
RAW,487.9,9273,9623,3.065,627
RAW,487.9,9274,9623,3.069,628
RAW,488.2,9279,9619,3.050,624
RAW,488.2,9279,9620,3.065,627
RAW,488.2,9277,9621,3.030,620
RAW,488.5,9269,9614,3.016,617
RAW,488.5,9275,9614,3.001,614
RAW,488.5,9273,9616,3.016,617
RAW,488.8,9272,9628,3.001,614
RAW,488.8,9269,9625,2.996,613
RAW,488.8,9267,9619,3.006,615
RAW,489.1,9263,9617,3.001,614
RAW,489.1,9270,9619,3.030,620
RAW,489.1,9270,9621,3.030,620
RAW,489.4,9276,9621,3.006,615
RAW,489.4,9273,9622,3.025,619
RAW,489.4,9269,9620,3.011,616
RAW,489.7,9277,9619,2.991,612
RAW,489.7,9274,9619,2.991,612
RAW,489.7,9273,9617,3.001,614
RAW,490.0,9289,9623,3.021,618
RAW,490.0,9287,9624,3.021,618
RAW,490.0,9277,9626,2.996,613
RAW,490.3,9294,9619,3.011,616
RAW,490.3,9287,9626,3.011,616
RAW,490.3,9290,9627,3.001,614
RAW,490.6,9294,9628,2.986,611
RAW,490.6,9290,9629,3.006,615
RAW,490.6,9288,9620,2.991,612
RAW,490.9,9283,9625,2.996,613
RAW,490.9,9285,9625,2.996,613
RAW,490.9,9284,9626,2.996,613
RAW,491.2,9286,9621,2.996,613
RAW,491.2,9292,9623,3.006,615
RAW,491.2,9283,9628,3.030,620
RAW,491.5,9285,9625,3.006,615
RAW,491.5,9287,9622,3.021,618
RAW,491.5,9280,9628,3.011,616
RAW,491.9,9293,9621,3.001,614
RAW,491.9,9291,9620,3.030,620
RAW,491.9,9280,9625,3.055,625
RAW,492.2,9295,9622,3.040,622
RAW,492.2,9291,9628,3.050,624
RAW,492.2,9285,9620,3.055,625
RAW,492.5,9297,9627,3.045,623
RAW,492.5,9300,9625,3.069,628
RAW,492.5,9295,9624,3.079,630
RAW,492.8,9294,9616,3.055,625
RAW,492.8,9292,9618,3.060,626
RAW,492.8,9289,9617,3.016,617
RAW,493.1,9294,9614,3.060,626
RAW,493.1,9288,9619,3.011,616
RAW,493.1,9297,9614,3.001,614
RAW,493.4,9284,9614,3.035,621
RAW,493.4,9281,9619,3.025,619
RAW,493.4,9283,9613,3.021,618
RAW,493.7,9289,9617,3.001,614
RAW,493.7,9284,9614,3.030,620
RAW,493.7,9283,9612,3.025,619
RAW,494.0,9278,9614,3.001,614
RAW,494.0,9278,9613,2.996,613
RAW,494.0,9283,9612,3.030,620
RAW,494.3,9271,9603,3.006,615
RAW,494.3,9275,9607,3.040,622
RAW,494.3,9282,9602,3.035,621
RAW,494.6,9268,9610,3.055,625
RAW,494.6,9269,9608,3.065,627
RAW,494.6,9265,9601,3.050,624
RAW,494.9,9271,9606,3.050,624
RAW,494.9,9266,9611,3.050,624
RAW,494.9,9272,9604,3.001,614
RAW,495.2,9269,9607,2.996,613
RAW,495.2,9271,9606,2.991,612
RAW,495.5,9273,9604,3.021,618
RAW,495.5,9267,9601,3.011,616
RAW,495.5,9268,9602,3.001,614
RAW,495.8,9274,9611,3.025,619
RAW,495.8,9269,9611,2.996,613
RAW,495.8,9268,9607,3.016,617
RAW,496.1,9277,9611,2.991,612
RAW,496.1,9278,9610,2.996,613
RAW,496.1,9275,9608,2.996,613
RAW,496.4,9280,9618,2.996,613
RAW,496.4,9281,9609,3.011,616
RAW,496.4,9278,9610,2.991,612
RAW,496.7,9290,9616,2.991,612
RAW,496.7,9284,9619,3.030,620
RAW,496.7,9280,9609,3.021,618
RAW,497.0,9286,9615,3.016,617
RAW,497.0,9291,9615,3.001,614
RAW,497.0,9284,9614,3.030,620
RAW,497.3,9297,9618,2.996,613
RAW,497.3,9286,9613,2.996,613
RAW,497.3,9287,9615,2.996,613
RAW,497.6,9292,9620,2.991,612
RAW,497.6,9300,9611,2.996,613
RAW,497.6,9294,9615,2.996,613
RAW,497.9,9295,9615,2.996,613
RAW,497.9,9298,9614,3.011,616
RAW,497.9,9298,9613,2.962,606
RAW,498.2,9303,9621,2.996,613
RAW,498.2,9304,9618,3.011,616
RAW,498.2,9305,9619,3.021,618
RAW,498.5,9307,9618,2.996,613
RAW,498.5,9306,9608,3.001,614
RAW,498.5,9308,9615,3.045,623
RAW,498.9,9300,9620,3.011,616
RAW,498.9,9304,9625,3.069,628
RAW,498.9,9301,9624,3.045,623
RAW,499.1,9298,9614,3.050,624
RAW,499.1,9302,9620,3.079,630
RAW,499.1,9302,9624,3.089,632
RAW,499.5,9294,9624,3.050,624
RAW,499.5,9308,9615,3.055,625
RAW,499.5,9302,9615,3.050,624
RAW,499.8,9306,9614,3.055,625
RAW,499.8,9307,9616,3.060,626
RAW,499.8,9304,9614,3.006,615
RAW,500.1,9304,9620,3.055,625
RAW,500.1,9310,9616,3.001,614
RAW,500.1,9308,9621,3.030,620
RAW,500.4,9313,9616,3.030,620
RAW,500.4,9307,9617,3.021,618
RAW,500.4,9309,9619,3.011,616
RAW,500.7,9308,9615,2.991,612
RAW,500.7,9304,9620,2.991,612
RAW,500.7,9304,9619,2.991,612
RAW,501.0,9298,9612,2.996,613
RAW,501.0,9307,9608,3.040,622
RAW,501.0,9307,9616,3.035,621
RAW,501.3,9305,9617,3.045,623
RAW,501.3,9297,9607,3.050,624
RAW,501.3,9303,9607,3.069,628
RAW,501.6,9287,9602,3.040,622
RAW,501.6,9286,9612,3.050,624
RAW,501.6,9297,9614,3.065,627
RAW,501.9,9272,9601,3.055,625
RAW,501.9,9276,9599,3.030,620
RAW,501.9,9285,9601,2.991,612
RAW,502.2,9272,9603,3.055,625
RAW,502.2,9264,9594,3.006,615
RAW,502.2,9273,9598,3.016,617
RAW,502.5,9279,9595,3.025,619
RAW,502.5,9277,9603,3.016,617
RAW,502.5,9267,9599,3.030,620
RAW,502.8,9294,9600,2.991,612
RAW,502.8,9291,9607,3.006,615
RAW,502.8,9285,9605,3.001,614
RAW,503.1,9296,9610,2.991,612
RAW,503.1,9303,9610,2.991,612
RAW,503.1,9295,9606,2.996,613
RAW,503.4,9301,9615,2.991,612
RAW,503.4,9303,9607,3.001,614
RAW,503.4,9297,9614,2.996,613
RAW,503.7,9300,9613,3.011,616
RAW,503.7,9307,9620,3.030,620
RAW,503.7,9298,9610,3.021,618
RAW,504.0,9301,9613,3.001,614
RAW,504.0,9302,9615,2.991,612
RAW,504.0,9297,9617,2.996,613
RAW,504.3,9295,9607,3.030,620
RAW,504.3,9300,9612,2.996,613
RAW,504.3,9300,9608,2.991,612
RAW,504.6,9303,9612,3.021,618
RAW,504.6,9297,9613,3.016,617
RAW,504.6,9303,9606,3.025,619
RAW,504.9,9308,9619,3.069,628
RAW,504.9,9308,9619,2.996,613
RAW,504.9,9300,9608,2.996,613
RAW,505.2,9305,9609,2.991,612
RAW,505.2,9298,9609,3.006,615
RAW,505.2,9309,9618,2.991,612
RAW,505.5,9306,9606,3.001,614
RAW,505.5,9307,9610,3.021,618
RAW,505.5,9302,9614,3.055,625
RAW,505.9,9313,9608,3.045,623
RAW,505.9,9311,9616,3.065,627
RAW,505.9,9302,9614,3.065,627
RAW,506.1,9312,9620,3.050,624
RAW,506.1,9309,9608,3.065,627
RAW,506.1,9309,9617,3.060,626
RAW,506.5,9310,9611,3.055,625
RAW,506.5,9313,9612,3.065,627
RAW,506.5,9311,9616,3.045,623
RAW,506.8,9313,9619,3.055,625
RAW,506.8,9311,9617,3.040,622
RAW,506.8,9313,9616,3.035,621
RAW,507.1,9310,9611,3.011,616
RAW,507.1,9311,9611,3.025,619
RAW,507.1,9309,9621,3.035,621
RAW,507.4,9315,9612,2.986,611
RAW,507.4,9312,9612,3.006,615
RAW,507.4,9316,9610,2.996,613
RAW,507.7,9303,9610,3.025,619
RAW,507.7,9314,9611,3.035,621
RAW,507.7,9312,9610,3.025,619
RAW,508.0,9304,9603,3.016,617
RAW,508.0,9307,9609,3.055,625
RAW,508.0,9304,9602,3.050,624
RAW,508.3,9300,9604,3.030,620
RAW,508.3,9306,9611,3.050,624
RAW,508.3,9302,9606,3.055,625
RAW,508.6,9298,9603,3.045,623
RAW,508.6,9299,9606,3.050,624
RAW,508.6,9301,9604,3.030,620
RAW,508.9,9295,9606,3.035,621
RAW,508.9,9303,9604,3.021,618
RAW,508.9,9299,9612,3.001,614
RAW,509.2,9297,9610,3.016,617
RAW,509.2,9299,9607,3.030,620
RAW,509.2,9294,9604,2.996,613
RAW,509.5,9296,9603,2.893,592
RAW,509.5,9301,9601,3.006,615
RAW,509.5,9298,9601,3.001,614
RAW,509.8,9292,9603,2.991,612
RAW,509.8,9296,9607,3.001,614
RAW,509.8,9304,9606,3.006,615
RAW,510.1,9297,9604,3.021,618
RAW,510.1,9301,9609,3.016,617
RAW,510.1,9300,9602,3.011,616
RAW,510.4,9297,9603,2.991,612
RAW,510.4,9302,9604,2.991,612
RAW,510.4,9303,9603,3.006,615
RAW,510.7,9304,9605,2.996,613
RAW,510.7,9304,9606,3.021,618
RAW,510.7,9303,9605,3.001,614
RAW,511.0,9300,9609,3.016,617
RAW,511.0,9304,9613,3.021,618
RAW,511.0,9307,9604,3.011,616
RAW,511.3,9310,9610,3.001,614
RAW,511.3,9306,9606,3.001,614
RAW,511.3,9311,9610,3.025,619
RAW,511.6,9307,9606,3.001,614
RAW,511.6,9308,9608,2.996,613
RAW,511.6,9309,9604,2.972,608
RAW,511.9,9311,9610,2.996,613
RAW,511.9,9313,9617,2.991,612
RAW,511.9,9314,9609,3.006,615
RAW,512.2,9317,9610,3.011,616
RAW,512.2,9313,9607,3.016,617
RAW,512.2,9314,9613,3.040,622
RAW,512.5,9316,9609,3.016,617
RAW,512.5,9321,9612,3.089,632
RAW,512.5,9318,9611,3.079,630
RAW,512.8,9317,9612,3.035,621
RAW,512.8,9319,9615,3.050,624
RAW,512.8,9316,9611,3.045,623
RAW,513.2,9328,9618,3.069,628
RAW,513.2,9320,9610,3.065,627
RAW,513.2,9318,9613,3.050,624
RAW,513.5,9320,9611,3.074,629
RAW,513.5,9317,9612,3.069,628
RAW,513.5,9323,9613,3.030,620
RAW,513.8,9328,9613,3.069,628
RAW,513.8,9331,9604,3.016,617
RAW,513.8,9325,9613,3.006,615
RAW,514.1,9324,9610,3.001,614
RAW,514.1,9330,9616,3.001,614
RAW,514.1,9323,9609,3.030,620
RAW,514.4,9320,9610,3.001,614
RAW,514.4,9329,9614,3.011,616
RAW,514.4,9329,9614,3.021,618
RAW,514.7,9315,9608,3.011,616
RAW,514.7,9319,9603,3.030,620
RAW,514.7,9327,9616,3.030,620
RAW,515.0,9308,9597,3.011,616
RAW,515.0,9314,9603,3.035,621
RAW,515.0,9319,9598,3.050,624
RAW,515.3,9302,9600,3.035,621
RAW,515.3,9309,9600,3.035,621
RAW,515.3,9314,9601,3.045,623
RAW,515.6,9306,9596,3.055,625
RAW,515.6,9302,9598,3.069,628
RAW,515.6,9306,9602,3.021,618
RAW,515.9,9292,9594,3.030,620
RAW,515.9,9304,9595,3.030,620
RAW,516.2,9294,9598,3.001,614
RAW,516.2,9300,9594,3.006,615
RAW,516.2,9295,9594,3.021,618
RAW,516.5,9299,9593,3.001,614
RAW,516.5,9300,9601,3.030,620
RAW,516.5,9295,9594,3.006,615
RAW,516.8,9301,9596,3.011,616
RAW,516.8,9298,9595,3.016,617
RAW,516.8,9292,9601,3.021,618
RAW,517.1,9303,9609,2.991,612
RAW,517.1,9305,9599,3.016,617
RAW,517.1,9307,9592,2.996,613
RAW,517.4,9306,9604,2.986,611
RAW,517.4,9309,9603,2.991,612
RAW,517.4,9308,9605,3.045,623
RAW,517.7,9311,9604,2.991,612
RAW,517.7,9310,9600,2.996,613
RAW,517.7,9313,9603,3.001,614
RAW,518.0,9312,9602,3.025,619
RAW,518.0,9308,9612,3.016,617
RAW,518.0,9313,9608,3.016,617
RAW,518.3,9309,9602,2.991,612
RAW,518.3,9313,9607,2.991,612
RAW,518.3,9314,9604,3.001,614
RAW,518.6,9312,9604,3.016,617
RAW,518.6,9311,9602,2.991,612
RAW,518.6,9307,9608,2.991,612
RAW,518.9,9322,9604,3.001,614
RAW,518.9,9313,9613,3.016,617
RAW,518.9,9307,9607,3.030,620
RAW,519.2,9313,9612,3.001,614
RAW,519.2,9318,9603,3.001,614
RAW,519.2,9308,9615,3.030,620
RAW,519.5,9319,9615,3.011,616
RAW,519.5,9316,9615,3.035,621
RAW,519.5,9311,9608,3.050,624
RAW,519.8,9320,9610,3.040,622
RAW,519.8,9321,9613,3.065,627
RAW,519.8,9322,9609,3.079,630
RAW,520.1,9333,9609,3.079,630
RAW,520.1,9328,9619,3.055,625
RAW,520.1,9319,9606,3.069,628
RAW,520.5,9332,9615,3.055,625
RAW,520.5,9326,9611,3.065,627
RAW,520.5,9323,9612,2.996,613
RAW,520.7,9335,9610,3.050,624
RAW,520.7,9334,9622,3.011,616
RAW,520.7,9328,9616,3.025,619
RAW,521.0,9333,9619,3.011,616
RAW,521.0,9334,9611,3.016,617
RAW,521.0,9334,9617,3.030,620
RAW,521.4,9336,9607,2.991,612
RAW,521.4,9335,9620,3.011,616
RAW,521.4,9336,9611,3.030,620
RAW,521.7,9325,9613,3.001,614
RAW,521.7,9335,9614,3.001,614
RAW,521.7,9335,9612,3.050,624
RAW,522.0,9325,9608,3.016,617
RAW,522.0,9323,9609,3.055,625
RAW,522.0,9320,9611,3.065,627
RAW,522.3,9315,9607,3.055,625
RAW,522.3,9322,9614,3.050,624
RAW,522.3,9316,9613,3.050,624
RAW,522.6,9308,9603,3.099,634
RAW,522.6,9313,9612,3.040,622
RAW,522.6,9314,9605,3.011,616
RAW,522.9,9303,9595,3.006,615
RAW,522.9,9304,9606,3.021,618
RAW,523.2,9298,9598,3.001,614
RAW,523.2,9306,9603,3.006,615
RAW,523.2,9306,9596,3.011,616
RAW,523.5,9297,9598,3.011,616
RAW,523.5,9298,9597,3.021,618
RAW,523.5,9304,9599,3.006,615
RAW,523.8,9305,9596,3.006,615
RAW,523.8,9304,9601,2.991,612
RAW,523.8,9304,9591,3.006,615
RAW,524.1,9311,9601,3.001,614
RAW,524.1,9308,9597,2.996,613
RAW,524.1,9314,9598,2.991,612
RAW,524.4,9315,9604,3.011,616
RAW,524.4,9318,9601,2.991,612
RAW,524.4,9313,9603,3.025,619
RAW,524.7,9315,9610,2.996,613
RAW,524.7,9313,9611,3.006,615
RAW,524.7,9316,9606,3.011,616
RAW,525.0,9315,9609,2.996,613
RAW,525.0,9315,9606,2.996,613
RAW,525.0,9318,9603,3.001,614
RAW,525.3,9315,9608,3.006,615
RAW,525.3,9314,9602,3.016,617
RAW,525.3,9314,9605,3.011,616
RAW,525.6,9311,9605,3.011,616
RAW,525.6,9318,9607,3.016,617
RAW,525.6,9312,9605,3.011,616
RAW,525.9,9314,9608,2.996,613
RAW,525.9,9312,9607,3.001,614
RAW,525.9,9313,9609,3.011,616
RAW,526.2,9310,9607,2.996,613
RAW,526.2,9305,9600,2.991,612
RAW,526.2,9306,9604,3.035,621
RAW,526.5,9318,9604,2.996,613
RAW,526.5,9314,9605,3.050,624
RAW,526.5,9313,9608,3.074,629
RAW,526.8,9316,9601,3.055,625
RAW,526.8,9315,9609,3.069,628
RAW,526.8,9313,9611,3.069,628
RAW,527.1,9319,9608,3.045,623
RAW,527.1,9318,9612,3.060,626
RAW,527.1,9317,9604,3.050,624
RAW,527.4,9321,9602,3.084,631
RAW,527.4,9319,9606,3.065,627
RAW,527.4,9322,9607,3.006,615
RAW,527.7,9319,9607,3.084,631
RAW,527.7,9324,9609,3.025,619
RAW,527.7,9316,9607,3.006,615
RAW,528.0,9329,9608,3.006,615
RAW,528.0,9325,9604,3.001,614
RAW,528.0,9321,9608,3.006,615
RAW,528.3,9321,9609,3.006,615
RAW,528.3,9322,9612,3.001,614
RAW,528.3,9330,9616,3.016,617
RAW,528.7,9322,9605,2.991,612
RAW,528.7,9330,9605,3.016,617
RAW,528.7,9333,9615,3.055,625
RAW,529.0,9315,9600,2.947,603
RAW,529.0,9318,9603,3.045,623
RAW,529.0,9317,9606,3.045,623
RAW,529.3,9306,9601,3.045,623
RAW,529.3,9307,9601,3.040,622
RAW,529.3,9309,9601,3.045,623
RAW,529.6,9300,9597,3.050,624
RAW,529.6,9306,9594,3.045,623
RAW,529.6,9306,9598,3.011,616
RAW,529.9,9296,9587,3.006,615
RAW,529.9,9295,9593,3.011,616
RAW,530.2,9292,9595,2.996,613
RAW,530.2,9295,9597,3.011,616
RAW,530.2,9299,9592,3.025,619
RAW,530.5,9293,9589,2.996,613
RAW,530.5,9289,9588,3.006,615
RAW,530.5,9290,9600,2.996,613
RAW,530.8,9286,9586,3.016,617
RAW,530.8,9293,9591,3.016,617
RAW,530.8,9292,9592,3.006,615
RAW,531.1,9285,9585,3.001,614
RAW,531.1,9288,9584,3.021,618
RAW,531.1,9293,9589,2.986,611
RAW,531.4,9287,9585,2.996,613
RAW,531.4,9290,9589,3.001,614
RAW,531.4,9288,9584,3.006,615
RAW,531.7,9285,9587,2.991,612
RAW,531.7,9288,9584,3.001,614
RAW,531.7,9283,9586,3.001,614
RAW,532.0,9288,9583,2.996,613
RAW,532.0,9290,9588,2.991,612
RAW,532.0,9290,9583,2.991,612
RAW,532.3,9297,9584,3.016,617
RAW,532.3,9291,9591,3.016,617
RAW,532.3,9290,9592,3.021,618
RAW,532.6,9288,9585,2.991,612
RAW,532.6,9294,9586,2.996,613
RAW,532.6,9290,9593,2.986,611
RAW,532.9,9288,9594,3.021,618
RAW,532.9,9291,9585,2.991,612
RAW,532.9,9288,9592,3.001,614
RAW,533.2,9287,9588,3.030,620
RAW,533.2,9296,9588,3.021,618
RAW,533.2,9290,9580,3.050,624
RAW,533.5,9285,9590,2.952,604
RAW,533.5,9289,9591,3.050,624
RAW,533.5,9281,9587,3.055,625
RAW,533.8,9292,9591,3.040,622
RAW,533.8,9291,9591,3.069,628
RAW,533.8,9287,9590,3.050,624
RAW,534.1,9294,9589,3.050,624
RAW,534.1,9289,9589,3.060,626
RAW,534.1,9288,9589,3.084,631
RAW,534.4,9294,9587,3.074,629
RAW,534.4,9298,9596,3.060,626
RAW,534.4,9292,9579,3.011,616
RAW,534.7,9298,9592,3.050,624
RAW,534.7,9300,9590,3.006,615
RAW,534.7,9294,9585,3.001,614
RAW,535.0,9305,9597,3.006,615
RAW,535.0,9302,9595,3.006,615
RAW,535.0,9307,9587,2.991,612
RAW,535.3,9298,9588,3.006,615
RAW,535.3,9310,9590,3.025,619
RAW,535.3,9305,9589,3.030,620
RAW,535.7,9297,9583,2.996,613
RAW,535.7,9295,9585,3.035,621
RAW,535.7,9298,9592,3.069,628
RAW,536.0,9283,9578,3.030,620
RAW,536.0,9294,9579,3.045,623
RAW,536.0,9287,9578,3.050,624
RAW,536.3,9282,9581,3.060,626
RAW,536.3,9281,9583,3.060,626
RAW,536.3,9278,9575,3.045,623
RAW,536.6,9283,9580,3.065,627
RAW,536.6,9277,9571,3.040,622
RAW,536.6,9284,9578,3.016,617
RAW,536.9,9285,9583,3.021,618
RAW,536.9,9279,9580,3.006,615
RAW,536.9,9276,9575,3.006,615
RAW,537.2,9284,9577,3.006,615
RAW,537.2,9284,9580,2.996,613
RAW,537.2,9277,9576,3.021,618
RAW,537.5,9290,9580,3.011,616
RAW,537.5,9283,9578,3.006,615
RAW,537.5,9285,9579,3.025,619
RAW,537.8,9284,9582,3.050,624
RAW,537.8,9287,9583,3.021,618
RAW,537.8,9292,9582,3.016,617
RAW,538.1,9279,9585,3.001,614
RAW,538.1,9280,9580,3.006,615
RAW,538.1,9279,9577,2.981,610
RAW,538.4,9282,9583,2.991,612
RAW,538.4,9284,9583,2.996,613
RAW,538.4,9284,9574,2.991,612
RAW,538.7,9288,9589,2.996,613
RAW,538.7,9283,9590,2.996,613
RAW,538.7,9289,9580,3.025,619
RAW,539.0,9284,9586,2.996,613
RAW,539.0,9289,9579,2.996,613
RAW,539.0,9283,9580,2.996,613
RAW,539.3,9285,9585,2.996,613
RAW,539.3,9284,9586,3.001,614
RAW,539.3,9285,9581,2.996,613
RAW,539.6,9282,9587,3.025,619
RAW,539.6,9292,9583,3.025,619
RAW,539.6,9287,9591,3.021,618
RAW,539.9,9289,9586,3.001,614
RAW,539.9,9290,9581,3.025,619
RAW,539.9,9287,9585,3.025,619
RAW,540.2,9296,9579,2.986,611
RAW,540.2,9290,9587,3.030,620
RAW,540.2,9291,9593,3.050,624
RAW,540.5,9294,9588,3.030,620
RAW,540.5,9297,9592,3.050,624
RAW,540.5,9288,9586,3.055,625
RAW,540.8,9298,9584,3.065,627
RAW,540.8,9290,9590,3.074,629
RAW,540.8,9292,9591,3.055,625
RAW,541.1,9292,9587,3.055,625
RAW,541.1,9286,9584,3.069,628
RAW,541.1,9292,9586,3.030,620
RAW,541.4,9289,9586,3.065,627
RAW,541.4,9287,9581,3.011,616
RAW,541.4,9290,9588,2.996,613
RAW,541.7,9290,9582,3.030,620
RAW,541.7,9289,9584,3.001,614
RAW,541.7,9293,9582,2.986,611
RAW,542.0,9293,9576,3.025,619
RAW,542.0,9287,9590,3.030,620
RAW,542.0,9289,9579,3.006,615
RAW,542.3,9287,9584,3.001,614
RAW,542.3,9288,9583,2.991,612
RAW,542.3,9289,9579,3.030,620
RAW,542.7,9281,9579,2.991,612
RAW,542.7,9280,9579,3.035,621
RAW,542.7,9284,9579,3.045,623
RAW,543.0,9271,9571,3.050,624
RAW,543.0,9267,9572,3.050,624
RAW,543.0,9278,9568,3.069,628
RAW,543.3,9260,9562,3.069,628
RAW,543.3,9265,9565,3.060,626
RAW,543.3,9268,9567,3.030,620
RAW,543.6,9259,9567,3.021,618
RAW,543.6,9263,9564,2.991,612
RAW,543.9,9263,9563,3.006,615
RAW,543.9,9260,9562,3.001,614
RAW,543.9,9259,9564,3.001,614
RAW,544.2,9251,9562,3.011,616
RAW,544.2,9255,9566,3.016,617
RAW,544.2,9257,9566,3.011,616
RAW,544.5,9258,9566,2.996,613
RAW,544.5,9259,9562,3.006,615
RAW,544.5,9256,9561,3.030,620
RAW,544.8,9247,9566,2.991,612
RAW,544.8,9249,9570,2.991,612
RAW,544.8,9253,9569,3.001,614
RAW,545.1,9256,9562,3.025,619
RAW,545.1,9261,9562,3.025,619
RAW,545.1,9255,9560,3.001,614
RAW,545.4,9257,9561,2.991,612
RAW,545.4,9257,9564,3.030,620
RAW,545.4,9262,9562,3.011,616
RAW,545.7,9256,9563,3.001,614
RAW,545.7,9259,9572,3.011,616
RAW,545.7,9258,9571,2.991,612
RAW,546.0,9258,9564,2.996,613
RAW,546.0,9258,9564,2.996,613
RAW,546.0,9253,9564,2.996,613
RAW,546.3,9266,9564,3.011,616
RAW,546.3,9264,9569,3.025,619
RAW,546.3,9258,9566,3.016,617
RAW,546.6,9262,9563,3.006,615
RAW,546.6,9263,9565,3.021,618
RAW,546.6,9261,9566,3.016,617
RAW,546.9,9265,9565,2.991,612
RAW,546.9,9266,9567,3.001,614
RAW,546.9,9267,9566,3.030,620
RAW,547.2,9260,9564,2.996,613
RAW,547.2,9266,9568,3.035,621
RAW,547.2,9254,9569,3.055,625
RAW,547.5,9260,9563,3.040,622
RAW,547.5,9261,9569,3.065,627
RAW,547.5,9259,9569,3.074,629
RAW,547.8,9258,9571,3.060,626
RAW,547.8,9258,9561,3.065,627
RAW,547.8,9257,9563,3.065,627
RAW,548.1,9258,9569,3.065,627
RAW,548.1,9258,9566,3.084,631
RAW,548.1,9260,9566,3.006,615
RAW,548.4,9259,9565,3.050,624
RAW,548.4,9259,9571,3.025,619
RAW,548.4,9257,9561,3.006,615
RAW,548.7,9261,9562,3.021,618
RAW,548.7,9254,9567,3.030,620
RAW,548.7,9257,9570,3.021,618
RAW,549.0,9258,9559,3.001,614
RAW,549.0,9253,9561,2.991,612
RAW,549.0,9251,9556,3.016,617
RAW,549.3,9252,9556,2.991,612
RAW,549.3,9257,9565,3.001,614
RAW,549.3,9256,9560,3.035,621
RAW,549.7,9238,9559,3.035,621
RAW,549.7,9247,9559,3.050,624
RAW,549.7,9252,9558,3.045,623
RAW,550.0,9246,9552,3.040,622
RAW,550.0,9243,9555,3.074,629
RAW,550.0,9247,9553,3.065,627
RAW,550.3,9234,9546,3.050,624
RAW,550.3,9241,9555,3.045,623
RAW,550.3,9243,9556,3.011,616
RAW,550.6,9235,9545,3.011,616
RAW,550.6,9246,9555,3.001,614
RAW,550.9,9235,9552,2.981,610
RAW,550.9,9227,9553,3.021,618
RAW,550.9,9233,9549,2.991,612
RAW,551.2,9238,9557,3.001,614
RAW,551.2,9239,9551,2.991,612
RAW,551.2,9236,9549,2.996,613
RAW,551.5,9240,9551,2.991,612
RAW,551.5,9239,9553,2.996,613
RAW,551.5,9237,9542,2.986,611
RAW,551.8,9239,9547,3.025,619
RAW,551.8,9237,9548,3.001,614
RAW,551.8,9234,9548,3.021,618
RAW,552.1,9242,9554,3.025,619
RAW,552.1,9242,9560,3.025,619
RAW,552.1,9241,9551,3.011,616
RAW,552.4,9245,9556,2.991,612
RAW,552.4,9237,9555,3.001,614
RAW,552.4,9243,9556,2.991,612
RAW,552.7,9238,9554,2.996,613
RAW,552.7,9239,9551,2.996,613
RAW,552.7,9237,9548,2.991,612
RAW,553.0,9240,9549,2.996,613
RAW,553.0,9234,9556,3.006,615
RAW,553.0,9243,9552,3.006,615
RAW,553.3,9247,9563,2.991,612
RAW,553.3,9244,9557,3.006,615
RAW,553.3,9243,9554,3.035,621
RAW,553.6,9246,9557,3.001,614
RAW,553.6,9245,9564,3.006,615
RAW,553.6,9242,9553,3.006,615
RAW,553.9,9248,9559,2.986,611
RAW,553.9,9244,9559,3.025,619
RAW,553.9,9241,9557,3.050,624
RAW,554.2,9242,9558,3.006,615
RAW,554.2,9238,9561,3.065,627
RAW,554.2,9242,9558,3.079,630
RAW,554.5,9250,9555,3.050,624
RAW,554.5,9247,9551,3.069,628
RAW,554.5,9245,9555,3.060,626
RAW,554.8,9249,9555,3.050,624
RAW,554.8,9252,9558,3.065,627
RAW,554.8,9247,9560,3.060,626
RAW,555.1,9252,9555,3.069,628
RAW,555.1,9243,9555,3.069,628
RAW,555.1,9248,9556,3.006,615
RAW,555.4,9255,9562,3.055,625
RAW,555.4,9250,9555,3.021,618
RAW,555.4,9253,9561,3.035,621
RAW,555.7,9251,9552,3.006,615
RAW,555.7,9255,9560,3.006,615
RAW,555.7,9250,9554,3.001,614
RAW,556.0,9254,9552,3.030,620
RAW,556.0,9254,9553,2.996,613
RAW,556.0,9252,9554,3.001,614
RAW,556.3,9243,9555,3.030,620
RAW,556.3,9247,9555,3.030,620
RAW,556.3,9246,9550,3.065,627
RAW,556.6,9239,9555,3.001,614
RAW,556.6,9232,9546,3.040,622
RAW,556.6,9237,9552,3.050,624
RAW,557.0,9233,9543,3.055,625
RAW,557.0,9230,9549,3.045,623
RAW,557.0,9233,9541,3.040,622
RAW,557.2,9229,9547,3.050,624
RAW,557.2,9232,9546,3.065,627
RAW,557.2,9232,9545,3.030,620
RAW,557.6,9231,9552,3.011,616
RAW,557.6,9229,9553,3.011,616
RAW,557.9,9236,9546,2.991,612
RAW,557.9,9235,9549,3.001,614
RAW,557.9,9231,9547,2.991,612
RAW,558.2,9233,9546,3.001,614
RAW,558.2,9232,9544,3.001,614
RAW,558.2,9234,9550,2.947,603
RAW,558.5,9234,9547,3.011,616
RAW,558.5,9231,9550,3.016,617
RAW,558.5,9234,9548,3.011,616
RAW,558.8,9235,9554,2.996,613
RAW,558.8,9233,9551,2.996,613
RAW,558.8,9229,9549,3.001,614
RAW,559.1,9238,9553,3.001,614
RAW,559.1,9233,9547,2.977,609
RAW,559.1,9236,9553,2.991,612
RAW,559.4,9245,9550,3.011,616
RAW,559.4,9240,9556,3.021,618
RAW,559.4,9243,9555,3.001,614
RAW,559.7,9244,9552,3.021,618
RAW,559.7,9247,9559,3.011,616
RAW,559.7,9236,9550,3.011,616
RAW,560.0,9247,9553,2.991,612
RAW,560.0,9247,9557,2.991,612
RAW,560.0,9243,9552,3.006,615
RAW,560.3,9242,9557,3.001,614
RAW,560.3,9246,9547,3.001,614
RAW,560.3,9242,9550,3.001,614
RAW,560.6,9250,9553,3.030,620
RAW,560.6,9243,9560,3.006,615
RAW,560.6,9245,9547,3.016,617
RAW,560.9,9251,9558,3.030,620
RAW,560.9,9249,9554,3.021,618
RAW,560.9,9247,9557,3.055,625
RAW,561.2,9249,9561,2.991,612
RAW,561.2,9248,9554,3.055,625
RAW,561.2,9249,9551,3.050,624
RAW,561.5,9255,9556,3.055,625
RAW,561.5,9257,9559,3.055,625
RAW,561.5,9244,9557,3.055,625
RAW,561.8,9257,9557,3.079,630
RAW,561.8,9256,9559,3.060,626
RAW,561.8,9259,9564,3.069,628
RAW,562.1,9267,9557,3.055,625
RAW,562.1,9255,9560,3.055,625
RAW,562.1,9253,9559,3.030,620
RAW,562.4,9262,9557,3.040,622
RAW,562.4,9254,9561,3.001,614
RAW,562.4,9257,9559,3.006,615
RAW,562.7,9257,9557,3.016,617
RAW,562.7,9255,9553,3.030,620
RAW,562.7,9259,9560,3.016,617
RAW,563.0,9246,9550,3.016,617
RAW,563.0,9251,9555,3.016,617
RAW,563.0,9247,9558,3.030,620
RAW,563.3,9248,9554,2.991,612
RAW,563.3,9243,9559,3.035,621
RAW,563.3,9245,9553,2.977,609
RAW,563.6,9247,9544,3.030,620
RAW,563.6,9249,9548,3.045,623
RAW,563.6,9242,9548,3.050,624
RAW,563.9,9235,9544,3.055,625
RAW,563.9,9239,9540,3.045,623
RAW,563.9,9237,9541,3.060,626
RAW,564.2,9238,9541,3.065,627
RAW,564.2,9234,9539,3.040,622
RAW,564.2,9234,9542,3.030,620
RAW,564.5,9234,9544,3.001,614
RAW,564.5,9230,9541,3.006,615
RAW,564.5,9238,9543,3.001,614
RAW,564.9,9233,9557,3.011,616
RAW,564.9,9230,9546,3.011,616
RAW,564.9,9233,9549,2.996,613
RAW,565.2,9230,9546,3.069,628
RAW,565.2,9234,9549,3.006,615
RAW,565.2,9232,9549,3.016,617
RAW,565.5,9232,9551,2.991,612
RAW,565.5,9234,9547,2.996,613
RAW,565.5,9227,9545,2.996,613
RAW,565.8,9235,9552,2.991,612
RAW,565.8,9238,9548,3.001,614
RAW,565.8,9229,9549,3.001,614
RAW,566.1,9237,9546,2.991,612
RAW,566.1,9234,9553,3.016,617
RAW,566.1,9234,9550,3.016,617
RAW,566.4,9241,9551,3.025,619
RAW,566.4,9236,9552,3.006,615
RAW,566.4,9235,9551,3.016,617
RAW,566.7,9241,9556,2.996,613
RAW,566.7,9240,9553,2.996,613
RAW,566.7,9237,9552,3.021,618
RAW,567.0,9251,9554,2.996,613
RAW,567.0,9247,9560,2.991,612
RAW,567.0,9249,9560,2.996,613
RAW,567.3,9255,9558,3.025,619
RAW,567.3,9251,9559,3.021,618
RAW,567.3,9249,9559,3.030,620
RAW,567.6,9256,9551,2.991,612
RAW,567.6,9248,9558,3.001,614
RAW,567.6,9256,9557,3.035,621
RAW,567.9,9250,9551,3.006,615
RAW,567.9,9255,9555,3.035,621
RAW,567.9,9251,9554,3.045,623
RAW,568.2,9254,9565,3.050,624
RAW,568.2,9253,9554,3.069,628
RAW,568.2,9256,9563,3.060,626
RAW,568.5,9260,9554,3.060,626
RAW,568.5,9263,9559,3.065,627
RAW,568.5,9260,9561,3.079,630
RAW,568.8,9254,9562,3.050,624
RAW,568.8,9263,9558,3.055,625
RAW,568.8,9256,9558,3.011,616
RAW,569.1,9255,9560,3.050,624
RAW,569.1,9258,9560,2.991,612
RAW,569.1,9258,9552,3.011,616
RAW,569.4,9260,9560,3.030,620
RAW,569.4,9251,9560,2.996,613
RAW,569.4,9257,9560,3.006,615
RAW,569.7,9249,9553,3.030,620
RAW,569.7,9250,9549,3.025,619
RAW,569.7,9258,9559,2.996,613
RAW,570.0,9248,9548,3.006,615
RAW,570.0,9251,9554,3.006,615
RAW,570.0,9251,9555,3.011,616
RAW,570.3,9243,9545,3.006,615
RAW,570.3,9240,9551,3.045,623
RAW,570.3,9252,9546,3.045,623
RAW,570.6,9234,9542,3.069,628
RAW,570.6,9239,9543,3.050,624
RAW,570.6,9239,9546,3.050,624
RAW,570.9,9227,9539,3.035,621
RAW,570.9,9226,9541,3.065,627
RAW,570.9,9230,9545,3.035,621
RAW,571.2,9217,9541,3.011,616
RAW,571.2,9222,9539,3.011,616
RAW,571.5,9222,9529,3.021,618
RAW,571.5,9220,9541,3.030,620
RAW,571.5,9219,9536,3.030,620
RAW,571.9,9226,9538,3.006,615
RAW,571.9,9222,9540,3.021,618
RAW,571.9,9217,9536,3.030,620
RAW,572.2,9230,9535,2.991,612
RAW,572.2,9223,9536,2.991,612
RAW,572.2,9227,9541,2.996,613
RAW,572.5,9231,9537,3.006,615
RAW,572.5,9230,9538,3.006,615
RAW,572.5,9228,9536,3.006,615
RAW,572.8,9223,9540,3.001,614
RAW,572.8,9221,9538,3.006,615
RAW,572.8,9231,9537,2.913,596
RAW,573.1,9223,9534,3.001,614
RAW,573.1,9224,9535,3.025,619
RAW,573.1,9227,9537,3.030,620
RAW,573.4,9228,9540,2.991,612
RAW,573.4,9233,9538,2.996,613
RAW,573.4,9230,9534,2.991,612
RAW,573.7,9229,9544,3.021,618
RAW,573.7,9225,9540,2.991,612
RAW,573.7,9231,9544,3.001,614
RAW,574.0,9228,9543,3.025,619
RAW,574.0,9235,9544,3.025,619
RAW,574.0,9223,9541,3.025,619
RAW,574.3,9234,9542,2.996,613
RAW,574.3,9233,9543,3.006,615
RAW,574.3,9232,9541,3.006,615
RAW,574.6,9242,9544,2.991,612
RAW,574.6,9237,9544,3.001,614
RAW,574.6,9238,9544,3.050,624
RAW,574.9,9235,9541,3.001,614
RAW,574.9,9235,9543,3.050,624
RAW,574.9,9233,9549,3.079,630
RAW,575.2,9237,9546,3.069,628
RAW,575.2,9237,9544,3.055,625
RAW,575.2,9236,9548,3.084,631
RAW,575.5,9241,9547,3.055,625
RAW,575.5,9247,9549,3.069,628
RAW,575.5,9244,9542,3.055,625
RAW,575.8,9242,9543,3.055,625
RAW,575.8,9240,9544,3.050,624
RAW,575.8,9242,9547,3.006,615
RAW,576.1,9241,9547,3.065,627
RAW,576.1,9246,9543,3.016,617
RAW,576.1,9237,9545,3.030,620
RAW,576.4,9244,9547,2.996,613
RAW,576.4,9243,9548,3.011,616
RAW,576.4,9247,9545,3.030,620
RAW,576.7,9245,9540,3.006,615
RAW,576.7,9239,9544,2.996,613
RAW,576.7,9246,9547,3.001,614
RAW,577.0,9240,9535,3.025,619
RAW,577.0,9230,9535,3.035,621
RAW,577.0,9236,9540,3.060,626
RAW,577.3,9234,9540,3.045,623
RAW,577.3,9227,9543,3.055,625
RAW,577.3,9236,9540,3.065,627
RAW,577.6,9223,9538,3.035,621
RAW,577.6,9227,9535,3.060,626
RAW,577.6,9227,9534,3.050,624
RAW,577.9,9223,9526,3.040,622
RAW,577.9,9222,9533,3.035,621
RAW,577.9,9222,9525,3.006,615
RAW,578.2,9222,9531,3.030,620
RAW,578.2,9220,9531,3.006,615
RAW,578.2,9213,9531,3.006,615
RAW,578.5,9220,9540,3.025,619
RAW,578.5,9223,9535,3.030,620
RAW,578.5,9221,9529,3.006,615
RAW,578.8,9222,9539,2.996,613
RAW,578.8,9214,9531,2.996,613
RAW,578.8,9218,9534,3.006,615
RAW,579.2,9218,9535,2.996,613
RAW,579.2,9215,9534,2.991,612
RAW,579.2,9221,9528,2.996,613
RAW,579.5,9218,9535,2.996,613
RAW,579.5,9217,9526,3.016,617
RAW,579.5,9219,9531,3.030,620
RAW,579.8,9211,9523,2.991,612
RAW,579.8,9207,9526,3.006,615
RAW,579.8,9220,9531,3.006,615
RAW,580.1,9209,9535,2.996,613
RAW,580.1,9215,9533,2.996,613
RAW,580.1,9214,9530,2.991,612
RAW,580.4,9220,9531,2.996,613
RAW,580.4,9215,9529,3.006,615
RAW,580.4,9212,9528,3.001,614
RAW,580.7,9225,9535,3.001,614
RAW,580.7,9220,9531,3.001,614
RAW,580.7,9221,9531,3.021,618
RAW,581.0,9236,9549,3.001,614
RAW,581.0,9227,9538,2.991,612
RAW,581.0,9221,9537,3.006,615
RAW,581.3,9230,9539,2.991,612
RAW,581.3,9230,9538,3.001,614
RAW,581.3,9230,9539,3.001,614
RAW,581.6,9242,9548,3.025,619
RAW,581.6,9236,9542,3.011,616
RAW,581.6,9239,9543,3.065,627
RAW,581.9,9236,9539,3.021,618
RAW,581.9,9232,9540,3.084,631
RAW,581.9,9230,9537,3.074,629
RAW,582.2,9237,9537,3.045,623
RAW,582.2,9234,9539,3.055,625
RAW,582.2,9238,9536,3.055,625
RAW,582.5,9236,9536,3.069,628
RAW,582.5,9236,9538,3.065,627
RAW,582.5,9240,9545,3.055,625
RAW,582.8,9245,9541,3.079,630
RAW,582.8,9241,9540,3.045,623
RAW,582.8,9234,9541,3.011,616
RAW,583.1,9236,9537,3.021,618
RAW,583.1,9233,9540,2.996,613
RAW,583.1,9236,9531,3.011,616
RAW,583.4,9230,9545,2.996,613
RAW,583.4,9239,9534,3.001,614
RAW,583.4,9236,9539,3.011,616
RAW,583.7,9236,9541,3.006,615
RAW,583.7,9228,9532,2.996,613
RAW,583.7,9237,9542,3.030,620
RAW,584.0,9232,9530,3.021,618
RAW,584.0,9233,9532,3.045,623
RAW,584.0,9232,9543,3.040,622
RAW,584.3,9241,9533,3.021,618
RAW,584.3,9230,9538,3.035,621
RAW,584.3,9230,9532,3.050,624
RAW,584.6,9231,9534,3.045,623
RAW,584.6,9230,9533,3.050,624
RAW,584.6,9241,9533,3.074,629
RAW,584.9,9232,9539,3.055,625
RAW,584.9,9228,9523,3.025,619
RAW,584.9,9226,9526,3.025,619
RAW,585.2,9219,9534,3.006,615
RAW,585.2,9222,9529,3.025,619
RAW,585.2,9231,9522,3.030,620
RAW,585.5,9235,9532,3.006,615
RAW,585.5,9228,9538,2.996,613
RAW,585.5,9231,9531,2.991,612
RAW,585.8,9263,9552,3.025,619
RAW,585.8,9254,9542,3.006,615
RAW,585.8,9250,9545,3.006,615
RAW,586.2,9298,9574,2.996,613
RAW,586.2,9284,9559,3.025,619
RAW,586.2,9268,9553,2.991,612
RAW,586.5,9320,9586,3.001,614
RAW,586.5,9312,9585,3.021,618
RAW,586.5,9295,9572,2.991,612
RAW,586.8,9335,9596,2.996,613
RAW,586.8,9332,9593,2.991,612
RAW,586.8,9332,9583,3.040,622
RAW,587.1,9334,9588,3.021,618
RAW,587.1,9332,9585,3.001,614
RAW,587.1,9335,9588,3.006,615
RAW,587.4,9325,9587,3.011,616
RAW,587.4,9332,9587,3.011,616
RAW,587.4,9333,9588,3.016,617
RAW,587.7,9325,9583,2.986,611
RAW,587.7,9319,9589,3.001,614
RAW,587.7,9323,9581,3.006,615
RAW,588.0,9311,9571,3.001,614
RAW,588.0,9322,9567,2.996,613
RAW,588.0,9317,9575,3.001,614
RAW,588.3,9307,9573,2.996,613
RAW,588.3,9310,9574,2.972,608
RAW,588.3,9311,9574,3.006,615
RAW,588.6,9302,9568,2.967,607
RAW,588.6,9297,9566,3.030,620
RAW,588.6,9305,9563,3.060,626
RAW,588.9,9310,9569,3.030,620
RAW,588.9,9304,9567,3.069,628
RAW,588.9,9300,9567,3.060,626
RAW,589.2,9303,9574,3.050,624
RAW,589.2,9308,9570,3.079,630
RAW,589.2,9299,9565,3.104,635
RAW,589.5,9322,9572,3.060,626
RAW,589.5,9313,9576,3.084,631
RAW,589.5,9318,9573,3.011,616
RAW,589.8,9333,9577,3.060,626
RAW,589.8,9322,9579,3.011,616
RAW,589.8,9320,9576,3.006,615
RAW,590.1,9333,9578,3.006,615
RAW,590.1,9326,9579,3.006,615
RAW,590.1,9328,9576,3.001,614
RAW,590.4,9328,9573,3.011,616
RAW,590.4,9327,9581,3.001,614
RAW,590.4,9326,9582,3.011,616
RAW,590.7,9312,9565,2.991,612
RAW,590.7,9319,9572,3.021,618
RAW,590.7,9324,9571,3.055,625
RAW,591.0,9300,9572,3.001,614
RAW,591.0,9310,9569,3.035,621
RAW,591.0,9312,9565,3.050,624
RAW,591.3,9294,9563,3.060,626
RAW,591.3,9294,9560,3.065,627
RAW,591.3,9306,9569,3.040,622
RAW,591.6,9278,9550,3.050,624
RAW,591.6,9276,9553,3.060,626
RAW,591.6,9290,9553,3.006,615
RAW,591.9,9278,9553,3.006,615
RAW,591.9,9277,9546,3.001,614
RAW,592.2,9267,9546,3.011,616
RAW,592.2,9271,9549,3.030,620
RAW,592.2,9274,9543,3.016,617
RAW,592.5,9270,9547,2.991,612
RAW,592.5,9265,9547,2.996,613
RAW,592.5,9266,9546,3.006,615
RAW,592.8,9282,9550,3.016,617
RAW,592.8,9273,9545,3.016,617
RAW,592.8,9267,9542,3.025,619
RAW,593.2,9300,9562,2.996,613
RAW,593.2,9297,9553,2.996,613
RAW,593.2,9286,9559,3.006,615
RAW,593.5,9305,9567,2.996,613
RAW,593.5,9309,9563,2.996,613
RAW,593.5,9309,9564,2.991,612
RAW,593.8,9308,9564,2.996,613
RAW,593.8,9307,9560,3.001,614
RAW,593.8,9312,9569,2.996,613
RAW,594.1,9301,9560,2.996,613
RAW,594.1,9300,9568,2.996,613
RAW,594.1,9311,9565,3.011,616
RAW,594.4,9314,9563,3.001,614
RAW,594.4,9309,9564,3.001,614
RAW,594.4,9306,9563,2.996,613
RAW,594.7,9312,9561,3.021,618
RAW,594.7,9308,9562,3.001,614
RAW,594.7,9303,9565,3.021,618
RAW,595.0,9299,9563,2.996,613
RAW,595.0,9306,9554,3.025,619
RAW,595.0,9304,9560,3.001,614
RAW,595.3,9306,9562,2.991,612
RAW,595.3,9308,9563,2.996,613
RAW,595.3,9310,9563,3.030,620
RAW,595.6,9311,9562,3.001,614
RAW,595.6,9316,9561,3.040,622
RAW,595.6,9320,9567,3.050,624
RAW,595.9,9305,9557,3.050,624
RAW,595.9,9306,9556,3.060,626
RAW,595.9,9310,9560,3.065,627
RAW,596.2,9301,9547,3.050,624
RAW,596.2,9304,9553,3.074,629
RAW,596.2,9299,9550,3.074,629
RAW,596.5,9294,9552,3.065,627
RAW,596.5,9296,9554,3.055,625
RAW,596.5,9295,9552,3.011,616
RAW,596.8,9291,9545,3.069,628
RAW,596.8,9293,9548,3.001,614
RAW,596.8,9293,9552,2.996,613
RAW,597.1,9291,9545,3.030,620
RAW,597.1,9295,9541,3.025,619
RAW,597.1,9295,9547,3.001,614
RAW,597.4,9286,9548,3.006,615
RAW,597.4,9283,9540,3.001,614
RAW,597.4,9292,9546,2.996,613
RAW,597.7,9277,9536,2.996,613
RAW,597.7,9282,9532,3.016,617
RAW,597.7,9281,9538,3.094,633
RAW,598.0,9265,9526,2.986,611
RAW,598.0,9264,9527,3.040,622
RAW,598.0,9270,9533,3.060,626
RAW,598.3,9251,9520,3.055,625
RAW,598.3,9248,9523,3.050,624
RAW,598.3,9256,9520,3.050,624
RAW,598.6,9233,9515,3.030,620
RAW,598.6,9236,9516,3.065,627
RAW,598.6,9238,9513,2.996,613
RAW,598.9,9232,9516,3.025,619
RAW,598.9,9229,9520,2.996,613
RAW,598.9,9231,9518,2.996,613
RAW,599.2,9231,9513,3.030,620
RAW,599.2,9229,9516,3.025,619
RAW,599.2,9232,9520,3.030,620
RAW,599.5,9231,9517,3.011,616
RAW,599.5,9230,9517,3.030,620
RAW,599.5,9229,9515,3.025,619
RAW,599.8,9239,9517,2.991,612
RAW,599.8,9235,9523,2.996,613
RAW,599.8,9236,9513,3.001,614




------------------------------------------
PHASE 2 (600-1200 tenths of seconds): Processed BPM/SpO2 data
Format: PROC,Time_0.1s,BPM,SpO2,GSR_V,GSR_raw
------------------------------------------
PROC,605.8,0.7,0,2.991,612
PROC,606.9,0.7,0,3.069,628
PROC,608.1,0.7,0,3.055,625
PROC,609.2,0.7,0,2.991,612
PROC,610.4,0.7,0,3.035,621
PROC,611.5,0.7,0,2.991,612
PROC,612.7,0.7,0,3.030,620
PROC,613.9,0.7,0,3.011,616
PROC,615.0,0.7,0,2.996,613
PROC,616.2,0.7,0,3.065,627
PROC,617.3,0.7,0,3.011,616
PROC,618.5,0.7,0,2.991,612
PROC,619.7,0.7,0,3.025,619
PROC,620.8,0.7,0,3.045,623
PROC,622.0,0.7,0,3.030,620
PROC,623.1,0.7,0,3.016,617
PROC,624.3,0.7,0,3.025,619
PROC,625.4,0.7,0,2.996,613
PROC,626.6,0.7,0,3.035,621
PROC,627.7,0.7,0,2.996,613
PROC,628.9,0.7,0,3.035,621
PROC,630.1,0.7,0,3.050,624
PROC,631.2,0.7,0,3.006,615
PROC,632.4,0.7,0,3.006,615
PROC,633.5,0.7,0,3.006,615
PROC,634.7,0.7,0,3.045,623
PROC,635.9,0.7,0,3.001,614
PROC,637.0,0.7,0,3.030,620
PROC,638.2,0.7,0,3.045,623
PROC,639.3,0.7,0,2.991,612
PROC,640.5,0.7,0,3.001,614
PROC,641.6,0.7,0,3.001,614
PROC,642.8,0.7,0,3.030,620
PROC,644.0,0.7,0,3.123,639
PROC,645.1,0.7,0,3.030,620
PROC,646.3,0.7,0,3.011,616
PROC,647.4,0.7,0,2.991,612
PROC,648.6,0.7,0,3.069,628
PROC,649.7,0.7,0,3.001,614
PROC,650.9,0.7,0,3.001,614
PROC,652.1,0.7,0,3.074,629
PROC,653.2,0.7,0,3.025,619
PROC,654.4,0.7,0,3.006,615
PROC,655.5,0.7,0,2.986,611
PROC,656.7,0.7,0,3.030,620
PROC,657.8,0.7,0,3.079,630
PROC,659.0,0.7,0,3.016,617
PROC,660.2,0.7,0,2.996,613
PROC,661.3,0.7,0,3.001,614
PROC,662.5,0.7,0,3.035,621
PROC,663.6,0.7,0,2.991,612
PROC,664.8,0.7,0,3.006,615
PROC,666.0,0.7,0,3.055,625
PROC,667.1,0.7,0,3.011,616
PROC,668.3,0.7,0,2.996,613
PROC,669.4,0.7,0,2.986,611
PROC,670.6,0.7,0,2.986,611
PROC,671.7,0.7,0,3.069,628
PROC,672.9,0.7,0,2.996,613
PROC,674.0,0.7,0,3.021,618
PROC,675.2,0.7,0,2.991,612
PROC,676.4,0.7,0,3.035,621
PROC,677.5,0.7,0,2.991,612
PROC,678.7,0.7,0,2.991,612
PROC,679.8,0.7,0,3.065,627
PROC,681.0,0.7,0,2.991,612
PROC,682.2,0.7,0,2.996,613
PROC,683.3,0.7,0,3.030,620
PROC,684.5,0.7,0,3.069,628
PROC,685.6,0.7,0,3.040,622
PROC,686.8,0.7,0,3.079,630
PROC,687.9,0.7,0,2.991,612
PROC,689.1,0.7,0,2.996,613
PROC,690.3,0.7,0,3.050,624
PROC,691.4,0.7,0,2.991,612
PROC,692.6,0.7,0,2.996,613
PROC,693.7,0.7,0,3.074,629
PROC,694.9,0.7,0,2.996,613
PROC,696.0,0.7,0,3.001,614
PROC,697.2,0.7,0,3.016,617
PROC,698.4,0.7,0,3.035,621
PROC,699.5,0.7,0,3.065,627
PROC,700.7,0.7,0,2.991,612
PROC,701.8,0.7,0,2.996,613
PROC,703.0,0.7,0,2.991,612
PROC,704.2,0.7,0,3.035,621
PROC,705.3,0.7,0,3.006,615
PROC,706.5,0.7,0,3.006,615
PROC,707.6,0.7,0,3.055,625
PROC,708.8,0.7,0,3.011,616
PROC,709.9,0.7,0,3.016,617
PROC,711.1,0.7,0,2.996,613
PROC,712.2,0.7,0,3.040,622
PROC,713.4,0.7,0,3.050,624
PROC,714.6,0.7,0,2.996,613
PROC,715.7,0.7,0,3.011,616
PROC,716.9,0.7,0,3.001,614
PROC,718.0,0.7,0,3.065,627
PROC,719.2,0.7,0,3.011,616
PROC,720.3,0.7,0,3.006,615
PROC,721.5,0.7,0,3.148,644
PROC,722.7,0.7,0,3.030,620
PROC,723.8,0.7,0,2.996,613
PROC,725.0,0.7,0,2.996,613
PROC,726.1,0.7,0,3.035,621
PROC,727.3,0.7,0,3.060,626
PROC,728.5,0.7,0,2.991,612
PROC,729.6,0.7,0,2.996,613
PROC,730.8,0.7,0,3.021,618
PROC,731.9,0.7,0,3.123,639
PROC,733.1,0.7,0,2.996,613
PROC,734.2,0.7,0,2.996,613
PROC,735.4,0.7,0,3.050,624
PROC,736.6,0.7,0,2.996,613
PROC,737.7,0.7,0,3.006,615
PROC,738.9,0.7,0,2.991,612
PROC,740.0,0.7,0,2.991,612
PROC,741.2,0.7,0,3.060,626
PROC,742.3,0.7,0,2.996,613
PROC,743.5,0.7,0,2.893,592
PROC,744.7,0.7,0,3.011,616
PROC,745.8,0.7,0,3.030,620
PROC,747.0,0.7,0,2.996,613
PROC,748.1,0.7,0,2.996,613
PROC,749.3,0.7,0,3.055,625
PROC,750.5,0.7,0,3.001,614
PROC,751.6,0.7,0,2.991,612
PROC,752.8,0.7,0,3.040,622
PROC,753.9,0.7,0,3.045,623
PROC,755.1,0.7,0,3.060,626
PROC,756.2,0.7,0,3.011,616
PROC,757.4,0.7,0,3.074,629
PROC,758.5,0.7,0,2.991,612
PROC,759.7,0.7,0,3.050,624
PROC,760.9,0.7,0,2.996,613
PROC,762.0,0.7,0,2.991,612
PROC,763.2,0.7,0,3.069,628
PROC,764.3,0.7,0,2.991,612
PROC,765.5,0.7,0,3.001,614
PROC,766.7,0.7,0,3.006,615
PROC,767.8,0.7,0,3.045,623
PROC,769.0,0.7,0,3.069,628
PROC,770.1,0.7,0,3.011,616
PROC,771.3,0.7,0,2.996,613
PROC,772.4,0.7,0,3.025,619
PROC,773.6,0.7,0,3.035,621
PROC,774.8,0.7,0,2.996,613
PROC,775.9,0.7,0,3.016,617
PROC,777.1,0.7,0,3.040,622
PROC,778.2,0.7,0,2.996,613
PROC,779.4,0.7,0,2.996,613
PROC,780.5,0.7,0,2.991,612
PROC,781.7,0.7,0,3.065,627
PROC,782.9,0.7,0,3.069,628
PROC,784.0,0.7,0,2.991,612
PROC,785.2,0.7,0,3.001,614
PROC,786.3,0.7,0,2.991,612
PROC,787.5,0.7,0,3.035,621
PROC,788.7,0.7,0,3.001,614
PROC,789.8,0.7,0,2.996,613
PROC,791.0,0.7,0,3.074,629
PROC,792.1,0.7,0,2.991,612
PROC,793.3,0.7,0,2.991,612
PROC,794.4,0.7,0,3.001,614
PROC,795.6,0.7,0,3.065,627
PROC,796.7,0.7,0,3.065,627
PROC,797.9,0.7,0,3.021,618
PROC,799.1,0.7,0,2.996,613
PROC,800.2,0.7,0,3.006,615
PROC,801.4,0.7,0,3.040,622
PROC,802.5,0.7,0,3.011,616
PROC,803.7,0.7,0,3.006,615
PROC,804.8,0.7,0,3.055,625
PROC,806.0,0.7,0,2.991,612
PROC,807.2,0.7,0,2.996,613
PROC,808.3,0.7,0,3.006,615
PROC,809.5,0.7,0,3.050,624
PROC,810.6,0.7,0,3.050,624
PROC,811.8,0.7,0,2.996,613
PROC,813.0,0.7,0,3.011,616
PROC,814.1,0.7,0,2.991,612
PROC,815.3,0.7,0,3.045,623
PROC,816.4,0.7,0,3.021,618
PROC,817.6,0.7,0,3.025,619
PROC,818.7,0.7,0,3.050,624
PROC,819.9,0.7,0,3.001,614
PROC,821.1,0.7,0,3.001,614
PROC,822.2,0.7,0,3.006,615
PROC,823.4,0.7,0,3.045,623
PROC,824.5,0.7,0,3.045,623
PROC,825.7,0.7,0,2.991,612
PROC,826.8,0.7,0,3.025,619
PROC,828.0,0.7,0,2.996,613
PROC,829.2,0.7,0,3.069,628
PROC,830.3,0.7,0,3.030,620
PROC,831.5,0.7,0,3.001,614
PROC,832.6,0.7,0,3.069,628
PROC,833.8,0.7,0,3.001,614
PROC,835.0,0.7,0,3.021,618
PROC,836.1,0.7,0,3.021,618
PROC,837.3,0.7,0,3.006,615
PROC,838.4,0.7,0,3.050,624
PROC,839.6,0.7,0,3.011,616
PROC,840.7,0.7,0,2.996,613
PROC,841.9,0.7,0,3.021,618
PROC,843.0,0.7,0,3.055,625
PROC,844.2,0.7,0,3.021,618
PROC,845.4,0.7,0,3.021,618
PROC,846.5,0.7,0,3.016,617
PROC,847.7,0.7,0,2.991,612
PROC,848.8,0.7,0,3.045,623
PROC,850.0,0.7,0,2.996,613
PROC,851.2,0.7,0,3.011,616
PROC,852.3,0.7,0,3.050,624
PROC,853.5,0.7,0,2.996,613
PROC,854.6,0.7,0,3.011,616
PROC,855.8,0.7,0,3.011,616
PROC,856.9,0.7,0,3.050,624
PROC,858.1,0.7,0,3.060,626
PROC,859.3,0.7,0,2.991,612
PROC,860.4,0.7,0,3.001,614
PROC,861.6,0.7,0,2.996,613
PROC,862.7,0.7,0,3.040,622
PROC,863.9,0.7,0,3.030,620
PROC,865.0,0.7,0,3.011,616
PROC,866.2,0.7,0,3.065,627
PROC,867.4,0.7,0,2.991,612
PROC,868.5,0.7,0,3.030,620
PROC,869.7,0.7,0,2.991,612
PROC,870.8,0.7,0,3.030,620
PROC,872.0,0.7,0,3.055,625
PROC,873.2,0.7,0,3.006,615
PROC,874.3,0.7,0,3.016,617
PROC,875.5,0.7,0,2.991,612
PROC,876.6,0.7,0,3.069,628
PROC,877.8,0.7,0,3.055,625
PROC,878.9,0.7,0,3.001,614
PROC,880.1,0.7,0,3.001,614
PROC,881.2,0.7,0,2.991,612
PROC,882.4,0.7,0,3.040,622
PROC,883.6,0.7,0,2.996,613
PROC,884.7,0.7,0,3.001,614
PROC,885.9,0.7,0,3.055,625
PROC,887.0,0.7,0,2.996,613
PROC,888.2,0.7,0,2.996,613
PROC,889.4,0.7,0,3.025,619
PROC,890.5,0.7,0,3.060,626
PROC,891.7,0.7,0,3.055,625
PROC,892.8,0.7,0,2.991,612
PROC,894.0,0.7,0,2.991,612
PROC,895.2,0.7,0,2.996,613
PROC,896.3,0.7,0,3.050,624
PROC,897.5,0.7,0,3.040,622
PROC,898.6,0.7,0,3.025,619
PROC,899.8,0.7,0,3.030,620
PROC,900.9,0.7,0,3.006,615
PROC,902.1,0.7,0,3.040,622
PROC,903.2,0.7,0,2.991,612
PROC,904.4,0.7,0,3.006,615
PROC,905.6,0.7,0,3.060,626
PROC,906.7,0.7,0,2.991,612
PROC,907.9,0.7,0,3.001,614
PROC,909.0,0.7,0,3.011,616
PROC,910.2,0.7,0,3.045,623
PROC,911.4,0.7,0,3.050,624
PROC,912.5,0.7,0,3.025,619
PROC,913.7,0.7,0,3.016,617
PROC,914.8,0.7,0,2.996,613
PROC,916.0,0.7,0,3.069,628
PROC,917.1,0.7,0,2.991,612
PROC,918.3,0.7,0,3.006,615
PROC,919.5,0.7,0,3.065,627
PROC,920.6,0.7,0,2.991,612
PROC,921.8,0.7,0,3.001,614
PROC,922.9,0.7,0,2.996,613
PROC,924.1,0.7,0,3.050,624
PROC,925.2,0.7,0,3.069,628
PROC,926.4,0.7,0,2.991,612
PROC,927.6,0.7,0,3.030,620
PROC,928.7,0.7,0,2.991,612
PROC,929.9,0.7,0,3.040,622
PROC,931.0,0.7,0,3.006,615
PROC,932.2,0.7,0,3.011,616
PROC,933.3,0.7,0,3.050,624
PROC,934.5,0.7,0,3.021,618
PROC,935.7,0.7,0,2.996,613
PROC,936.8,0.7,0,3.025,619
PROC,938.0,0.7,0,3.069,628
PROC,939.1,0.7,0,3.050,624
PROC,940.3,0.7,0,3.011,616
PROC,941.5,0.7,0,3.006,615
PROC,942.6,0.7,0,2.991,612
PROC,943.8,0.7,0,3.055,625
PROC,944.9,0.7,0,2.996,613
PROC,946.1,0.7,0,2.996,613
PROC,947.2,0.7,0,3.060,626
PROC,948.4,0.7,0,2.996,613
PROC,949.6,0.7,0,2.991,612
PROC,950.7,0.7,0,3.011,616
PROC,951.9,0.7,0,3.040,622
PROC,953.0,0.7,0,3.050,624
PROC,954.2,0.7,0,3.001,614
PROC,955.3,0.7,0,3.006,615
PROC,956.5,0.7,0,2.996,613
PROC,957.7,0.7,0,3.035,621
PROC,958.8,0.7,0,3.021,618
PROC,960.0,0.7,0,2.996,613
PROC,961.1,0.7,0,3.060,626
PROC,962.3,0.7,0,3.025,619
PROC,963.5,0.7,0,3.001,614
PROC,964.6,0.7,0,2.991,612
PROC,965.8,0.7,0,3.069,628
PROC,966.9,0.7,0,3.045,623
PROC,968.1,0.7,0,2.991,612
PROC,969.2,0.7,0,3.016,617
PROC,970.4,0.7,0,3.006,615
PROC,971.5,0.7,0,3.045,623
PROC,972.7,0.7,0,3.006,615
PROC,973.9,0.7,0,3.001,614
PROC,975.0,0.7,0,3.079,630
PROC,976.2,0.7,0,2.991,612
PROC,977.3,0.7,0,2.991,612
PROC,978.5,0.7,0,3.001,614
PROC,979.7,0.7,0,2.986,611
PROC,980.8,0.7,0,3.050,624
PROC,982.0,0.7,0,2.991,612
PROC,983.1,0.7,0,3.001,614
PROC,984.3,0.7,0,3.001,614
PROC,985.4,0.7,0,3.060,626
PROC,986.6,0.7,0,2.996,613
PROC,987.8,0.7,0,3.030,620
PROC,988.9,0.7,0,3.055,625
PROC,990.1,0.7,0,2.991,612
PROC,991.2,0.7,0,3.025,619
PROC,992.4,0.7,0,2.991,612
PROC,993.5,0.7,0,3.045,623
PROC,994.7,0.7,0,3.084,631
PROC,995.9,0.7,0,2.996,613
PROC,997.0,0.7,0,3.011,616
PROC,998.2,0.7,0,3.025,619
PROC,999.3,0.7,0,3.035,621
PROC,1000.5,0.7,0,3.025,619
PROC,1001.7,0.7,0,3.001,614
PROC,1002.8,0.7,0,2.996,613
PROC,1004.0,0.7,0,2.996,613
PROC,1005.1,0.7,0,3.035,621
PROC,1006.3,0.7,0,3.030,620
PROC,1007.4,0.7,0,3.011,616
PROC,1008.6,0.7,0,3.055,625
PROC,1009.8,0.7,0,3.021,618
PROC,1010.9,0.7,0,2.996,613
PROC,1012.1,0.7,0,2.991,612
PROC,1013.2,0.7,0,3.035,621
PROC,1014.4,0.7,0,3.050,624
PROC,1015.5,0.7,0,3.001,614
PROC,1016.7,0.7,0,2.996,613
PROC,1017.9,0.7,0,2.991,612
PROC,1019.0,0.7,0,3.040,622
PROC,1020.2,0.7,0,3.050,624
PROC,1021.3,0.7,0,3.006,615
PROC,1022.5,0.7,0,2.996,613
PROC,1023.7,0.7,0,2.991,612
PROC,1024.8,0.7,0,3.050,624
PROC,1026.0,0.7,0,3.030,620
PROC,1027.1,0.7,0,2.991,612
PROC,1028.3,0.7,0,2.991,612
PROC,1029.4,0.7,0,3.001,614
PROC,1030.6,0.7,0,3.035,621
PROC,1031.8,0.7,0,3.001,614
PROC,1032.9,0.7,0,3.011,616
PROC,1034.1,0.7,0,3.060,626
PROC,1035.2,0.7,0,3.021,618
PROC,1036.4,0.7,0,3.006,615
PROC,1037.6,0.7,0,3.016,617
PROC,1038.7,0.7,0,3.011,616
PROC,1039.9,0.7,0,3.050,624
PROC,1041.0,0.7,0,3.016,617
PROC,1042.2,0.7,0,2.996,613
PROC,1043.3,0.7,0,2.952,604
PROC,1044.5,0.7,0,3.065,627
PROC,1045.7,0.7,0,3.050,624
PROC,1046.8,0.7,0,3.025,619
PROC,1048.0,0.7,0,3.001,614
PROC,1049.1,0.7,0,2.996,613
PROC,1050.3,0.7,0,3.045,623
PROC,1051.4,0.7,0,3.050,624
PROC,1052.6,0.7,0,2.991,612
PROC,1053.8,0.7,0,3.025,619
PROC,1054.9,0.7,0,3.001,614
PROC,1056.1,0.7,0,3.045,623
PROC,1057.2,0.7,0,3.011,616
PROC,1058.4,0.7,0,3.001,614
PROC,1059.6,0.7,0,3.021,618
PROC,1060.7,0.7,0,2.996,613
PROC,1061.9,0.7,0,3.030,620
PROC,1063.0,0.7,0,2.991,612
PROC,1064.2,0.7,0,2.996,613
PROC,1065.3,0.7,0,3.055,625
PROC,1066.5,0.7,0,3.001,614
PROC,1067.7,0.7,0,3.006,615
PROC,1068.8,0.7,0,3.011,616
PROC,1070.0,0.7,0,3.030,620
PROC,1071.1,0.7,0,3.050,624
PROC,1072.3,0.7,0,3.030,620
PROC,1073.5,0.7,0,2.991,612
PROC,1074.6,0.7,0,3.001,614
PROC,1075.8,0.7,0,3.065,627
PROC,1076.9,0.7,0,3.055,625
PROC,1078.1,0.7,0,3.050,624
PROC,1079.2,0.7,0,3.001,614
PROC,1080.4,0.7,0,2.991,612
PROC,1081.6,0.7,0,3.045,623
PROC,1082.7,0.7,0,3.050,624
PROC,1083.9,0.7,0,2.991,612
PROC,1085.0,0.7,0,3.025,619
PROC,1086.2,0.7,0,2.991,612
PROC,1087.4,0.7,0,3.065,627
PROC,1088.5,0.7,0,3.025,619
PROC,1089.7,0.7,0,2.996,613
PROC,1090.8,0.7,0,3.030,620
PROC,1092.0,0.7,0,2.991,612
PROC,1093.2,0.7,0,3.030,620
PROC,1094.3,0.7,0,3.021,618
PROC,1095.5,0.7,0,3.006,615
PROC,1096.6,0.7,0,3.084,631
PROC,1097.8,0.7,0,3.030,620
PROC,1098.9,0.7,0,3.001,614
PROC,1100.1,0.7,0,3.011,616
PROC,1101.3,0.7,0,3.006,615
PROC,1102.4,0.7,0,3.055,625
PROC,1103.6,0.7,0,3.001,614
PROC,1104.7,0.7,0,3.001,614
PROC,1105.9,0.7,0,3.011,616
PROC,1107.1,0.7,0,3.045,623
PROC,1108.2,0.7,0,3.040,622
PROC,1109.4,0.7,0,3.011,616
PROC,1110.5,0.7,0,3.025,619
PROC,1111.7,0.7,0,3.006,615
PROC,1112.8,0.7,0,3.050,624
PROC,1114.0,0.7,0,2.991,612
PROC,1115.2,0.7,0,2.991,612
PROC,1116.3,0.7,0,3.060,626
PROC,1117.5,0.7,0,2.981,610
PROC,1118.6,0.7,0,3.025,619
PROC,1119.8,0.7,0,3.011,616
PROC,1120.9,0.7,0,3.030,620
PROC,1122.1,0.7,0,3.074,629
PROC,1123.3,0.7,0,3.001,614
PROC,1124.4,0.7,0,2.991,612
PROC,1125.6,0.7,0,2.996,613
PROC,1126.7,0.7,0,3.050,624
PROC,1127.9,0.7,0,3.050,624
PROC,1129.1,0.7,0,2.991,612
PROC,1130.2,0.7,0,3.011,616
PROC,1131.4,0.7,0,3.016,617
PROC,1132.5,0.7,0,3.094,633
PROC,1133.7,0.7,0,3.011,616
PROC,1134.8,0.7,0,3.006,615
PROC,1136.0,0.7,0,3.065,627
PROC,1137.2,0.7,0,2.991,612
PROC,1138.3,0.7,0,3.011,616
PROC,1139.5,0.7,0,2.991,612
PROC,1140.6,0.7,0,3.069,628
PROC,1141.8,0.7,0,3.079,630
PROC,1142.9,0.7,0,3.001,614
PROC,1144.1,0.7,0,3.025,619
PROC,1145.3,0.7,0,2.996,613
PROC,1146.4,0.7,0,3.040,622
PROC,1147.6,0.7,0,3.025,619
PROC,1148.7,0.7,0,3.006,615
PROC,1149.9,0.7,0,3.045,623
PROC,1151.1,0.7,0,2.996,613
PROC,1152.2,0.7,0,3.035,621
PROC,1153.4,0.7,0,3.030,620
PROC,1154.5,0.7,0,3.040,622
PROC,1155.7,0.7,0,3.050,624
PROC,1156.8,0.7,0,2.996,613
PROC,1158.0,0.7,0,2.996,613
PROC,1159.2,0.7,0,2.991,612
PROC,1160.3,0.7,0,3.065,627
PROC,1161.5,0.7,0,3.045,623
PROC,1162.6,0.7,0,3.021,618
PROC,1163.8,0.7,0,3.021,618
PROC,1164.9,0.7,0,2.996,613
PROC,1166.1,0.7,0,3.050,624
PROC,1167.3,0.7,0,2.991,612
PROC,1168.4,0.7,0,2.991,612
PROC,1169.6,0.7,0,3.055,625
PROC,1170.7,0.7,0,3.021,618
PROC,1171.9,0.7,0,3.011,616
PROC,1173.1,0.7,0,3.006,615
PROC,1174.2,0.7,0,3.011,616
PROC,1175.4,0.7,0,3.074,629
PROC,1176.5,0.7,0,3.006,615
PROC,1177.7,0.7,0,2.996,613
PROC,1178.8,0.7,0,3.030,620
PROC,1180.0,0.7,0,3.040,622
PROC,1181.2,0.7,0,3.035,621
PROC,1182.3,0.7,0,3.011,616
PROC,1183.5,0.7,0,3.001,614
PROC,1184.6,0.7,0,3.021,618
PROC,1185.8,0.7,0,3.050,624
PROC,1186.9,0.7,0,2.991,612
PROC,1188.1,0.7,0,3.011,616
PROC,1189.3,0.7,0,3.060,626
PROC,1190.4,0.7,0,2.991,612
PROC,1191.6,0.7,0,2.991,612
PROC,1192.7,0.7,0,2.996,613
PROC,1193.9,0.7,0,3.045,623
PROC,1195.1,0.7,0,3.069,628
PROC,1196.2,0.7,0,3.001,614
PROC,1197.4,0.7,0,2.996,613
PROC,1198.5,0.7,0,3.011,616
PROC,1199.7,0.7,0,3.040,622

==========================================
=== 2-MINUTE DATA COLLECTION COMPLETE ===

Data Summary:
- Minute 1 (0-600 tenths sec): RAW IR/Red values
- Minute 2 (600-1200 tenths sec): Processed BPM/SpO2
- Full 2 minutes: GSR data (0.1s resolution)

Format markers:
  RAW,Time_0.1s,IR,Red,GSR_V,GSR_raw
  PROC,Time_0.1s,BPM,SpO2,GSR_V,GSR_raw

Copy all data above and save to CSV file
Press 's' to run again
