=~=~=~=~=~=~=~=~=~=~=~= PuTTY log 2026.05.02 06:46:19 =~=~=~=~=~=~=~=~=~=~=~=
s Jul 29 2019 12:21:46

rst:0x1 (POWERON_RESET),boot:0x13 (SPI_FAST_FLASH_BOOT)
configsip: 0, SPIWP:0xee
clk_drv:0x00,q_drv:0x00,d_drv:0x00,cs0_drv:0x00,hd_drv:0x00,wp_drv:0x00
mode:DIO, clock div:1
load:0x3fff0030,len:4876
ho 0 tail 12 room 4
load:0x40078000,len:16560
load:0x40080400,len:3500
entry 0x400805b4
Initializing OLED on Wire1 (SDA=16, SCL=17)...SUCCESS
Initializing MAX30100 for raw data on Wire (SDA=21, SCL=22)...SUCCESS
Initializing PulseOximeter on Wire (SDA=21, SCL=22)...SUCCESS

==========================================
Press 's' to start 2-minute data collection
Minute 1: RAW IR/Red data (0.1s intervals)
Minute 2: Processed BPM/SpO2 data (0.1s intervals)
==========================================

==========================================
=== 2-MINUTE DATA COLLECTION STARTED ===
PHASE 1 (0-600 tenths of seconds): RAW IR/Red data
Format: RAW,Time_0.1s,IR_raw,Red_raw,GSR_V,GSR_raw
------------------------------------------
RAW,0.0,5854,23918,2.986,611
RAW,0.0,5852,23928,2.991,612
RAW,0.0,5858,23936,2.991,612
RAW,0.0,5867,23945,2.977,609
RAW,0.0,5863,23949,2.991,612
RAW,0.0,5862,23953,2.991,612
RAW,0.0,5866,23959,3.030,620
RAW,0.0,5871,23962,3.030,620
RAW,0.0,5878,23969,3.025,619
RAW,0.0,5872,23978,3.030,620
RAW,0.0,5883,23976,2.991,612
RAW,0.0,5877,23974,2.967,607
RAW,0.0,5868,23973,3.094,633
RAW,0.0,5876,23964,3.123,639
RAW,0.0,5859,23966,3.118,638
RAW,0.0,5862,23957,3.118,638
RAW,0.8,5838,23874,2.947,603
RAW,0.8,5834,23873,2.981,610
RAW,0.8,5830,23884,2.977,609
RAW,0.8,5835,23894,2.986,611
RAW,0.8,5839,23885,2.972,608
RAW,0.8,5837,23887,2.977,609
RAW,0.8,5837,23901,2.972,608
RAW,0.8,5841,23898,2.967,607
RAW,0.8,5847,23917,2.991,612
RAW,1.2,5834,23870,2.972,608
RAW,1.2,5833,23873,2.991,612
RAW,1.2,5830,23872,3.025,619
RAW,1.2,5835,23871,3.040,622
RAW,1.5,5837,20782,3.006,615
RAW,1.5,5831,20780,3.016,617
RAW,1.5,5830,20782,3.016,617
RAW,1.9,5838,20778,3.021,618
RAW,1.9,5835,20778,3.011,616
RAW,1.9,5830,20773,3.016,617
RAW,2.2,5839,20783,3.025,619
RAW,2.2,5844,20784,3.011,616
RAW,2.2,5838,20788,2.986,611
RAW,2.5,5851,20785,3.021,618
RAW,2.5,5844,20788,2.996,613
RAW,2.5,5838,20789,2.981,610
RAW,2.8,5843,20790,2.967,607
RAW,2.8,5844,20784,2.967,607
RAW,2.8,5843,20787,2.957,605
RAW,3.1,5851,20796,2.972,608
RAW,3.1,5846,20791,2.986,611
RAW,3.1,5845,20784,2.986,611
RAW,3.4,5843,20787,2.996,613
RAW,3.4,5848,20798,2.977,609
RAW,3.4,5846,20795,3.084,631
RAW,3.7,5850,20796,2.967,607
RAW,3.7,5851,20786,3.074,629
RAW,3.7,5845,20781,3.089,632
RAW,4.0,5851,20799,3.074,629
RAW,4.0,5853,20797,3.089,632
RAW,4.0,5850,20795,3.084,631
RAW,4.3,5857,20804,3.099,634
RAW,4.3,5859,20811,3.094,633
RAW,4.3,5852,20794,3.089,632
RAW,4.6,5864,20816,3.094,633
RAW,4.6,5864,20801,2.986,611
RAW,4.6,5860,20804,2.977,609
RAW,4.9,5863,20815,2.981,610
RAW,4.9,5867,20817,2.967,607
RAW,4.9,5867,20809,2.967,607
RAW,5.2,5866,20826,2.967,607
RAW,5.2,5870,20822,2.977,609
RAW,5.2,5865,20816,2.981,610
RAW,5.5,5867,20825,2.957,605
RAW,5.5,5874,20815,2.977,609
RAW,5.5,5868,20817,2.962,606
RAW,5.8,5875,20823,2.962,606
RAW,5.8,5867,20817,2.967,607
RAW,5.8,5865,20828,2.962,606
RAW,6.1,5865,20798,2.962,606
RAW,6.1,5862,20804,2.967,607
RAW,6.1,5869,20817,2.957,605
RAW,6.4,5858,20785,2.972,608
RAW,6.4,5855,20795,2.977,609
RAW,6.4,5864,20796,2.977,609
RAW,6.7,5848,18027,2.957,605
RAW,6.7,5850,18032,2.967,607
RAW,6.7,5847,18038,2.986,611
RAW,7.0,5829,18014,2.957,605
RAW,7.0,5838,18016,2.962,606
RAW,7.0,5838,18019,2.967,607
RAW,7.3,5831,18009,2.962,606
RAW,7.3,5836,18003,2.977,609
RAW,7.3,5836,18007,2.986,611
RAW,7.6,5837,18007,2.977,609
RAW,7.6,5837,18004,2.991,612
RAW,7.6,5839,17999,2.972,608
RAW,7.9,5831,18000,2.962,606
RAW,7.9,5834,17995,2.967,607
RAW,7.9,5826,17998,2.967,607
RAW,8.2,5832,18000,2.972,608
RAW,8.2,5833,18012,2.957,605
RAW,8.2,5830,18000,3.016,617
RAW,8.5,5847,18017,2.981,610
RAW,8.5,5837,18010,3.016,617
RAW,8.5,5839,18013,3.025,619
RAW,8.8,5846,18015,3.006,615
RAW,8.8,5848,18017,3.016,617
RAW,8.8,5836,18011,3.016,617
RAW,9.1,5851,18022,3.011,616
RAW,9.1,5852,18026,3.025,619
RAW,9.1,5846,18022,3.016,617
RAW,9.4,5853,18026,3.011,616
RAW,9.4,5853,18019,3.021,618
RAW,9.4,5857,18025,2.986,611
RAW,9.8,5852,18023,3.016,617
RAW,9.8,5849,18029,2.986,611
RAW,9.8,5849,18017,2.986,611
RAW,10.1,5855,18022,2.972,608
RAW,10.1,5856,18029,2.962,606
RAW,10.1,5850,18019,2.972,608
RAW,10.4,5857,18033,2.991,612
RAW,10.4,5864,18025,2.967,607
RAW,10.4,5855,18027,2.967,607
RAW,10.7,5864,18028,2.977,609
RAW,10.7,5862,18025,2.986,611
RAW,10.7,5859,18026,3.065,627
RAW,11.0,5862,18030,2.967,607
RAW,11.0,5861,18025,3.069,628
RAW,11.0,5864,18020,3.079,630
RAW,11.3,5867,18043,3.069,628
RAW,11.3,5866,18035,3.069,628
RAW,11.3,5864,18034,3.069,628
RAW,11.6,5877,18048,3.065,627
RAW,11.6,5874,18048,3.045,623
RAW,11.6,5875,18042,2.981,610
RAW,11.9,5890,14957,3.040,622
RAW,11.9,5881,14954,2.986,611
RAW,11.9,5879,16384,2.962,606
RAW,12.2,5894,14965,2.967,607
RAW,12.2,5886,14961,2.972,608
RAW,12.2,5888,14967,2.972,608
RAW,12.5,5891,14952,2.972,608
RAW,12.5,5889,14958,2.972,608
RAW,12.5,5891,14966,2.967,607
RAW,12.8,5880,14945,2.991,612
RAW,12.8,5885,14952,2.972,608
RAW,12.8,5886,14953,3.006,615
RAW,13.1,5874,14941,2.967,607
RAW,13.1,5873,14938,2.967,607
RAW,13.1,5875,14943,2.981,610
RAW,13.4,5872,14919,2.962,606
RAW,13.4,5872,14931,2.967,607
RAW,13.4,5879,14938,2.972,608
RAW,13.7,5867,14917,2.972,608
RAW,13.7,5864,14922,2.967,607
RAW,13.7,5867,14926,2.986,611
RAW,14.0,5864,14919,2.981,610
RAW,14.0,5860,14920,2.977,609
RAW,14.0,5863,14925,2.981,610
RAW,14.3,5856,14909,2.977,609
RAW,14.3,5860,14910,2.977,609
RAW,14.3,5862,14924,2.972,608
RAW,14.6,5860,14914,2.991,612
RAW,14.6,5862,14905,2.972,608
RAW,14.6,5862,14910,2.972,608
RAW,14.9,5862,14911,2.991,612
RAW,14.9,5861,14914,2.986,611
RAW,14.9,5858,14915,2.972,608
RAW,15.2,5861,14918,2.977,609
RAW,15.2,5866,14907,2.972,608
RAW,15.2,5869,14914,2.972,608
RAW,15.5,5866,14916,2.967,607
RAW,15.5,5870,14911,2.977,609
RAW,15.5,5866,14909,3.016,617
RAW,15.8,5869,14913,2.991,612
RAW,15.8,5864,14916,3.021,618
RAW,15.8,5863,14914,3.030,620
RAW,16.1,5875,14925,3.030,620
RAW,16.1,5868,14917,3.035,621
RAW,16.1,5870,14919,3.030,620
RAW,16.4,5881,14915,3.035,621
RAW,16.4,5873,14918,3.030,620
RAW,16.4,5874,14919,3.021,618
RAW,16.8,5879,14928,3.030,620
RAW,16.8,5882,14931,2.991,612
RAW,16.8,5885,14924,2.981,610
RAW,17.0,5882,12185,2.986,611
RAW,17.0,5882,12188,2.991,612
RAW,17.0,5881,12376,2.972,608
RAW,17.4,5881,12179,2.972,608
RAW,17.4,5885,12183,2.967,607
RAW,17.4,5884,12176,2.981,610
RAW,17.7,5885,12192,2.977,609
RAW,17.7,5888,12181,2.972,608
RAW,17.7,5885,12189,3.001,614
RAW,18.0,5896,12185,2.981,610
RAW,18.0,5890,12189,3.040,622
RAW,18.0,5885,12181,3.040,622
RAW,18.3,5892,12194,3.021,618
RAW,18.3,5897,12191,3.065,627
RAW,18.3,5887,12184,3.060,626
RAW,18.6,5902,12194,3.050,624
RAW,18.6,5902,12195,3.060,626
RAW,18.6,5899,12188,3.045,623
RAW,18.9,5906,12202,3.060,626
RAW,18.9,5908,12192,3.045,623
RAW,18.9,5904,12195,2.972,608
RAW,19.2,5909,12196,3.045,623
RAW,19.2,5904,12201,2.991,612
RAW,19.2,5904,12198,2.977,609
RAW,19.5,5901,12192,2.986,611
RAW,19.5,5906,12194,2.986,611
RAW,19.5,5904,12201,2.972,608
RAW,19.8,5894,12181,2.972,608
RAW,19.8,5897,12189,2.972,608
RAW,19.8,5892,12190,2.977,609
RAW,20.1,5886,12170,2.991,612
RAW,20.1,5894,12179,2.981,610
RAW,20.1,5891,12185,2.991,612
RAW,20.4,5877,12172,3.001,614
RAW,20.4,5881,12165,2.977,609
RAW,20.4,5884,12165,2.996,613
RAW,20.7,5875,12166,2.967,607
RAW,20.7,5881,12170,2.967,607
RAW,20.7,5880,12159,2.972,608
RAW,21.0,5879,12159,2.977,609
RAW,21.0,5882,12160,2.972,608
RAW,21.0,5876,12156,2.967,607
RAW,21.3,5880,12149,2.981,610
RAW,21.3,5874,12155,2.991,612
RAW,21.3,5873,12161,2.977,609
RAW,21.6,5874,12146,2.981,610
RAW,21.6,5873,12153,2.967,607
RAW,21.6,5876,12150,2.972,608
RAW,21.9,5876,12162,2.972,608
RAW,21.9,5877,12159,2.972,608
RAW,21.9,5878,12150,2.977,609
RAW,22.2,5879,8918,2.986,611
RAW,22.2,5876,8923,2.977,609
RAW,22.2,5876,8916,2.986,611
RAW,22.5,5878,8921,2.977,609
RAW,22.5,5879,8915,2.991,612
RAW,22.5,5875,8918,3.030,620
RAW,22.8,5880,8918,2.981,610
RAW,22.8,5883,8920,3.011,616
RAW,22.8,5874,8920,3.016,617
RAW,23.1,5880,8916,3.035,621
RAW,23.1,5891,8917,3.030,620
RAW,23.1,5877,8919,3.025,619
RAW,23.4,5885,8920,3.030,620
RAW,23.4,5895,8917,3.035,621
RAW,23.4,5885,8923,3.030,620
RAW,23.7,5887,8924,3.025,619
RAW,23.7,5886,8922,3.025,619
RAW,23.7,5884,8918,2.986,611
RAW,24.0,5890,8927,3.021,618
RAW,24.0,5879,8925,2.986,611
RAW,24.0,5886,8920,2.972,608
RAW,24.4,5875,8915,2.981,610
RAW,24.4,5878,8922,2.977,609
RAW,24.4,5881,8918,2.981,610
RAW,24.6,5869,8914,2.991,612
RAW,24.6,5870,8911,2.996,613
RAW,24.6,5871,8915,2.996,613
RAW,25.0,5866,8908,2.977,609
RAW,25.0,5863,8911,2.981,610
RAW,25.0,5871,8911,3.011,616
RAW,25.3,5869,8915,2.991,612
RAW,25.3,5868,8908,3.030,620
RAW,25.3,5868,8907,3.030,620
RAW,25.6,5865,8912,3.016,617
RAW,25.6,5869,8909,3.050,624
RAW,25.6,5863,8905,3.035,621
RAW,25.9,5853,8900,3.021,618
RAW,25.9,5857,8902,3.030,620
RAW,25.9,5859,8906,3.055,625
RAW,26.2,5836,8884,3.030,620
RAW,26.2,5843,8886,2.996,613
RAW,26.2,5843,8892,2.986,611
RAW,26.5,5827,8879,3.021,618
RAW,26.5,5832,8885,2.991,612
RAW,26.5,5830,8879,2.986,611
RAW,26.8,5823,8876,2.986,611
RAW,26.8,5826,8884,2.991,612
RAW,26.8,5825,8885,2.991,612
RAW,27.1,5821,8873,2.981,610
RAW,27.1,5828,8871,2.977,609
RAW,27.1,5832,8875,2.986,611
RAW,27.4,5823,6122,2.986,611
RAW,27.4,5818,6124,2.977,609
RAW,27.4,5822,6124,2.972,608
RAW,27.7,5823,6122,2.981,610
RAW,27.7,5822,6117,2.991,612
RAW,27.7,5824,6119,2.972,608
RAW,28.0,5820,6120,2.977,609
RAW,28.0,5823,6125,2.981,610
RAW,28.0,5829,6120,2.972,608
RAW,28.3,5827,6123,2.977,609
RAW,28.3,5829,6121,2.977,609
RAW,28.3,5823,6122,2.977,609
RAW,28.6,5829,6127,2.986,611
RAW,28.6,5827,6121,2.981,610
RAW,28.6,5820,6124,2.981,610
RAW,28.9,5828,6119,2.981,610
RAW,28.9,5828,6122,2.991,612
RAW,28.9,5818,6123,3.006,615
RAW,29.2,5821,6119,3.016,617
RAW,29.2,5827,6129,2.981,610
RAW,29.2,5826,6124,2.977,609
RAW,29.5,5835,6127,2.991,612
RAW,29.5,5830,6123,2.991,612
RAW,29.5,5831,6121,2.972,608
RAW,29.8,5835,6121,2.991,612
RAW,29.8,5832,6129,2.991,612
RAW,29.8,5828,6127,3.035,621
RAW,30.1,5832,6127,2.986,611
RAW,30.1,5833,6122,3.025,619
RAW,30.1,5829,6125,3.030,620
RAW,30.4,5831,6126,3.021,618
RAW,30.4,5832,6122,3.021,618
RAW,30.4,5827,6123,3.030,620
RAW,30.7,5834,6121,3.030,620
RAW,30.7,5831,6120,3.030,620
RAW,30.7,5835,6128,3.030,620
RAW,31.0,5836,6123,3.030,620
RAW,31.0,5830,6125,3.045,623
RAW,31.0,5830,6120,2.986,611
RAW,31.3,5820,6119,3.030,620
RAW,31.3,5819,6113,2.977,609
RAW,31.3,5828,6123,2.981,610
RAW,31.6,5816,6119,2.981,610
RAW,31.6,5828,6113,2.996,613
RAW,31.6,5820,6119,2.986,611
RAW,32.0,5822,6123,2.977,609
RAW,32.0,5822,6118,2.991,612
RAW,32.0,5818,6118,2.991,612
RAW,32.2,5832,6125,2.991,612
RAW,32.2,5834,6123,2.981,610
RAW,32.2,5821,6128,2.991,612
RAW,32.6,5834,3006,2.977,609
RAW,32.6,5834,3012,2.996,613
RAW,32.6,5838,6089,3.001,614
RAW,32.9,5841,3010,3.016,617
RAW,32.9,5843,3009,3.006,615
RAW,32.9,5847,3008,3.016,617
RAW,33.2,5846,3007,3.006,615
RAW,33.2,5846,3011,3.016,617
RAW,33.2,5841,3006,3.001,614
RAW,33.5,5831,3004,2.986,611
RAW,33.5,5831,3002,2.977,609
RAW,33.8,5829,3000,2.991,612
RAW,33.8,5828,3003,2.996,613
RAW,33.8,5829,2998,2.977,609
RAW,34.1,5813,2996,2.991,612
RAW,34.1,5832,3000,2.996,613
RAW,34.1,5829,3004,2.991,612
RAW,34.4,5818,2996,2.981,610
RAW,34.4,5818,2999,2.977,609
RAW,34.4,5813,2996,2.981,610
RAW,34.7,5818,3002,2.981,610
RAW,34.7,5811,2999,2.977,609
RAW,34.7,5809,2999,2.977,609
RAW,35.0,5821,2999,2.977,609
RAW,35.0,5827,2995,2.991,612
RAW,35.0,5816,2998,2.981,610
RAW,35.3,5803,2999,2.986,611
RAW,35.3,5813,2999,3.001,614
RAW,35.3,5809,3000,2.991,612
RAW,35.6,5802,2994,2.991,612
RAW,35.6,5803,2996,2.981,610
RAW,35.6,5802,2995,2.986,611
RAW,35.9,5807,2996,2.991,612
RAW,35.9,5807,3001,2.996,613
RAW,35.9,5792,2994,2.991,612
RAW,36.2,5809,2997,2.996,613
RAW,36.2,5813,3000,2.996,613
RAW,36.2,5809,3000,2.991,612
RAW,36.5,5815,2996,2.981,610
RAW,36.5,5817,2997,2.981,610
RAW,36.5,5813,2992,2.986,611
RAW,36.8,5816,2997,2.967,607
RAW,36.8,5813,2996,2.981,610
RAW,36.8,5820,2999,2.986,611
RAW,37.1,5817,2998,2.991,612
RAW,37.1,5816,2996,2.986,611
RAW,37.1,5815,2997,3.030,620
RAW,37.4,5819,2996,3.016,617
RAW,37.4,5815,2996,3.045,623
RAW,37.4,5814,2997,3.050,624
RAW,187.6,5847,2932,2.991,612
RAW,187.6,5848,2931,3.011,616
RAW,187.6,5844,2934,3.011,616
RAW,187.9,5844,2933,2.977,609
RAW,187.9,5847,2939,2.986,611
RAW,187.9,5849,2934,2.981,610
RAW,188.2,5842,2929,2.937,601
RAW,188.2,5843,2929,3.006,615
RAW,188.2,5845,2930,2.986,611
RAW,188.5,5855,2935,2.991,612
RAW,188.5,5854,2936,2.991,612
RAW,188.5,5846,2935,3.030,620
RAW,188.8,5848,2933,2.981,610
RAW,188.8,5852,2936,3.011,616
RAW,188.8,5850,2935,3.040,622
RAW,189.1,5832,2927,3.016,617
RAW,189.1,5841,2931,3.025,619
RAW,189.1,5846,2935,3.030,620
RAW,189.4,5825,2925,3.040,622
RAW,189.4,5827,2924,3.030,620
RAW,189.4,5833,2929,3.030,620
RAW,189.7,5817,2922,3.045,623
RAW,189.7,5827,2924,3.040,622
RAW,189.7,5821,2928,3.001,614
RAW,190.1,5820,2920,3.040,622
RAW,190.1,5815,2920,2.996,613
RAW,190.1,5824,2925,2.991,612
RAW,190.4,5815,2922,3.001,614
RAW,190.4,5819,2919,2.991,612
RAW,190.4,5815,2922,2.991,612
RAW,190.7,5823,2922,2.977,609
RAW,190.7,5824,2927,2.991,612
RAW,190.7,5825,2924,2.991,612
RAW,191.0,5817,2927,2.981,610
RAW,191.0,5821,2919,2.986,611
RAW,191.0,5823,2921,3.011,616
RAW,191.3,5827,2925,2.981,610
RAW,191.3,5827,2922,2.996,613
RAW,191.3,5827,2921,3.006,615
RAW,191.6,5827,2926,3.011,616
RAW,191.6,5823,2926,3.006,615
RAW,191.6,5826,2923,3.011,616
RAW,191.9,5828,2928,3.011,616
RAW,191.9,5827,2929,3.006,615
RAW,191.9,5827,2925,3.006,615
RAW,192.2,5832,2925,3.011,616
RAW,192.2,5836,2925,2.981,610
RAW,192.2,5827,2925,2.986,611
RAW,192.5,5838,2935,3.006,615
RAW,192.5,5834,2929,2.977,609
RAW,192.5,5831,2927,2.977,609
RAW,192.8,5835,5963,2.996,613
RAW,192.8,5841,5968,2.991,612
RAW,192.8,5840,5959,2.981,610
RAW,193.1,5844,5964,2.972,608
RAW,193.1,5842,5962,2.986,611
RAW,193.1,5841,5963,2.981,610
RAW,193.4,5837,5972,2.972,608
RAW,193.4,5837,5963,2.981,610
RAW,193.4,5840,5963,2.981,610
RAW,193.7,5848,5971,2.977,609
RAW,193.7,5847,5963,2.981,610
RAW,193.7,5842,5963,2.986,611
RAW,194.0,5851,5970,2.991,612
RAW,194.0,5856,5967,2.991,612
RAW,194.0,5848,5968,2.996,613
RAW,194.3,5852,5979,2.986,611
RAW,194.3,5859,5970,3.104,635
RAW,194.3,5860,5972,2.986,611
RAW,194.6,5861,5974,2.991,612
RAW,194.6,5853,5972,2.981,610
RAW,194.6,5857,5967,2.986,611
RAW,194.9,5865,5975,2.986,611
RAW,194.9,5864,5972,2.991,612
RAW,194.9,5854,5978,2.981,610
RAW,195.2,5852,5968,2.977,609
RAW,195.2,5860,5971,2.977,609
RAW,195.2,5860,5974,2.986,611
RAW,195.5,5844,5963,2.972,608
RAW,195.5,5847,5962,2.981,610
RAW,195.5,5855,5970,3.006,615
RAW,195.8,5833,5956,2.991,612
RAW,195.8,5831,5955,3.016,617
RAW,195.8,5837,5954,3.030,620
RAW,196.1,5824,5952,3.030,620
RAW,196.1,5834,5953,3.040,622
RAW,196.1,5831,5959,3.045,623
RAW,196.4,5821,5949,3.030,620
RAW,196.4,5824,5952,3.030,620
RAW,196.4,5828,5952,3.025,619
RAW,196.7,5823,5957,3.035,621
RAW,196.7,5820,5955,3.030,620
RAW,196.7,5827,5951,2.981,610
RAW,197.1,5818,5946,3.040,622
RAW,197.1,5816,5947,2.986,611
RAW,197.1,5821,5941,2.991,612
RAW,197.4,5818,5954,2.981,610
RAW,197.4,5824,5952,2.977,609
RAW,197.4,5823,5945,2.981,610
RAW,197.7,5828,5955,2.977,609
RAW,197.7,5828,5952,2.977,609
RAW,197.7,5825,5950,2.977,609
RAW,198.0,5829,8621,2.972,608
RAW,198.0,5824,8624,2.986,611
RAW,198.0,5827,6639,3.040,622
RAW,198.3,5827,8625,3.016,617
RAW,198.3,5826,8627,3.045,623
RAW,198.3,5828,8621,3.035,621
RAW,198.6,5845,8625,3.030,620
RAW,198.6,5841,8634,3.035,621
RAW,198.6,5829,8629,3.030,620
RAW,198.9,5839,8631,3.030,620
RAW,198.9,5844,8629,3.040,622
RAW,198.9,5842,8633,2.977,609
RAW,199.2,5845,8631,3.030,620
RAW,199.2,5844,8634,2.986,611
RAW,199.2,5840,8634,3.025,619
RAW,199.5,5845,8628,2.977,609
RAW,199.5,5845,8629,2.977,609
RAW,199.5,5843,8638,2.991,612
RAW,199.8,5844,8632,2.977,609
RAW,199.8,5841,8636,2.972,608
RAW,199.8,5848,8634,2.972,608
RAW,200.1,5847,8636,2.972,608
RAW,200.1,5846,8631,2.991,612
RAW,200.1,5849,8636,2.996,613
RAW,200.4,5851,8641,2.986,611
RAW,200.4,5845,8640,2.986,611
RAW,200.4,5847,8635,2.972,608
RAW,200.7,5858,8644,2.967,607
RAW,200.7,5858,8647,2.972,608
RAW,200.7,5862,8644,2.977,609
RAW,201.0,5859,8648,2.972,608
RAW,201.0,5861,8645,2.972,608
RAW,201.0,5862,8647,2.972,608
RAW,201.3,5862,8649,2.986,611
RAW,201.3,5866,8646,2.972,608
RAW,201.3,5867,8646,2.991,612
RAW,201.6,5864,8641,2.972,608
RAW,201.6,5854,8641,2.967,607
RAW,201.6,5858,8644,2.991,612
RAW,201.9,5849,8638,2.996,613
RAW,201.9,5854,8635,2.972,608
RAW,201.9,5866,8641,2.977,609
RAW,202.2,5832,8628,2.972,608
RAW,202.2,5845,8629,2.986,611
RAW,202.2,5848,8629,2.991,612
RAW,202.5,5824,8608,2.991,612
RAW,202.5,5827,8621,2.986,611
RAW,202.5,5834,8622,3.011,616
RAW,202.8,5822,8610,2.977,609
RAW,202.8,5826,8609,3.016,617
RAW,202.8,5816,8614,3.025,619
RAW,203.1,5815,8611,3.016,617
RAW,203.1,5815,8610,3.025,619
RAW,203.1,5818,8610,3.021,618
RAW,203.4,5817,8608,3.035,621
RAW,203.4,5823,8616,3.030,620
RAW,203.4,5812,8606,3.030,620
RAW,203.7,5823,8621,2.991,612
RAW,203.7,5828,8614,2.937,601
RAW,203.7,5819,8615,2.981,610
RAW,204.0,5828,8616,3.016,617
RAW,204.0,5826,8618,2.977,609
RAW,204.0,5823,8611,2.972,608
RAW,204.4,5827,8619,2.947,603
RAW,204.4,5826,8610,2.991,612
RAW,204.4,5822,8616,2.996,613
RAW,204.6,5832,8620,2.981,610
RAW,204.6,5825,8622,2.991,612
RAW,204.6,5831,8621,2.962,606
RAW,205.0,5827,8622,2.977,609
RAW,205.0,5833,8623,2.952,604
RAW,205.0,5834,8617,3.025,619
RAW,205.3,5836,8625,2.981,610
RAW,205.3,5838,8632,3.035,621
RAW,205.3,5836,8622,3.030,620
RAW,205.6,5834,8629,3.040,622
RAW,205.6,5838,8627,3.035,621
RAW,205.6,5839,8623,3.045,623
RAW,205.9,5839,8629,3.025,619
RAW,205.9,5837,8626,3.030,620
RAW,205.9,5834,8625,2.991,612
RAW,206.2,5844,8630,2.986,611
RAW,206.2,5838,8630,2.981,610
RAW,206.5,5842,8640,2.972,608
RAW,206.5,5846,8633,2.986,611
RAW,206.5,5844,8631,2.986,611
RAW,206.8,5857,8637,2.991,612
RAW,206.8,5847,8635,2.977,609
RAW,206.8,5852,8632,2.991,612
RAW,207.1,5858,8634,2.967,607
RAW,207.1,5860,8639,2.977,609
RAW,207.1,5857,8639,2.981,610
RAW,207.4,5860,8640,2.967,607
RAW,207.4,5860,8639,2.967,607
RAW,207.4,5861,8641,2.972,608
RAW,207.7,5859,8640,2.977,609
RAW,207.7,5862,8638,2.977,609
RAW,207.7,5862,8645,2.991,612
RAW,208.0,5854,8637,2.977,609
RAW,208.0,5853,8636,2.972,608
RAW,208.0,5855,8639,2.991,612
RAW,208.3,5856,8629,2.972,608
RAW,208.3,5856,8630,2.977,609
RAW,208.3,5846,8634,2.967,607
RAW,208.6,5838,8620,2.972,608
RAW,208.6,5847,8628,2.996,613
RAW,208.6,5845,8621,2.996,613
RAW,208.9,5830,8615,2.986,611
RAW,208.9,5826,8615,2.981,610
RAW,208.9,5829,8619,2.972,608
RAW,209.2,5819,8611,2.977,609
RAW,209.2,5823,8610,2.977,609
RAW,209.2,5829,8613,2.977,609
RAW,209.5,5831,8611,2.889,591
RAW,209.5,5831,8614,2.977,609
RAW,209.5,5820,8608,3.001,614
RAW,209.8,5832,8614,2.981,610
RAW,209.8,5824,8612,3.016,617
RAW,209.8,5826,8608,3.030,620
RAW,210.1,5840,8634,3.011,616
RAW,210.1,5843,8628,3.025,619
RAW,210.1,5833,8619,3.040,622
RAW,210.4,5856,8630,3.021,618
RAW,210.4,5859,8634,3.021,618
RAW,210.4,5847,8630,3.030,620
RAW,210.7,5851,8632,3.021,618
RAW,210.7,5844,8634,3.035,621
RAW,210.7,5845,8626,3.011,616
RAW,211.0,5849,8631,3.035,621
RAW,211.0,5846,8634,2.981,610
RAW,211.0,5846,8632,2.972,608
RAW,211.3,5849,8632,2.977,609
RAW,211.3,5853,8634,2.977,609
RAW,211.3,5851,8627,2.977,609
RAW,211.6,5859,8633,2.972,608
RAW,211.6,5854,8636,2.972,608
RAW,211.6,5857,8631,2.972,608
RAW,211.9,5853,8636,2.996,613
RAW,211.9,5859,8633,2.986,611
RAW,211.9,5851,8629,3.030,620
RAW,212.3,5859,8636,2.947,603
RAW,212.3,5851,8632,3.016,617
RAW,212.3,5860,8631,3.050,624
RAW,212.6,5863,8635,3.025,619
RAW,212.6,5850,8635,3.030,620
RAW,212.6,5860,8635,3.030,620
RAW,212.9,5863,8644,3.030,620
RAW,212.9,5863,8646,3.035,621
RAW,212.9,5863,8637,3.055,625
RAW,213.2,5868,8639,3.045,623
RAW,213.2,5870,8643,2.991,612
RAW,213.2,5873,8641,3.001,614
RAW,213.5,5868,8645,2.986,611
RAW,213.5,5869,8636,2.972,608
RAW,213.5,5864,8644,2.977,609
RAW,213.8,5874,8648,2.962,606
RAW,213.8,5866,8651,2.977,609
RAW,213.8,5871,8644,2.977,609
RAW,214.1,5867,8645,2.977,609
RAW,214.1,5871,8646,2.991,612
RAW,214.1,5876,8648,2.986,611
RAW,214.4,5867,8644,2.972,608
RAW,214.4,5871,8648,2.991,612
RAW,214.4,5863,8646,2.991,612
RAW,214.7,5852,8629,2.972,608
RAW,214.7,5861,8635,2.977,609
RAW,214.7,5863,8635,2.972,608
RAW,215.0,5843,8626,2.986,611
RAW,215.0,5852,8625,2.991,612
RAW,215.0,5851,8626,2.996,613
RAW,215.3,5839,8623,2.991,612
RAW,215.3,5841,8622,2.986,611
RAW,215.3,5841,8622,2.991,612
RAW,215.6,5831,8616,2.972,608
RAW,215.6,5840,8618,2.977,609
RAW,215.6,5836,8615,2.977,609
RAW,215.9,5835,8617,2.972,608
RAW,215.9,5834,8615,2.977,609
RAW,215.9,5834,8618,2.972,608
RAW,216.2,5834,8619,2.977,609
RAW,216.2,5835,8620,2.991,612
RAW,216.2,5833,8619,2.991,612
RAW,216.5,5830,8619,2.972,608
RAW,216.5,5831,8613,2.986,611
RAW,216.5,5836,8617,2.977,609
RAW,216.8,5837,8618,2.972,608
RAW,216.8,5828,8621,2.977,609
RAW,216.8,5832,8616,3.025,619
RAW,217.1,5831,8616,2.977,609
RAW,217.1,5831,8624,3.035,621
RAW,217.1,5836,8619,3.040,622
RAW,217.4,5845,8623,3.035,621
RAW,217.4,5838,8617,3.035,621
RAW,217.4,5837,8618,3.035,621
RAW,217.7,5846,8622,3.025,619
RAW,217.7,5844,8623,3.016,617
RAW,217.7,5842,8624,3.030,620
RAW,218.0,5845,8624,3.025,619
RAW,218.0,5839,8617,3.030,620
RAW,218.0,5842,8624,2.986,611
RAW,218.3,5843,8629,3.016,617
RAW,218.3,5843,8625,2.991,612
RAW,218.3,5839,8627,2.986,611
RAW,218.6,5851,8623,2.981,610
RAW,218.6,5854,8629,2.981,610
RAW,218.6,5848,8625,2.981,610
RAW,218.9,5853,8633,2.977,609
RAW,218.9,5861,8628,2.977,609
RAW,218.9,5849,8625,2.991,612
RAW,219.3,5859,8633,2.962,606
RAW,219.3,5852,8633,2.991,612
RAW,219.3,5853,8629,3.050,624
RAW,219.6,5861,8636,3.016,617
RAW,219.6,5846,8634,3.030,620
RAW,219.6,5850,8629,3.050,624
RAW,219.9,5862,8633,3.030,620
RAW,219.9,5860,8637,3.030,620
RAW,219.9,5861,8634,3.030,620
RAW,220.2,5871,8641,3.016,617
RAW,220.2,5863,8637,3.025,619
RAW,220.2,5867,8639,2.981,610
RAW,220.5,5865,8648,2.977,609
RAW,220.5,5866,8644,2.991,612
RAW,220.8,5873,8637,2.977,609
RAW,220.8,5873,8637,2.991,612
RAW,220.8,5863,8640,2.991,612
RAW,221.1,5868,8636,2.884,590
RAW,221.1,5866,8636,2.977,609
RAW,221.1,5867,8640,2.986,611
RAW,221.4,5848,8623,2.991,612
RAW,221.4,5851,8629,2.991,612
RAW,221.4,5857,8631,2.986,611
RAW,221.7,5843,8624,2.991,612
RAW,221.7,5847,8629,2.972,608
RAW,221.7,5844,8624,2.986,611
RAW,222.0,5835,8613,2.967,607
RAW,222.0,5840,8617,2.977,609
RAW,222.0,5840,8617,2.977,609
RAW,222.3,5822,8612,2.972,608
RAW,222.3,5834,8613,2.972,608
RAW,222.3,5835,8617,2.977,609
RAW,222.6,5837,8612,2.972,608
RAW,222.6,5833,8612,2.991,612
RAW,222.6,5835,8614,2.986,611
RAW,222.9,5829,8614,2.972,608
RAW,222.9,5836,8611,2.986,611
RAW,222.9,5833,8616,2.991,612
RAW,223.2,5827,8609,2.977,609
RAW,223.2,5825,8614,2.972,608
RAW,223.2,5822,8615,2.977,609
RAW,223.5,5837,8613,2.986,611
RAW,223.5,5836,8621,2.991,612
RAW,223.5,5832,8619,2.986,611
RAW,223.8,5840,8621,2.991,612
RAW,223.8,5835,8615,2.972,608
RAW,223.8,5833,8616,2.996,613
RAW,224.1,5844,8625,2.967,607
RAW,224.1,5841,8614,3.006,615
RAW,224.1,5841,8618,3.025,619
RAW,224.4,5843,8617,3.011,616
RAW,224.4,5834,8621,3.025,619
RAW,224.4,5842,8624,3.025,619
RAW,224.7,5831,8617,3.025,619
RAW,224.7,5836,8613,3.035,621
RAW,224.7,5838,8619,3.035,621
RAW,225.0,5842,8622,3.025,619
RAW,225.0,5840,8618,3.030,620
RAW,225.0,5837,8623,2.996,613
RAW,225.3,5852,8623,3.025,619
RAW,225.3,5849,8628,2.981,610
RAW,225.3,5848,8623,2.952,604
RAW,225.6,5846,8621,2.991,612
RAW,225.6,5851,8628,2.991,612
RAW,225.6,5849,8627,2.996,613
RAW,225.9,5848,8625,2.991,612
RAW,225.9,5849,8628,2.977,609
RAW,225.9,5847,8623,2.977,609
RAW,226.2,5852,8627,2.977,609
RAW,226.2,5845,8625,2.972,608
RAW,226.2,5852,8621,3.011,616
RAW,226.6,5852,8631,2.972,608
RAW,226.6,5855,8632,3.025,619
RAW,226.6,5858,8625,3.030,620
RAW,226.9,5852,8631,3.016,617
RAW,226.9,5852,8635,3.035,621
RAW,226.9,5860,8630,3.030,620
RAW,227.1,5853,8625,3.030,620
RAW,227.1,5848,8626,3.030,620
RAW,227.1,5848,8622,3.045,623
RAW,227.5,5839,8614,3.030,620
RAW,227.5,5834,8618,3.011,616
RAW,227.5,5843,8619,2.972,608
RAW,227.8,5819,8610,2.996,613
RAW,227.8,5827,8609,2.996,613
RAW,227.8,5832,8610,2.991,612
RAW,228.1,5808,8602,2.991,612
RAW,228.1,5814,8604,2.996,613
RAW,228.1,5818,8606,2.986,611
RAW,228.4,5813,8603,2.967,607
RAW,228.4,5814,8596,2.977,609
RAW,228.4,5809,8600,2.977,609
RAW,228.7,5811,8593,2.967,607
RAW,228.7,5808,8597,2.957,605
RAW,228.7,5811,8596,2.972,608
RAW,229.0,5808,8593,3.035,621
RAW,229.0,5811,8594,2.977,609
RAW,229.0,5798,8596,2.981,610
RAW,229.3,5817,8600,2.967,607
RAW,229.3,5807,8596,2.986,611
RAW,229.3,5807,8595,2.991,612
RAW,229.6,5817,8601,2.972,608
RAW,229.6,5817,8603,2.972,608
RAW,229.6,5816,8603,2.977,609
RAW,229.9,5817,8604,2.991,612
RAW,229.9,5812,8604,2.986,611
RAW,229.9,5818,8603,2.991,612
RAW,230.2,5817,8599,2.981,610
RAW,230.2,5815,8600,2.991,612
RAW,230.2,5816,8602,2.986,611
RAW,230.5,5817,8600,2.898,593
RAW,230.5,5817,8608,2.972,608
RAW,230.5,5811,8608,2.972,608
RAW,230.8,5814,8599,2.972,608
RAW,230.8,5816,8600,2.972,608
RAW,230.8,5814,8604,2.972,608
RAW,231.1,5823,8600,2.986,611
RAW,231.1,5819,8603,2.986,611
RAW,231.1,5813,8604,3.030,620
RAW,231.4,5814,8603,2.986,611
RAW,231.4,5823,8611,3.035,621
RAW,231.4,5816,8603,3.035,621
RAW,231.7,5821,8605,3.011,616
RAW,231.7,5817,8609,3.030,620
RAW,231.7,5816,8608,3.025,619
RAW,232.0,5827,8608,3.035,621
RAW,232.0,5825,8616,3.045,623
RAW,232.0,5825,8610,3.045,623
RAW,232.3,5829,8614,3.030,620
RAW,232.3,5831,8605,3.021,618
RAW,232.3,5823,8609,3.030,620
RAW,232.6,5828,8612,2.991,612
RAW,232.6,5831,8611,2.986,611
RAW,232.6,5826,8610,2.972,608
RAW,232.9,5828,8609,2.977,609
RAW,232.9,5836,8613,2.972,608
RAW,232.9,5831,8609,2.977,609
RAW,233.2,5839,8615,2.991,612
RAW,233.2,5833,8614,2.986,611
RAW,233.2,5833,8612,2.991,612
RAW,233.5,5838,8613,2.977,609
RAW,233.5,5831,8617,3.021,618
RAW,233.5,5836,8609,3.035,621
RAW,233.9,5816,8605,3.016,617
RAW,233.9,5827,8604,3.030,620
RAW,233.9,5833,8608,3.030,620
RAW,234.1,5811,8596,3.030,620
RAW,234.1,5811,8597,3.055,625
RAW,234.1,5818,8598,3.045,623
RAW,234.5,5807,8587,3.035,621
RAW,234.5,5805,8586,3.025,619
RAW,234.5,5810,8591,2.996,613
RAW,234.8,5809,8586,2.991,612
RAW,234.8,5802,8590,2.981,610
RAW,234.8,5806,8586,2.991,612
RAW,235.1,5790,8581,2.981,610
RAW,235.1,5793,8580,2.977,609
RAW,235.1,5800,8583,2.972,608
RAW,235.4,5797,8583,2.991,612
RAW,235.4,5798,8577,2.986,611
RAW,235.4,5794,8580,2.981,610
RAW,235.7,5803,8587,2.981,610
RAW,235.7,5796,8585,2.986,611
RAW,235.7,5803,8586,2.991,612
RAW,236.0,5805,8591,2.986,611
RAW,236.0,5804,8589,2.972,608
RAW,236.0,5798,8589,2.977,609
RAW,236.3,5810,8592,2.991,612
RAW,236.3,5811,8592,3.006,615
RAW,236.3,5809,8593,2.977,609
RAW,236.6,5810,8592,2.977,609
RAW,236.6,5812,8588,2.991,612
RAW,236.6,5807,8589,2.981,610
RAW,236.9,5807,8592,2.928,599
RAW,236.9,5812,8595,2.977,609
RAW,236.9,5806,8590,2.991,612
RAW,237.2,5819,8592,2.977,609
RAW,237.2,5808,8593,2.977,609
RAW,237.2,5809,8598,2.972,608
RAW,237.5,5823,8596,2.986,611
RAW,237.5,5822,8597,2.991,612
RAW,237.5,5818,8593,2.981,610
RAW,237.8,5822,8601,2.991,612
RAW,237.8,5820,8602,2.986,611
RAW,237.8,5820,8598,2.991,612
RAW,238.1,5824,8599,2.972,608
RAW,238.1,5816,8600,2.977,609
RAW,238.1,5822,8601,3.025,619
RAW,238.4,5817,8598,2.977,609
RAW,238.4,5818,8603,3.030,620
RAW,238.4,5813,8597,3.035,621
RAW,238.7,5828,8603,3.011,616
RAW,238.7,5826,8602,3.030,620
RAW,238.7,5824,8601,3.030,620
RAW,239.0,5835,8609,3.021,618
RAW,239.0,5831,8610,3.030,620
RAW,239.0,5823,8607,3.025,619
RAW,239.3,5846,8618,3.025,619
RAW,239.3,5840,8609,3.016,617
RAW,239.3,5836,8613,2.972,608
RAW,239.6,5849,8621,3.021,618
RAW,239.6,5839,8620,2.996,613
RAW,239.6,5837,8616,2.991,612
RAW,239.9,5840,8613,2.991,612
RAW,239.9,5847,8618,2.991,612
RAW,239.9,5843,8613,2.991,612
RAW,240.2,5824,8604,2.977,609
RAW,240.2,5828,8604,2.981,610
RAW,240.2,5836,8603,2.996,613
RAW,240.5,5825,8589,3.065,627
RAW,240.5,5816,8598,2.991,612
RAW,240.5,5823,8591,3.040,622
RAW,240.8,5808,8589,2.972,608
RAW,240.8,5815,8591,3.045,623
RAW,240.8,5816,8588,3.118,638
RAW,241.1,5814,8588,3.030,620
RAW,241.1,5810,8587,3.030,620
RAW,241.1,5806,8586,3.030,620
RAW,241.4,5806,8587,3.035,621
RAW,241.4,5806,8585,3.035,621
RAW,241.4,5809,8587,2.977,609
RAW,241.8,5807,8588,2.991,612
RAW,241.8,5808,8583,2.977,609
RAW,242.1,5810,8587,2.991,612
RAW,242.1,5812,8585,2.991,612
RAW,242.1,5815,8584,2.991,612
RAW,242.4,5809,8593,2.981,610
RAW,242.4,5814,8594,2.972,608
RAW,242.4,5815,8594,2.972,608
RAW,242.7,5813,8590,2.991,612
RAW,242.7,5815,8589,2.991,612
RAW,242.7,5816,8590,2.884,590
RAW,243.0,5817,8600,2.986,611
RAW,243.0,5820,8596,2.996,613
RAW,243.0,5821,8597,2.977,609
RAW,243.3,5830,8601,2.977,609
RAW,243.3,5821,8597,2.972,608
RAW,243.3,5824,8593,2.977,609
RAW,243.6,5826,8595,2.962,606
RAW,243.6,5828,8602,2.972,608
RAW,243.6,5831,8597,2.972,608
RAW,243.9,5832,8602,2.986,611
RAW,243.9,5830,8599,2.986,611
RAW,243.9,5832,8606,2.986,611
RAW,244.2,5827,8603,2.977,609
RAW,244.2,5834,8606,2.986,611
RAW,244.2,5837,8601,2.986,611
RAW,244.5,5826,8600,2.967,607
RAW,244.5,5830,8607,2.977,609
RAW,244.5,5830,8604,2.977,609
RAW,244.8,5837,8608,2.991,612
RAW,244.8,5826,8605,2.991,612
RAW,244.8,5826,8607,2.972,608
RAW,245.1,5839,8610,2.986,611
RAW,245.1,5833,8611,2.991,612
RAW,245.1,5829,8607,2.986,611
RAW,245.4,5833,8610,2.972,608
RAW,245.4,5839,8606,2.996,613
RAW,245.4,5835,8612,3.030,620
RAW,245.7,5844,8610,3.006,615
RAW,245.7,5837,8612,3.099,634
RAW,245.7,5835,8609,3.060,626
RAW,246.0,5848,8616,3.030,620
RAW,246.0,5853,8615,3.040,622
RAW,246.0,5842,8609,3.035,621
RAW,246.3,5844,8612,3.035,621
RAW,246.3,5854,8615,3.045,623
RAW,246.3,5845,8617,3.030,620
RAW,246.6,5831,8603,3.069,628
RAW,246.6,5838,8605,3.006,615
RAW,246.6,5843,8609,2.981,610
RAW,246.9,5819,8593,2.996,613
RAW,246.9,5825,8597,2.991,612
RAW,246.9,5826,8599,2.972,608
RAW,247.2,5816,8588,2.977,609
RAW,247.2,5813,8588,2.991,612
RAW,247.2,5822,8592,2.991,612
RAW,247.5,5816,8589,2.972,608
RAW,247.5,5818,8588,2.977,609
RAW,247.5,5820,8592,2.996,613
RAW,247.8,5816,8586,2.986,611
RAW,247.8,5817,8584,3.011,616
RAW,247.8,5822,8588,3.025,619
RAW,248.1,5813,8589,3.030,620
RAW,248.1,5816,8590,3.040,622
RAW,248.1,5813,8583,3.030,620
RAW,248.4,5814,8593,3.035,621
RAW,248.4,5817,8586,3.050,624
RAW,248.4,5811,8584,3.040,622
RAW,248.8,5822,8592,3.035,621
RAW,248.8,5821,8599,2.996,613
RAW,248.8,5813,8590,2.977,609
RAW,249.1,5827,8600,2.996,613
RAW,249.1,5825,8593,2.986,611
RAW,249.1,5831,8594,2.977,609
RAW,249.4,5826,8594,2.986,611
RAW,249.4,5830,8599,2.991,612
RAW,249.4,5828,8602,2.981,610
RAW,249.7,5831,8598,2.977,609
RAW,249.7,5824,8599,2.977,609
RAW,249.7,5832,8597,2.972,608
RAW,250.0,5836,8601,2.967,607
RAW,250.0,5829,8602,2.977,609
RAW,250.0,5826,8596,2.972,608
RAW,250.3,5834,8600,2.986,611
RAW,250.3,5830,8598,2.986,611
RAW,250.3,5827,8603,2.981,610
RAW,250.6,5836,8601,2.977,609
RAW,250.6,5833,8603,2.991,612
RAW,250.6,5831,8599,2.986,611
RAW,250.9,5836,8609,2.996,613
RAW,250.9,5836,8605,2.972,608
RAW,250.9,5835,8599,2.981,610
RAW,251.2,5830,8601,2.986,611
RAW,251.2,5830,8602,2.977,609
RAW,251.2,5840,8603,2.977,609
RAW,251.5,5835,8601,2.977,609
RAW,251.5,5832,8606,2.986,611
RAW,251.5,5829,8598,2.947,603
RAW,251.8,5841,8612,2.972,608
RAW,251.8,5837,8601,2.967,607
RAW,251.8,5836,8602,2.972,608
RAW,252.1,5846,8611,2.967,607
RAW,252.1,5848,8607,2.972,608
RAW,252.1,5836,8607,2.972,608
RAW,252.4,5854,8618,2.972,608
RAW,252.4,5856,8620,2.986,611
RAW,252.4,5846,8612,3.016,617
RAW,252.7,5850,8621,2.991,612
RAW,252.7,5856,8620,3.030,620
RAW,252.7,5852,8620,3.035,621
RAW,253.0,5843,8611,3.021,618
RAW,253.0,5850,8614,3.025,619
RAW,253.0,5852,8613,3.025,619
RAW,253.3,5840,8603,3.040,622
RAW,253.3,5845,8610,3.030,620
RAW,253.3,5843,8610,3.016,617
RAW,253.6,5836,8595,3.030,620
RAW,253.6,5837,8599,3.040,622
RAW,253.6,5838,8601,2.986,611
RAW,253.9,5829,8593,3.006,615
RAW,253.9,5831,8594,2.977,609
RAW,253.9,5835,8600,2.889,591
RAW,254.2,5830,8588,2.981,610
RAW,254.2,5826,8595,2.972,608
RAW,254.2,5827,8594,2.981,610
RAW,254.5,5828,8592,2.981,610
RAW,254.5,5827,8590,2.991,612
RAW,254.5,5825,8590,2.981,610
RAW,254.8,5828,8593,2.977,609
RAW,254.8,5823,8592,2.991,612
RAW,254.8,5826,8592,3.040,622
RAW,255.1,5823,8592,2.991,612
RAW,255.1,5829,8598,3.030,620
RAW,255.1,5821,8590,3.030,620
RAW,255.4,5833,8598,3.016,617
RAW,255.4,5831,8597,3.045,623
RAW,255.4,5829,8595,3.030,620
RAW,255.8,5839,8606,3.035,621
RAW,255.8,5834,8600,3.050,624
RAW,255.8,5832,8596,2.991,612
RAW,256.0,5840,8599,2.981,610
RAW,256.0,5840,8604,2.972,608
RAW,256.4,5841,8602,2.977,609
RAW,256.4,5838,8605,2.977,609
RAW,256.4,5834,8601,2.972,608
RAW,256.7,5834,8601,2.986,611
RAW,256.7,5844,8605,2.977,609
RAW,256.7,5835,8603,2.981,610
RAW,257.0,5838,8603,2.991,612
RAW,257.0,5841,8602,2.991,612
RAW,257.0,5836,8606,2.996,613
RAW,257.3,5839,8604,2.977,609
RAW,257.3,5840,8604,2.972,608
RAW,257.3,5836,8599,2.977,609
RAW,257.6,5835,8603,2.991,612
RAW,257.6,5833,8606,2.981,610
RAW,257.6,5835,8601,2.972,608
RAW,257.9,5842,8611,2.986,611
RAW,257.9,5839,8604,2.991,612
RAW,257.9,5836,8604,2.972,608
RAW,258.2,5840,8607,2.977,609
RAW,258.2,5840,8611,2.977,609
RAW,258.2,5836,8604,3.040,622
RAW,258.5,5843,8609,2.972,608
RAW,258.5,5842,8607,2.977,609
RAW,258.5,5847,8610,2.972,608
RAW,258.8,5852,8610,2.972,608
RAW,258.8,5852,8608,2.991,612
RAW,258.8,5847,8609,2.972,608
RAW,259.1,5852,8620,2.986,611
RAW,259.1,5856,8618,2.991,612
RAW,259.1,5852,8621,2.991,612
RAW,259.4,5845,8606,2.967,607
RAW,259.4,5849,8613,2.977,609
RAW,259.4,5856,8610,2.972,608
RAW,259.7,5830,8597,2.991,612
RAW,259.7,5830,8601,2.996,613
RAW,259.7,5834,8600,3.016,617
RAW,260.0,5820,8593,3.016,617
RAW,260.0,5828,8593,3.030,620
RAW,260.0,5818,8598,3.025,619
RAW,260.3,5816,8583,3.025,619
RAW,260.3,5824,8581,3.025,619
RAW,260.3,5823,8592,3.021,618
RAW,260.6,5812,8579,3.021,618
RAW,260.6,5812,8576,3.021,618
RAW,260.6,5809,8581,2.986,611
RAW,260.9,5815,8586,3.040,622
RAW,260.9,5819,8583,2.991,612
RAW,260.9,5814,8576,2.991,612
RAW,261.2,5817,8584,2.991,612
RAW,261.2,5820,8584,2.991,612
RAW,261.2,5824,8584,3.006,615
RAW,261.5,5813,8587,2.967,607
RAW,261.5,5818,8584,2.972,608
RAW,261.5,5821,8585,2.972,608
RAW,261.8,5828,8586,2.991,612
RAW,261.8,5822,8585,2.981,610
RAW,261.8,5820,8582,3.016,617
RAW,262.1,5823,8592,2.986,611
RAW,262.1,5824,8592,3.025,619
RAW,262.1,5827,8582,3.030,620
RAW,262.4,5828,8593,3.025,619
RAW,262.4,5826,8595,3.025,619
RAW,262.4,5827,8592,3.030,620
RAW,262.7,5834,8594,3.025,619
RAW,262.7,5833,8593,3.035,621
RAW,262.7,5823,8589,3.030,620
RAW,263.0,5823,8590,3.045,623
RAW,263.0,5838,8597,2.991,612
RAW,263.0,5831,8593,2.991,612
RAW,263.4,5837,8598,2.996,613
RAW,263.4,5834,8597,3.001,614
RAW,263.4,5838,8601,2.986,611
RAW,263.6,5846,8604,2.986,611
RAW,263.6,5838,8604,2.977,609
RAW,263.6,5836,8598,2.977,609
RAW,264.0,5844,8605,2.981,610
RAW,264.0,5843,8604,2.972,608
RAW,264.0,5845,8605,2.977,609
RAW,264.3,5843,8601,2.991,612
RAW,264.3,5849,8600,2.977,609
RAW,264.3,5846,8601,2.981,610
RAW,264.6,5855,8608,2.972,608
RAW,264.6,5852,8605,2.972,608
RAW,264.6,5845,8600,2.972,608
RAW,264.9,5858,8610,3.055,625
RAW,264.9,5854,8612,2.972,608
RAW,264.9,5860,8610,2.972,608
RAW,265.2,5859,8613,2.986,611
RAW,265.2,5857,8604,2.981,610
RAW,265.2,5859,8615,2.986,611
RAW,265.5,5862,8613,2.991,612
RAW,265.5,5854,8616,2.991,612
RAW,265.5,5864,8610,2.977,609
RAW,265.8,5857,8611,2.972,608
RAW,265.8,5858,8608,2.972,608
RAW,265.8,5857,8612,2.972,608
RAW,266.1,5842,8601,2.981,610
RAW,266.1,5843,8598,2.967,607
RAW,266.1,5849,8599,2.972,608
RAW,266.4,5844,8593,2.991,612
RAW,266.4,5845,8595,2.972,608
RAW,266.4,5843,8598,2.981,610
RAW,266.7,5834,8589,2.977,609
RAW,266.7,5833,8589,2.986,611
RAW,266.7,5836,8598,3.021,618
RAW,267.0,5828,8585,2.996,613
RAW,267.0,5833,8591,3.035,621
RAW,267.0,5826,8588,3.025,619
RAW,267.3,5829,8586,3.025,619
RAW,267.3,5829,8592,3.030,620
RAW,267.3,5821,8588,3.030,620
RAW,267.6,5833,8589,3.045,623
RAW,267.6,5831,8592,3.045,623
RAW,267.6,5828,8590,3.025,619
RAW,267.9,5842,8589,3.021,618
RAW,267.9,5833,8585,2.991,612
RAW,267.9,5830,8593,2.977,609
RAW,268.2,5840,8593,2.991,612
RAW,268.2,5835,8592,2.977,609
RAW,268.2,5833,8589,2.981,610
RAW,268.5,5841,8593,2.986,611
RAW,268.5,5849,8597,2.986,611
RAW,268.5,5844,8594,2.986,611
RAW,268.8,5846,8596,2.967,607
RAW,268.8,5844,8597,2.977,609
RAW,268.8,5844,8597,2.991,612
RAW,269.1,5843,8594,2.977,609
RAW,269.1,5851,8598,3.011,616
RAW,269.1,5845,8595,3.025,619
RAW,269.4,5845,8598,3.011,616
RAW,269.4,5843,8598,3.025,619
RAW,269.4,5844,8596,3.045,623
RAW,269.7,5854,8602,3.055,625
RAW,269.7,5843,8603,3.045,623
RAW,269.7,5840,8603,3.035,621
RAW,270.0,5849,8597,3.025,619
RAW,270.0,5848,8600,3.006,615
RAW,270.0,5849,8600,2.991,612
RAW,270.4,5846,8601,2.991,612
RAW,270.4,5844,8597,2.972,608
RAW,270.4,5841,8597,2.972,608
RAW,270.6,5850,8600,2.981,610
RAW,270.6,5851,8603,2.977,609
RAW,270.6,5843,8602,2.981,610
RAW,271.0,5859,8603,2.972,608
RAW,271.0,5851,8600,2.977,609
RAW,271.0,5845,8602,2.986,611
RAW,271.3,5860,8608,2.977,609
RAW,271.3,5848,8599,2.977,609
RAW,271.3,5852,8609,2.972,608
RAW,271.6,5859,8614,2.967,607
RAW,271.6,5860,8612,2.977,609
RAW,271.6,5856,8605,2.898,593
RAW,271.9,5861,8602,2.996,613
RAW,271.9,5857,8613,2.981,610
RAW,271.9,5861,8607,2.986,611
RAW,272.2,5846,8601,2.967,607
RAW,272.2,5855,8608,2.977,609
RAW,272.2,5857,8607,2.972,608
RAW,272.5,5843,8600,2.977,609
RAW,272.5,5849,8605,2.972,608
RAW,272.5,5847,8598,2.977,609
RAW,272.8,5841,8585,2.952,604
RAW,272.8,5837,8593,2.977,609
RAW,272.8,5838,8592,2.996,613
RAW,273.1,5833,8588,2.972,608
RAW,273.1,5829,8583,2.977,609
RAW,273.1,5837,8593,2.986,611
RAW,273.4,5828,8586,2.972,608
RAW,273.4,5827,8582,2.972,608
RAW,273.4,5829,8583,2.977,609
RAW,273.7,5828,8580,2.977,609
RAW,273.7,5828,8584,2.991,612
RAW,273.7,5821,8578,3.025,619
RAW,274.0,5831,8592,2.991,612
RAW,274.0,5829,8587,3.030,620
RAW,274.0,5828,8586,3.025,619
RAW,274.3,5831,8586,3.025,619
RAW,274.3,5824,8586,3.030,620
RAW,274.3,5827,8588,3.030,620
RAW,274.6,5832,8586,3.025,619
RAW,274.6,5832,8585,3.021,618
RAW,274.6,5832,8586,3.021,618
RAW,274.9,5841,8591,3.030,620
RAW,274.9,5832,8585,3.030,620
RAW,274.9,5832,8582,2.991,612
RAW,275.2,5836,8590,3.006,615
RAW,275.2,5835,8589,2.977,609
RAW,275.2,5837,8581,2.991,612
RAW,275.5,5839,8594,2.986,611
RAW,275.5,5835,8594,2.972,608
RAW,275.5,5834,8586,2.972,608
RAW,275.8,5842,8590,2.981,610
RAW,275.8,5841,8587,2.981,610
RAW,275.8,5839,8592,2.991,612
RAW,276.1,5835,8587,2.991,612
RAW,276.1,5841,8594,2.986,611
RAW,276.1,5841,8587,3.025,619
RAW,276.4,5839,8592,2.986,611
RAW,276.4,5841,8588,3.025,619
RAW,276.4,5835,8591,3.030,620
RAW,276.7,5849,8589,3.025,619
RAW,276.7,5844,8590,3.030,620
RAW,276.7,5837,8588,3.030,620
RAW,277.0,5848,8595,3.025,619
RAW,277.0,5848,8596,3.045,623
RAW,277.0,5846,8594,2.991,612
RAW,277.3,5856,8603,2.977,609
RAW,277.3,5857,8601,2.991,612
RAW,277.6,5866,8600,2.972,608
RAW,277.6,5861,8603,2.991,612
RAW,277.6,5854,8604,2.977,609
RAW,278.0,5867,8600,2.986,611
RAW,278.0,5861,8601,2.991,612
RAW,278.0,5862,8607,2.991,612
RAW,278.3,5862,8604,2.991,612
RAW,278.3,5860,8606,2.991,612
RAW,278.3,5864,8605,2.986,611
RAW,278.6,5852,8590,2.977,609
RAW,278.6,5860,8597,2.977,609
RAW,278.6,5858,8602,2.972,608
RAW,278.9,5838,8587,2.972,608
RAW,278.9,5842,8588,2.977,609
RAW,278.9,5842,8587,2.996,613
RAW,279.2,5830,8575,2.981,610
RAW,279.2,5835,8581,2.991,612
RAW,279.2,5841,8585,2.981,610
RAW,279.5,5824,8570,2.977,609
RAW,279.5,5825,8572,2.972,608
RAW,279.5,5822,8581,2.991,612
RAW,279.8,5805,8567,2.977,609
RAW,279.8,5817,8569,2.977,609
RAW,279.8,5816,8571,2.972,608
RAW,280.1,5816,8569,2.972,608
RAW,280.1,5813,8562,2.996,613
RAW,280.1,5814,8570,2.991,612
RAW,280.4,5816,8567,2.991,612
RAW,280.4,5814,8565,2.986,611
RAW,280.4,5808,8570,2.986,611
RAW,280.7,5813,8566,2.972,608
RAW,280.7,5827,8570,2.977,609
RAW,280.7,5816,8566,2.981,610
RAW,281.0,5825,8571,2.933,600
RAW,281.0,5818,8568,2.996,613
RAW,281.0,5817,8572,3.016,617
RAW,281.3,5825,8574,3.011,616
RAW,281.3,5824,8571,3.035,621
RAW,281.3,5819,8570,3.040,622
RAW,281.6,5821,8573,3.021,618
RAW,281.6,5825,8568,3.025,619
RAW,281.6,5819,8569,3.035,621
RAW,281.9,5825,8575,3.016,617
RAW,281.9,5828,8573,3.025,619
RAW,281.9,5821,8571,3.001,614
RAW,282.2,5822,8578,3.025,619
RAW,282.2,5831,8572,3.011,616
RAW,282.2,5823,8574,2.996,613
RAW,282.5,5819,8576,3.001,614
RAW,282.5,5825,8574,2.991,612
RAW,282.5,5824,8576,2.977,609
RAW,282.8,5827,8568,2.972,608
RAW,282.8,5824,8574,2.977,609
RAW,282.8,5824,8568,2.972,608
RAW,283.1,5827,8580,2.986,611
RAW,283.1,5830,8580,2.977,609
RAW,283.1,5830,8571,2.996,613
RAW,283.4,5837,8586,2.986,611
RAW,283.4,5840,8581,3.021,618
RAW,283.4,5835,8578,3.030,620
RAW,283.7,5839,8587,3.016,617
RAW,283.7,5836,8585,3.030,620
RAW,283.7,5842,8577,3.035,621
RAW,284.0,5838,8588,3.030,620
RAW,284.0,5840,8585,3.030,620
RAW,284.0,5841,8586,3.030,620
RAW,284.3,5847,8592,3.045,623
RAW,284.3,5845,8597,3.016,617
RAW,284.3,5840,8587,2.991,612
RAW,284.6,5845,8591,3.011,616
RAW,284.6,5845,8591,2.981,610
RAW,284.6,5851,8598,2.986,611
RAW,284.9,5846,8582,2.972,608
RAW,284.9,5843,8590,2.977,609
RAW,284.9,5850,8591,2.972,608
RAW,285.3,5828,8577,2.972,608
RAW,285.3,5833,8577,2.972,608
RAW,285.3,5839,8582,2.967,607
RAW,285.5,5822,8568,2.972,608
RAW,285.5,5824,8571,2.981,610
RAW,285.5,5826,8572,2.986,611
RAW,285.9,5817,8567,2.967,607
RAW,285.9,5817,8565,2.991,612
RAW,285.9,5828,8568,2.991,612
RAW,286.2,5819,8558,2.967,607
RAW,286.2,5816,8564,2.972,608
RAW,286.2,5825,8566,2.972,608
RAW,286.5,5808,8555,2.981,610
RAW,286.5,5813,8556,2.991,612
RAW,286.5,5812,8560,2.991,612
RAW,286.8,5810,8556,2.981,610
RAW,286.8,5812,8558,2.972,608
RAW,286.8,5810,8562,2.991,612
RAW,287.1,5814,8563,2.972,608
RAW,287.1,5819,8565,3.006,615
RAW,287.1,5812,8561,2.986,611
RAW,287.4,5812,8558,2.957,605
RAW,287.4,5817,8557,2.942,602
RAW,287.4,5810,8557,2.977,609
RAW,287.7,5813,8563,2.986,611
RAW,287.7,5813,8558,2.991,612
RAW,287.7,5806,8559,2.991,612
RAW,288.0,5813,8567,2.972,608
RAW,288.0,5815,8564,2.981,610
RAW,288.0,5812,8565,3.021,618
RAW,288.3,5811,8568,2.972,608
RAW,288.3,5820,8567,3.021,618
RAW,288.3,5815,8568,3.030,620
RAW,288.6,5808,8567,3.035,621
RAW,288.6,5813,8567,3.030,620
RAW,288.6,5812,8564,3.045,623
RAW,288.9,5818,8573,3.045,623
RAW,288.9,5813,8572,3.025,619
RAW,288.9,5820,8568,3.050,624
RAW,289.2,5828,8572,3.025,619
RAW,289.2,5822,8577,3.025,619
RAW,289.2,5824,8570,2.977,609
RAW,289.5,5830,8582,3.011,616
RAW,289.5,5826,8579,2.981,610
RAW,289.5,5830,8576,2.967,607
RAW,289.8,5828,8575,2.981,610
RAW,289.8,5828,8573,2.991,612
RAW,289.8,5828,8578,2.991,612
RAW,290.1,5826,8573,2.972,608
RAW,290.1,5827,8577,2.937,601
RAW,290.1,5831,8579,3.040,622
RAW,290.4,5825,8578,2.981,610
RAW,290.4,5825,8572,2.977,609
RAW,290.4,5825,8571,3.030,620
RAW,290.7,5828,8584,2.991,612
RAW,290.7,5834,8583,3.050,624
RAW,290.7,5834,8576,3.045,623
RAW,291.0,5844,8582,3.040,622
RAW,291.0,5841,8580,3.030,620
RAW,291.0,5835,8580,3.045,623
RAW,291.3,5832,8580,3.030,620
RAW,291.3,5840,8577,3.035,621
RAW,291.3,5836,8580,2.977,609
RAW,291.6,5827,8573,2.972,608
RAW,291.6,5821,8574,2.977,609
RAW,291.9,5815,8571,2.972,608
RAW,291.9,5815,8568,2.981,610
RAW,291.9,5818,8566,2.986,611
RAW,292.2,5806,8559,2.981,610
RAW,292.2,5810,8566,2.967,607
RAW,292.2,5808,8564,3.016,617
RAW,292.5,5804,8559,2.967,607
RAW,292.5,5809,8559,2.977,609
RAW,292.5,5808,8562,2.981,610
RAW,292.9,5802,8554,2.986,611
RAW,292.9,5805,8556,2.991,612
RAW,292.9,5803,8559,2.991,612
RAW,293.1,5803,8561,2.972,608
RAW,293.1,5806,8560,2.977,609
RAW,293.1,5799,8561,2.977,609
RAW,293.5,5803,8564,2.967,607
RAW,293.5,5808,8556,2.972,608
RAW,293.5,5811,8555,2.972,608
RAW,293.8,5816,8560,2.879,589
RAW,293.8,5802,8562,2.967,607
RAW,293.8,5806,8556,2.972,608
RAW,294.1,5809,8562,2.972,608
RAW,294.1,5816,8566,2.981,610
RAW,294.1,5815,8561,2.991,612
RAW,294.4,5812,8561,2.967,607
RAW,294.4,5810,8562,2.991,612
RAW,294.4,5809,8565,2.986,611
RAW,294.7,5815,8559,2.972,608
RAW,294.7,5807,8562,2.977,609
RAW,294.7,5803,8565,2.991,612
RAW,295.0,5813,8565,2.986,611
RAW,295.0,5813,8565,2.986,611
RAW,295.0,5802,8562,2.972,608
RAW,295.3,5812,8570,2.996,613
RAW,295.3,5809,8566,3.006,615
RAW,295.3,5815,8564,3.035,621
RAW,295.6,5817,8566,3.001,614
RAW,295.6,5814,8569,3.025,619
RAW,295.6,5812,8572,3.025,619
RAW,295.9,5818,8569,3.021,618
RAW,295.9,5820,8564,3.021,618
RAW,295.9,5810,8569,3.030,620
RAW,296.2,5808,8564,3.025,619
RAW,296.2,5817,8567,3.035,621
RAW,296.2,5815,8569,3.011,616
RAW,296.5,5810,8562,3.025,619
RAW,296.5,5815,8558,3.006,615
RAW,296.5,5806,8561,2.996,613
RAW,296.8,5798,8564,2.981,610
RAW,296.8,5800,8560,2.986,611
RAW,296.8,5806,8561,2.972,608
RAW,297.1,5800,8562,2.996,613
RAW,297.1,5800,8559,2.991,612
RAW,297.1,5803,8554,2.991,612
RAW,297.4,5818,8565,2.991,612
RAW,297.4,5806,8560,2.981,610
RAW,297.4,5801,8560,3.021,618
RAW,297.7,5810,8569,2.977,609
RAW,297.7,5814,8566,3.011,616
RAW,297.7,5808,8569,3.030,620
RAW,298.0,5805,8559,3.016,617
RAW,298.0,5808,8560,3.035,621
RAW,298.0,5811,8565,3.030,620
RAW,298.3,5784,8549,3.030,620
RAW,298.3,5794,8550,3.040,622
RAW,298.3,5799,8557,3.040,622
RAW,298.6,5777,8548,3.030,620
RAW,298.6,5785,8549,3.006,615
RAW,298.6,5790,8547,2.996,613
RAW,298.9,5778,8542,2.991,612
RAW,298.9,5784,8543,2.977,609
RAW,298.9,5783,8547,2.977,609
RAW,299.2,5778,8542,2.991,612
RAW,299.2,5776,8542,2.991,612
RAW,299.2,5784,8543,2.981,610
RAW,299.5,5786,8542,2.977,609
RAW,299.5,5779,8546,2.986,611
RAW,299.5,5776,8547,2.991,612
RAW,299.8,5796,8557,2.972,608
RAW,299.8,5785,8553,2.972,608
RAW,299.8,5784,8547,2.962,606
RAW,300.1,5795,8551,2.972,608
RAW,300.1,5793,8548,2.977,609
RAW,300.1,5795,8552,2.972,608
RAW,300.5,5793,8556,2.996,613
RAW,300.5,5793,8554,2.991,612
RAW,300.5,5792,8551,2.972,608
RAW,300.8,5799,8563,2.981,610
RAW,300.8,5805,8552,2.991,612
RAW,300.8,5798,8554,2.991,612
RAW,301.1,5807,8557,2.977,609
RAW,301.1,5802,8561,2.972,608
RAW,301.1,5805,8559,3.016,617
RAW,301.4,5808,8559,2.991,612
RAW,301.4,5799,8559,2.996,613
RAW,301.4,5798,8561,2.981,610
RAW,301.7,5812,8560,2.962,606
RAW,301.7,5811,8564,2.986,611
RAW,301.7,5806,8563,2.986,611
RAW,302.0,5808,8571,2.977,609
RAW,302.0,5816,8569,2.967,607
RAW,302.0,5808,8568,2.967,607
RAW,302.3,5818,8564,2.972,608
RAW,302.3,5812,8565,2.972,608
RAW,302.3,5811,8569,3.011,616
RAW,302.6,5813,8571,3.011,616
RAW,302.6,5820,8567,3.030,620
RAW,302.6,5820,8566,3.025,619
RAW,302.9,5815,8566,3.016,617
RAW,302.9,5817,8566,3.035,621
RAW,302.9,5815,8572,3.030,620
RAW,303.2,5818,8576,3.030,620
RAW,303.2,5817,8572,3.016,617
RAW,303.2,5812,8572,3.030,620
RAW,303.5,5822,8570,3.025,619
RAW,303.5,5820,8567,3.021,618
RAW,303.5,5822,8576,2.991,612
RAW,303.8,5825,8571,2.996,613
RAW,303.8,5823,8578,2.981,610
RAW,303.8,5822,8568,2.996,613
RAW,304.1,5822,8575,2.972,608
RAW,304.1,5818,8569,2.981,610
RAW,304.1,5822,8573,2.977,609
RAW,304.4,5811,8566,2.972,608
RAW,304.4,5815,8571,2.972,608
RAW,304.4,5818,8569,2.986,611
RAW,304.7,5807,8562,2.991,612
RAW,304.7,5812,8567,3.025,619
RAW,304.7,5812,8560,3.030,620
RAW,305.0,5791,8555,3.006,615
RAW,305.0,5794,8561,3.035,621
RAW,305.0,5803,8559,3.040,622
RAW,305.3,5786,8548,3.030,620
RAW,305.3,5796,8555,3.045,623
RAW,305.3,5796,8556,3.025,619
RAW,305.6,5787,8546,3.040,622
RAW,305.6,5789,8548,3.030,620
RAW,305.6,5792,8549,2.972,608
RAW,305.9,5785,8547,3.011,616
RAW,305.9,5793,8549,3.001,614
RAW,305.9,5788,8546,2.991,612
RAW,306.2,5791,8549,2.977,609
RAW,306.2,5783,8551,2.913,596
RAW,306.2,5787,8550,2.972,608
RAW,306.5,5783,8540,2.967,607
RAW,306.5,5780,8545,2.986,611
RAW,306.5,5790,8546,2.981,610
RAW,306.8,5775,8547,2.981,610
RAW,306.8,5776,8543,2.981,610
RAW,306.8,5783,8545,2.972,608
RAW,307.1,5784,8547,2.986,611
RAW,307.1,5786,8551,2.996,613
RAW,307.1,5778,8549,2.986,611
RAW,307.5,5797,8552,2.981,610
RAW,307.5,5792,8552,2.986,611
RAW,307.5,5785,8547,2.972,608
RAW,307.8,5808,8559,2.991,612
RAW,307.8,5801,8564,2.991,612
RAW,307.8,5794,8557,2.972,608
RAW,308.1,5803,8559,2.986,611
RAW,308.1,5808,8566,2.981,610
RAW,308.1,5802,8560,2.986,611
RAW,308.4,5802,8554,2.977,609
RAW,308.4,5794,8555,2.967,607
RAW,308.4,5800,8560,2.972,608
RAW,308.7,5805,8570,2.972,608
RAW,308.7,5801,8559,2.967,607
RAW,308.7,5794,8565,2.981,610
RAW,309.0,5804,8563,2.977,609
RAW,309.0,5812,8567,2.977,609
RAW,309.0,5809,8561,2.981,610
RAW,309.3,5810,8566,2.986,611
RAW,309.3,5815,8571,2.996,613
RAW,309.3,5806,8566,3.030,620
RAW,309.6,5815,8571,2.972,608
RAW,309.6,5813,8565,3.040,622
RAW,309.6,5810,8563,3.025,619
RAW,309.9,5817,8566,3.025,619
RAW,309.9,5814,8564,3.045,623
RAW,309.9,5810,8567,3.030,620
RAW,310.2,5812,8568,3.030,620
RAW,310.2,5813,8571,3.050,624
RAW,310.2,5815,8570,3.035,621
RAW,310.5,5808,8563,3.025,619
RAW,310.5,5814,8565,3.030,620
RAW,310.5,5814,8565,2.986,611
RAW,310.8,5807,8563,3.011,616
RAW,310.8,5811,8561,2.986,611
RAW,310.8,5803,8560,2.977,609
RAW,311.1,5803,8561,2.991,612
RAW,311.1,5804,8570,2.991,612
RAW,311.1,5809,8567,2.962,606
RAW,311.4,5794,8554,3.001,614
RAW,311.4,5801,8548,2.996,613
RAW,311.4,5804,8559,2.991,612
RAW,311.7,5781,8546,2.977,609
RAW,311.7,5784,8546,2.996,613
RAW,311.7,5790,8547,3.025,619
RAW,312.0,5782,8550,3.011,616
RAW,312.0,5781,8546,3.040,622
RAW,312.0,5782,8545,3.030,620
RAW,312.3,5782,8547,3.035,621
RAW,312.3,5785,8548,3.045,623
RAW,312.3,5785,8551,3.035,621
RAW,312.6,5768,8546,3.030,620
RAW,312.6,5782,8541,3.030,620
RAW,312.6,5779,8540,2.981,610
RAW,312.9,5780,8538,2.981,610
RAW,312.9,5770,8553,2.981,610
RAW,313.2,5779,8541,2.986,611
RAW,313.2,5776,8548,2.977,609
RAW,313.2,5775,8544,2.986,611
RAW,313.5,5777,8548,2.981,610
RAW,313.5,5791,8549,2.991,612
RAW,313.5,5781,8540,2.991,612
RAW,313.8,5782,8548,2.986,611
RAW,313.8,5782,8551,2.981,610
RAW,313.8,5788,8548,2.972,608
RAW,314.1,5770,8545,2.991,612
RAW,314.1,5776,8537,2.981,610
RAW,314.1,5775,8534,2.972,608
RAW,314.4,5773,8540,2.991,612
RAW,314.4,5773,8541,2.991,612
RAW,314.4,5770,8545,2.977,609
RAW,314.8,5774,8540,2.967,607
RAW,314.8,5772,8539,2.981,610
RAW,314.8,5764,8538,2.967,607
RAW,315.0,5766,8538,2.972,608
RAW,315.0,5767,8536,2.977,609
RAW,315.0,5775,8539,2.967,607
RAW,315.4,5774,8541,2.972,608
RAW,315.4,5777,8542,2.996,613
RAW,315.4,5768,8539,2.977,609
RAW,315.7,5779,8545,2.977,609
RAW,315.7,5775,8544,2.986,611
RAW,315.7,5775,8553,2.991,612
RAW,316.0,5786,8545,2.977,609
RAW,316.0,5781,8547,2.972,608
RAW,316.0,5783,8549,2.972,608
RAW,316.3,5784,8543,2.991,612
RAW,316.3,5783,8547,2.991,612
RAW,316.3,5784,8551,2.977,609
RAW,316.6,5782,8551,2.991,612
RAW,316.6,5782,8551,3.016,617
RAW,316.6,5781,8548,3.040,622
RAW,316.9,5789,8548,3.001,614
RAW,316.9,5786,8547,3.030,620
RAW,316.9,5781,8549,3.030,620
RAW,317.2,5788,8550,3.025,619
RAW,317.2,5794,8553,3.025,619
RAW,317.2,5785,8547,3.060,626
RAW,317.5,5796,8555,3.030,620
RAW,317.5,5794,8555,3.030,620
RAW,317.5,5797,8557,3.011,616
RAW,317.8,5784,8547,3.030,620
RAW,317.8,5782,8547,3.016,617
RAW,317.8,5788,8553,2.996,613
RAW,318.1,5775,8544,2.991,612
RAW,318.1,5773,8548,2.977,609
RAW,318.1,5775,8546,2.977,609
RAW,318.4,5765,8533,2.986,611
RAW,318.4,5761,8533,2.991,612
RAW,318.4,5774,8542,2.972,608
RAW,318.7,5763,8531,2.991,612
RAW,318.7,5768,8530,2.986,611
RAW,318.7,5758,8529,3.001,614
RAW,319.0,5767,8532,2.977,609
RAW,319.0,5762,8533,3.006,615
RAW,319.0,5768,8527,3.025,619
RAW,319.3,5769,8532,3.011,616
RAW,319.3,5766,8529,3.030,620
RAW,319.3,5769,8536,3.035,621
RAW,319.6,5760,8530,3.030,620
RAW,319.6,5767,8528,3.030,620
RAW,319.6,5768,8527,3.030,620
RAW,319.9,5765,8532,3.021,618
RAW,319.9,5765,8533,3.040,622
RAW,319.9,5763,8534,3.001,614
RAW,320.2,5762,8534,3.001,614
RAW,320.2,5760,8539,2.977,609
RAW,320.2,5761,8531,2.972,608
RAW,320.5,5765,8535,2.996,613
RAW,320.5,5762,8534,2.977,609
RAW,320.5,5762,8534,2.977,609
RAW,320.8,5763,8538,2.991,612
RAW,320.8,5761,8541,2.991,612
RAW,320.8,5766,8540,2.972,608
RAW,321.1,5767,8537,2.977,609
RAW,321.1,5766,8539,2.972,608
RAW,321.1,5762,8535,2.947,603
RAW,321.4,5765,8537,2.977,609
RAW,321.4,5772,8532,2.972,608
RAW,321.4,5767,8530,2.977,609
RAW,321.7,5768,8533,2.981,610
RAW,321.7,5770,8534,2.986,611
RAW,321.7,5772,8540,2.986,611
RAW,322.0,5772,8540,2.981,610
RAW,322.0,5775,8537,2.991,612
RAW,322.0,5768,8541,2.991,612
RAW,322.4,5775,8543,2.977,609
RAW,322.4,5780,8537,2.972,608
RAW,322.4,5775,8539,2.972,608
RAW,322.6,5767,8536,2.981,610
RAW,322.6,5773,8543,2.972,608
RAW,322.6,5770,8540,2.981,610
RAW,323.0,5770,8539,3.025,619
RAW,323.0,5766,8537,2.986,611
RAW,323.0,5769,8536,2.977,609
RAW,323.3,5774,8541,2.972,608
RAW,323.3,5778,8539,2.981,610
RAW,323.3,5767,8545,2.977,609
RAW,323.6,5785,8553,2.981,610
RAW,323.6,5774,8546,2.977,609
RAW,323.6,5784,8542,3.021,618
RAW,323.9,5785,8549,2.986,611
RAW,323.9,5784,8547,3.030,620
RAW,323.9,5783,8549,3.035,621
RAW,324.2,5779,8543,3.030,620
RAW,324.2,5778,8545,3.040,622
RAW,324.2,5775,8548,3.045,623
RAW,324.5,5775,8544,3.035,621
RAW,324.5,5776,8543,3.016,617
RAW,324.5,5778,8543,3.021,618
RAW,324.8,5772,8537,3.035,621
RAW,324.8,5778,8540,3.030,620
RAW,324.8,5772,8538,2.977,609
RAW,325.1,5775,8541,3.035,621
RAW,325.1,5780,8545,2.986,611
RAW,325.1,5779,8538,2.981,610
RAW,325.4,5767,8538,2.972,608
RAW,325.4,5780,8537,2.972,608
RAW,325.4,5777,8535,2.972,608
RAW,325.7,5772,8533,2.972,608
RAW,325.7,5769,8535,2.977,609
RAW,325.7,5774,8537,2.977,609
RAW,326.0,5769,8534,2.986,611
RAW,326.0,5771,8536,2.991,612
RAW,326.0,5775,8534,3.035,621
RAW,326.3,5765,8532,2.991,612
RAW,326.3,5764,8537,3.045,623
RAW,326.3,5773,8537,3.045,623
RAW,326.6,5756,8528,3.035,621
RAW,326.6,5756,8524,3.030,620
RAW,326.6,5768,8521,3.030,620
RAW,326.9,5766,8530,3.045,623
RAW,326.9,5759,8525,3.030,620
RAW,326.9,5762,8525,2.986,611
RAW,327.2,5762,8540,2.991,612
RAW,327.2,5767,8535,2.972,608
RAW,327.5,5771,8536,2.977,609
RAW,327.5,5774,8544,2.977,609
RAW,327.5,5770,8536,2.977,609
RAW,327.8,5787,8542,2.972,608
RAW,327.8,5785,8542,2.977,609
RAW,327.8,5779,8542,2.972,608
RAW,328.1,5784,8548,2.986,611
RAW,328.1,5786,8549,2.972,608
RAW,328.1,5781,8542,2.991,612
RAW,328.4,5783,8544,2.991,612
RAW,328.4,5791,8543,2.991,612
RAW,328.4,5785,8541,2.986,611
RAW,328.7,5787,8547,2.977,609
RAW,328.7,5786,8542,2.972,608
RAW,328.7,5782,8545,2.977,609
RAW,329.0,5793,8546,2.977,609
RAW,329.0,5794,8546,2.967,607
RAW,329.0,5784,8550,2.923,598
RAW,329.3,5791,8548,2.986,611
RAW,329.3,5788,8550,2.981,610
RAW,329.3,5791,8546,2.972,608
RAW,329.6,5798,8547,2.962,606
RAW,329.6,5792,8553,2.972,608
RAW,329.6,5793,8551,2.972,608
RAW,330.0,5794,8552,2.981,610
RAW,330.0,5798,8546,2.972,608
RAW,330.0,5793,8543,2.967,607
RAW,330.3,5794,8553,2.991,612
RAW,330.3,5790,8550,2.977,609
RAW,330.3,5787,8552,2.991,612
RAW,330.6,5796,8558,2.991,612
RAW,330.6,5791,8558,2.996,613
RAW,330.6,5796,8550,2.996,613
RAW,330.9,5783,8549,2.986,611
RAW,330.9,5786,8552,2.981,610
RAW,330.9,5793,8553,3.021,618
RAW,331.2,5781,8538,2.991,612
RAW,331.2,5783,8542,3.016,617
RAW,331.2,5784,8542,3.025,619
RAW,331.5,5771,8531,3.030,620
RAW,331.5,5769,8537,3.045,623
RAW,331.5,5762,8535,3.030,620
RAW,331.8,5767,8529,3.025,619
RAW,331.8,5771,8525,3.025,619
RAW,331.8,5772,8531,3.025,619
RAW,332.1,5771,8530,3.025,619
RAW,332.1,5765,8526,3.006,615
RAW,332.1,5759,8529,2.986,611
RAW,332.4,5781,8529,3.006,615
RAW,332.4,5776,8535,2.986,611
RAW,332.4,5775,8526,2.991,612
RAW,332.7,5772,8526,2.991,612
RAW,332.7,5770,8528,2.991,612
RAW,332.7,5770,8530,2.991,612
RAW,333.0,5775,8529,2.986,611
RAW,333.0,5769,8532,2.981,610
RAW,333.0,5771,8522,2.981,610
RAW,333.3,5775,8535,2.991,612
RAW,333.3,5779,8530,2.991,612
RAW,333.3,5768,8527,3.030,620
RAW,333.6,5779,8536,3.030,620
RAW,333.6,5777,8530,3.040,622
RAW,333.6,5778,8530,3.030,620
RAW,333.9,5787,8547,3.021,618
RAW,333.9,5787,8542,3.030,620
RAW,333.9,5787,8539,3.030,620
RAW,334.2,5786,8539,3.069,628
RAW,334.2,5784,8543,3.011,616
RAW,334.2,5789,8541,2.986,611
RAW,334.5,5787,8536,2.996,613
RAW,334.5,5788,8548,2.977,609
RAW,334.5,5783,8543,2.986,611
RAW,334.8,5788,8540,2.991,612
RAW,334.8,5783,8536,2.991,612
RAW,334.8,5789,8534,2.967,607
RAW,335.1,5796,8542,2.972,608
RAW,335.1,5791,8539,2.977,609
RAW,335.1,5783,8545,2.972,608
RAW,335.4,5791,8541,2.972,608
RAW,335.4,5791,8541,2.972,608
RAW,335.4,5794,8543,2.972,608
RAW,335.7,5797,8539,2.991,612
RAW,335.7,5789,8534,2.972,608
RAW,335.7,5792,8539,2.981,610
RAW,336.0,5803,8547,2.972,608
RAW,336.0,5789,8544,2.967,607
RAW,336.0,5788,8544,2.986,611
RAW,336.3,5801,8552,2.972,608
RAW,336.3,5797,8549,2.977,609
RAW,336.3,5797,8549,2.967,607
RAW,336.6,5796,8548,2.977,609
RAW,336.6,5803,8555,2.986,611
RAW,336.6,5801,8546,2.991,612
RAW,337.0,5799,8542,2.991,612
RAW,337.0,5796,8542,2.996,613
RAW,337.0,5805,8545,3.001,614
RAW,337.3,5788,8537,2.977,609
RAW,337.3,5795,8546,2.981,610
RAW,337.3,5799,8549,2.972,608
RAW,337.6,5780,8532,2.972,608
RAW,337.6,5782,8541,2.981,610
RAW,337.6,5787,8537,2.972,608
RAW,337.9,5776,8527,2.991,612
RAW,337.9,5777,8525,2.977,609
RAW,337.9,5781,8527,3.025,619
RAW,338.2,5771,8519,2.972,608
RAW,338.2,5764,8518,3.021,618
RAW,338.2,5762,8523,3.025,619
RAW,338.5,5768,8518,3.016,617
RAW,338.5,5771,8526,3.021,618
RAW,338.5,5763,8519,3.025,619
RAW,338.8,5778,8522,3.050,624
RAW,338.8,5780,8521,3.035,621
RAW,338.8,5772,8522,3.035,621
RAW,339.1,5778,8526,3.089,632
RAW,339.1,5775,8528,3.040,622
RAW,339.1,5775,8524,2.977,609
RAW,339.4,5779,8526,3.025,619
RAW,339.4,5781,8530,2.986,611
RAW,339.4,5776,8526,2.977,609
RAW,339.7,5780,8535,2.981,610
RAW,339.7,5781,8529,2.977,609
RAW,339.7,5775,8526,2.977,609
RAW,340.0,5785,8533,2.986,611
RAW,340.0,5783,8534,2.972,608
RAW,340.0,5785,8532,2.991,612
RAW,340.3,5791,8529,2.972,608
RAW,340.3,5790,8529,2.977,609
RAW,340.3,5791,8527,3.025,619
RAW,340.6,5792,8530,2.972,608
RAW,340.6,5788,8529,3.030,620
RAW,340.6,5785,8527,3.035,621
RAW,340.9,5787,8535,3.040,622
RAW,340.9,5795,8528,3.045,623
RAW,340.9,5790,8529,3.045,623
RAW,341.2,5786,8536,3.055,625
RAW,341.2,5797,8534,3.035,621
RAW,341.2,5798,8532,3.011,616
RAW,341.5,5791,8526,2.981,610
RAW,341.5,5786,8528,2.972,608
RAW,341.8,5786,8534,2.981,610
RAW,341.8,5792,8530,2.977,609
RAW,341.8,5783,8532,2.967,607
RAW,342.1,5793,8532,2.991,612
RAW,342.1,5795,8536,2.972,608
RAW,342.1,5792,8535,2.991,612
RAW,342.4,5790,8540,2.981,610
RAW,342.4,5793,8535,2.977,609
RAW,342.4,5791,8534,2.981,610
RAW,342.7,5810,8541,2.972,608
RAW,342.7,5801,8538,2.977,609
RAW,342.7,5802,8540,2.977,609
RAW,343.0,5811,8545,2.977,609
RAW,343.0,5813,8539,2.986,611
RAW,343.0,5810,8547,2.977,609
RAW,343.3,5798,8539,2.986,611
RAW,343.3,5797,8540,2.981,610
RAW,343.3,5804,8539,2.977,609
RAW,343.6,5785,8531,2.972,608
RAW,343.6,5784,8530,2.981,610
RAW,343.6,5794,8537,2.981,610
RAW,343.9,5770,8522,2.972,608
RAW,343.9,5780,8516,2.972,608
RAW,343.9,5778,8526,2.972,608
RAW,344.3,5769,8517,2.981,610
RAW,344.3,5773,8521,2.957,605
RAW,344.3,5769,8523,2.977,609
RAW,344.5,5775,8514,2.952,604
RAW,344.5,5768,8514,2.981,610
RAW,344.5,5767,8522,2.996,613
RAW,344.9,5777,8522,2.972,608
RAW,344.9,5774,8519,2.972,608
RAW,344.9,5775,8521,2.981,610
RAW,345.2,5769,8514,2.977,609
RAW,345.2,5773,8517,2.986,611
RAW,345.2,5777,8522,3.030,620
RAW,345.5,5776,8527,3.011,616
RAW,345.5,5780,8523,3.035,621
RAW,345.5,5770,8518,3.030,620
RAW,345.8,5779,8530,3.016,617
RAW,345.8,5781,8521,3.025,619
RAW,345.8,5771,8525,3.021,618
RAW,346.1,5785,8526,3.025,619
RAW,346.1,5789,8526,3.025,619
RAW,346.1,5781,8524,3.025,619
RAW,346.4,5778,8520,3.035,621
RAW,346.4,5783,8520,3.006,615
RAW,346.4,5791,8527,2.981,610
RAW,346.7,5777,8517,2.991,612
RAW,346.7,5783,8522,3.045,623
RAW,346.7,5779,8525,2.991,612
RAW,347.0,5783,8523,2.981,610
RAW,347.0,5779,8520,2.967,607
RAW,347.0,5782,8522,2.977,609
RAW,347.3,5785,8528,2.991,612
RAW,347.3,5786,8526,2.986,611
RAW,347.3,5778,8523,2.996,613
RAW,347.6,5792,8527,2.991,612
RAW,347.6,5790,8528,3.021,618
RAW,347.6,5787,8524,3.025,619
RAW,347.9,5789,8526,3.011,616
RAW,347.9,5799,8532,3.021,618
RAW,347.9,5790,8527,3.030,620
RAW,348.2,5792,8526,3.025,619
RAW,348.2,5790,8529,3.025,619
RAW,348.2,5794,8522,2.991,612
RAW,348.5,5790,8530,3.030,620
RAW,348.5,5790,8526,3.025,619
RAW,348.5,5788,8527,2.991,612
RAW,348.8,5801,8528,2.991,612
RAW,348.8,5794,8530,2.996,613
RAW,348.8,5791,8530,2.981,610
RAW,349.1,5792,8525,2.972,608
RAW,349.1,5794,8527,2.981,610
RAW,349.1,5797,8529,2.977,609
RAW,349.4,5781,8516,2.981,610
RAW,349.4,5783,8527,2.991,612
RAW,349.4,5785,8519,2.991,612
RAW,349.7,5772,8516,2.991,612
RAW,349.7,5777,8517,2.977,609
RAW,349.7,5779,8516,2.991,612
RAW,350.0,5775,8512,2.981,610
RAW,350.0,5769,8514,2.972,608
RAW,350.0,5774,8514,2.972,608
RAW,350.3,5776,8514,2.967,607
RAW,350.3,5776,8518,2.972,608
RAW,350.3,5775,8513,2.972,608
RAW,350.6,5777,8514,2.972,608
RAW,350.6,5773,8508,2.986,611
RAW,350.6,5776,8513,2.981,610
RAW,350.9,5769,8513,2.967,607
RAW,350.9,5773,8514,2.986,611
RAW,350.9,5768,8514,2.981,610
RAW,351.2,5767,8514,2.972,608
RAW,351.2,5769,8514,2.972,608
RAW,351.2,5773,8513,2.977,609
RAW,351.5,5779,8522,2.977,609
RAW,351.5,5773,8519,2.991,612
RAW,351.5,5778,8521,2.986,611
RAW,351.9,5780,8520,2.991,612
RAW,351.9,5782,8520,2.981,610
RAW,351.9,5784,8521,2.991,612
RAW,352.1,5784,8523,2.972,608
RAW,352.1,5787,8520,2.972,608
RAW,352.1,5778,8519,3.030,620
RAW,352.5,5787,8523,2.981,610
RAW,352.5,5788,8527,3.021,618
RAW,352.5,5793,8526,3.021,618
RAW,352.8,5784,8524,3.016,617
RAW,352.8,5784,8525,3.030,620
RAW,352.8,5788,8526,3.030,620
RAW,353.1,5785,8523,3.030,620
RAW,353.1,5784,8525,3.021,618
RAW,353.1,5783,8524,3.065,627
RAW,353.4,5784,8524,3.030,620
RAW,353.4,5787,8528,3.025,619
RAW,353.4,5786,8528,2.981,610
RAW,353.7,5784,8530,3.021,618
RAW,353.7,5791,8525,2.996,613
RAW,353.7,5791,8524,2.996,613
RAW,354.0,5789,8529,2.991,612
RAW,354.0,5787,8525,2.986,611
RAW,354.0,5789,8524,2.991,612
RAW,354.3,5792,8522,2.981,610
RAW,354.3,5780,8522,2.967,607
RAW,354.3,5784,8528,2.986,611
RAW,354.6,5797,8525,2.977,609
RAW,354.6,5790,8529,2.972,608
RAW,354.6,5789,8529,3.025,619
RAW,354.9,5785,8524,2.972,608
RAW,354.9,5793,8522,3.030,620
RAW,354.9,5789,8523,3.040,622
RAW,355.2,5778,8520,3.030,620
RAW,355.2,5780,8518,3.030,620
RAW,355.2,5782,8517,3.040,622
RAW,355.5,5766,8507,3.030,620
RAW,355.5,5767,8514,3.035,621
RAW,355.5,5778,8513,2.986,611
RAW,355.8,5756,8502,3.001,614
RAW,355.8,5765,8506,3.001,614
RAW,356.1,5749,8498,2.991,612
RAW,356.1,5754,8500,2.977,609
RAW,356.1,5754,8499,2.996,613
RAW,356.4,5750,8498,2.981,610
RAW,356.4,5750,8494,2.977,609
RAW,356.4,5750,8498,2.972,608
RAW,356.7,5748,8496,2.972,608
RAW,356.7,5748,8497,2.977,609
RAW,356.7,5743,8497,2.972,608
RAW,357.0,5749,8496,2.972,608
RAW,357.0,5740,8493,2.986,611
RAW,357.0,5751,8494,2.991,612
RAW,357.3,5745,8491,2.981,610
RAW,357.3,5739,8494,2.972,608
RAW,357.3,5742,8491,2.986,611
RAW,357.6,5747,8493,2.977,609
RAW,357.6,5753,8500,2.972,608
RAW,357.6,5748,8491,2.972,608
RAW,357.9,5749,8496,2.977,609
RAW,357.9,5749,8495,3.001,614
RAW,357.9,5744,8496,2.986,611
RAW,358.2,5750,8494,2.991,612
RAW,358.2,5751,8491,2.972,608
RAW,358.2,5744,8491,2.991,612
RAW,358.5,5744,8499,2.991,612
RAW,358.5,5752,8495,2.972,608
RAW,358.5,5744,8495,2.977,609
RAW,358.8,5759,8499,2.972,608
RAW,358.8,5750,8495,2.967,607
RAW,358.8,5747,8499,2.977,609
RAW,359.1,5752,8499,2.972,608
RAW,359.1,5758,8499,2.991,612
RAW,359.1,5758,8498,2.972,608
RAW,359.5,5760,8497,2.967,607
RAW,359.5,5754,8498,2.996,613
RAW,359.5,5754,8500,3.035,621
RAW,359.8,5759,8495,2.996,613
RAW,359.8,5755,8505,3.035,621
RAW,359.8,5751,8501,3.006,615
RAW,360.1,5755,8505,3.030,620
RAW,360.1,5752,8504,3.035,621
RAW,360.1,5758,8498,3.035,621
RAW,360.4,5757,8502,3.035,621
RAW,360.4,5765,8505,3.030,620
RAW,360.4,5753,8500,3.030,620
RAW,360.7,5759,8506,3.016,617
RAW,360.7,5764,8502,2.996,613
RAW,360.7,5758,8508,2.981,610
RAW,361.0,5766,8502,2.991,612
RAW,361.0,5761,8500,2.981,610
RAW,361.0,5767,8498,2.977,609
RAW,361.3,5754,8499,2.981,610
RAW,361.3,5762,8503,2.986,611
RAW,361.3,5761,8498,2.972,608
RAW,361.6,5755,8499,2.972,608
RAW,361.6,5752,8495,2.991,612
RAW,361.6,5757,8500,3.001,614
RAW,361.9,5747,8490,2.972,608
RAW,361.9,5737,8493,3.016,617
RAW,361.9,5747,8488,3.035,621
RAW,362.2,5734,8489,3.021,618
RAW,362.2,5734,8487,3.050,624
RAW,362.2,5731,8483,3.045,623
RAW,362.5,5736,8489,3.040,622
RAW,362.5,5728,8489,3.030,620
RAW,362.5,5737,8483,3.040,622
RAW,362.8,5741,8490,3.030,620
RAW,362.8,5740,8483,3.006,615
RAW,362.8,5735,8490,2.986,611
RAW,363.1,5728,8487,2.991,612
RAW,363.1,5737,8491,2.986,611
RAW,363.1,5739,8488,2.967,607
RAW,363.4,5736,8489,2.986,611
RAW,363.4,5738,8484,2.991,612
RAW,363.4,5736,8484,2.986,611
RAW,363.7,5743,8484,2.977,609
RAW,363.7,5741,8488,2.977,609
RAW,363.7,5739,8486,3.006,615
RAW,364.0,5738,8491,2.977,609
RAW,364.0,5740,8489,2.972,608
RAW,364.0,5736,8496,2.977,609
RAW,364.3,5739,8487,2.991,612
RAW,364.3,5737,8492,2.991,612
RAW,364.3,5737,8489,2.991,612
RAW,364.6,5739,8491,2.977,609
RAW,364.6,5738,8493,2.991,612
RAW,364.6,5743,8490,2.991,612
RAW,364.9,5743,8492,2.972,608
RAW,364.9,5742,8491,2.972,608
RAW,364.9,5739,8488,2.967,607
RAW,365.2,5750,8489,2.908,595
RAW,365.2,5735,8488,2.972,608
RAW,365.2,5741,8492,2.967,607
RAW,365.5,5734,8487,2.991,612
RAW,365.5,5743,8485,2.991,612
RAW,365.5,5740,8493,2.977,609
RAW,365.8,5738,8493,2.972,608
RAW,365.8,5740,8494,2.981,610
RAW,365.8,5733,8490,2.991,612
RAW,366.1,5746,8494,2.972,608
RAW,366.1,5741,8495,2.972,608
RAW,366.1,5735,8492,2.986,611
RAW,366.5,5741,8496,2.981,610
RAW,366.5,5745,8501,2.986,611
RAW,366.5,5741,8494,2.957,605
RAW,366.8,5746,8504,2.981,610
RAW,366.8,5751,8500,3.040,622
RAW,366.8,5744,8491,3.040,622
RAW,367.1,5758,8506,3.021,618
RAW,367.1,5744,8498,3.021,618
RAW,367.1,5754,8500,3.025,619
RAW,367.4,5751,8495,3.006,615
RAW,367.4,5746,8495,3.025,619
RAW,367.4,5752,8497,3.025,619
RAW,367.7,5736,8496,3.045,623
RAW,367.7,5746,8493,3.030,620
RAW,367.7,5746,8494,2.977,609
RAW,368.0,5727,8485,3.006,615
RAW,368.0,5734,8487,2.986,611
RAW,368.0,5735,8486,2.986,611
RAW,368.3,5725,8482,2.991,612
RAW,368.3,5727,8479,2.981,610
RAW,368.3,5721,8483,2.981,610
RAW,368.6,5734,8480,2.996,613
RAW,368.6,5734,8482,2.986,611
RAW,368.6,5729,8479,2.991,612
RAW,368.9,5724,8481,2.977,609
RAW,368.9,5726,8478,3.016,617
RAW,368.9,5730,8479,3.050,624
RAW,369.2,5725,8479,3.016,617
RAW,369.2,5731,8483,3.021,618
RAW,369.2,5722,8477,3.030,620
RAW,369.5,5731,8484,3.016,617
RAW,369.5,5736,8483,3.021,618
RAW,369.5,5735,8475,3.025,619
RAW,369.8,5740,8485,3.040,622
RAW,369.8,5729,8486,3.016,617
RAW,369.8,5736,8485,2.972,608
RAW,370.1,5741,8493,3.006,615
RAW,370.1,5740,8492,2.996,613
RAW,370.1,5736,8490,2.986,611
RAW,370.4,5747,8493,2.972,608
RAW,370.4,5748,8495,2.977,609
RAW,370.4,5742,8492,2.972,608
RAW,370.7,5750,8499,2.991,612
RAW,370.7,5746,8496,2.991,612
RAW,370.7,5754,8493,2.972,608
RAW,371.0,5750,8500,2.972,608
RAW,371.0,5753,8497,2.991,612
RAW,371.0,5750,8498,2.986,611
RAW,371.3,5747,8499,2.977,609
RAW,371.3,5749,8498,2.972,608
RAW,371.3,5746,8493,2.977,609
RAW,371.6,5751,8502,3.001,614
RAW,371.6,5755,8500,2.977,609
RAW,371.6,5745,8501,2.977,609
RAW,371.9,5751,8495,2.962,606
RAW,371.9,5748,8499,2.986,611
RAW,371.9,5756,8500,2.981,610
RAW,372.2,5756,8502,2.986,611
RAW,372.2,5748,8497,2.986,611
RAW,372.2,5754,8501,2.991,612
RAW,372.5,5759,8510,2.981,610
RAW,372.5,5754,8505,2.972,608
RAW,372.5,5753,8503,2.981,610
RAW,372.8,5756,8511,2.991,612
RAW,372.8,5755,8505,2.986,611
RAW,372.8,5759,8510,2.977,609
RAW,373.1,5758,8506,2.986,611
RAW,373.1,5760,8510,2.986,611
RAW,373.1,5766,8504,2.991,612
RAW,373.4,5763,8510,2.977,609
RAW,373.4,5761,8506,2.977,609
RAW,373.4,5757,8510,3.011,616
RAW,373.8,5752,8503,2.972,608
RAW,373.8,5762,8511,3.016,617
RAW,373.8,5758,8509,3.025,619
RAW,374.0,5746,8500,3.016,617
RAW,374.0,5749,8507,3.030,620
RAW,374.0,5753,8507,3.021,618
RAW,374.4,5740,8497,3.030,620
RAW,374.4,5745,8498,3.025,619
RAW,374.4,5743,8497,3.030,620
RAW,374.7,5740,8494,3.025,619
RAW,374.7,5732,8496,3.035,621
RAW,374.7,5735,8498,2.977,609
RAW,375.0,5735,8486,3.045,623
RAW,375.0,5736,8491,3.001,614
RAW,375.0,5735,8487,2.977,609
RAW,375.3,5734,8490,2.986,611
RAW,375.3,5733,8490,2.991,612
RAW,375.3,5729,8488,2.991,612
RAW,375.6,5741,8486,3.006,615
RAW,375.6,5740,8486,2.972,608
RAW,375.6,5736,8492,2.981,610
RAW,375.9,5742,8491,2.972,608
RAW,375.9,5741,8486,2.977,609
RAW,375.9,5739,8490,3.025,619
RAW,376.2,5736,8492,2.981,610
RAW,376.2,5743,8486,3.030,620
RAW,376.2,5736,8488,3.030,620
RAW,376.5,5751,8497,3.030,620
RAW,376.5,5741,8492,3.045,623
RAW,376.5,5741,8486,3.040,622
RAW,376.8,5744,8495,3.030,620
RAW,376.8,5748,8499,3.035,621
RAW,376.8,5750,8496,2.981,610
RAW,377.1,5748,8497,2.991,612
RAW,377.1,5754,8493,2.972,608
RAW,377.4,5748,8503,2.981,610
RAW,377.4,5752,8499,2.986,611
RAW,377.4,5752,8501,2.972,608
RAW,377.7,5749,8495,3.006,615
RAW,377.7,5751,8502,2.972,608
RAW,377.7,5749,8497,2.981,610
RAW,378.0,5751,8498,2.967,607
RAW,378.0,5746,8500,2.972,608
RAW,378.0,5748,8498,2.967,607
RAW,378.3,5747,8499,2.986,611
RAW,378.3,5742,8498,2.991,612
RAW,378.3,5749,8500,2.977,609
RAW,378.6,5750,8497,2.986,611
RAW,378.6,5745,8503,2.991,612
RAW,378.6,5742,8506,3.006,615
RAW,378.9,5754,8508,2.977,609
RAW,378.9,5745,8502,2.972,608
RAW,378.9,5747,8506,2.972,608
RAW,379.2,5757,8502,2.991,612
RAW,379.2,5749,8507,2.991,612
RAW,379.2,5757,8501,2.972,608
RAW,379.5,5752,8502,2.928,599
RAW,379.5,5753,8503,2.977,609
RAW,379.5,5753,8503,2.972,608
RAW,379.8,5756,8505,2.981,610
RAW,379.8,5758,8504,2.972,608
RAW,379.8,5753,8505,2.977,609
RAW,380.1,5749,8501,2.977,609
RAW,380.1,5755,8502,2.972,608
RAW,380.1,5756,8503,2.972,608
RAW,380.4,5740,8494,2.986,611
RAW,380.4,5742,8493,2.981,610
RAW,380.4,5752,8502,2.972,608
RAW,380.7,5728,8489,2.981,610
RAW,380.7,5731,8487,2.991,612
RAW,380.7,5736,8486,3.045,623
RAW,381.0,5723,8479,3.016,617
RAW,381.0,5724,8481,2.996,613
RAW,381.0,5723,8484,3.021,618
RAW,381.4,5713,8471,3.030,620
RAW,381.4,5712,8472,3.030,620
RAW,381.4,5717,8476,3.025,619
RAW,381.6,5710,8474,3.035,621
RAW,381.6,5710,8479,3.030,620
RAW,381.6,5713,8474,3.021,618
RAW,382.0,5716,8472,3.030,620
RAW,382.0,5720,8471,2.991,612
RAW,382.0,5718,8477,2.977,609
RAW,382.3,5729,8475,2.981,610
RAW,382.3,5729,8484,2.981,610
RAW,382.3,5716,8476,2.986,611
RAW,382.6,5724,8480,2.986,611
RAW,382.6,5726,8481,2.991,612
RAW,382.6,5722,8481,2.977,609
RAW,382.9,5730,8486,2.977,609
RAW,382.9,5727,8482,2.991,612
RAW,382.9,5733,8478,3.016,617
RAW,383.2,5729,8483,3.035,621
RAW,383.2,5725,8483,3.011,616
RAW,383.2,5733,8486,3.030,620
RAW,383.5,5738,8483,3.025,619
RAW,383.5,5732,8487,3.045,623
RAW,383.5,5737,8479,3.030,620
RAW,383.8,5735,8484,3.045,623
RAW,383.8,5729,8485,3.045,623
RAW,383.8,5729,8484,3.035,621
RAW,384.1,5735,8487,3.030,620
RAW,384.1,5733,8489,2.996,613
RAW,384.1,5736,8484,2.986,611
RAW,384.4,5743,8489,3.030,620
RAW,384.4,5739,8490,2.981,610
RAW,384.4,5731,8489,2.977,609
RAW,384.7,5746,8489,2.977,609
RAW,384.7,5745,8492,2.986,611
RAW,384.7,5739,8492,2.991,612
RAW,385.0,5747,8494,2.977,609
RAW,385.0,5743,8500,2.986,611
RAW,385.0,5747,8492,2.986,611
RAW,385.3,5742,8494,2.977,609
RAW,385.3,5742,8491,2.967,607
RAW,385.3,5742,8497,2.972,608
RAW,385.6,5751,8500,2.986,611
RAW,385.6,5751,8495,2.977,609
RAW,385.6,5749,8496,2.972,608
RAW,385.9,5754,8500,2.986,611
RAW,385.9,5747,8499,2.981,610
RAW,385.9,5751,8502,2.981,610
RAW,386.2,5758,8507,2.957,605
RAW,386.2,5757,8507,2.967,607
RAW,386.2,5755,8498,2.977,609
RAW,386.5,5750,8503,2.972,608
RAW,386.5,5757,8499,2.967,607
RAW,386.5,5752,8497,2.977,609
RAW,386.8,5746,8494,2.972,608
RAW,386.8,5749,8495,2.981,610
RAW,386.8,5745,8500,2.991,612
RAW,387.1,5731,8489,2.986,611
RAW,387.1,5731,8488,2.991,612
RAW,387.1,5744,8488,2.991,612
RAW,387.4,5735,8481,2.977,609
RAW,387.4,5735,8484,2.972,608
RAW,387.4,5729,8487,2.972,608
RAW,387.7,5729,8483,2.986,611
RAW,387.7,5728,8487,2.981,610
RAW,387.7,5730,8484,3.016,617
RAW,388.0,5730,8482,2.957,605
RAW,388.0,5727,8484,3.030,620
RAW,388.0,5718,8480,3.030,620
RAW,388.4,5726,8483,3.021,618
RAW,388.4,5727,8479,3.025,619
RAW,388.4,5722,8480,3.030,620
RAW,388.6,5727,8481,3.025,619
RAW,388.6,5732,8485,3.025,619
RAW,388.6,5729,8486,3.021,618
RAW,389.0,5739,8484,3.030,620
RAW,389.0,5734,8488,3.030,620
RAW,389.0,5733,8483,2.986,611
RAW,389.3,5740,8493,3.030,620
RAW,389.3,5739,8489,2.991,612
RAW,389.3,5736,8488,2.996,613
RAW,389.6,5745,8490,2.972,608
RAW,389.6,5737,8488,2.977,609
RAW,389.6,5740,8488,2.981,610
RAW,389.9,5742,8495,2.986,611
RAW,389.9,5744,8489,2.981,610
RAW,389.9,5746,8488,2.977,609
RAW,390.2,5738,8490,2.991,612
RAW,390.2,5740,8497,2.991,612
RAW,390.2,5740,8487,3.035,621
RAW,390.5,5746,8495,2.996,613
RAW,390.5,5742,8493,3.030,620
RAW,390.5,5744,8491,3.030,620
RAW,390.8,5748,8497,3.025,619
RAW,390.8,5747,8497,3.030,620
RAW,390.8,5742,8490,3.030,620
RAW,391.1,5752,8495,3.035,621
RAW,391.1,5749,8495,3.035,621
RAW,391.1,5746,8491,2.991,612
RAW,391.4,5752,8497,3.001,614
RAW,391.4,5746,8498,2.981,610
RAW,391.7,5753,8496,2.977,609
RAW,391.7,5752,8500,2.977,609
RAW,391.7,5749,8494,2.981,610
RAW,392.0,5753,8504,2.977,609
RAW,392.0,5756,8506,2.972,608
RAW,392.0,5751,8501,2.972,608
RAW,392.3,5767,8508,2.981,610
RAW,392.3,5764,8508,2.986,611
RAW,392.3,5754,8503,2.991,612
RAW,392.6,5758,8505,2.977,609
RAW,392.6,5763,8503,2.967,607
RAW,392.6,5762,8506,2.977,609
RAW,392.9,5754,8495,2.977,609
RAW,392.9,5757,8506,2.977,609
RAW,392.9,5762,8504,2.981,610
RAW,393.2,5744,8490,2.991,612
RAW,393.2,5746,8500,2.967,607
RAW,393.2,5749,8501,2.991,612
RAW,393.5,5737,8494,2.991,612
RAW,393.5,5745,8488,2.991,612
RAW,393.5,5750,8497,2.981,610
RAW,393.8,5738,8484,2.967,607
RAW,393.8,5736,8483,2.972,608
RAW,393.8,5733,8491,2.972,608
RAW,394.1,5724,8482,2.972,608
RAW,394.1,5728,8479,2.991,612
RAW,394.1,5732,8483,2.977,609
RAW,394.4,5722,8485,2.972,608
RAW,394.4,5722,8475,2.977,609
RAW,394.4,5715,8475,3.001,614
RAW,394.7,5722,8483,2.986,611
RAW,394.7,5726,8482,2.977,609
RAW,394.7,5721,8481,2.996,613
RAW,395.0,5725,8479,2.972,608
RAW,395.0,5728,8481,3.011,616
RAW,395.0,5728,8482,3.030,620
RAW,395.3,5727,8478,3.021,618
RAW,395.3,5718,8481,3.025,619
RAW,395.3,5720,8478,3.040,622
RAW,395.6,5725,8479,3.030,620
RAW,395.6,5719,8476,3.035,621
RAW,395.6,5718,8479,3.030,620
RAW,396.0,5736,8484,3.030,620
RAW,396.0,5728,8480,3.025,619
RAW,396.0,5726,8483,2.981,610
RAW,396.3,5726,8482,3.021,618
RAW,396.3,5734,8478,2.981,610
RAW,396.3,5727,8478,2.977,609
RAW,396.6,5723,8478,2.991,612
RAW,396.6,5724,8480,2.972,608
RAW,396.6,5725,8478,2.986,611
RAW,396.9,5717,8474,2.986,611
RAW,396.9,5723,8478,2.981,610
RAW,396.9,5718,8476,2.972,608
RAW,397.2,5720,8475,2.981,610
RAW,397.2,5719,8476,2.972,608
RAW,397.2,5721,8474,3.021,618
RAW,397.5,5728,8486,2.991,612
RAW,397.5,5727,8482,3.025,619
RAW,397.5,5725,8469,3.045,623
RAW,397.8,5735,8491,3.035,621
RAW,397.8,5725,8484,3.045,623
RAW,397.8,5731,8484,3.030,620
RAW,398.1,5738,8496,3.089,632
RAW,398.1,5735,8488,3.035,621
RAW,398.1,5736,8490,2.986,611
RAW,398.4,5742,8496,2.991,612
RAW,398.4,5735,8492,2.977,609
RAW,398.7,5743,8505,2.991,612
RAW,398.7,5747,8500,2.977,609
RAW,398.7,5740,8496,2.991,612
RAW,399.0,5753,8504,2.977,609
RAW,399.0,5744,8499,2.981,610
RAW,399.0,5746,8497,2.991,612
RAW,399.3,5737,8494,2.977,609
RAW,399.3,5739,8489,2.874,588
RAW,399.3,5740,8498,2.972,608
RAW,399.6,5729,8490,2.977,609
RAW,399.6,5735,8487,2.991,612
RAW,399.6,5741,8497,2.991,612
RAW,399.9,5728,8486,2.991,612
RAW,399.9,5729,8489,2.991,612
RAW,399.9,5733,8493,2.981,610
RAW,400.2,5724,8480,2.972,608
RAW,400.2,5725,8480,2.981,610
RAW,400.2,5723,8481,2.972,608
RAW,400.5,5711,8481,2.967,607
RAW,400.5,5715,8479,2.972,608
RAW,400.5,5723,8483,2.972,608
RAW,400.8,5720,8482,2.991,612
RAW,400.8,5720,8476,3.016,617
RAW,400.8,5718,8477,2.981,610
RAW,401.1,5718,8480,2.972,608
RAW,401.1,5718,8483,2.977,609
RAW,401.1,5723,8477,2.991,612
RAW,401.4,5721,8479,2.967,607
RAW,401.4,5716,8475,2.977,609
RAW,401.4,5715,8482,2.972,608
RAW,401.7,5723,8483,2.972,608
RAW,401.7,5723,8476,2.981,610
RAW,401.7,5723,8483,2.991,612
RAW,402.0,5725,8487,2.991,612
RAW,402.0,5724,8484,2.991,612
RAW,402.0,5718,8483,3.025,619
RAW,402.3,5738,8489,2.972,608
RAW,402.3,5735,8485,3.025,619
RAW,402.3,5731,8482,3.025,619
RAW,402.6,5738,8493,3.016,617
RAW,402.6,5737,8489,3.016,617
RAW,402.6,5734,8484,3.030,620
RAW,402.9,5746,8488,3.030,620
RAW,402.9,5743,8486,3.025,619
RAW,402.9,5741,8486,3.030,620
RAW,403.3,5745,8494,3.025,619
RAW,403.3,5740,8490,3.025,619
RAW,403.3,5740,8487,2.991,612
RAW,403.5,5753,8491,3.021,618
RAW,403.5,5744,8491,2.986,611
RAW,403.5,5745,8493,2.977,609
RAW,403.9,5757,8500,2.981,610
RAW,403.9,5754,8498,2.986,611
RAW,403.9,5750,8492,2.991,612
RAW,404.2,5750,8497,2.991,612
RAW,404.2,5754,8493,2.991,612
RAW,404.2,5756,8497,2.977,609
RAW,404.5,5757,8497,2.977,609
RAW,404.5,5758,8499,2.977,609
RAW,404.5,5752,8492,3.021,618
RAW,404.8,5759,8503,2.991,612
RAW,404.8,5756,8501,3.021,618
RAW,404.8,5758,8497,3.030,620
RAW,405.1,5771,8508,3.045,623
RAW,405.1,5767,8506,3.030,620
RAW,405.1,5758,8498,3.045,623
RAW,405.4,5776,8511,3.030,620
RAW,405.4,5775,8508,3.025,619
RAW,405.4,5768,8510,2.986,611
RAW,405.7,5762,8509,2.991,612
RAW,405.7,5773,8502,2.967,607
RAW,406.0,5752,8490,2.972,608
RAW,406.0,5750,8498,2.991,612
RAW,406.0,5756,8504,2.996,613
RAW,406.3,5743,8493,3.001,614
RAW,406.3,5750,8491,2.981,610
RAW,406.3,5746,8490,2.991,612
RAW,406.6,5740,8485,2.972,608
RAW,406.6,5747,8487,2.972,608
RAW,406.6,5736,8487,2.977,609
RAW,406.9,5738,8480,2.972,608
RAW,406.9,5733,8479,2.928,599
RAW,406.9,5743,8480,2.972,608
RAW,407.2,5735,8479,2.981,610
RAW,407.2,5733,8479,2.977,609
RAW,407.2,5740,8478,2.977,609
RAW,407.5,5738,8477,2.972,608
RAW,407.5,5736,8477,2.972,608
RAW,407.5,5732,8475,2.977,609
RAW,407.8,5743,8483,2.972,608
RAW,407.8,5734,8476,2.972,608
RAW,407.8,5739,8486,2.986,611
RAW,408.1,5741,8484,2.972,608
RAW,408.1,5742,8484,2.991,612
RAW,408.1,5732,8485,2.991,612
RAW,408.4,5747,8481,2.981,610
RAW,408.4,5747,8486,2.986,611
RAW,408.4,5746,8480,2.967,607
RAW,408.7,5748,8483,2.967,607
RAW,408.7,5748,8486,2.981,610
RAW,408.7,5747,8490,2.972,608
RAW,409.0,5744,8489,2.933,600
RAW,409.0,5745,8493,2.972,608
RAW,409.0,5742,8488,2.996,613
RAW,409.3,5745,8486,2.977,609
RAW,409.3,5749,8490,3.011,616
RAW,409.3,5743,8490,3.035,621
RAW,409.6,5746,8491,3.011,616
RAW,409.6,5738,8479,3.025,619
RAW,409.6,5746,8483,3.030,620
RAW,409.9,5752,8489,3.025,619
RAW,409.9,5747,8485,3.025,619
RAW,409.9,5748,8484,3.021,618
RAW,410.2,5748,8489,3.021,618
RAW,410.2,5753,8490,3.030,620
RAW,410.2,5745,8485,3.016,617
RAW,410.5,5748,8493,3.040,622
RAW,410.5,5748,8489,2.996,613
RAW,410.5,5750,8488,2.986,611
RAW,410.9,5749,8490,2.981,610
RAW,410.9,5748,8487,2.986,611
RAW,410.9,5745,8488,2.977,609
RAW,411.1,5750,8493,2.977,609
RAW,411.1,5753,8490,2.981,610
RAW,411.1,5753,8490,2.977,609
RAW,411.5,5747,8491,2.986,611
RAW,411.5,5752,8491,2.972,608
RAW,411.5,5745,8486,3.025,619
RAW,411.8,5755,8494,2.977,609
RAW,411.8,5751,8496,3.011,616
RAW,411.8,5749,8494,3.040,622
RAW,412.1,5757,8496,3.016,617
RAW,412.1,5758,8496,3.030,620
RAW,412.1,5760,8493,3.030,620
RAW,412.4,5747,8489,3.030,620
RAW,412.4,5749,8490,3.045,623
RAW,412.4,5754,8489,3.035,621
RAW,412.7,5736,8483,3.050,624
RAW,412.7,5733,8482,3.001,614
RAW,412.7,5752,8484,2.991,612
RAW,413.0,5735,8468,2.991,612
RAW,413.0,5731,8477,2.977,609
RAW,413.0,5732,8479,2.972,608
RAW,413.3,5724,8468,2.977,609
RAW,413.3,5731,8472,2.972,608
RAW,413.3,5730,8477,2.947,603
RAW,413.6,5719,8468,2.972,608
RAW,413.6,5726,8465,2.996,613
RAW,413.6,5722,8472,2.977,609
RAW,413.9,5727,8463,2.977,609
RAW,413.9,5721,8469,2.986,611
RAW,413.9,5721,8469,2.991,612
RAW,414.2,5727,8473,2.967,607
RAW,414.2,5728,8469,2.972,608
RAW,414.2,5730,8476,2.981,610
RAW,414.5,5734,8476,2.967,607
RAW,414.5,5736,8478,2.991,612
RAW,414.5,5736,8472,2.991,612
RAW,414.8,5744,8479,2.991,612
RAW,414.8,5737,8473,2.972,608
RAW,414.8,5739,8484,2.986,611
RAW,415.1,5734,8479,2.972,608
RAW,415.1,5744,8479,2.972,608
RAW,415.1,5742,8480,2.977,609
RAW,415.4,5738,8480,2.972,608
RAW,415.4,5745,8480,2.972,608
RAW,415.4,5735,8479,2.972,608
RAW,415.7,5738,8479,2.972,608
RAW,415.7,5747,8483,2.991,612
RAW,415.7,5741,8478,2.981,610
RAW,416.0,5742,8477,2.981,610
RAW,416.0,5745,8476,2.991,612
RAW,416.0,5750,8478,2.986,611
RAW,416.3,5747,8480,2.977,609
RAW,416.3,5744,8479,2.972,608
RAW,416.3,5748,8478,3.030,620
RAW,416.6,5746,8478,2.981,610
RAW,416.6,5747,8478,3.040,622
RAW,416.6,5746,8478,3.035,621
RAW,416.9,5749,8484,3.035,621
RAW,416.9,5746,8481,3.035,621
RAW,416.9,5741,8480,3.050,624
RAW,417.2,5754,8486,2.991,612
RAW,417.2,5745,8485,3.030,620
RAW,417.2,5743,8487,3.035,621
RAW,417.5,5753,8480,3.021,618
RAW,417.5,5750,8477,3.030,620
RAW,417.5,5744,8482,2.972,608
RAW,417.8,5759,8488,3.021,618
RAW,417.8,5756,8484,2.996,613
RAW,417.8,5759,8484,2.991,612
RAW,418.1,5762,8491,2.977,609
RAW,418.1,5760,8488,2.977,609
RAW,418.1,5760,8488,2.986,611
RAW,418.5,5764,8490,2.967,607
RAW,418.5,5762,8493,2.972,608
RAW,418.5,5761,8491,2.991,612
RAW,418.8,5757,8485,2.962,606
RAW,418.8,5756,8491,2.991,612
RAW,418.8,5761,8486,3.040,622
RAW,419.1,5746,8482,2.996,613
RAW,419.1,5752,8483,3.025,619
RAW,419.1,5757,8478,3.045,623
RAW,419.4,5728,8472,3.025,619
RAW,419.4,5739,8475,3.030,620
RAW,419.4,5744,8474,3.030,620
RAW,419.7,5730,8465,3.030,620
RAW,419.7,5733,8472,3.030,620
RAW,419.7,5733,8465,2.972,608
RAW,420.0,5725,8462,2.991,612
RAW,420.0,5727,8463,2.986,611
RAW,420.3,5732,8460,2.981,610
RAW,420.3,5724,8459,2.996,613
RAW,420.3,5728,8471,2.991,612
RAW,420.6,5726,8467,2.986,611
RAW,420.6,5725,8462,2.981,610
RAW,420.6,5728,8462,2.981,610
RAW,420.9,5726,8463,2.991,612
RAW,420.9,5724,8463,2.991,612
RAW,420.9,5729,8463,2.991,612
RAW,421.2,5728,8468,2.991,612
RAW,421.2,5729,8467,2.977,609
RAW,421.2,5731,8463,2.991,612
RAW,421.5,5734,8475,2.972,608
RAW,421.5,5733,8465,2.977,609
RAW,421.5,5732,8471,2.981,610
RAW,421.8,5728,8465,2.977,609
RAW,421.8,5726,8464,2.967,607
RAW,421.8,5724,8468,2.972,608
RAW,422.1,5726,8457,2.977,609
RAW,422.1,5723,8458,2.981,610
RAW,422.1,5726,8466,2.981,610
RAW,422.4,5719,8461,2.977,609
RAW,422.4,5717,8460,2.986,611
RAW,422.4,5727,8460,2.991,612
RAW,422.7,5720,8467,2.977,609
RAW,422.7,5726,8466,2.981,610
RAW,422.7,5731,8465,2.972,608
RAW,423.0,5735,8470,2.977,609
RAW,423.0,5733,8465,2.986,611
RAW,423.0,5724,8469,2.991,612
RAW,423.3,5741,8474,2.986,611
RAW,423.3,5735,8475,2.977,609
RAW,423.3,5732,8464,2.991,612
RAW,423.6,5737,8469,2.967,607
RAW,423.6,5733,8474,3.006,615
RAW,423.6,5731,8479,3.025,619
RAW,423.9,5738,8476,3.006,615
RAW,423.9,5733,8470,3.021,618
RAW,423.9,5735,8475,3.025,619
RAW,424.2,5738,8472,3.021,618
RAW,424.2,5733,8472,3.040,622
RAW,424.2,5732,8472,3.030,620
RAW,424.5,5741,8481,3.021,618
RAW,424.5,5739,8475,3.030,620
RAW,424.5,5740,8475,3.021,618
RAW,424.8,5741,8477,3.021,618
RAW,424.8,5744,8477,2.981,610
RAW,424.8,5744,8481,2.977,609
RAW,425.1,5734,8475,2.991,612
RAW,425.1,5734,8472,2.991,612
RAW,425.1,5741,8472,2.991,612
RAW,425.5,5732,8466,2.996,613
RAW,425.5,5733,8470,2.981,610
RAW,425.5,5734,8468,2.996,613
RAW,425.8,5719,8465,2.981,610
RAW,425.8,5729,8465,2.972,608
RAW,425.8,5722,8463,3.006,615
RAW,426.0,5727,8459,2.977,609
RAW,426.0,5720,8459,3.016,617
RAW,426.0,5722,8455,3.030,620
RAW,426.4,5721,8457,3.011,616
RAW,426.4,5720,8459,3.045,623
RAW,426.4,5714,8453,3.045,623
RAW,426.7,5720,8463,3.030,620
RAW,426.7,5725,8453,3.040,622
RAW,426.7,5720,8456,3.045,623
RAW,427.0,5721,8463,3.030,620
RAW,427.0,5715,8458,2.996,613
RAW,427.0,5719,8453,2.893,592
RAW,427.3,5723,8460,3.006,615
RAW,427.3,5721,8459,2.986,611
RAW,427.3,5724,8456,2.986,611
RAW,427.6,5726,8462,2.981,610
RAW,427.6,5725,8464,2.986,611
RAW,427.6,5725,8464,2.986,611
RAW,427.9,5729,8463,2.967,607
RAW,427.9,5727,8468,2.967,607
RAW,427.9,5719,8467,2.981,610
RAW,428.2,5736,8463,2.972,608
RAW,428.2,5728,8470,2.967,607
RAW,428.2,5728,8467,2.972,608
RAW,428.5,5740,8469,2.991,612
RAW,428.5,5737,8472,2.977,609
RAW,428.5,5732,8469,2.972,608
RAW,428.8,5736,8471,2.977,609
RAW,428.8,5735,8471,2.977,609
RAW,428.8,5737,8474,2.991,612
RAW,429.1,5732,8465,2.972,608
RAW,429.1,5739,8477,2.986,611
RAW,429.1,5741,8471,2.977,609
RAW,429.4,5741,8472,2.991,612
RAW,429.4,5740,8474,2.977,609
RAW,429.4,5744,8473,2.981,610
RAW,429.7,5742,8474,2.977,609
RAW,429.7,5744,8471,2.991,612
RAW,429.7,5737,8476,2.991,612
RAW,430.0,5744,8475,2.972,608
RAW,430.0,5739,8475,2.972,608
RAW,430.0,5739,8470,2.981,610
RAW,430.3,5743,8474,2.977,609
RAW,430.3,5743,8472,2.981,610
RAW,430.3,5738,8478,2.972,608
RAW,430.6,5748,8475,2.986,611
RAW,430.6,5744,8477,2.977,609
RAW,430.6,5751,8478,3.030,620
RAW,430.9,5750,8477,2.986,611
RAW,430.9,5749,8480,3.030,620
RAW,430.9,5749,8473,3.040,622
RAW,431.2,5744,8475,3.016,617
RAW,431.2,5743,8474,3.035,621
RAW,431.2,5743,8478,3.021,618
RAW,431.5,5740,8468,3.040,622
RAW,431.5,5746,8474,3.045,623
RAW,431.5,5739,8472,3.030,620
RAW,431.8,5732,8461,3.025,619
RAW,431.8,5742,8469,3.025,619
RAW,431.8,5738,8466,2.991,612
RAW,432.1,5728,8459,3.025,619
RAW,432.1,5732,8453,2.986,611
RAW,432.1,5736,8462,3.006,615
RAW,432.4,5727,8452,2.991,612
RAW,432.4,5729,8458,2.977,609
RAW,432.4,5720,8456,2.981,610
RAW,432.7,5717,8454,2.996,613
RAW,432.7,5719,8455,2.991,612
RAW,432.7,5721,8452,2.977,609
RAW,433.0,5720,8457,2.977,609
RAW,433.0,5727,8445,2.986,611
RAW,433.0,5723,8449,3.045,623
RAW,433.4,5723,8460,2.991,612
RAW,433.4,5724,8457,3.030,620
RAW,433.4,5723,8449,3.030,620
RAW,433.7,5725,8462,3.045,623
RAW,433.7,5729,8458,3.050,624
RAW,433.7,5724,8455,3.045,623
RAW,434.0,5730,8458,2.977,609
RAW,434.0,5733,8463,3.045,623
RAW,434.0,5730,8454,2.996,613
RAW,434.3,5733,8457,2.977,609
RAW,434.3,5732,8458,2.972,608
RAW,434.6,5734,8469,2.977,609
RAW,434.6,5739,8464,2.981,610
RAW,434.6,5732,8461,2.977,609
RAW,434.9,5730,8459,2.991,612
RAW,434.9,5733,8465,2.991,612
RAW,434.9,5738,8464,2.991,612
RAW,435.2,5739,8465,2.991,612
RAW,435.2,5732,8464,2.986,611
RAW,435.2,5731,8461,2.986,611
RAW,435.5,5732,8466,2.977,609
RAW,435.5,5736,8467,2.977,609
RAW,435.5,5735,8461,2.981,610
RAW,435.8,5733,8472,2.981,610
RAW,435.8,5741,8468,2.991,612
RAW,435.8,5731,8472,2.977,609
RAW,436.1,5737,8469,2.981,610
RAW,436.1,5738,8470,2.991,612
RAW,436.1,5731,8466,2.981,610
RAW,436.4,5739,8473,2.972,608
RAW,436.4,5739,8463,2.986,611
RAW,436.4,5738,8466,2.977,609
RAW,436.7,5733,8470,2.972,608
RAW,436.7,5736,8466,2.977,609
RAW,436.7,5742,8472,2.972,608
RAW,437.0,5750,8475,2.981,610
RAW,437.0,5740,8475,2.991,612
RAW,437.0,5738,8466,2.977,609
RAW,437.3,5751,8479,2.986,611
RAW,437.3,5755,8476,2.991,612
RAW,437.3,5747,8474,2.996,613
RAW,437.6,5738,8467,2.972,608
RAW,437.6,5738,8474,2.972,608
RAW,437.6,5747,8474,2.991,612
RAW,437.9,5729,8463,2.991,612
RAW,437.9,5734,8465,3.006,615
RAW,437.9,5731,8468,3.016,617
RAW,438.2,5719,8456,3.025,619
RAW,438.2,5717,8453,2.996,613
RAW,438.2,5727,8462,3.030,620
RAW,438.5,5712,8447,3.021,618
RAW,438.5,5717,8455,3.025,619
RAW,438.5,5715,8450,3.030,620
RAW,438.8,5713,8449,3.025,619
RAW,438.8,5714,8449,3.030,620
RAW,438.8,5712,8449,2.991,612
RAW,439.1,5715,8453,3.040,622
RAW,439.1,5716,8452,2.991,612
RAW,439.1,5716,8451,2.981,610
RAW,439.4,5718,8451,2.991,612
RAW,439.4,5712,8446,2.991,612
RAW,439.4,5716,8450,2.991,612
RAW,439.7,5717,8457,2.977,609
RAW,439.7,5719,8449,2.977,609
RAW,439.7,5717,8447,2.977,609
RAW,440.0,5721,8458,2.991,612
RAW,440.0,5726,8458,2.986,611
RAW,440.0,5717,8452,3.025,619
RAW,440.4,5725,8458,2.977,609
RAW,440.4,5727,8461,3.030,620
RAW,440.4,5726,8455,3.040,622
RAW,440.6,5727,8459,3.021,618
RAW,440.6,5721,8455,3.030,620
RAW,440.6,5730,8455,3.035,621
RAW,441.0,5726,8459,3.025,619
RAW,441.0,5723,8460,3.025,619
RAW,441.0,5724,8458,3.030,620
RAW,441.3,5724,8459,3.040,622
RAW,441.3,5729,8453,2.996,613
RAW,441.3,5727,8454,2.977,609
RAW,441.6,5735,8462,3.011,616
RAW,441.6,5732,8459,2.991,612
RAW,441.6,5726,8457,2.991,612
RAW,441.9,5735,8465,2.996,613
RAW,441.9,5730,8456,2.977,609
RAW,441.9,5732,8458,2.977,609
RAW,442.2,5738,8471,2.991,612
RAW,442.2,5737,8466,2.981,610
RAW,442.2,5730,8462,2.972,608
RAW,442.5,5735,8464,2.991,612
RAW,442.5,5737,8463,2.996,613
RAW,442.5,5729,8464,2.986,611
RAW,442.8,5740,8465,2.972,608
RAW,442.8,5742,8467,2.977,609
RAW,442.8,5743,8465,2.977,609
RAW,443.1,5740,8469,2.967,607
RAW,443.1,5742,8467,2.972,608
RAW,443.1,5739,8469,2.967,607
RAW,443.4,5750,8470,2.986,611
RAW,443.4,5743,8474,2.977,609
RAW,443.4,5744,8477,2.981,610
RAW,443.7,5750,8475,2.977,609
RAW,443.7,5749,8471,2.986,611
RAW,443.7,5751,8479,2.986,611
RAW,444.0,5737,8462,2.986,611
RAW,444.0,5745,8471,2.972,608
RAW,444.0,5740,8471,2.972,608
RAW,444.3,5733,8454,3.011,616
RAW,444.3,5729,8459,2.991,612
RAW,444.3,5729,8463,2.972,608
RAW,444.6,5721,8454,2.986,611
RAW,444.6,5723,8453,2.986,611
RAW,444.6,5722,8458,2.991,612
RAW,444.9,5722,8444,2.977,609
RAW,444.9,5718,8446,2.972,608
RAW,444.9,5714,8454,3.021,618
RAW,445.2,5719,8445,2.937,601
RAW,445.2,5722,8446,3.025,619
RAW,445.2,5713,8446,3.030,620
RAW,445.5,5723,8450,3.021,618
RAW,445.5,5725,8450,3.035,621
RAW,445.5,5720,8451,3.030,620
RAW,445.8,5723,8451,3.030,620
RAW,445.8,5728,8448,3.035,621
RAW,445.8,5721,8452,3.045,623
RAW,446.1,5720,8450,3.025,619
RAW,446.1,5720,8447,3.030,620
RAW,446.1,5720,8452,2.986,611
RAW,446.4,5730,8452,3.021,618
RAW,446.4,5725,8458,2.991,612
RAW,446.4,5722,8452,2.972,608
RAW,446.7,5730,8449,2.986,611
RAW,446.7,5728,8449,2.991,612
RAW,446.7,5732,8454,2.986,611
RAW,447.0,5724,8453,2.972,608
RAW,447.0,5726,8454,2.977,609
RAW,447.0,5729,8449,2.981,610
RAW,447.3,5729,8452,2.972,608
RAW,447.3,5729,8453,2.981,610
RAW,447.3,5735,8458,3.030,620
RAW,447.6,5733,8463,3.006,615
RAW,447.6,5730,8459,3.030,620
RAW,447.6,5729,8454,3.030,620
RAW,448.0,5733,8460,3.040,622
RAW,448.0,5731,8463,3.050,624
RAW,448.0,5740,8459,3.050,624
RAW,448.3,5729,8454,3.030,620
RAW,448.3,5725,8457,3.030,620
RAW,448.3,5724,8455,2.977,609
RAW,448.6,5731,8454,2.972,608
RAW,448.6,5734,8455,2.986,611
RAW,448.9,5734,8456,2.991,612
RAW,448.9,5729,8457,2.991,612
RAW,448.9,5727,8459,2.972,608
RAW,449.2,5743,8464,2.977,609
RAW,449.2,5735,8461,2.972,608
RAW,449.2,5740,8461,2.972,608
RAW,449.5,5741,8469,2.972,608
RAW,449.5,5748,8470,2.972,608
RAW,449.5,5742,8465,2.977,609
RAW,449.8,5754,8473,2.942,602
RAW,449.8,5745,8470,2.981,610
RAW,449.8,5746,8467,2.972,608
RAW,450.1,5739,8462,2.977,609
RAW,450.1,5749,8464,2.996,613
RAW,450.1,5749,8471,2.991,612
RAW,450.4,5734,8462,2.977,609
RAW,450.4,5741,8461,2.977,609
RAW,450.4,5739,8459,2.977,609
RAW,450.7,5727,8456,2.991,612
RAW,450.7,5733,8453,2.972,608
RAW,450.7,5726,8457,2.972,608
RAW,451.0,5723,8449,2.981,610
RAW,451.0,5726,8451,2.986,611
RAW,451.0,5726,8453,2.977,609
RAW,451.3,5717,8446,2.967,607
RAW,451.3,5725,8449,2.977,609
RAW,451.3,5724,8452,2.977,609
RAW,451.6,5719,8440,2.972,608
RAW,451.6,5718,8447,2.977,609
RAW,451.6,5720,8445,2.977,609
RAW,451.9,5716,8443,2.986,611
RAW,451.9,5717,8445,2.981,610
RAW,451.9,5717,8442,2.991,612
RAW,452.2,5715,8444,2.952,604
RAW,452.2,5716,8444,2.996,613
RAW,452.2,5714,8437,3.030,620
RAW,452.5,5724,8448,3.021,618
RAW,452.5,5725,8444,3.025,619
RAW,452.5,5715,8445,3.030,620
RAW,452.8,5725,8446,3.035,621
RAW,452.8,5726,8449,3.025,619
RAW,452.8,5722,8449,3.030,620
RAW,453.1,5723,8450,3.035,621
RAW,453.1,5727,8448,3.045,623
RAW,453.1,5723,8445,3.001,614
RAW,453.4,5732,8453,3.025,619
RAW,453.4,5726,8453,2.991,612
RAW,453.4,5732,8449,2.981,610
RAW,453.7,5735,8451,2.977,609
RAW,453.7,5733,8454,2.977,609
RAW,453.7,5731,8444,2.972,608
RAW,454.0,5734,8450,2.977,609
RAW,454.0,5734,8459,2.977,609
RAW,454.0,5732,8449,2.977,609
RAW,454.3,5733,8447,2.986,611
RAW,454.3,5736,8453,3.001,614
RAW,454.3,5727,8449,3.016,617
RAW,454.6,5728,8452,2.977,609
RAW,454.6,5732,8455,3.011,616
RAW,454.6,5730,8447,3.035,621
RAW,454.9,5733,8459,3.035,621
RAW,454.9,5734,8458,3.045,623
RAW,454.9,5728,8452,3.030,620
RAW,455.3,5729,8460,3.045,623
RAW,455.3,5742,8458,3.050,624
RAW,455.3,5738,8454,3.035,621
RAW,455.5,5738,8456,3.030,620
RAW,455.5,5736,8447,3.006,615
RAW,455.5,5740,8459,2.977,609
RAW,455.9,5742,8459,2.991,612
RAW,455.9,5737,8457,2.981,610
RAW,455.9,5731,8455,2.977,609
RAW,456.2,5754,8465,2.952,604
RAW,456.2,5745,8461,2.981,610
RAW,456.2,5742,8459,2.986,611
RAW,456.5,5740,8459,2.996,613
RAW,456.5,5752,8460,2.991,612
RAW,456.5,5749,8462,2.991,612
RAW,456.8,5734,8457,2.972,608
RAW,456.8,5742,8455,2.972,608
RAW,456.8,5744,8457,2.977,609
RAW,457.1,5724,8448,2.991,612
RAW,457.1,5731,8449,2.986,611
RAW,457.1,5732,8450,2.977,609
RAW,457.4,5713,8441,2.977,609
RAW,457.4,5714,8443,2.981,610
RAW,457.4,5719,8443,2.967,607
RAW,457.7,5716,8435,2.967,607
RAW,457.7,5706,8442,2.977,609
RAW,457.7,5711,8435,2.972,608
RAW,458.0,5703,8434,2.972,608
RAW,458.0,5709,8431,2.972,608
RAW,458.0,5708,8432,2.977,609
RAW,458.3,5716,8432,2.991,612
RAW,458.3,5709,8433,2.977,609
RAW,458.3,5709,8430,2.991,612
RAW,458.6,5712,8433,2.991,612
RAW,458.6,5704,8434,2.991,612
RAW,458.6,5712,8430,2.991,612
RAW,458.9,5707,8435,2.981,610
RAW,458.9,5713,8434,2.981,610
RAW,458.9,5709,8434,2.972,608
RAW,459.2,5717,8438,2.991,612
RAW,459.2,5710,8441,2.972,608
RAW,459.2,5715,8433,3.016,617
RAW,459.5,5722,8442,2.937,601
RAW,459.5,5727,8442,3.040,622
RAW,459.5,5717,8439,3.025,619
RAW,459.8,5725,8439,3.025,619
RAW,459.8,5725,8442,3.021,618
RAW,459.8,5722,8446,3.030,620
RAW,460.1,5730,8437,3.030,620
RAW,460.1,5727,8441,3.030,620
RAW,460.1,5719,8437,3.025,619
RAW,460.4,5727,8439,3.030,620
RAW,460.4,5720,8435,3.025,619
RAW,460.4,5713,8437,2.986,611
RAW,460.7,5727,8445,3.065,627
RAW,460.7,5722,8444,2.991,612
RAW,460.7,5724,8442,2.991,612
RAW,461.0,5730,8444,2.981,610
RAW,461.0,5727,8449,2.972,608
RAW,461.0,5730,8446,2.981,610
RAW,461.3,5732,8449,2.991,612
RAW,461.3,5733,8448,2.981,610
RAW,461.3,5733,8446,2.981,610
RAW,461.6,5733,8453,2.991,612
RAW,461.6,5733,8450,2.991,612
RAW,461.6,5728,8445,3.030,620
RAW,461.9,5741,8447,2.986,611
RAW,461.9,5736,8450,3.025,619
RAW,461.9,5738,8448,3.030,620
RAW,462.2,5736,8458,3.030,620
RAW,462.2,5736,8458,3.030,620
RAW,462.2,5735,8453,3.025,619
RAW,462.5,5741,8453,3.030,620
RAW,462.5,5741,8455,3.030,620
RAW,462.5,5743,8461,2.986,611
RAW,462.9,5734,8454,2.991,612
RAW,462.9,5735,8455,2.977,609
RAW,463.2,5724,8439,2.981,610
RAW,463.2,5729,8440,2.981,610
RAW,463.2,5732,8446,2.977,609
RAW,463.5,5716,8436,2.977,609
RAW,463.5,5717,8433,2.977,609
RAW,463.5,5719,8440,2.977,609
RAW,463.8,5715,8430,2.991,612
RAW,463.8,5714,8435,2.972,608
RAW,463.8,5714,8435,2.977,609
RAW,464.1,5711,8437,2.942,602
RAW,464.1,5719,8431,2.977,609
RAW,464.1,5709,8434,2.972,608
RAW,464.4,5718,8436,2.972,608
RAW,464.4,5721,8435,2.972,608
RAW,464.4,5718,8432,2.977,609
RAW,464.7,5718,8430,2.972,608
RAW,464.7,5722,8434,2.972,608
RAW,464.7,5715,8428,2.996,613
RAW,465.0,5717,8434,2.986,611
RAW,465.0,5719,8438,2.991,612
RAW,465.0,5728,8426,2.986,611
RAW,465.3,5723,8432,2.972,608
RAW,465.3,5719,8434,2.972,608
RAW,465.3,5723,8434,2.933,600
RAW,465.6,5727,8443,2.981,610
RAW,465.6,5724,8440,2.977,609
RAW,465.6,5722,8433,2.972,608
RAW,465.9,5732,8442,2.996,613
RAW,465.9,5730,8446,2.981,610
RAW,465.9,5724,8444,2.986,611
RAW,466.2,5734,8441,2.972,608
RAW,466.2,5733,8442,2.972,608
RAW,466.2,5730,8437,2.972,608
RAW,466.5,5735,8441,2.977,609
RAW,466.5,5730,8440,2.991,612
RAW,466.5,5731,8444,3.021,618
RAW,466.8,5734,8450,2.957,605
RAW,466.8,5735,8446,3.021,618
RAW,466.8,5732,8449,3.035,621
RAW,467.1,5735,8444,3.045,623
RAW,467.1,5740,8447,3.030,620
RAW,467.1,5735,8442,3.040,622
RAW,467.4,5739,8451,3.021,618
RAW,467.4,5739,8448,3.025,619
RAW,467.4,5745,8445,3.016,617
RAW,467.7,5743,8449,3.030,620
RAW,467.7,5748,8450,2.996,613
RAW,467.7,5741,8444,2.981,610
RAW,468.0,5748,8455,2.991,612
RAW,468.0,5741,8451,2.977,609
RAW,468.0,5745,8452,2.947,603
RAW,468.3,5744,8455,2.972,608
RAW,468.3,5741,8456,2.977,609
RAW,468.3,5744,8445,2.986,611
RAW,468.6,5748,8455,2.967,607
RAW,468.6,5752,8455,2.972,608
RAW,468.6,5751,8452,2.981,610
RAW,468.9,5744,8447,2.972,608
RAW,468.9,5750,8450,3.011,616
RAW,468.9,5747,8445,3.040,622
RAW,469.2,5731,8444,3.025,619
RAW,469.2,5735,8446,3.050,624
RAW,469.2,5737,8440,3.045,623
RAW,469.5,5722,8435,3.030,620
RAW,469.5,5727,8438,3.030,620
RAW,469.5,5729,8440,3.040,622
RAW,469.9,5715,8435,3.030,620
RAW,469.9,5726,8434,3.011,616
RAW,469.9,5720,8431,2.991,612
RAW,470.1,5717,8430,3.011,616
RAW,470.1,5709,8431,2.981,610
RAW,470.1,5720,8429,2.991,612
RAW,470.5,5714,8426,2.977,609
RAW,470.5,5715,8431,2.977,609
RAW,470.5,5720,8427,2.957,605
RAW,470.8,5716,8427,2.977,609
RAW,470.8,5714,8432,2.972,608
RAW,470.8,5715,8432,2.977,609
RAW,471.1,5718,8429,2.972,608
RAW,471.1,5719,8428,2.991,612
RAW,471.1,5715,8432,2.991,612
RAW,471.4,5721,8430,2.991,612
RAW,471.4,5716,8433,2.986,611
RAW,471.4,5719,8429,2.972,608
RAW,471.7,5721,8432,2.972,608
RAW,471.7,5725,8435,2.972,608
RAW,471.7,5727,8431,2.977,609
RAW,472.0,5718,8438,2.967,607
RAW,472.0,5734,8430,2.972,608
RAW,472.0,5729,8438,2.972,608
RAW,472.3,5728,8438,2.986,611
RAW,472.3,5729,8435,2.972,608
RAW,472.3,5726,8435,2.991,612
RAW,472.6,5731,8446,2.972,608
RAW,472.6,5732,8439,2.977,609
RAW,472.6,5728,8438,2.991,612
RAW,472.9,5741,8437,2.967,607
RAW,472.9,5736,8440,2.977,609
RAW,472.9,5734,8441,2.977,609
RAW,473.2,5743,8448,3.045,623
RAW,473.2,5736,8444,2.991,612
RAW,473.2,5740,8445,2.991,612
RAW,473.5,5740,8444,2.986,611
RAW,473.5,5742,8447,2.986,611
RAW,473.5,5742,8443,3.016,617
RAW,473.8,5748,8446,2.977,609
RAW,473.8,5746,8443,3.016,617
RAW,473.8,5738,8452,3.025,619
RAW,474.1,5747,8445,3.025,619
RAW,474.1,5743,8450,3.030,620
RAW,474.1,5747,8447,2.986,611
RAW,474.4,5752,8452,3.035,621
RAW,474.4,5747,8455,3.030,620
RAW,474.4,5748,8446,3.030,620
RAW,474.7,5757,8457,3.030,620
RAW,474.7,5758,8458,3.025,619
RAW,474.7,5754,8455,2.996,613
RAW,475.0,5756,8450,3.025,619
RAW,475.0,5755,8460,2.981,610
RAW,475.0,5763,8460,2.972,608
RAW,475.3,5738,8450,2.981,610
RAW,475.3,5749,8448,2.991,612
RAW,475.3,5753,8454,2.991,612
RAW,475.6,5737,8444,2.991,612
RAW,475.6,5738,8447,2.991,612
RAW,475.6,5746,8446,2.977,609
RAW,475.9,5735,8434,2.972,608
RAW,475.9,5737,8440,2.977,609
RAW,475.9,5743,8435,3.025,619
RAW,476.2,5728,8428,2.977,609
RAW,476.2,5729,8434,3.021,618
RAW,476.2,5734,8429,3.030,620
RAW,476.5,5716,8430,3.040,622
RAW,476.5,5719,8431,3.025,619
RAW,476.5,5725,8428,2.981,610
RAW,476.8,5728,8435,3.030,620
RAW,476.8,5720,8437,3.050,624
RAW,476.8,5717,8429,2.981,610
RAW,477.1,5729,8437,2.986,611
RAW,477.1,5730,8437,2.981,610
RAW,477.5,5729,8432,2.981,610
RAW,477.5,5723,8434,2.977,609
RAW,477.5,5728,8434,2.991,612
RAW,477.8,5727,8440,2.996,613
RAW,477.8,5723,8438,2.986,611
RAW,477.8,5725,8439,2.996,613
RAW,478.1,5737,8439,2.977,609
RAW,478.1,5728,8438,2.977,609
RAW,478.1,5731,8437,2.977,609
RAW,478.4,5733,8438,2.977,609
RAW,478.4,5734,8437,2.977,609
RAW,478.4,5732,8435,2.977,609
RAW,478.7,5736,8439,2.972,608
RAW,478.7,5733,8434,2.991,612
RAW,478.7,5731,8438,2.986,611
RAW,479.0,5730,8441,2.972,608
RAW,479.0,5730,8441,2.972,608
RAW,479.0,5732,8438,2.991,612
RAW,479.3,5731,8441,2.972,608
RAW,479.3,5725,8439,2.972,608
RAW,479.3,5733,8436,2.972,608
RAW,479.6,5732,8441,2.972,608
RAW,479.6,5734,8442,2.981,610
RAW,479.6,5724,8441,2.986,611
RAW,479.9,5746,8445,2.991,612
RAW,479.9,5731,8446,2.977,609
RAW,479.9,5738,8448,2.991,612
RAW,480.2,5737,8451,2.977,609
RAW,480.2,5736,8447,2.972,608
RAW,480.2,5740,8448,2.981,610
RAW,480.5,5750,8453,2.972,608
RAW,480.5,5743,8455,2.977,609
RAW,480.5,5738,8449,2.977,609
RAW,480.8,5746,8458,2.977,609
RAW,480.8,5749,8451,2.991,612
RAW,480.8,5745,8457,3.030,620
RAW,481.1,5748,8453,2.986,611
RAW,481.1,5740,8455,2.991,612
RAW,481.1,5737,8459,3.035,621
RAW,481.4,5744,8454,3.021,618
RAW,481.4,5747,8448,3.021,618
RAW,481.4,5745,8449,3.025,619
RAW,481.7,5738,8448,3.025,619
RAW,481.7,5741,8454,3.050,624
RAW,481.7,5741,8453,3.035,621
RAW,482.0,5740,8446,3.006,615
RAW,482.0,5739,8443,3.021,618
RAW,482.0,5737,8446,3.001,614
RAW,482.3,5729,8430,2.991,612
RAW,482.3,5727,8440,2.981,610
RAW,482.3,5730,8440,2.977,609
RAW,482.6,5717,8432,2.972,608
RAW,482.6,5723,8439,2.977,609
RAW,482.6,5725,8432,2.981,610
RAW,482.9,5726,8439,2.977,609
RAW,482.9,5724,8430,2.991,612
RAW,482.9,5721,8435,2.991,612
RAW,483.2,5724,8439,2.972,608
RAW,483.2,5721,8436,3.011,616
RAW,483.2,5723,8433,3.030,620
RAW,483.5,5719,8439,3.011,616
RAW,483.5,5723,8435,3.030,620
RAW,483.5,5715,8429,3.021,618
RAW,483.8,5722,8438,2.962,606
RAW,483.8,5722,8439,3.040,622
RAW,483.8,5720,8435,3.045,623
RAW,484.1,5721,8438,3.040,622
RAW,484.1,5725,8441,3.030,620
RAW,484.1,5724,8436,2.986,611
RAW,484.5,5726,8435,3.001,614
RAW,484.5,5722,8438,2.981,610
RAW,484.5,5723,8436,2.977,609
RAW,484.8,5725,8439,2.981,610
RAW,484.8,5726,8439,2.977,609
RAW,484.8,5722,8439,2.977,609
RAW,485.0,5722,8435,2.977,609
RAW,485.0,5730,8437,2.986,611
RAW,485.0,5721,8446,2.981,610
RAW,485.4,5727,8441,2.962,606
RAW,485.4,5724,8447,2.991,612
RAW,485.4,5729,8444,2.986,611
RAW,485.7,5732,8443,2.977,609
RAW,485.7,5723,8445,2.977,609
RAW,485.7,5730,8447,2.991,612
RAW,486.0,5728,8446,2.991,612
RAW,486.0,5729,8445,2.991,612
RAW,486.0,5728,8443,2.996,613
RAW,486.3,5727,8447,2.923,598
RAW,486.3,5729,8440,2.981,610
RAW,486.3,5727,8445,2.991,612
RAW,486.6,5731,8448,2.972,608
RAW,486.6,5729,8449,2.967,607
RAW,486.6,5729,8438,2.972,608
RAW,486.9,5730,8449,2.972,608
RAW,486.9,5730,8446,2.977,609
RAW,486.9,5730,8445,2.986,611
RAW,487.2,5738,8449,2.967,607
RAW,487.2,5736,8446,2.986,611
RAW,487.2,5739,8452,2.986,611
RAW,487.5,5742,8453,2.972,608
RAW,487.5,5737,8457,2.981,610
RAW,487.5,5743,8450,2.991,612
RAW,487.8,5732,8442,2.972,608
RAW,487.8,5737,8447,2.977,609
RAW,487.8,5737,8455,3.025,619
RAW,488.1,5724,8443,2.977,609
RAW,488.1,5730,8451,3.035,621
RAW,488.1,5732,8440,3.035,621
RAW,488.4,5719,8435,3.016,617
RAW,488.4,5722,8437,3.021,618
RAW,488.4,5712,8437,3.040,622
RAW,488.7,5713,8429,3.030,620
RAW,488.7,5721,8438,3.030,620
RAW,488.7,5712,8443,3.025,619
RAW,489.0,5719,8434,3.021,618
RAW,489.0,5714,8432,3.030,620
RAW,489.0,5712,8434,2.977,609
RAW,489.3,5711,8431,3.016,617
RAW,489.3,5721,8436,2.991,612
RAW,489.3,5720,8432,2.986,611
RAW,489.6,5719,8436,2.977,609
RAW,489.6,5716,8443,2.991,612
RAW,489.6,5718,8430,2.991,612
RAW,489.9,5720,8441,2.977,609
RAW,489.9,5723,8437,2.972,608
RAW,489.9,5713,8437,2.962,606
RAW,490.2,5719,8442,2.991,612
RAW,490.2,5721,8437,2.991,612
RAW,490.2,5717,8439,3.040,622
RAW,490.5,5721,8441,2.991,612
RAW,490.5,5715,8439,3.030,620
RAW,490.5,5718,8440,3.050,624
RAW,490.8,5722,8451,3.030,620
RAW,490.8,5719,8446,3.030,620
RAW,490.8,5722,8439,3.030,620
RAW,491.1,5719,8445,3.030,620
RAW,491.1,5720,8446,3.030,620
RAW,491.1,5722,8447,2.972,608
RAW,491.4,5724,8446,2.996,613
RAW,491.4,5737,8445,2.981,610
RAW,491.7,5732,8452,2.981,610
RAW,491.7,5726,8449,2.991,612
RAW,491.7,5724,8447,2.991,612
RAW,492.0,5727,8452,2.972,608
RAW,492.0,5732,8451,2.986,611
RAW,492.0,5732,8449,2.972,608
RAW,492.4,5730,8446,3.123,639
RAW,492.4,5732,8451,2.986,611
RAW,492.4,5730,8452,2.986,611
RAW,492.7,5734,8451,2.991,612
RAW,492.7,5721,8455,2.991,612
RAW,492.7,5731,8447,2.996,613
RAW,493.0,5731,8459,2.952,604
RAW,493.0,5731,8452,2.972,608
RAW,493.0,5730,8455,2.972,608
RAW,493.3,5738,8459,2.967,607
RAW,493.3,5735,8459,2.972,608
RAW,493.3,5738,8456,2.967,607
RAW,493.6,5736,8462,2.986,611
RAW,493.6,5742,8459,2.977,609
RAW,493.6,5741,8458,2.981,610
RAW,493.9,5745,8457,2.977,609
RAW,493.9,5736,8463,2.986,611
RAW,493.9,5742,8465,2.991,612
RAW,494.2,5737,8457,2.972,608
RAW,494.2,5735,8459,2.972,608
RAW,494.2,5738,8460,2.967,607
RAW,494.5,5727,8452,2.991,612
RAW,494.5,5731,8455,2.991,612
RAW,494.5,5732,8457,2.996,613
RAW,494.8,5721,8445,2.986,611
RAW,494.8,5723,8455,2.991,612
RAW,494.8,5723,8449,2.991,612
RAW,495.1,5723,8443,2.972,608
RAW,495.1,5717,8441,2.977,609
RAW,495.1,5715,8447,2.972,608
RAW,495.4,5714,8440,2.991,612
RAW,495.4,5714,8442,3.030,620
RAW,495.4,5716,8448,3.030,620
RAW,495.7,5712,8443,3.030,620
RAW,495.7,5719,8448,3.035,621
RAW,495.7,5712,8445,3.030,620
RAW,496.0,5724,8448,3.021,618
RAW,496.0,5722,8447,3.035,621
RAW,496.0,5718,8449,3.040,622
RAW,496.3,5721,8446,3.021,618
RAW,496.3,5720,8449,2.937,601
RAW,496.3,5724,8452,2.986,611
RAW,496.6,5728,8456,3.006,615
RAW,496.6,5724,8455,2.991,612
RAW,496.6,5729,8453,2.991,612
RAW,496.9,5732,8462,2.991,612
RAW,496.9,5731,8455,2.986,611
RAW,496.9,5730,8457,2.986,611
RAW,497.2,5743,8462,2.981,610
RAW,497.2,5740,8461,2.977,609
RAW,497.2,5734,8458,2.981,610
RAW,497.5,5744,8459,2.977,609
RAW,497.5,5733,8464,3.011,616
RAW,497.5,5738,8462,3.025,619
RAW,497.8,5734,8464,3.021,618
RAW,497.8,5741,8467,3.045,623
RAW,497.8,5740,8465,3.040,622
RAW,498.1,5740,8464,3.025,619
RAW,498.1,5740,8461,3.050,624
RAW,498.1,5741,8461,3.045,623
RAW,498.4,5750,8469,3.030,620
RAW,498.4,5742,8468,3.021,618
RAW,498.4,5747,8468,2.972,608
RAW,498.7,5747,8468,3.030,620
RAW,498.7,5757,8470,3.006,615
RAW,498.7,5750,8473,2.977,609
RAW,499.0,5758,8481,2.981,610
RAW,499.0,5749,8474,2.996,613
RAW,499.0,5752,8477,2.986,611
RAW,499.4,5759,8479,2.967,607
RAW,499.4,5762,8480,2.977,609
RAW,499.4,5757,8476,2.977,609
RAW,499.6,5766,8483,2.962,606
RAW,499.6,5759,8480,2.977,609
RAW,499.6,5762,8479,2.962,606
RAW,500.0,5773,8489,2.981,610
RAW,500.0,5764,8485,2.991,612
RAW,500.0,5768,8480,2.996,613
RAW,500.3,5769,8483,2.986,611
RAW,500.3,5764,8487,2.991,612
RAW,500.3,5765,8484,2.986,611
RAW,500.6,5757,8481,2.977,609
RAW,500.6,5758,8485,2.981,610
RAW,500.6,5763,8485,2.977,609
RAW,500.9,5748,8474,2.991,612
RAW,500.9,5756,8479,3.001,614
RAW,500.9,5754,8476,2.977,609
RAW,501.2,5738,8471,2.947,603
RAW,501.2,5752,8474,2.986,611
RAW,501.2,5743,8472,2.981,610
RAW,501.5,5738,8466,2.972,608
RAW,501.5,5736,8463,2.972,608
RAW,501.5,5738,8461,2.967,607
RAW,501.8,5735,8468,2.967,607
RAW,501.8,5739,8467,2.977,609
RAW,501.8,5736,8470,2.981,610
RAW,502.1,5742,8473,2.991,612
RAW,502.1,5736,8468,2.986,611
RAW,502.1,5739,8466,3.025,619
RAW,502.4,5742,8470,2.991,612
RAW,502.4,5746,8473,3.030,620
RAW,502.4,5741,8475,3.035,621
RAW,502.7,5750,8476,3.016,617
RAW,502.7,5753,8472,3.016,617
RAW,502.7,5744,8473,3.025,619
RAW,503.0,5748,8469,3.035,621
RAW,503.0,5746,8477,3.035,621
RAW,503.0,5747,8473,3.030,620
RAW,503.3,5740,8475,3.016,617
RAW,503.3,5740,8472,3.040,622
RAW,503.3,5746,8476,3.040,622
RAW,503.6,5751,8479,3.021,618
RAW,503.6,5744,8474,2.977,609
RAW,503.6,5746,8474,2.977,609
RAW,503.9,5748,8478,2.962,606
RAW,503.9,5749,8478,2.981,610
RAW,503.9,5751,8479,2.977,609
RAW,504.2,5753,8473,2.991,612
RAW,504.2,5749,8483,2.977,609
RAW,504.2,5752,8477,2.977,609
RAW,504.5,5743,8480,2.991,612
RAW,504.5,5747,8476,2.991,612
RAW,504.5,5753,8474,3.030,620
RAW,504.8,5746,8479,2.981,610
RAW,504.8,5751,8477,3.025,619
RAW,504.8,5753,8478,3.030,620
RAW,505.1,5748,8480,3.040,622
RAW,505.1,5747,8482,3.050,624
RAW,505.1,5751,8475,3.040,622
RAW,505.4,5754,8481,3.045,623
RAW,505.4,5745,8480,3.050,624
RAW,505.4,5750,8481,2.996,613
RAW,505.7,5755,8485,3.006,615
RAW,505.7,5753,8485,2.981,610
RAW,506.0,5752,8489,2.996,613
RAW,506.0,5753,8481,2.986,611
RAW,506.0,5753,8487,2.986,611
RAW,506.3,5756,8487,2.991,612
RAW,506.3,5753,8489,2.977,609
RAW,506.3,5754,8490,2.986,611
RAW,506.6,5749,8486,2.996,613
RAW,506.6,5746,8486,2.991,612
RAW,506.6,5754,8489,2.981,610
RAW,507.0,5746,8475,2.986,611
RAW,507.0,5741,8473,2.972,608
RAW,507.0,5747,8485,3.030,620
RAW,507.3,5740,8477,2.991,612
RAW,507.3,5739,8478,2.972,608
RAW,507.3,5741,8478,2.972,608
RAW,507.5,5728,8473,2.967,607
RAW,507.5,5733,8467,2.991,612
RAW,507.5,5735,8473,2.986,611
RAW,507.9,5728,8466,2.972,608
RAW,507.9,5730,8470,2.977,609
RAW,507.9,5732,8475,2.977,609
RAW,508.2,5733,8468,2.981,610
RAW,508.2,5730,8467,2.972,608
RAW,508.2,5726,8468,2.977,609
RAW,508.5,5730,8475,2.986,611
RAW,508.5,5729,8465,2.986,611
RAW,508.5,5726,8465,2.981,610
RAW,508.8,5738,8477,2.991,612
RAW,508.8,5728,8466,2.991,612
RAW,508.8,5733,8476,2.991,612
RAW,509.1,5729,8476,2.977,609
RAW,509.1,5739,8470,2.991,612
RAW,509.1,5732,8473,2.972,608
RAW,509.4,5739,8481,2.986,611
RAW,509.4,5728,8478,2.991,612
RAW,509.4,5727,8482,3.011,616
RAW,509.7,5740,8480,2.977,609
RAW,509.7,5739,8480,3.021,618
RAW,509.7,5740,8485,3.040,622
RAW,510.0,5740,8486,3.011,616
RAW,510.0,5738,8484,3.030,620
RAW,510.0,5740,8488,3.030,620
RAW,510.3,5740,8486,3.016,617
RAW,510.3,5741,8483,3.025,619
RAW,510.3,5740,8478,3.035,621
RAW,510.6,5741,8480,3.035,621
RAW,510.6,5744,8485,3.025,619
RAW,510.6,5750,8490,2.991,612
RAW,510.9,5753,8488,3.045,623
RAW,510.9,5755,8489,2.991,612
RAW,510.9,5746,8489,2.986,611
RAW,511.2,5758,8486,2.991,612
RAW,511.2,5757,8492,2.972,608
RAW,511.2,5751,8491,2.977,609
RAW,511.5,5750,8492,3.001,614
RAW,511.5,5759,8492,2.991,612
RAW,511.5,5760,8491,2.991,612
RAW,511.8,5759,8495,2.977,609
RAW,511.8,5761,8492,2.991,612
RAW,511.8,5753,8491,3.035,621
RAW,512.1,5757,8498,2.977,609
RAW,512.1,5761,8493,2.991,612
RAW,512.1,5763,8490,3.030,620
RAW,512.4,5754,8487,3.016,617
RAW,512.4,5760,8496,3.030,620
RAW,512.4,5748,8488,3.030,620
RAW,512.7,5745,8487,3.035,621
RAW,512.7,5749,8491,3.030,620
RAW,512.7,5760,8490,3.035,621
RAW,513.0,5736,8486,3.030,620
RAW,513.0,5749,8486,3.011,616
RAW,513.0,5741,8484,2.991,612
RAW,513.3,5725,8480,2.991,612
RAW,513.3,5727,8480,2.981,610
RAW,513.3,5729,8484,2.981,610
RAW,513.6,5725,8472,2.986,611
RAW,513.6,5721,8475,2.991,612
RAW,513.6,5724,8478,2.977,609
RAW,513.9,5716,8469,2.991,612
RAW,513.9,5720,8468,2.996,613
RAW,513.9,5721,8469,2.991,612
RAW,514.2,5716,8470,2.972,608
RAW,514.2,5717,8469,2.981,610
RAW,514.2,5721,8472,2.972,608
RAW,514.5,5721,8475,2.972,608
RAW,514.5,5715,8479,2.972,608
RAW,514.5,5719,8470,2.972,608
RAW,514.8,5728,8476,2.991,612
RAW,514.8,5725,8475,2.986,611
RAW,514.8,5721,8472,2.981,610
RAW,515.2,5725,8481,2.991,612
RAW,515.2,5731,8481,2.996,613
RAW,515.2,5721,8479,2.991,612
RAW,515.5,5729,8477,2.986,611
RAW,515.5,5729,8475,2.972,608
RAW,515.5,5725,8477,2.977,609
RAW,515.8,5724,8478,2.991,612
RAW,515.8,5732,8482,2.996,613
RAW,515.8,5725,8479,2.972,608
RAW,516.1,5729,8482,2.986,611
RAW,516.1,5722,8480,2.986,611
RAW,516.1,5723,8480,2.986,611
RAW,516.4,5719,8478,2.972,608
RAW,516.4,5721,8480,2.967,607
RAW,516.4,5726,8481,2.972,608
RAW,516.7,5730,8483,2.967,607
RAW,516.7,5728,8487,2.977,609
RAW,516.7,5727,8487,3.006,615
RAW,517.0,5735,8493,2.981,610
RAW,517.0,5726,8491,3.021,618
RAW,517.0,5723,8488,3.030,620
RAW,517.3,5736,8487,3.025,619
RAW,517.3,5729,8490,3.030,620
RAW,517.3,5732,8488,3.030,620
RAW,517.6,5738,8494,3.021,618
RAW,517.6,5739,8491,3.035,621
RAW,517.6,5726,8490,3.030,620
RAW,517.9,5744,8498,3.035,621
RAW,517.9,5735,8492,3.030,620
RAW,517.9,5737,8493,2.991,612
RAW,518.2,5737,8494,3.030,620
RAW,518.2,5744,8497,2.991,612
RAW,518.2,5740,8496,2.991,612
RAW,518.5,5737,8497,2.977,609
RAW,518.5,5747,8495,2.977,609
RAW,518.5,5746,8496,2.977,609
RAW,518.8,5739,8500,2.986,611
RAW,518.8,5733,8503,2.986,611
RAW,518.8,5741,8502,2.977,609
RAW,519.1,5733,8494,2.991,612
RAW,519.1,5731,8496,2.981,610
RAW,519.1,5737,8498,3.030,620
RAW,519.4,5730,8493,2.991,612
RAW,519.4,5729,8494,3.021,618
RAW,519.4,5729,8495,3.040,622
RAW,519.7,5719,8481,3.021,618
RAW,519.7,5723,8485,3.035,621
RAW,519.7,5720,8490,3.025,619
RAW,520.0,5719,8479,3.040,622
RAW,520.0,5715,8481,3.050,624
RAW,520.0,5721,8483,3.050,624
RAW,520.3,5711,8477,3.035,621
RAW,520.3,5718,8484,3.011,616
RAW,520.3,5715,8484,2.986,611
RAW,520.6,5714,8481,2.981,610
RAW,520.6,5714,8483,2.972,608
RAW,520.6,5709,8486,2.972,608
RAW,520.9,5723,8486,2.977,609
RAW,520.9,5720,8487,2.972,608
RAW,520.9,5720,8487,2.972,608
RAW,521.2,5717,8481,2.972,608
RAW,521.2,5718,8481,2.977,609
RAW,521.2,5724,8490,2.981,610
RAW,521.5,5712,8487,2.967,607
RAW,521.5,5721,8480,2.991,612
RAW,521.5,5720,8478,2.996,613
RAW,521.8,5728,8487,2.977,609
RAW,521.8,5726,8484,2.977,609
RAW,521.8,5721,8483,2.967,607
RAW,522.2,5720,8485,2.991,612
RAW,522.2,5726,8487,2.981,610
RAW,522.2,5723,8491,2.981,610
RAW,522.5,5725,8486,2.986,611
RAW,522.5,5722,8490,2.991,612
RAW,522.5,5724,8485,2.986,611
RAW,522.8,5725,8489,2.972,608
RAW,522.8,5721,8489,2.933,600
RAW,522.8,5730,8485,2.962,606
RAW,523.1,5729,8492,2.972,608
RAW,523.1,5729,8489,2.977,609
RAW,523.1,5728,8488,2.972,608
RAW,523.4,5721,8488,2.991,612
RAW,523.4,5735,8486,2.986,611
RAW,523.4,5731,8488,2.981,610
RAW,523.7,5734,8490,2.991,612
RAW,523.7,5726,8486,2.996,613
RAW,523.7,5726,8490,2.991,612
RAW,524.0,5731,8496,2.986,611
RAW,524.0,5727,8492,3.001,614
RAW,524.0,5722,8491,3.016,617
RAW,524.3,5734,8491,2.991,612
RAW,524.3,5732,8494,3.035,621
RAW,524.3,5729,8491,3.025,619
RAW,524.6,5731,8495,3.025,619
RAW,524.6,5734,8492,3.045,623
RAW,524.6,5730,8496,3.030,620
RAW,524.9,5735,8494,3.030,620
RAW,524.9,5734,8496,3.030,620
RAW,524.9,5733,8493,3.025,619
RAW,525.2,5733,8490,3.025,619
RAW,525.2,5730,8495,3.025,619
RAW,525.2,5737,8489,2.977,609
RAW,525.5,5728,8492,3.040,622
RAW,525.5,5735,8488,2.977,609
RAW,525.5,5730,8485,2.986,611
RAW,525.8,5721,8482,3.006,615
RAW,525.8,5724,8481,2.991,612
RAW,525.8,5725,8482,2.977,609
RAW,526.1,5712,8480,2.977,609
RAW,526.1,5714,8480,2.986,611
RAW,526.1,5714,8479,2.977,609
RAW,526.4,5709,8477,2.991,612
RAW,526.4,5707,8480,2.986,611
RAW,526.4,5711,8475,3.021,618
RAW,526.7,5712,8481,2.977,609
RAW,526.7,5712,8479,3.040,622
RAW,526.7,5702,8468,3.045,623
RAW,527.0,5714,8481,3.021,618
RAW,527.0,5705,8478,3.025,619
RAW,527.0,5710,8474,3.030,620
RAW,527.3,5706,8477,3.030,620
RAW,527.3,5709,8483,3.030,620
RAW,527.3,5714,8479,3.030,620
RAW,527.6,5713,8476,3.035,621
RAW,527.6,5708,8476,3.045,623
RAW,527.6,5711,8476,2.977,609
RAW,527.9,5707,8480,2.991,612
RAW,527.9,5712,8486,2.991,612
RAW,527.9,5711,8481,2.991,612
RAW,528.2,5717,8490,2.986,611
RAW,528.2,5718,8482,2.972,608
RAW,528.2,5715,8488,2.977,609
RAW,528.5,5725,8483,2.986,611
RAW,528.5,5725,8484,2.991,612
RAW,528.5,5720,8487,2.972,608
RAW,528.8,5721,8487,2.977,609
RAW,528.8,5717,8486,2.981,610
RAW,528.8,5720,8483,2.991,612
RAW,529.1,5724,8492,2.972,608
RAW,529.1,5716,8489,2.977,609
RAW,529.1,5725,8486,2.972,608
RAW,529.5,5722,8483,2.977,609
RAW,529.5,5723,8485,2.977,609
RAW,529.5,5722,8483,2.981,610
RAW,529.7,5726,8489,2.986,611
RAW,529.7,5722,8483,2.972,608
RAW,529.7,5721,8487,2.972,608
RAW,530.0,5730,8485,2.972,608
RAW,530.0,5730,8494,2.991,612
RAW,530.0,5730,8492,2.991,612
RAW,530.4,5732,8496,2.972,608
RAW,530.4,5730,8494,2.981,610
RAW,530.4,5728,8492,2.972,608
RAW,530.7,5733,8501,2.991,612
RAW,530.7,5735,8499,2.981,610
RAW,530.7,5731,8494,2.972,608
RAW,531.0,5738,8502,2.977,609
RAW,531.0,5739,8501,2.991,612
RAW,531.0,5737,8500,2.962,606
RAW,531.3,5744,8501,2.972,608
RAW,531.3,5739,8506,2.972,608
RAW,531.3,5730,8503,3.016,617
RAW,531.6,5739,8503,2.937,601
RAW,531.6,5743,8505,3.011,616
RAW,531.6,5740,8505,3.016,617
RAW,531.9,5732,8498,3.030,620
RAW,531.9,5736,8496,3.030,620
RAW,531.9,5738,8500,3.025,619
RAW,532.2,5723,8496,3.030,620
RAW,532.2,5729,8493,3.040,622
RAW,532.2,5728,8493,3.030,620
RAW,532.5,5722,8485,3.030,620
RAW,532.5,5725,8496,3.025,619
RAW,532.5,5721,8489,2.972,608
RAW,532.8,5712,8490,3.040,622
RAW,532.8,5721,8487,2.991,612
RAW,532.8,5722,8487,2.977,609
RAW,533.1,5717,8488,2.981,610
RAW,533.1,5720,8496,2.991,612
RAW,533.1,5711,8483,3.006,615
RAW,533.4,5719,8485,2.977,609
RAW,533.4,5721,8485,2.977,609
RAW,533.4,5715,8489,2.967,607
RAW,533.7,5721,8487,2.986,611
RAW,533.7,5724,8489,2.972,608
RAW,533.7,5714,8483,3.021,618
RAW,534.0,5724,8488,2.996,613
RAW,534.0,5721,8488,3.025,619
RAW,534.0,5719,8485,3.040,622
RAW,534.3,5719,8487,3.035,621
RAW,534.3,5716,8493,3.045,623
RAW,534.3,5720,8491,3.055,625
RAW,534.6,5725,8491,3.030,620
RAW,534.6,5727,8493,3.030,620
RAW,534.6,5724,8493,3.035,621
RAW,534.9,5724,8498,3.045,623
RAW,534.9,5722,8488,2.991,612
RAW,534.9,5725,8493,2.972,608
RAW,535.2,5732,8499,2.981,610
RAW,535.2,5732,8498,2.996,613
RAW,535.2,5728,8490,2.981,610
RAW,535.5,5744,8505,2.972,608
RAW,535.5,5738,8502,2.977,609
RAW,535.5,5734,8502,2.972,608
RAW,535.8,5740,8505,2.972,608
RAW,535.8,5746,8501,2.977,609
RAW,535.8,5741,8501,2.967,607
RAW,536.1,5742,8501,2.972,608
RAW,536.1,5742,8501,2.977,609
RAW,536.1,5741,8507,2.977,609
RAW,536.4,5743,8508,2.977,609
RAW,536.4,5746,8502,2.986,611
RAW,536.4,5739,8501,2.996,613
RAW,536.7,5745,8507,2.981,610
RAW,536.7,5747,8506,2.977,609
RAW,536.7,5750,8508,2.981,610
RAW,537.0,5759,8514,2.996,613
RAW,537.0,5752,8510,2.981,610
RAW,537.0,5751,8512,2.972,608
RAW,537.3,5762,8516,2.986,611
RAW,537.3,5764,8519,2.991,612
RAW,537.3,5760,8513,2.981,610
RAW,537.7,5754,8511,2.962,606
RAW,537.7,5758,8516,2.977,609
RAW,537.7,5760,8518,2.977,609
RAW,538.0,5748,8509,2.972,608
RAW,538.0,5752,8512,2.977,609
RAW,538.0,5749,8517,2.981,610
RAW,538.3,5737,8499,3.045,623
RAW,538.3,5742,8501,2.972,608
RAW,538.3,5739,8510,2.981,610
RAW,538.6,5733,8494,2.986,611
RAW,538.6,5726,8497,2.996,613
RAW,538.6,5733,8499,3.035,621
RAW,538.9,5730,8498,2.972,608
RAW,538.9,5725,8492,3.016,617
RAW,538.9,5723,8493,3.025,619
RAW,539.2,5722,8491,3.030,620
RAW,539.2,5724,8492,3.035,621
RAW,539.2,5725,8494,3.025,619
RAW,539.5,5728,8493,3.040,622
RAW,539.5,5727,8495,3.040,622
RAW,539.5,5724,8488,3.030,620
RAW,539.8,5734,8490,3.030,620
RAW,539.8,5732,8492,3.030,620
RAW,539.8,5727,8490,2.972,608
RAW,540.1,5729,8499,3.016,617
RAW,540.1,5730,8494,2.972,608
RAW,540.1,5735,8492,2.981,610
RAW,540.4,5732,8500,2.996,613
RAW,540.4,5735,8498,2.991,612
RAW,540.4,5735,8496,2.991,612
RAW,540.7,5731,8501,2.991,612
RAW,540.7,5737,8494,2.991,612
RAW,540.7,5739,8490,2.991,612
RAW,541.0,5737,8502,2.991,612
RAW,541.0,5739,8499,2.972,608
RAW,541.0,5734,8497,3.016,617
RAW,541.3,5731,8498,2.972,608
RAW,541.3,5736,8506,3.040,622
RAW,541.3,5732,8496,3.030,620
RAW,541.6,5744,8505,3.030,620
RAW,541.6,5731,8506,3.045,623
RAW,541.6,5737,8496,3.040,622
RAW,541.9,5741,8501,3.025,619
RAW,541.9,5738,8504,3.035,621
RAW,541.9,5737,8506,2.991,612
RAW,542.2,5749,8511,3.006,615
RAW,542.2,5745,8507,2.972,608
RAW,542.5,5751,8518,3.001,614
RAW,542.5,5751,8514,2.977,609
RAW,542.5,5751,8511,2.977,609
RAW,542.8,5751,8515,2.977,609
RAW,542.8,5751,8519,2.991,612
RAW,542.8,5748,8512,2.981,610
RAW,543.1,5762,8519,2.981,610
RAW,543.1,5756,8517,2.972,608
RAW,543.1,5754,8516,2.981,610
RAW,543.4,5757,8520,2.913,596
RAW,543.4,5764,8517,2.986,611
RAW,543.4,5767,8518,2.972,608
RAW,543.7,5753,8514,2.986,611
RAW,543.7,5758,8510,2.986,611
RAW,543.7,5754,8519,2.996,613
RAW,544.0,5745,8507,2.972,608
RAW,544.0,5743,8512,2.972,608
RAW,544.0,5748,8510,2.972,608
RAW,544.3,5736,8505,2.972,608
RAW,544.3,5743,8506,2.977,609
RAW,544.3,5749,8504,2.981,610
RAW,544.7,5738,8508,2.967,607
RAW,544.7,5741,8499,2.977,609
RAW,544.7,5744,8502,2.981,610
RAW,545.0,5731,8493,2.981,610
RAW,545.0,5731,8502,2.991,612
RAW,545.0,5726,8503,2.991,612
RAW,545.2,5727,8495,2.972,608
RAW,545.2,5732,8499,2.981,610
RAW,545.2,5730,8498,2.972,608
RAW,545.6,5734,8498,2.981,610
RAW,545.6,5732,8495,2.991,612
RAW,545.6,5731,8494,2.977,609
RAW,545.9,5738,8499,2.986,611
RAW,545.9,5736,8505,2.986,611
RAW,545.9,5730,8495,3.021,618
RAW,546.2,5738,8498,2.972,608
RAW,546.2,5738,8499,3.011,616
RAW,546.2,5733,8497,3.025,619
RAW,546.5,5740,8505,3.011,616
RAW,546.5,5738,8497,3.025,619
RAW,546.5,5743,8501,3.025,619
RAW,546.8,5740,8503,3.030,620
RAW,546.8,5735,8501,3.045,623
RAW,546.8,5741,8500,3.025,619
RAW,547.1,5741,8503,3.030,620
RAW,547.1,5749,8502,3.040,622
RAW,547.1,5739,8503,3.001,614
RAW,547.4,5743,8508,3.025,619
RAW,547.4,5733,8502,2.991,612
RAW,547.4,5735,8504,2.977,609
RAW,547.7,5742,8503,2.996,613
RAW,547.7,5740,8507,2.991,612
RAW,547.7,5744,8501,2.986,611
RAW,548.0,5752,8511,2.986,611
RAW,548.0,5748,8509,2.986,611
RAW,548.0,5745,8498,2.991,612
RAW,548.3,5754,8511,2.986,611
RAW,548.3,5754,8507,2.977,609
RAW,548.3,5746,8505,3.025,619
RAW,548.6,5749,8514,2.977,609
RAW,548.6,5757,8512,3.025,619
RAW,548.6,5745,8516,3.030,620
RAW,548.9,5751,8517,3.030,620
RAW,548.9,5757,8510,3.025,619
RAW,548.9,5757,8515,3.030,620
RAW,549.2,5754,8517,3.035,621
RAW,549.2,5750,8519,3.050,624
RAW,549.2,5750,8519,3.055,625
RAW,549.5,5762,8519,3.035,621
RAW,549.5,5764,8520,2.986,611
RAW,549.5,5756,8514,2.986,611
RAW,549.8,5763,8522,2.986,611
RAW,549.8,5766,8519,2.986,611
RAW,549.8,5766,8523,2.972,608
RAW,550.1,5761,8519,2.986,611
RAW,550.1,5762,8526,2.981,610
RAW,550.1,5762,8525,2.952,604
RAW,550.4,5755,8516,2.972,608
RAW,550.4,5757,8520,2.972,608
RAW,550.4,5756,8515,3.021,618
RAW,550.7,5738,8508,2.972,608
RAW,550.7,5751,8507,2.972,608
RAW,550.7,5750,8510,2.972,608
RAW,551.0,5741,8498,2.977,609
RAW,551.0,5742,8504,2.991,612
RAW,551.0,5739,8499,2.977,609
RAW,551.3,5732,8504,2.991,612
RAW,551.3,5734,8498,2.977,609
RAW,551.3,5743,8505,2.986,611
RAW,551.6,5733,8498,2.986,611
RAW,551.6,5731,8499,2.972,608
RAW,551.6,5731,8503,2.977,609
RAW,551.9,5735,8503,2.991,612
RAW,551.9,5738,8504,2.977,609
RAW,551.9,5737,8499,2.972,608
RAW,552.2,5735,8503,2.996,613
RAW,552.2,5736,8498,2.991,612
RAW,552.2,5731,8504,2.981,610
RAW,552.5,5738,8508,2.972,608
RAW,552.5,5737,8504,2.967,607
RAW,552.5,5728,8505,2.977,609
RAW,552.9,5745,8509,2.967,607
RAW,552.9,5745,8507,2.981,610
RAW,552.9,5734,8506,2.972,608
RAW,553.2,5746,8508,2.981,610
RAW,553.2,5745,8511,2.967,607
RAW,553.2,5746,8514,3.021,618
RAW,553.5,5753,8513,2.972,608
RAW,553.5,5749,8515,3.035,621
RAW,553.5,5746,8512,3.040,622
RAW,553.8,5758,8515,3.016,617
RAW,553.8,5754,8518,3.055,625
RAW,553.8,5746,8515,3.030,620
RAW,554.1,5749,8514,3.050,624
RAW,554.1,5755,8514,3.040,622
RAW,554.1,5751,8512,3.030,620
RAW,554.4,5752,8518,3.030,620
RAW,554.4,5751,8515,3.040,622
RAW,554.4,5751,8515,2.986,611
RAW,554.7,5764,8522,3.030,620
RAW,554.7,5760,8527,2.986,611
RAW,554.7,5757,8516,2.972,608
RAW,555.0,5765,8524,2.986,611
RAW,555.0,5763,8520,2.986,611
RAW,555.0,5756,8523,2.972,608
RAW,555.3,5764,8523,2.986,611
RAW,555.3,5763,8523,2.977,609
RAW,555.3,5769,8520,2.981,610
RAW,555.6,5769,8528,2.977,609
RAW,555.6,5770,8529,2.996,613
RAW,555.6,5772,8524,3.045,623
RAW,555.9,5776,8532,2.981,610
RAW,555.9,5779,8532,2.986,611
RAW,555.9,5774,8523,3.025,619
RAW,556.2,5785,8539,3.045,623
RAW,556.2,5782,8532,3.045,623
RAW,556.2,5781,8534,3.035,621
RAW,556.5,5775,8532,3.045,623
RAW,556.5,5780,8528,3.045,623
RAW,556.5,5781,8534,2.981,610
RAW,556.8,5769,8527,2.986,611
RAW,556.8,5771,8522,2.986,611
RAW,557.1,5749,8511,2.977,609
RAW,557.1,5761,8513,2.977,609
RAW,557.1,5765,8518,2.972,608
RAW,557.4,5755,8517,2.981,610
RAW,557.4,5753,8514,2.947,603
RAW,557.4,5749,8514,2.981,610
RAW,557.7,5745,8509,2.991,612
RAW,557.7,5747,8506,2.977,609
RAW,557.7,5752,8510,2.991,612
RAW,558.0,5749,8507,2.972,608
RAW,558.0,5749,8499,2.972,608
RAW,558.0,5750,8503,2.981,610
RAW,558.3,5752,8513,2.991,612
RAW,558.3,5751,8508,2.991,612
RAW,558.3,5750,8505,2.977,609
RAW,558.6,5755,8519,2.986,611
RAW,558.6,5752,8513,2.986,611
RAW,558.6,5757,8510,2.972,608
RAW,558.9,5754,8517,2.967,607
RAW,558.9,5755,8517,2.972,608
RAW,558.9,5756,8513,2.996,613
RAW,559.2,5760,8510,2.937,601
RAW,559.2,5756,8510,2.977,609
RAW,559.2,5759,8514,2.977,609
RAW,559.5,5763,8512,2.977,609
RAW,559.5,5758,8517,2.981,610
RAW,559.5,5767,8509,2.977,609
RAW,559.8,5759,8508,2.972,608
RAW,559.8,5762,8515,2.991,612
RAW,559.8,5755,8514,3.016,617
RAW,560.2,5767,8521,2.972,608
RAW,560.2,5759,8515,2.981,610
RAW,560.2,5760,8516,2.981,610
RAW,560.5,5769,8522,3.001,614
RAW,560.5,5773,8519,2.957,605
RAW,560.5,5766,8520,3.006,615
RAW,560.8,5770,8522,2.991,612
RAW,560.8,5771,8521,3.040,622
RAW,560.8,5764,8524,3.035,621
RAW,561.1,5775,8530,3.025,619
RAW,561.1,5782,8529,3.030,620
RAW,561.1,5774,8523,3.030,620
RAW,561.4,5775,8530,3.021,618
RAW,561.4,5774,8528,3.025,619
RAW,561.4,5776,8528,3.030,620
RAW,561.7,5784,8524,3.030,620
RAW,561.7,5785,8528,3.030,620
RAW,561.7,5778,8530,2.977,609
RAW,562.0,5789,8536,3.030,620
RAW,562.0,5783,8539,2.991,612
RAW,562.0,5786,8530,2.991,612
RAW,562.3,5797,8540,2.991,612
RAW,562.3,5791,8541,2.972,608
RAW,562.3,5790,8529,2.981,610
RAW,562.6,5794,8540,2.991,612
RAW,562.6,5792,8541,2.981,610
RAW,562.6,5800,8537,2.977,609
RAW,562.9,5795,8538,2.991,612
RAW,562.9,5791,8532,2.996,613
RAW,562.9,5792,8535,3.040,622
RAW,563.2,5789,8533,2.977,609
RAW,563.2,5792,8533,3.025,619
RAW,563.2,5794,8532,3.030,620
RAW,563.5,5773,8528,3.025,619
RAW,563.5,5776,8529,3.030,620
RAW,563.5,5786,8529,3.030,620
RAW,563.8,5762,8517,3.030,620
RAW,563.8,5765,8521,3.035,621
RAW,563.8,5770,8522,2.996,613
RAW,564.1,5760,8515,3.001,614
RAW,564.1,5762,8512,2.991,612
RAW,564.4,5761,8513,2.996,613
RAW,564.4,5767,8508,2.977,609
RAW,564.4,5766,8516,2.972,608
RAW,564.7,5761,8511,2.991,612
RAW,564.7,5767,8510,2.981,610
RAW,564.7,5757,8514,2.967,607
RAW,565.0,5758,8510,2.991,612
RAW,565.0,5761,8511,2.991,612
RAW,565.0,5763,8515,2.986,611
RAW,565.3,5760,8513,2.977,609
RAW,565.3,5766,8514,2.972,608
RAW,565.3,5763,8510,2.986,611
RAW,565.6,5763,8513,2.972,608
RAW,565.6,5765,8519,2.972,608
RAW,565.6,5764,8519,2.972,608
RAW,565.9,5771,8512,2.981,610
RAW,565.9,5763,8519,2.972,608
RAW,565.9,5774,8513,2.972,608
RAW,566.2,5773,8516,2.972,608
RAW,566.2,5767,8519,2.986,611
RAW,566.2,5766,8524,2.981,610
RAW,566.5,5775,8517,2.972,608
RAW,566.5,5770,8523,2.977,609
RAW,566.5,5770,8526,2.977,609
RAW,566.8,5768,8513,2.991,612
RAW,566.8,5766,8519,2.991,612
RAW,566.8,5768,8523,2.972,608
RAW,567.1,5772,8515,2.986,611
RAW,567.1,5769,8521,2.991,612
RAW,567.1,5770,8517,2.952,604
RAW,567.5,5772,8528,2.972,608
RAW,567.5,5772,8522,2.977,609
RAW,567.5,5770,8522,2.972,608
RAW,567.7,5782,8532,2.972,608
RAW,567.7,5770,8525,2.977,609
RAW,567.7,5771,8525,3.011,616
RAW,568.1,5777,8527,2.991,612
RAW,568.1,5777,8529,3.025,619
RAW,568.1,5778,8528,3.030,620
RAW,568.4,5785,8536,3.025,619
RAW,568.4,5779,8531,3.040,622
RAW,568.4,5772,8535,3.030,620
RAW,568.7,5789,8536,3.030,620
RAW,568.7,5790,8532,3.006,615
RAW,568.7,5788,8537,3.030,620
RAW,569.0,5789,8541,3.040,622
RAW,569.0,5792,8536,3.030,620
RAW,569.0,5787,8536,2.972,608
RAW,569.3,5786,8534,3.011,616
RAW,569.3,5797,8542,2.991,612
RAW,569.3,5790,8541,2.991,612
RAW,569.6,5778,8527,2.972,608
RAW,569.6,5785,8527,2.977,609
RAW,569.6,5785,8535,2.972,608
RAW,569.9,5775,8520,2.972,608
RAW,569.9,5766,8525,2.972,608
RAW,569.9,5771,8525,2.991,612
RAW,570.2,5761,8514,2.977,609
RAW,570.2,5761,8518,2.972,608
RAW,570.2,5766,8515,3.021,618
RAW,570.5,5761,8510,2.991,612
RAW,570.5,5758,8510,3.035,621
RAW,570.5,5765,8510,3.045,623
RAW,570.8,5756,8509,3.025,619
RAW,570.8,5758,8508,3.025,619
RAW,570.8,5757,8509,3.035,621
RAW,571.1,5762,8509,3.040,622
RAW,571.1,5755,8515,3.045,623
RAW,571.1,5755,8504,3.040,622
RAW,571.4,5758,8511,3.035,621
RAW,571.4,5759,8513,2.996,613
RAW,571.4,5760,8510,2.981,610
RAW,571.7,5761,8514,2.977,609
RAW,571.7,5761,8514,2.972,608
RAW,571.7,5756,8511,2.977,609
RAW,572.0,5766,8517,2.977,609
RAW,572.0,5765,8518,2.972,608
RAW,572.0,5756,8515,2.972,608
RAW,572.3,5758,8514,2.991,612
RAW,572.3,5767,8517,2.981,610
RAW,572.3,5770,8516,2.977,609
RAW,572.6,5768,8516,2.981,610
RAW,572.6,5764,8518,2.996,613
RAW,572.6,5761,8519,2.991,612
RAW,572.9,5771,8522,2.972,608
RAW,572.9,5763,8516,2.972,608
RAW,572.9,5765,8517,2.977,609
RAW,573.2,5776,8522,2.991,612
RAW,573.2,5774,8526,2.981,610
RAW,573.2,5771,8522,2.972,608
RAW,573.5,5784,8525,2.986,611
RAW,573.5,5779,8524,2.991,612
RAW,573.5,5784,8526,2.977,609
RAW,573.8,5781,8535,2.977,609
RAW,573.8,5791,8533,2.986,611
RAW,573.8,5795,8533,2.977,609
RAW,574.1,5787,8531,2.972,608
RAW,574.1,5790,8529,2.972,608
RAW,574.1,5788,8526,2.972,608
RAW,574.4,5786,8532,2.972,608
RAW,574.4,5788,8532,2.991,612
RAW,574.4,5787,8532,2.977,609
RAW,574.7,5793,8537,2.981,610
RAW,574.7,5791,8541,2.991,612
RAW,574.7,5793,8536,2.986,611
RAW,575.0,5796,8546,2.977,609
RAW,575.0,5790,8537,2.972,608
RAW,575.0,5788,8537,3.025,619
RAW,575.3,5804,8534,2.986,611
RAW,575.3,5804,8543,3.025,619
RAW,575.3,5799,8538,3.025,619
RAW,575.7,5788,8533,3.030,620
RAW,575.7,5794,8537,3.035,621
RAW,575.7,5794,8539,3.030,620
RAW,576.0,5773,8529,3.025,619
RAW,576.0,5778,8529,3.021,618
RAW,576.0,5786,8525,3.021,618
RAW,576.3,5772,8516,3.025,619
RAW,576.3,5773,8515,3.030,620
RAW,576.3,5773,8526,2.972,608
RAW,576.6,5765,8512,3.030,620
RAW,576.6,5765,8517,2.972,608
RAW,576.6,5767,8514,2.981,610
RAW,576.9,5762,8509,2.981,610
RAW,576.9,5760,8507,2.991,612
RAW,576.9,5761,8503,2.996,613
RAW,577.2,5766,8512,2.991,612
RAW,577.2,5765,8510,2.977,609
RAW,577.2,5759,8504,2.986,611
RAW,577.5,5764,8514,2.991,612
RAW,577.5,5766,8511,2.991,612
RAW,577.5,5769,8509,3.025,619
RAW,577.8,5773,8515,2.977,609
RAW,577.8,5768,8508,3.045,623
RAW,577.8,5763,8511,3.045,623
RAW,578.1,5768,8515,3.030,620
RAW,578.1,5766,8504,3.030,620
RAW,578.1,5766,8510,3.025,619
RAW,578.4,5779,8516,3.030,620
RAW,578.4,5776,8517,3.030,620
RAW,578.4,5778,8514,2.986,611
RAW,578.7,5780,8514,3.006,615
RAW,578.7,5778,8514,2.977,609
RAW,579.0,5778,8513,2.991,612
RAW,579.0,5777,8521,2.991,612
RAW,579.0,5778,8516,2.991,612
RAW,579.3,5776,8519,2.981,610
RAW,579.3,5782,8517,2.977,609
RAW,579.3,5771,8512,2.981,610
RAW,579.6,5780,8523,2.991,612
RAW,579.6,5779,8513,2.996,613
RAW,579.6,5780,8518,2.977,609
RAW,579.9,5782,8519,2.986,611
RAW,579.9,5776,8526,2.991,612
RAW,579.9,5780,8515,2.991,612
RAW,580.2,5787,8522,3.045,623
RAW,580.2,5781,8527,2.972,608
RAW,580.2,5782,8522,2.977,609
RAW,580.5,5775,8526,2.972,608
RAW,580.5,5785,8529,2.977,609
RAW,580.5,5779,8521,2.972,608
RAW,580.8,5790,8525,2.986,611
RAW,580.8,5778,8523,2.972,608
RAW,580.8,5781,8525,2.972,608
RAW,581.1,5797,8537,2.977,609
RAW,581.1,5790,8536,2.991,612
RAW,581.1,5788,8532,2.996,613
RAW,581.4,5799,8539,2.972,608
RAW,581.4,5792,8538,2.986,611
RAW,581.4,5793,8535,2.972,608
RAW,581.7,5792,8530,2.991,612
RAW,581.7,5795,8534,2.991,612
RAW,581.7,5796,8534,2.972,608
RAW,582.0,5783,8525,2.986,611
RAW,582.0,5789,8526,2.991,612
RAW,582.0,5788,8524,3.011,616
RAW,582.3,5776,8518,2.981,610
RAW,582.3,5778,8520,2.972,608
RAW,582.3,5777,8514,3.011,616
RAW,582.7,5761,8501,2.972,608
RAW,582.7,5768,8507,3.021,618
RAW,582.7,5773,8509,3.021,618
RAW,583.0,5760,8503,3.030,620
RAW,583.0,5760,8508,3.021,618
RAW,583.0,5763,8508,3.030,620
RAW,583.3,5759,8493,3.030,620
RAW,583.3,5761,8498,3.040,622
RAW,583.3,5760,8500,3.030,620
RAW,583.6,5758,8499,3.021,618
RAW,583.6,5750,8500,3.025,619
RAW,583.6,5755,8495,2.981,610
RAW,583.9,5758,8501,3.045,623
RAW,583.9,5760,8500,3.001,614
RAW,583.9,5757,8495,3.006,615
RAW,584.2,5758,8499,2.986,611
RAW,584.2,5755,8499,3.011,616
RAW,584.2,5762,8499,2.991,612
RAW,584.5,5761,8502,2.981,610
RAW,584.5,5762,8501,2.972,608
RAW,584.5,5753,8499,2.972,608
RAW,584.8,5763,8504,2.977,609
RAW,584.8,5763,8505,2.977,609
RAW,584.8,5759,8496,3.011,616
RAW,585.1,5763,8500,2.991,612
RAW,585.1,5767,8504,3.030,620
RAW,585.1,5764,8499,3.030,620
RAW,585.4,5773,8500,3.030,620
RAW,585.4,5760,8504,3.050,624
RAW,585.4,5770,8496,3.045,623
RAW,585.7,5771,8506,3.025,619
RAW,585.7,5771,8509,3.045,623
RAW,585.7,5767,8503,3.030,620
RAW,586.0,5770,8507,3.045,623
RAW,586.0,5769,8506,2.991,612
RAW,586.0,5768,8507,2.986,611
RAW,586.3,5772,8512,2.996,613
RAW,586.3,5769,8509,2.991,612
RAW,586.3,5769,8504,2.981,610
RAW,586.6,5778,8514,2.977,609
RAW,586.6,5778,8509,2.977,609
RAW,586.6,5775,8514,2.957,605
RAW,586.9,5781,8515,2.972,608
RAW,586.9,5773,8511,2.977,609
RAW,586.9,5781,8513,3.006,615
RAW,587.2,5784,8514,2.986,611
RAW,587.2,5782,8514,2.967,607
RAW,587.2,5782,8519,2.972,608
RAW,587.5,5792,8523,2.991,612
RAW,587.5,5786,8518,2.986,611
RAW,587.5,5781,8524,2.996,613
RAW,587.8,5787,8525,2.972,608
RAW,587.8,5781,8525,2.972,608
RAW,587.8,5785,8523,2.972,608
RAW,588.1,5784,8519,2.981,610
RAW,588.1,5784,8521,2.986,611
RAW,588.1,5788,8523,2.977,609
RAW,588.4,5776,8515,2.986,611
RAW,588.4,5774,8515,2.981,610
RAW,588.4,5780,8518,2.981,610
RAW,588.7,5768,8501,2.972,608
RAW,588.7,5767,8501,2.977,609
RAW,588.7,5776,8510,2.981,610
RAW,589.0,5762,8497,2.972,608
RAW,589.0,5762,8499,2.972,608
RAW,589.0,5762,8504,2.972,608
RAW,589.3,5761,8491,2.972,608
RAW,589.3,5760,8496,2.977,609
RAW,589.3,5765,8492,2.977,609
RAW,589.6,5756,8490,2.986,611
RAW,589.6,5748,8486,2.991,612
RAW,589.6,5753,8490,3.011,616
RAW,590.0,5745,8487,2.977,609
RAW,590.0,5746,8487,3.011,616
RAW,590.0,5749,8486,3.025,619
RAW,590.2,5753,8491,3.035,621
RAW,590.2,5753,8481,3.030,620
RAW,590.2,5754,8485,3.016,617
RAW,590.5,5761,8483,3.030,620
RAW,590.5,5751,8493,3.025,619
RAW,590.5,5751,8485,3.045,623
RAW,590.9,5753,8494,3.025,619
RAW,590.9,5754,8489,3.021,618
RAW,590.9,5753,8488,2.981,610
RAW,591.2,5758,8489,3.021,618
RAW,591.2,5754,8486,2.981,610
RAW,591.2,5752,8490,2.977,609
RAW,591.5,5759,8492,2.972,608
RAW,591.5,5754,8490,2.977,609
RAW,591.5,5747,8488,2.977,609
RAW,591.8,5751,8491,2.991,612
RAW,591.8,5755,8487,2.991,612
RAW,591.8,5756,8490,2.986,611
RAW,592.1,5757,8492,2.972,608
RAW,592.1,5758,8498,2.986,611
RAW,592.1,5758,8490,3.001,614
RAW,592.4,5758,8495,2.991,612
RAW,592.4,5759,8495,3.040,622
RAW,592.4,5758,8491,3.025,619
RAW,592.7,5760,8493,3.030,620
RAW,592.7,5762,8495,3.040,622
RAW,592.7,5755,8493,3.040,622
RAW,593.0,5758,8496,3.025,619
RAW,593.0,5760,8496,3.030,620
RAW,593.0,5759,8489,3.025,619
RAW,593.3,5771,8499,3.025,619
RAW,593.3,5759,8501,2.981,610
RAW,593.3,5766,8494,2.977,609
RAW,593.6,5776,8507,2.991,612
RAW,593.6,5773,8504,2.991,612
RAW,593.6,5778,8503,2.981,610
RAW,593.9,5781,8503,2.991,612
RAW,593.9,5776,8508,2.986,611
RAW,593.9,5775,8506,2.991,612
RAW,594.2,5776,8509,2.986,611
RAW,594.2,5776,8507,2.977,609
RAW,594.2,5776,8507,2.972,608
RAW,594.5,5785,8509,2.991,612
RAW,594.5,5778,8512,2.981,610
RAW,594.5,5776,8510,2.967,607
RAW,594.8,5768,8504,2.986,611
RAW,594.8,5771,8501,2.991,612
RAW,594.8,5776,8511,2.977,609
RAW,595.1,5760,8500,2.977,609
RAW,595.1,5769,8500,2.972,608
RAW,595.1,5763,8496,2.977,609
RAW,595.4,5750,8487,2.967,607
RAW,595.4,5757,8495,2.977,609
RAW,595.4,5756,8491,2.972,608
RAW,595.7,5745,8483,2.977,609
RAW,595.7,5747,8481,2.977,609
RAW,595.7,5751,8485,2.972,608
RAW,596.0,5746,8480,2.991,612
RAW,596.0,5742,8478,2.991,612
RAW,596.0,5745,8482,2.991,612
RAW,596.3,5741,8473,2.981,610
RAW,596.3,5743,8481,2.972,608
RAW,596.3,5741,8477,2.972,608
RAW,596.6,5744,8478,2.986,611
RAW,596.6,5735,8480,2.981,610
RAW,596.6,5741,8473,2.977,609
RAW,596.9,5747,8477,2.986,611
RAW,596.9,5747,8478,2.986,611
RAW,596.9,5746,8477,3.016,617
RAW,597.2,5753,8490,2.972,608
RAW,597.2,5751,8484,3.011,616
RAW,597.2,5744,8480,3.025,619
RAW,597.5,5750,8483,3.011,616
RAW,597.5,5755,8483,3.021,618
RAW,597.5,5754,8481,3.021,618
RAW,597.8,5757,8482,3.030,620
RAW,597.8,5756,8479,3.035,621
RAW,597.8,5752,8485,3.025,619
RAW,598.2,5756,8482,3.030,620
RAW,598.2,5759,8483,3.035,621
RAW,598.2,5754,8483,2.996,613
RAW,598.5,5754,8482,3.030,620
RAW,598.5,5760,8486,2.977,609
RAW,598.5,5755,8484,2.986,611
RAW,598.8,5759,8488,2.996,613
RAW,598.8,5762,8488,2.986,611
RAW,598.8,5759,8490,2.977,609
RAW,599.1,5766,8488,2.942,602
RAW,599.1,5761,8488,2.986,611
RAW,599.1,5767,8492,3.050,624
RAW,599.4,5767,8494,2.972,608
RAW,599.4,5766,8498,2.981,610
RAW,599.4,5766,8493,3.016,617
RAW,599.7,5777,8501,2.972,608
RAW,599.7,5769,8502,3.011,616
RAW,599.7,5772,8494,3.030,620
RAW,600.0,5780,8502,3.030,620
RAW,600.0,5781,8499,3.040,622
RAW,600.0,5778,8494,3.030,620




------------------------------------------
PHASE 2 (600-1200 tenths of seconds): Processed BPM/SpO2 data
Format: PROC,Time_0.1s,BPM,SpO2,GSR_V,GSR_raw
------------------------------------------
PROC,605.9,0,0,2.991,612
PROC,607.0,0,0,3.035,621
PROC,608.2,0,0,2.977,609
PROC,609.4,0,0,2.986,611
PROC,610.5,0,0,2.986,611
PROC,611.7,0,0,3.021,618
PROC,612.8,0,0,2.981,610
PROC,614.0,0,0,3.030,620
PROC,615.1,0,0,3.025,619
PROC,616.3,0,0,2.986,611
PROC,617.5,0,0,2.991,612
PROC,618.6,0,0,2.986,611
PROC,619.8,0,0,2.991,612
PROC,620.9,0,0,2.986,611
PROC,622.1,0,0,3.060,626
PROC,623.2,0,0,3.011,616
PROC,624.4,0,0,2.981,610
PROC,625.5,0,0,2.991,612
PROC,626.7,0,0,2.972,608
PROC,627.9,0,0,2.981,610
PROC,629.0,0,0,2.967,607
PROC,630.2,0,0,3.030,620
PROC,631.3,0,0,3.016,617
PROC,632.5,0,0,2.967,607
PROC,633.7,0,0,3.021,618
PROC,634.8,0,0,2.991,612
PROC,636.0,0,0,2.977,609
PROC,637.1,0,0,2.967,607
PROC,638.3,0,0,3.030,620
PROC,639.4,0,0,3.011,616
PROC,640.6,0,0,2.967,607
PROC,641.7,0,0,3.035,621
PROC,642.9,0,0,2.962,606
PROC,644.0,0,0,2.981,610
PROC,645.2,0,0,2.986,611
PROC,646.4,0,0,3.050,624
PROC,647.5,0,0,2.981,610
PROC,648.7,0,0,2.991,612
PROC,649.8,0,0,3.035,621
PROC,651.0,0,0,2.972,608
PROC,652.2,0,0,2.996,613
PROC,653.3,0,0,2.972,608
PROC,654.5,0,0,3.030,620
PROC,655.6,0,0,2.991,612
PROC,656.8,0,0,2.986,611
PROC,657.9,0,0,3.021,618
PROC,659.1,0,0,2.972,608
PROC,660.2,0,0,2.981,610
PROC,661.4,0,0,2.967,607
PROC,662.6,0,0,3.030,620
PROC,663.7,0,0,2.991,612
PROC,664.9,0,0,2.977,609
PROC,666.0,0,0,3.025,619
PROC,667.2,0,0,2.972,608
PROC,668.3,0,0,2.967,607
PROC,669.5,0,0,2.972,608
PROC,670.7,0,0,3.045,623
PROC,671.8,0,0,2.972,608
PROC,673.0,0,0,2.981,610
PROC,674.1,0,0,3.040,622
PROC,675.3,0,0,2.972,608
PROC,676.4,0,0,2.972,608
PROC,677.6,0,0,2.981,610
PROC,678.7,0,0,3.035,621
PROC,679.9,0,0,2.972,608
PROC,681.1,0,0,2.986,611
PROC,682.2,0,0,3.030,620
PROC,683.4,0,0,2.972,608
PROC,684.5,0,0,2.991,612
PROC,685.7,0,0,2.986,611
PROC,686.8,0,0,3.021,618
PROC,688.0,0,0,2.986,611
PROC,689.2,0,0,3.025,619
PROC,690.3,0,0,3.011,616
PROC,691.5,0,0,2.991,612
PROC,692.6,0,0,2.967,607
PROC,693.8,0,0,2.977,609
PROC,694.9,0,0,3.001,614
PROC,696.1,0,0,2.977,609
PROC,697.2,0,0,3.021,618
PROC,698.4,0,0,3.025,619
PROC,699.6,0,0,2.991,612
PROC,700.7,0,0,2.972,608
PROC,701.9,0,0,3.016,617
PROC,703.0,0,0,2.977,609
PROC,704.2,0,0,2.967,607
PROC,705.3,0,0,3.030,620
PROC,706.5,0,0,3.030,620
PROC,707.7,0,0,2.972,608
PROC,708.8,0,0,2.991,612
PROC,710.0,0,0,2.981,610
PROC,711.1,0,0,3.045,623
PROC,712.3,0,0,2.972,608
PROC,713.4,0,0,3.045,623
PROC,714.6,0,0,3.001,614
PROC,715.7,0,0,2.977,609
PROC,716.9,0,0,3.025,619
PROC,718.1,0,0,2.962,606
PROC,719.2,0,0,2.967,607
PROC,720.4,0,0,2.991,612
PROC,721.5,0,0,3.035,621
PROC,722.7,0,0,2.981,610
PROC,723.8,0,0,2.991,612
PROC,725.0,0,0,3.040,622
PROC,726.2,0,0,2.972,608
PROC,727.3,0,0,2.991,612
PROC,728.5,0,0,2.977,609
PROC,729.6,0,0,3.030,620
PROC,730.8,0,0,2.977,609
PROC,731.9,0,0,2.972,608
PROC,733.1,0,0,3.016,617
PROC,734.2,0,0,2.977,609
PROC,735.4,0,0,2.977,609
PROC,736.6,0,0,2.972,608
PROC,737.7,0,0,3.040,622
PROC,738.9,0,0,2.977,609
PROC,740.0,0,0,2.977,609
PROC,741.2,0,0,3.025,619
PROC,742.3,0,0,2.986,611
PROC,743.5,0,0,2.972,608
PROC,744.7,0,0,2.986,611
PROC,745.8,0,0,3.035,621
PROC,747.0,0,0,2.996,613
PROC,748.1,0,0,3.025,619
PROC,749.3,0,0,3.016,617
PROC,750.4,0,0,2.967,607
PROC,751.6,0,0,2.977,609
PROC,752.8,0,0,2.981,610
PROC,753.9,0,0,2.981,610
PROC,755.1,0,0,2.972,608
PROC,756.2,0,0,3.050,624
PROC,757.4,0,0,3.016,617
PROC,758.5,0,0,2.952,604
PROC,759.7,0,0,3.030,620
PROC,760.8,0,0,2.981,610
PROC,762.0,0,0,2.972,608
PROC,763.2,0,0,2.986,611
PROC,764.3,0,0,3.040,622
PROC,765.5,0,0,2.986,611
PROC,766.6,0,0,3.001,614
PROC,767.8,0,0,3.035,621
PROC,769.0,0,0,2.972,608
PROC,770.1,0,0,3.006,615
PROC,771.3,0,0,2.986,611
PROC,772.4,0,0,3.030,620
PROC,773.6,0,0,2.981,610
PROC,774.7,0,0,2.972,608
PROC,775.9,0,0,3.030,620
PROC,777.0,0,0,2.991,612
PROC,778.2,0,0,2.937,601
PROC,779.3,0,0,2.967,607
PROC,780.5,0,0,3.030,620
PROC,781.7,0,0,2.977,609
PROC,782.8,0,0,2.986,611
PROC,784.0,0,0,3.025,619
PROC,785.1,0,0,2.977,609
PROC,786.3,0,0,2.972,608
PROC,787.5,0,0,2.972,608
PROC,788.6,0,0,3.011,616
PROC,789.8,0,0,2.972,608
PROC,790.9,0,0,2.977,609
PROC,792.1,0,0,3.030,620
PROC,793.2,0,0,2.967,607
PROC,794.4,0,0,2.977,609
PROC,795.5,0,0,2.972,608
PROC,796.7,0,0,3.021,618
PROC,797.8,0,0,2.967,607
PROC,799.0,0,0,2.996,613
PROC,800.2,0,0,3.030,620
PROC,801.3,0,0,2.972,608
PROC,802.5,0,0,2.991,612
PROC,803.6,0,0,2.977,609
PROC,804.8,0,0,3.021,618
PROC,806.0,0,0,2.981,610
PROC,807.1,0,0,3.030,620
PROC,808.3,0,0,3.016,617
PROC,809.4,0,0,2.981,610
PROC,810.6,0,0,2.991,612
PROC,811.7,0,0,2.967,607
PROC,812.9,0,0,3.016,617
PROC,814.0,0,0,2.986,611
PROC,815.2,0,0,3.030,620
PROC,816.4,0,0,3.030,620
PROC,817.5,0,0,2.981,610
PROC,818.7,0,0,2.972,608
PROC,819.8,0,0,2.977,609
PROC,821.0,0,0,3.016,617
PROC,822.1,0,0,2.967,607
PROC,823.3,0,0,3.040,622
PROC,824.5,0,0,3.030,620
PROC,825.6,0,0,2.977,609
PROC,826.8,0,0,2.977,609
PROC,827.9,0,0,2.981,610
PROC,829.1,0,0,2.981,610
PROC,830.2,0,0,2.967,607
PROC,831.4,0,0,3.045,623
PROC,832.5,0,0,3.011,616
PROC,833.7,0,0,2.972,608
PROC,834.9,0,0,2.991,612
PROC,836.0,0,0,2.972,608
PROC,837.2,0,0,2.972,608
PROC,838.3,0,0,2.981,610
PROC,839.5,0,0,2.991,612
PROC,840.7,0,0,3.011,616
PROC,841.8,0,0,2.991,612
PROC,843.0,0,0,3.006,615
PROC,844.1,0,0,2.972,608
PROC,845.3,0,0,2.977,609
PROC,846.4,0,0,2.972,608
PROC,847.6,0,0,3.025,619
PROC,848.7,0,0,3.021,618
PROC,849.9,0,0,3.006,615
PROC,851.1,0,0,2.991,612
PROC,852.2,0,0,2.981,610
PROC,853.4,0,0,2.991,612
PROC,854.5,0,0,2.972,608
PROC,855.7,0,0,3.045,623
PROC,856.8,0,0,3.030,620
PROC,858.0,0,0,2.981,610
PROC,859.2,0,0,3.011,616
PROC,860.3,0,0,2.986,611
PROC,861.5,0,0,2.918,597
PROC,862.6,0,0,2.986,611
PROC,863.8,0,0,3.035,621
PROC,864.9,0,0,3.025,619
PROC,866.1,0,0,2.923,598
PROC,867.2,0,0,3.006,615
PROC,868.4,0,0,2.972,608
PROC,869.6,0,0,2.972,608
PROC,870.7,0,0,2.986,611
PROC,871.9,0,0,3.025,619
PROC,873.0,0,0,3.025,619
PROC,874.2,0,0,2.986,611
PROC,875.3,0,0,2.996,613
PROC,876.5,0,0,2.977,609
PROC,877.7,0,0,2.986,611
PROC,878.8,0,0,2.972,608
PROC,880.0,0,0,3.025,619
PROC,881.1,0,0,3.011,616
PROC,882.3,0,0,2.967,607
PROC,883.4,0,0,3.021,618
PROC,884.6,0,0,2.967,607
PROC,885.7,0,0,2.967,607
PROC,886.9,0,0,2.967,607
PROC,888.1,0,0,3.030,620
PROC,889.2,0,0,2.991,612
PROC,890.4,0,0,2.962,606
PROC,891.5,0,0,3.030,620
PROC,892.7,0,0,2.967,607
PROC,893.8,0,0,2.972,608
PROC,895.0,0,0,2.991,612
PROC,896.2,0,0,3.025,619
PROC,897.3,0,0,3.001,614
PROC,898.5,0,0,2.977,609
PROC,899.6,0,0,2.991,612
PROC,900.8,0,0,2.967,607
PROC,902.0,0,0,2.972,608
PROC,903.1,0,0,2.986,611
PROC,904.3,0,0,3.021,618
PROC,905.4,0,0,3.011,616
PROC,906.6,0,0,2.986,611
PROC,907.7,0,0,3.016,617
PROC,908.9,0,0,2.991,612
PROC,910.0,0,0,2.986,611
PROC,911.2,0,0,3.016,617
PROC,912.4,0,0,3.050,624
PROC,913.5,0,0,3.021,618
PROC,914.7,0,0,2.972,608
PROC,915.8,0,0,3.040,622
PROC,917.0,0,0,2.981,610
PROC,918.1,0,0,2.981,610
PROC,919.3,0,0,2.986,611
PROC,920.5,0,0,3.021,618
PROC,921.6,0,0,2.972,608
PROC,922.8,0,0,2.972,608
PROC,923.9,0,0,3.030,620
PROC,925.1,0,0,2.967,607
PROC,926.2,0,0,2.977,609
PROC,927.4,0,0,2.991,612
PROC,928.5,0,0,3.025,619
PROC,929.7,0,0,2.977,609
PROC,930.9,0,0,2.986,611
PROC,932.0,0,0,3.021,618
PROC,933.2,0,0,2.972,608
PROC,934.3,0,0,2.991,612
PROC,935.5,0,0,2.967,607
PROC,936.6,0,0,3.016,617
PROC,937.8,0,0,2.986,611
PROC,939.0,0,0,2.967,607
PROC,940.1,0,0,3.025,619
PROC,941.3,0,0,2.967,607
PROC,942.4,0,0,2.972,608
PROC,943.6,0,0,2.972,608
PROC,944.7,0,0,3.025,619
PROC,945.9,0,0,2.972,608
PROC,947.0,0,0,2.972,608
PROC,948.2,0,0,3.040,622
PROC,949.4,0,0,2.967,607
PROC,950.5,0,0,2.972,608
PROC,951.7,0,0,2.981,610
PROC,952.8,0,0,3.030,620
PROC,954.0,0,0,2.972,608
PROC,955.2,0,0,2.991,612
PROC,956.3,0,0,3.025,619
PROC,957.5,0,0,2.972,608
PROC,958.6,0,0,2.986,611
PROC,959.8,0,0,2.986,611
PROC,960.9,0,0,3.021,618
PROC,962.1,0,0,2.986,611
PROC,963.2,0,0,2.977,609
PROC,964.4,0,0,3.021,618
PROC,965.6,0,0,2.981,610
PROC,966.7,0,0,2.991,612
PROC,967.9,0,0,2.967,607
PROC,969.0,0,0,3.055,625
PROC,970.2,0,0,2.986,611
PROC,971.3,0,0,2.977,609
PROC,972.5,0,0,3.045,623
PROC,973.7,0,0,2.986,611
PROC,974.8,0,0,2.977,609
PROC,976.0,0,0,2.986,611
PROC,977.1,0,0,3.040,622
PROC,978.3,0,0,2.967,607
PROC,979.4,0,0,2.991,612
PROC,980.6,0,0,3.025,619
PROC,981.7,0,0,2.972,608
PROC,982.9,0,0,2.977,609
PROC,984.1,0,0,2.981,610
PROC,985.2,0,0,3.030,620
PROC,986.4,0,0,2.972,608
PROC,987.5,0,0,2.977,609
PROC,988.7,0,0,3.021,618
PROC,989.8,0,0,2.977,609
PROC,991.0,0,0,2.977,609
PROC,992.2,0,0,2.977,609
PROC,993.3,0,0,3.030,620
PROC,994.5,0,0,2.986,611
PROC,995.6,0,0,2.977,609
PROC,996.8,0,0,3.021,618
PROC,998.0,0,0,2.986,611
PROC,999.1,0,0,2.962,606
PROC,1000.3,0,0,2.972,608
PROC,1001.4,0,0,3.035,621
PROC,1002.6,0,0,2.986,611
PROC,1003.7,0,0,2.981,610
PROC,1004.9,0,0,3.040,622
PROC,1006.0,0,0,2.986,611
PROC,1007.2,0,0,2.972,608
PROC,1008.4,0,0,2.981,610
PROC,1009.5,0,0,3.025,619
PROC,1010.7,0,0,3.016,617
PROC,1011.8,0,0,2.986,611
PROC,1013.0,0,0,2.972,608
PROC,1014.2,0,0,2.967,607
PROC,1015.3,0,0,3.001,614
PROC,1016.5,0,0,2.967,607
PROC,1017.6,0,0,3.006,615
PROC,1018.8,0,0,3.016,617
PROC,1019.9,0,0,2.972,608
PROC,1021.1,0,0,2.972,608
PROC,1022.2,0,0,2.977,609
PROC,1023.4,0,0,3.030,620
PROC,1024.6,0,0,2.972,608
PROC,1025.7,0,0,2.986,611
PROC,1026.9,0,0,3.016,617
PROC,1028.0,0,0,2.972,608
PROC,1029.2,0,0,2.967,607
PROC,1030.3,0,0,2.972,608
PROC,1031.5,0,0,3.030,620
PROC,1032.7,0,0,2.991,612
PROC,1033.8,0,0,2.977,609
PROC,1035.0,0,0,3.021,618
PROC,1036.1,0,0,2.986,611
PROC,1037.3,0,0,2.972,608
PROC,1038.4,0,0,2.977,609
PROC,1039.6,0,0,3.035,621
PROC,1040.8,0,0,3.006,615
PROC,1041.9,0,0,2.972,608
PROC,1043.1,0,0,2.991,612
PROC,1044.2,0,0,2.972,608
PROC,1045.4,0,0,2.996,613
PROC,1046.6,0,0,2.986,611
PROC,1047.7,0,0,3.025,619
PROC,1048.9,0,0,3.016,617
PROC,1050.0,0,0,2.986,611
PROC,1051.2,0,0,2.972,608
PROC,1052.3,0,0,2.972,608
PROC,1053.5,0,0,3.030,620
PROC,1054.7,0,0,2.972,608
PROC,1055.8,0,0,2.981,610
PROC,1057.0,0,0,3.030,620
PROC,1058.1,0,0,2.972,608
PROC,1059.3,0,0,2.977,609
PROC,1060.4,0,0,2.991,612
PROC,1061.6,0,0,3.050,624
PROC,1062.7,0,0,2.977,609
PROC,1063.9,0,0,3.025,619
PROC,1065.1,0,0,3.025,619
PROC,1066.2,0,0,2.967,607
PROC,1067.4,0,0,2.986,611
PROC,1068.5,0,0,2.972,608
PROC,1069.7,0,0,3.030,620
PROC,1070.8,0,0,3.030,620
PROC,1072.0,0,0,2.972,608
PROC,1073.2,0,0,2.972,608
PROC,1074.3,0,0,2.981,610
PROC,1075.5,0,0,2.996,613
PROC,1076.6,0,0,2.967,607
PROC,1077.8,0,0,3.035,621
PROC,1079.0,0,0,3.025,619
PROC,1080.1,0,0,2.967,607
PROC,1081.3,0,0,2.986,611
PROC,1082.4,0,0,2.972,608
PROC,1083.6,0,0,3.030,620
PROC,1084.7,0,0,2.991,612
PROC,1085.9,0,0,2.972,608
PROC,1087.1,0,0,2.996,613
PROC,1088.2,0,0,2.986,611
PROC,1089.4,0,0,2.972,608
PROC,1090.5,0,0,3.035,621
PROC,1091.7,0,0,3.035,621
PROC,1092.8,0,0,2.967,607
PROC,1094.0,0,0,2.972,608
PROC,1095.2,0,0,3.030,620
PROC,1096.3,0,0,2.962,606
PROC,1097.5,0,0,2.977,609
PROC,1098.6,0,0,2.986,611
PROC,1099.8,0,0,3.025,619
PROC,1100.9,0,0,3.006,615
PROC,1102.1,0,0,2.991,612
PROC,1103.3,0,0,3.025,619
PROC,1104.4,0,0,2.972,608
PROC,1105.6,0,0,2.991,612
PROC,1106.7,0,0,2.986,611
PROC,1107.9,0,0,3.030,620
PROC,1109.0,0,0,3.011,616
PROC,1110.2,0,0,3.016,617
PROC,1111.3,0,0,3.016,617
PROC,1112.5,0,0,2.991,612
PROC,1113.7,0,0,2.981,610
PROC,1114.8,0,0,2.977,609
PROC,1116.0,0,0,3.045,623
PROC,1117.1,0,0,3.030,620
PROC,1118.3,0,0,2.967,607
PROC,1119.4,0,0,3.050,624
PROC,1120.6,0,0,2.991,612
PROC,1121.8,0,0,2.986,611
PROC,1122.9,0,0,2.972,608
PROC,1124.1,0,0,3.030,620
PROC,1125.2,0,0,3.001,614
PROC,1126.4,0,0,2.981,610
PROC,1127.6,0,0,3.030,620
PROC,1128.7,0,0,2.972,608
PROC,1129.9,0,0,2.991,612
PROC,1131.0,0,0,2.967,607
PROC,1132.2,0,0,3.030,620
PROC,1133.3,0,0,3.016,617
PROC,1134.5,0,0,2.981,610
PROC,1135.6,0,0,3.016,617
PROC,1136.8,0,0,2.977,609
PROC,1138.0,0,0,2.986,611
PROC,1139.1,0,0,2.981,610
PROC,1140.3,0,0,3.050,624
PROC,1141.4,0,0,3.006,615
PROC,1142.6,0,0,2.972,608
PROC,1143.7,0,0,3.016,617
PROC,1144.9,0,0,2.986,611
PROC,1146.1,0,0,2.977,609
PROC,1147.2,0,0,3.021,618
PROC,1148.4,0,0,3.045,623
PROC,1149.5,0,0,2.991,612
PROC,1150.7,0,0,2.933,600
PROC,1151.8,0,0,3.040,622
PROC,1153.0,0,0,2.972,608
PROC,1154.2,0,0,2.981,610
PROC,1155.3,0,0,2.967,607
PROC,1156.5,0,0,3.021,618
PROC,1157.6,0,0,2.977,609
PROC,1158.8,0,0,2.947,603
PROC,1159.9,0,0,3.021,618
PROC,1161.1,0,0,2.972,608
PROC,1162.2,0,0,2.986,611
PROC,1163.4,0,0,2.967,607
PROC,1164.6,0,0,3.030,620
PROC,1165.7,0,0,2.991,612
PROC,1166.9,0,0,2.972,608
PROC,1168.0,0,0,3.021,618
PROC,1169.2,0,0,2.991,612
PROC,1170.3,0,0,2.972,608
PROC,1171.5,0,0,3.069,628
PROC,1172.7,0,0,3.030,620
PROC,1173.8,0,0,2.967,607
PROC,1175.0,0,0,2.967,607
PROC,1176.1,0,0,3.035,621
PROC,1177.3,0,0,2.977,609
PROC,1178.4,0,0,2.977,609
PROC,1179.6,0,0,3.016,617
PROC,1180.7,0,0,3.035,621
PROC,1181.9,0,0,2.972,608
PROC,1183.1,0,0,2.972,608
PROC,1184.2,0,0,3.030,620
PROC,1185.4,0,0,2.972,608
PROC,1186.5,0,0,2.986,611
PROC,1187.7,0,0,2.981,610
PROC,1188.8,0,0,3.030,620
PROC,1190.0,0,0,2.996,613
PROC,1191.2,0,0,2.991,612
PROC,1192.3,0,0,3.025,619
PROC,1193.5,0,0,2.986,611
PROC,1194.6,0,0,2.986,611
PROC,1195.8,0,0,2.972,608
PROC,1196.9,0,0,3.045,623
PROC,1198.1,0,0,3.030,620
PROC,1199.3,0,0,2.967,607

==========================================
=== 2-MINUTE DATA COLLECTION COMPLETE ===

Data Summary:
- Minute 1 (0-600 tenths sec): RAW IR/Red values
- Minute 2 (600-1200 tenths sec): Processed BPM/SpO2
- Full 2 minutes: GSR data (0.1s resolution)

Format markers:
  RAW,Time_0.1s,IR,Red,GSR_V,GSR_raw
  PROC,Time_0.1s,BPM,SpO2,GSR_V,GSR_raw

Copy all data above and save to CSV file
Press 's' to run again
