=~=~=~=~=~=~=~=~=~=~=~= PuTTY log 2026.05.05 06:59:54 =~=~=~=~=~=~=~=~=~=~=~=
ets Jul 29 2019 12:21:46

rst:0x1 (POWERON_RESET),boot:0x13 (SPI_FAST_FLASH_BOOT)
configsip: 0, SPIWP:0xee
clk_drv:0x00,q_drv:0x00,d_drv:0x00,cs0_drv:0x00,hd_drv:0x00,wp_drv:0x00
mode:DIO, clock div:1
load:0x3fff0030,len:4876
ho 0 tail 12 room 4
load:0x40078000,len:16560
load:0x40080400,len:3500
entry 0x400805b4
Initializing OLED on Wire1 (SDA=16, SCL=17)...SUCCESS
Initializing MAX30100 for raw data on Wire (SDA=21, SCL=22)...SUCCESS
Initializing PulseOximeter on Wire (SDA=21, SCL=22)...SUCCESS

==========================================
Press 's' to start 2-minute data collection
Minute 1: RAW IR/Red data (0.1s intervals)
Minute 2: Processed BPM/SpO2 data (0.1s intervals)
==========================================

==========================================
=== 2-MINUTE DATA COLLECTION STARTED ===
PHASE 1 (0-600 tenths of seconds): RAW IR/Red data
Format: RAW,Time_0.1s,IR_raw,Red_raw,GSR_V,GSR_raw
------------------------------------------
RAW,0.0,11251,15368,2.312,473
RAW,0.0,11246,15372,2.341,479
RAW,0.0,11251,15361,2.483,508
RAW,0.0,11251,15366,2.444,500
RAW,0.0,11249,15373,2.370,485
RAW,0.0,11252,15362,2.341,479
RAW,0.0,11245,15361,2.331,477
RAW,0.0,11248,15364,2.336,478
RAW,0.0,11252,15374,2.341,479
RAW,0.0,11250,15360,2.326,476
RAW,0.0,11251,15369,2.326,476
RAW,0.0,11256,15368,2.341,479
RAW,0.0,11256,15371,2.434,498
RAW,0.0,11243,15362,2.454,502
RAW,0.0,11248,15363,2.522,516
RAW,0.0,11249,15360,2.493,510
RAW,0.8,11249,15352,2.326,476
RAW,0.8,11246,15357,2.331,477
RAW,0.8,11248,15356,2.429,497
RAW,0.8,11244,15359,2.478,507
RAW,0.8,11246,15357,2.493,510
RAW,0.8,11258,15353,2.326,476
RAW,0.8,11247,15364,2.326,476
RAW,0.8,11252,15362,2.326,476
RAW,0.8,11245,15363,2.312,473
RAW,1.2,11248,15358,2.331,477
RAW,1.2,11239,15362,2.326,476
RAW,1.2,11249,15349,2.326,476
RAW,1.2,11249,15358,2.326,476
RAW,1.2,11247,15344,2.326,476
RAW,1.7,11237,15357,2.351,481
RAW,1.7,11248,15361,2.356,482
RAW,1.7,11240,15359,2.385,488
RAW,1.7,11250,15355,2.370,485
RAW,2.0,11253,15358,2.366,484
RAW,2.0,11250,15357,2.336,478
RAW,2.0,11245,15360,2.483,508
RAW,2.3,11257,15364,2.366,484
RAW,2.3,11247,15359,2.444,500
RAW,2.3,11245,15362,2.463,504
RAW,2.6,11258,15355,2.449,501
RAW,2.6,11252,15354,2.458,503
RAW,2.6,11243,15357,2.458,503
RAW,2.9,11241,15365,2.498,511
RAW,2.9,11244,15361,2.483,508
RAW,2.9,11249,15357,2.429,497
RAW,3.2,11246,15366,2.454,502
RAW,3.2,11248,15368,2.361,483
RAW,3.2,11241,15360,2.336,478
RAW,3.5,11248,15356,2.351,481
RAW,3.5,11249,15365,2.336,478
RAW,3.5,11246,15366,2.331,477
RAW,3.8,11251,15356,2.356,482
RAW,3.8,11249,15360,2.361,483
RAW,3.8,11251,15352,2.346,480
RAW,4.1,11247,15354,2.346,480
RAW,4.1,11254,15362,2.370,485
RAW,4.1,11247,15343,2.468,505
RAW,4.4,11241,15342,2.351,481
RAW,4.4,11252,15350,2.434,498
RAW,4.4,11242,15351,2.473,506
RAW,4.7,11247,15361,2.493,510
RAW,4.7,11244,15352,2.517,515
RAW,4.7,11239,15354,2.498,511
RAW,5.0,11248,15355,2.517,515
RAW,5.0,11249,15361,2.542,520
RAW,5.0,11255,15355,2.390,489
RAW,5.3,11254,15358,2.380,487
RAW,5.3,11245,15362,2.331,477
RAW,5.6,11240,15352,2.366,484
RAW,5.6,11251,15346,2.341,479
RAW,5.6,11243,15347,2.331,477
RAW,5.9,11245,15347,2.326,476
RAW,5.9,11246,15352,2.356,482
RAW,5.9,11246,15356,2.351,481
RAW,6.2,11249,15357,2.322,475
RAW,6.2,11248,15353,2.351,481
RAW,6.2,11246,15354,2.356,482
RAW,6.5,11252,15357,2.312,473
RAW,6.5,11253,15353,2.317,474
RAW,6.5,11247,15351,2.312,473
RAW,6.8,11254,15355,2.322,475
RAW,6.8,11247,15360,2.346,480
RAW,6.8,11257,15361,2.366,484
RAW,7.1,11249,15360,2.356,482
RAW,7.1,11260,15359,2.341,479
RAW,7.1,11252,15356,2.312,473
RAW,7.4,11250,15352,2.317,474
RAW,7.4,11254,15366,2.322,475
RAW,7.4,11263,15360,2.317,474
RAW,7.7,11249,15368,2.346,480
RAW,7.7,11247,15366,2.312,473
RAW,7.7,11251,15356,2.312,473
RAW,8.1,11257,15361,2.356,482
RAW,8.1,11250,15358,2.361,483
RAW,8.1,11256,15361,2.326,476
RAW,8.4,11252,15362,2.307,472
RAW,8.4,11251,15360,2.292,469
RAW,8.4,11247,15366,2.317,474
RAW,8.7,11246,15357,2.326,476
RAW,8.7,11255,15360,2.326,476
RAW,8.7,11245,15362,2.419,495
RAW,9.0,11249,15367,2.351,481
RAW,9.0,11247,15362,2.424,496
RAW,9.0,11246,15355,2.444,500
RAW,9.3,11256,15364,2.463,504
RAW,9.3,11245,15354,2.498,511
RAW,9.3,11253,15351,2.517,515
RAW,9.6,11254,15352,2.444,500
RAW,9.6,11251,15358,2.454,502
RAW,9.6,11258,15353,2.463,504
RAW,9.9,11254,15362,2.498,511
RAW,9.9,11247,15363,2.449,501
RAW,9.9,11247,15359,2.385,488
RAW,10.2,11245,15367,2.429,497
RAW,10.2,11252,15360,2.361,483
RAW,10.2,11245,15359,2.375,486
RAW,10.5,11247,15360,2.336,478
RAW,10.5,11248,15358,2.326,476
RAW,10.5,11252,15358,2.331,477
RAW,10.8,11251,15352,2.326,476
RAW,10.8,11248,15360,2.322,475
RAW,10.8,11248,15357,2.361,483
RAW,11.1,11256,15360,2.351,481
RAW,11.1,11247,15363,2.405,492
RAW,11.1,11246,15355,2.488,509
RAW,11.4,11254,15362,2.405,492
RAW,11.4,11260,15357,2.463,504
RAW,11.4,11251,15358,2.517,515
RAW,11.7,11243,15358,2.463,504
RAW,11.7,11253,15353,2.468,505
RAW,11.7,11250,15362,2.473,506
RAW,12.0,11252,15357,2.463,504
RAW,12.0,11255,15358,2.439,499
RAW,12.0,11246,15359,2.385,488
RAW,12.3,11250,15355,2.419,495
RAW,12.3,11251,15364,2.346,480
RAW,12.3,11252,15360,2.326,476
RAW,12.6,11259,15363,2.331,477
RAW,12.6,11254,15359,2.326,476
RAW,12.6,11254,15361,2.322,475
RAW,12.9,11246,15362,2.346,480
RAW,12.9,11251,15367,2.336,478
RAW,12.9,11249,15360,2.312,473
RAW,13.2,11249,15355,2.351,481
RAW,13.2,11250,15361,2.361,483
RAW,13.2,11248,15361,2.326,476
RAW,13.5,11244,15344,2.307,472
RAW,13.5,11255,15355,2.366,484
RAW,13.5,11250,15351,2.312,473
RAW,13.8,11249,15352,2.317,474
RAW,13.8,11254,15354,2.312,473
RAW,13.8,11244,15362,2.322,475
RAW,14.1,11248,15350,2.336,478
RAW,14.1,11248,15350,2.312,473
RAW,14.1,11246,15360,2.322,475
RAW,14.4,11254,15360,2.346,480
RAW,14.4,11256,15361,2.361,483
RAW,14.4,11250,15355,2.366,484
RAW,14.8,11252,15360,2.302,471
RAW,14.8,11251,15361,2.307,472
RAW,14.8,11252,15351,2.312,473
RAW,15.1,11247,15352,2.361,483
RAW,15.1,11251,15359,2.434,498
RAW,15.1,11240,15356,2.361,483
RAW,15.4,11255,15354,2.341,479
RAW,15.4,11251,15353,2.341,479
RAW,15.4,11248,15354,2.414,494
RAW,15.7,11244,15357,2.317,474
RAW,15.7,11251,15357,2.405,492
RAW,15.7,11238,15355,2.449,501
RAW,16.0,11254,15355,2.410,493
RAW,16.0,11258,15358,2.449,501
RAW,16.0,11245,15352,2.454,502
RAW,16.3,11248,15363,2.483,508
RAW,16.3,11259,15361,2.463,504
RAW,16.3,11252,15353,2.488,509
RAW,16.6,11257,15359,2.454,502
RAW,16.6,11253,15358,2.454,502
RAW,16.6,11246,15354,2.366,484
RAW,16.9,11250,15363,2.463,504
RAW,16.9,11255,15359,2.346,480
RAW,16.9,11251,15358,2.331,477
RAW,17.2,11258,15356,2.366,484
RAW,17.2,11260,15361,2.326,476
RAW,17.2,11258,15359,2.356,482
RAW,17.5,11258,15358,2.366,484
RAW,17.5,11245,15354,2.366,484
RAW,17.5,11256,15353,2.366,484
RAW,17.8,11252,15354,2.341,479
RAW,17.8,11254,15355,2.351,481
RAW,17.8,11254,15354,2.458,503
RAW,18.1,11254,15364,2.424,496
RAW,18.1,11256,15355,2.488,509
RAW,18.1,11254,15356,2.473,506
RAW,18.4,11256,15364,2.488,509
RAW,18.4,11259,15364,2.522,516
RAW,18.4,11262,15361,2.522,516
RAW,18.7,11256,15371,2.473,506
RAW,18.7,11258,15362,2.444,500
RAW,18.7,11258,15366,2.341,479
RAW,19.0,11261,15373,2.410,493
RAW,19.0,11260,15370,2.341,479
RAW,19.0,11251,15368,2.331,477
RAW,19.3,11271,15365,2.346,480
RAW,19.3,11262,15373,2.326,476
RAW,19.3,11255,15372,2.322,475
RAW,19.6,11266,15370,2.351,481
RAW,19.6,11260,15374,2.366,484
RAW,19.6,11266,15372,2.366,484
RAW,19.9,11269,15362,2.312,473
RAW,19.9,11261,15368,2.341,479
RAW,19.9,11260,15367,2.307,472
RAW,20.2,11260,15366,2.361,483
RAW,20.2,11265,15371,2.366,484
RAW,20.2,11268,15371,2.361,483
RAW,20.5,11262,15355,2.341,479
RAW,20.5,11269,15362,2.336,478
RAW,20.5,11264,15364,2.346,480
RAW,20.8,11260,15358,2.322,475
RAW,20.8,11260,15365,2.322,475
RAW,20.8,11257,15364,2.322,475
RAW,21.1,11265,15353,2.302,471
RAW,21.1,11256,15361,2.307,472
RAW,21.1,11260,15356,2.307,472
RAW,21.4,11257,15356,2.346,480
RAW,21.4,11263,15361,2.326,476
RAW,21.4,11253,15363,2.351,481
RAW,21.8,11255,15361,2.307,472
RAW,21.8,11265,15352,2.239,458
RAW,21.8,11253,15354,2.346,480
RAW,22.0,11259,15360,2.322,475
RAW,22.0,11259,15366,2.326,476
RAW,22.0,11260,15356,2.380,487
RAW,22.4,11263,15357,2.336,478
RAW,22.4,11264,15358,2.390,489
RAW,22.4,11254,15355,2.478,507
RAW,22.7,11260,15359,2.439,499
RAW,22.7,11253,15362,2.507,513
RAW,22.7,11258,15356,2.498,511
RAW,23.0,11258,15352,2.458,503
RAW,23.0,11262,15354,2.439,499
RAW,23.0,11252,15351,2.454,502
RAW,23.3,11256,15351,2.498,511
RAW,23.3,11254,15354,2.488,509
RAW,23.3,11258,15355,2.366,484
RAW,23.6,11256,15353,2.478,507
RAW,23.6,11259,15349,2.385,488
RAW,23.6,11253,15363,2.351,481
RAW,23.9,11254,15346,2.341,479
RAW,23.9,11260,15346,2.326,476
RAW,23.9,11252,15349,2.326,476
RAW,24.2,11255,15354,2.322,475
RAW,24.2,11251,15355,2.326,476
RAW,24.2,11249,15351,2.322,475
RAW,24.5,11259,15353,2.351,481
RAW,24.5,11261,15357,2.356,482
RAW,24.5,11256,15350,2.473,506
RAW,24.8,11254,15346,2.317,474
RAW,24.8,11259,15353,2.478,507
RAW,24.8,11256,15354,2.522,516
RAW,25.1,11252,15349,2.444,500
RAW,25.1,11251,15343,2.468,505
RAW,25.1,11254,15357,2.483,508
RAW,25.4,11257,15349,2.522,516
RAW,25.4,11256,15356,2.522,516
RAW,25.4,11249,15348,2.375,486
RAW,25.7,11253,15359,2.488,509
RAW,25.7,11248,15354,2.366,484
RAW,25.7,11246,15355,2.346,480
RAW,26.0,11252,15348,2.273,465
RAW,26.0,11259,15357,2.326,476
RAW,26.0,11252,15351,2.322,475
RAW,26.3,11259,15349,2.287,468
RAW,26.3,11257,15356,2.302,471
RAW,26.3,11263,15354,2.307,472
RAW,26.6,11263,15355,2.326,476
RAW,26.6,11257,15357,2.317,474
RAW,26.6,11262,15354,2.336,478
RAW,26.9,11259,15356,2.263,463
RAW,26.9,11258,15360,2.302,471
RAW,26.9,11260,15358,2.336,478
RAW,27.2,11263,15355,2.317,474
RAW,27.2,11261,15362,2.312,473
RAW,27.2,11257,15355,2.312,473
RAW,27.5,11264,15361,2.326,476
RAW,27.5,11264,15354,2.326,476
RAW,27.5,11262,15355,2.341,479
RAW,27.8,11264,15364,2.346,480
RAW,27.8,11264,15362,2.351,481
RAW,27.8,11260,15362,2.351,481
RAW,28.1,11258,15358,2.322,475
RAW,28.1,11267,15365,2.292,469
RAW,28.1,11259,15361,2.297,470
RAW,28.4,11256,15366,2.361,483
RAW,28.4,11261,15362,2.341,479
RAW,28.4,11258,15366,2.317,474
RAW,28.8,11258,15361,2.307,472
RAW,28.8,11254,15363,2.341,479
RAW,28.8,11259,15360,2.322,475
RAW,29.0,11264,15360,2.312,473
RAW,29.0,11261,15366,2.326,476
RAW,29.0,11260,15362,2.400,491
RAW,29.4,11266,15364,2.336,478
RAW,29.4,11269,15368,2.414,494
RAW,29.4,11258,15374,2.439,499
RAW,29.7,11255,15364,2.458,503
RAW,29.7,11265,15365,2.463,504
RAW,29.7,11264,15365,2.478,507
RAW,30.0,11268,15359,2.439,499
RAW,30.0,11268,15364,2.473,506
RAW,30.0,11261,15365,2.434,498
RAW,30.3,11268,15359,2.439,499
RAW,30.3,11264,15357,2.361,483
RAW,30.3,11264,15357,2.312,473
RAW,30.6,11267,15372,2.361,483
RAW,30.6,11273,15368,2.366,484
RAW,30.6,11267,15365,2.351,481
RAW,30.9,11274,15364,2.370,485
RAW,30.9,11276,15367,2.317,474
RAW,30.9,11270,15361,2.336,478
RAW,31.2,11264,15370,2.297,470
RAW,31.2,11277,15369,2.307,472
RAW,31.2,11273,15367,2.400,491
RAW,31.5,11272,15365,2.302,471
RAW,31.5,11268,15371,2.419,495
RAW,31.5,11269,15362,2.458,503
RAW,31.8,11270,15363,2.444,500
RAW,31.8,11276,15362,2.449,501
RAW,31.8,11270,15357,2.483,508
RAW,32.1,11264,15360,2.444,500
RAW,32.1,11272,15355,2.449,501
RAW,32.1,11270,15361,2.385,488
RAW,32.4,11265,15358,2.385,488
RAW,32.4,11267,15362,2.312,473
RAW,32.7,11266,15363,2.370,485
RAW,32.7,11264,15356,2.302,471
RAW,32.7,11265,15349,2.317,474
RAW,33.0,11265,15351,2.346,480
RAW,33.0,11261,15349,2.346,480
RAW,33.0,11267,15351,2.336,478
RAW,33.3,11257,15359,2.283,467
RAW,33.3,11261,15357,2.287,468
RAW,33.3,11264,15365,2.283,467
RAW,33.6,11264,15357,2.326,476
RAW,33.6,11260,15353,2.322,475
RAW,33.6,11267,15356,2.287,468
RAW,33.9,11263,15354,2.312,473
RAW,33.9,11261,15358,2.322,475
RAW,33.9,11255,15350,2.307,472
RAW,34.2,11261,15342,2.287,468
RAW,34.2,11260,15347,2.287,468
RAW,34.2,11255,15356,2.287,468
RAW,34.5,11255,15350,2.268,464
RAW,34.5,11257,15348,2.268,464
RAW,34.5,11265,15344,2.273,465
RAW,34.8,11252,15335,2.283,467
RAW,34.8,11251,15339,2.312,473
RAW,34.8,11252,15345,2.287,468
RAW,35.1,11240,15341,2.268,464
RAW,35.1,11248,15345,2.287,468
RAW,35.1,11257,15340,2.322,475
RAW,35.4,11248,15343,2.283,467
RAW,35.4,11254,15348,2.287,468
RAW,35.4,11248,15346,2.287,468
RAW,35.7,11248,15332,2.268,464
RAW,35.7,11251,15338,2.317,474
RAW,35.7,11249,15345,2.395,490
RAW,36.0,11251,15341,2.322,475
RAW,36.0,11256,15337,2.395,490
RAW,36.0,11250,15341,2.444,500
RAW,36.3,11255,15331,2.370,485
RAW,36.3,11254,15341,2.400,491
RAW,36.3,11253,15339,2.434,498
RAW,36.7,11248,15337,2.419,495
RAW,36.7,11251,15340,2.424,496
RAW,36.7,11251,15335,2.424,496
RAW,37.0,11248,15336,2.449,501
RAW,37.0,11250,15330,2.439,499
RAW,37.0,11250,15333,2.322,475
RAW,37.3,11237,15337,2.414,494
RAW,37.3,11239,15326,2.302,471
RAW,37.3,11242,15333,2.287,468
RAW,37.6,11242,15334,2.287,468
RAW,37.6,11245,15321,2.268,464
RAW,37.6,11240,15335,2.273,465
RAW,37.9,11244,15336,2.302,471
RAW,37.9,11240,15324,2.302,471
RAW,37.9,11243,15326,2.287,468
RAW,38.2,11242,15327,2.302,471
RAW,38.2,11242,15331,2.346,480
RAW,38.2,11245,15329,2.454,502
RAW,38.5,11241,15331,2.361,483
RAW,38.5,11236,15322,2.410,493
RAW,38.5,11244,15322,2.424,496
RAW,38.8,11245,15321,2.458,503
RAW,38.8,11243,15325,2.458,503
RAW,38.8,11238,15316,2.444,500
RAW,39.1,11240,15325,2.424,496
RAW,39.1,11240,15314,2.405,492
RAW,39.1,11244,15324,2.326,476
RAW,39.4,11240,15327,2.341,479
RAW,39.4,11233,15327,2.287,468
RAW,39.4,11243,15328,2.278,466
RAW,39.7,11236,15326,2.273,465
RAW,39.7,11243,15327,2.263,463
RAW,39.7,11239,15323,2.268,464
RAW,40.0,11245,15328,2.287,468
RAW,40.0,11244,15336,2.287,468
RAW,40.0,11247,15330,2.190,448
RAW,40.3,11244,15320,2.248,460
RAW,40.3,11244,15332,2.287,468
RAW,40.3,11241,15332,2.297,470
RAW,40.6,11243,15322,2.224,455
RAW,40.6,11240,15327,2.224,455
RAW,40.6,11242,15327,2.278,466
RAW,40.9,11233,15320,2.278,466
RAW,40.9,11239,15320,2.292,469
RAW,40.9,11239,15320,2.297,470
RAW,41.2,11233,15312,2.317,474
RAW,41.2,11238,15321,2.268,464
RAW,41.2,11235,15310,2.297,470
RAW,41.5,11237,15319,2.287,468
RAW,41.5,11237,15318,2.253,461
RAW,41.5,11233,15325,2.248,460
RAW,41.8,11229,15329,2.273,465
RAW,41.8,11239,15320,2.258,462
RAW,41.8,11240,15324,2.263,463
RAW,42.1,11240,15315,2.283,467
RAW,42.1,11237,15318,2.253,461
RAW,42.1,11237,15319,2.258,462
RAW,42.4,11233,15315,2.263,463
RAW,42.4,11227,15309,2.263,463
RAW,42.4,11232,15316,2.326,476
RAW,42.7,11232,15314,2.248,460
RAW,42.7,11229,15315,2.341,479
RAW,42.7,11228,15318,2.380,487
RAW,43.0,11234,15314,2.366,484
RAW,43.0,11235,15315,2.410,493
RAW,43.0,11230,15316,2.429,497
RAW,43.3,11234,15312,2.405,492
RAW,43.3,11237,15315,2.439,499
RAW,43.3,11231,15316,2.439,499
RAW,43.7,11230,15321,2.400,491
RAW,43.7,11227,15307,2.370,485
RAW,43.7,11223,15313,2.297,470
RAW,44.0,11235,15313,2.444,500
RAW,44.0,11222,15312,2.326,476
RAW,44.0,11233,15306,2.283,467
RAW,44.3,11231,15315,2.317,474
RAW,44.3,11228,15308,2.302,471
RAW,44.3,11225,15314,2.302,471
RAW,44.6,11229,15310,2.253,461
RAW,44.6,11234,15315,2.258,462
RAW,44.6,11233,15319,2.268,464
RAW,44.9,11235,15315,2.253,461
RAW,44.9,11241,15318,2.268,464
RAW,44.9,11235,15309,2.390,489
RAW,45.2,11226,15314,2.287,468
RAW,45.2,11239,15312,2.414,494
RAW,45.2,11223,15315,2.449,501
RAW,45.5,11234,15312,2.390,489
RAW,45.5,11232,15311,2.405,492
RAW,45.5,11231,15309,2.444,500
RAW,45.8,11235,15316,2.410,493
RAW,45.8,11234,15310,2.414,494
RAW,45.8,11234,15315,2.268,464
RAW,46.1,11233,15310,2.405,492
RAW,46.1,11234,15311,2.302,471
RAW,46.1,11237,15315,2.302,471
RAW,46.4,11234,15317,2.326,476
RAW,46.4,11239,15315,2.268,464
RAW,46.4,11234,15316,2.283,467
RAW,46.7,11232,15309,2.248,460
RAW,46.7,11233,15315,2.248,460
RAW,46.7,11240,15313,2.253,461
RAW,47.0,11233,15305,2.248,460
RAW,47.0,11232,15303,2.248,460
RAW,47.0,11232,15307,2.258,462
RAW,47.3,11235,15308,2.283,467
RAW,47.3,11236,15310,2.248,460
RAW,47.3,11241,15306,2.268,464
RAW,47.6,11234,15301,2.258,462
RAW,47.6,11236,15312,2.253,461
RAW,47.6,11239,15303,2.258,462
RAW,47.9,11236,15313,2.243,459
RAW,47.9,11233,15316,2.248,460
RAW,47.9,11229,15315,2.248,460
RAW,48.2,11241,15316,2.283,467
RAW,48.2,11240,15315,2.278,466
RAW,48.2,11235,15315,2.268,464
RAW,48.5,11238,15315,2.268,464
RAW,48.5,11235,15308,2.287,468
RAW,48.5,11236,15320,2.292,469
RAW,48.8,11237,15311,2.248,460
RAW,48.8,11240,15314,2.268,464
RAW,48.8,11239,15312,2.258,462
RAW,49.1,11228,15312,2.287,468
RAW,49.1,11234,15311,2.287,468
RAW,49.1,11235,15313,2.268,464
RAW,49.4,11237,15303,2.268,464
RAW,49.4,11235,15311,2.346,480
RAW,49.4,11234,15303,2.405,492
RAW,49.7,11232,15307,2.312,473
RAW,49.7,11238,15299,2.366,484
RAW,49.7,11235,15308,2.380,487
RAW,50.0,11235,15299,2.380,487
RAW,50.0,11230,15307,2.395,490
RAW,50.0,11234,15306,2.390,489
RAW,50.3,11228,15302,2.385,488
RAW,50.3,11224,15301,2.424,496
RAW,50.3,11225,15298,2.326,476
RAW,50.7,11224,15290,2.395,490
RAW,50.7,11227,15304,2.307,472
RAW,50.7,11235,15299,2.297,470
RAW,51.0,11231,15295,2.253,461
RAW,51.0,11228,15294,2.258,462
RAW,51.0,11229,15292,2.248,460
RAW,51.3,11223,15296,2.278,466
RAW,51.3,11226,15299,2.287,468
RAW,51.3,11230,15293,2.297,470
RAW,51.6,11222,15295,2.292,469
RAW,51.6,11223,15292,2.302,471
RAW,51.6,11221,15288,2.390,489
RAW,51.9,11229,15288,2.278,466
RAW,51.9,11229,15295,2.380,487
RAW,51.9,11229,15278,2.405,492
RAW,52.2,11224,15288,2.429,497
RAW,52.2,11225,15282,2.405,492
RAW,52.2,11224,15290,2.414,494
RAW,52.5,11224,15291,2.444,500
RAW,52.5,11233,15294,2.410,493
RAW,52.5,11230,15288,2.297,470
RAW,52.8,11227,15288,2.312,473
RAW,52.8,11223,15287,2.268,464
RAW,53.1,11220,15284,2.287,468
RAW,53.1,11222,15297,2.263,463
RAW,53.1,11227,15282,2.243,459
RAW,53.4,11218,15297,2.292,469
RAW,53.4,11226,15289,2.263,463
RAW,53.4,11221,15282,2.268,464
RAW,53.7,11227,15292,2.278,466
RAW,53.7,11220,15286,2.278,466
RAW,53.7,11229,15287,2.297,470
RAW,54.0,11216,15294,2.278,466
RAW,54.0,11223,15295,2.258,462
RAW,54.0,11222,15284,2.258,462
RAW,54.3,11217,15297,2.287,468
RAW,54.3,11220,15293,2.229,456
RAW,54.3,11221,15284,2.263,463
RAW,54.6,11216,15286,2.258,462
RAW,54.6,11215,15282,2.287,468
RAW,54.6,11222,15282,2.292,469
RAW,54.9,11224,15283,2.234,457
RAW,54.9,11205,15295,2.239,458
RAW,54.9,11211,15290,2.204,451
RAW,55.2,11216,15286,2.248,460
RAW,55.2,11215,15282,2.248,460
RAW,55.2,11217,15287,2.248,460
RAW,55.5,11216,15280,2.243,459
RAW,55.5,11219,15279,2.268,464
RAW,55.5,11216,15279,2.273,465
RAW,55.8,11217,15286,2.248,460
RAW,55.8,11219,15284,2.263,463
RAW,55.8,11216,15297,2.283,467
RAW,56.1,11213,15281,2.248,460
RAW,56.1,11225,15283,2.243,459
RAW,56.1,11210,15278,2.331,477
RAW,56.4,11218,15275,2.283,467
RAW,56.4,11221,15282,2.375,486
RAW,56.4,11215,15277,2.439,499
RAW,56.7,11216,15283,2.390,489
RAW,56.7,11217,15283,2.429,497
RAW,56.7,11211,15281,2.414,494
RAW,57.0,11216,15281,2.405,492
RAW,57.0,11215,15278,2.395,490
RAW,57.0,11214,15278,2.400,491
RAW,57.3,11223,15280,2.424,496
RAW,57.3,11219,15285,2.380,487
RAW,57.3,11217,15278,2.273,465
RAW,57.7,11216,15284,2.385,488
RAW,57.7,11218,15279,2.312,473
RAW,57.7,11221,15282,2.268,464
RAW,58.0,11228,15283,2.258,462
RAW,58.0,11214,15289,2.248,460
RAW,58.0,11212,15284,2.248,460
RAW,58.3,11222,15284,2.258,462
RAW,58.3,11217,15284,2.253,461
RAW,58.3,11215,15279,2.287,468
RAW,58.6,11215,15278,2.287,468
RAW,58.6,11213,15278,2.331,477
RAW,58.6,11221,15277,2.410,493
RAW,58.9,11206,15279,2.361,483
RAW,58.9,11210,15272,2.434,498
RAW,58.9,11216,15284,2.454,502
RAW,59.2,11207,15274,2.390,489
RAW,59.2,11211,15276,2.410,493
RAW,59.2,11211,15281,2.414,494
RAW,59.5,11212,15278,2.454,502
RAW,59.5,11214,15279,2.366,484
RAW,59.5,11209,15269,2.273,465
RAW,59.8,11223,15289,2.336,478
RAW,59.8,11225,15282,2.302,471
RAW,59.8,11211,15286,2.297,470
RAW,60.1,11218,15289,2.258,462
RAW,60.1,11228,15291,2.243,459
RAW,60.1,11219,15275,2.248,460
RAW,60.4,11223,15282,2.248,460
RAW,60.4,11220,15288,2.248,460
RAW,60.4,11220,15289,2.243,459
RAW,60.7,11216,15282,2.204,451
RAW,60.7,11224,15282,2.278,466
RAW,60.7,11221,15283,2.268,464
RAW,61.0,11209,15286,2.248,460
RAW,61.0,11221,15283,2.268,464
RAW,61.0,11220,15288,2.278,466
RAW,61.3,11226,15277,2.234,457
RAW,61.3,11218,15283,2.239,458
RAW,61.3,11221,15287,2.248,460
RAW,61.6,11210,15277,2.268,464
RAW,61.6,11214,15283,2.248,460
RAW,61.6,11218,15280,2.287,468
RAW,61.9,11223,15276,2.273,465
RAW,61.9,11221,15281,2.283,467
RAW,61.9,11217,15280,2.263,463
RAW,62.2,11224,15282,2.248,460
RAW,62.2,11211,15288,2.248,460
RAW,62.2,11214,15281,2.248,460
RAW,62.5,11220,15286,2.278,466
RAW,62.5,11221,15284,2.243,459
RAW,62.5,11214,15280,2.243,459
RAW,62.8,11218,15281,2.283,467
RAW,62.8,11221,15287,2.292,469
RAW,62.8,11221,15279,2.331,477
RAW,63.1,11228,15284,2.239,458
RAW,63.1,11224,15291,2.326,476
RAW,63.1,11218,15285,2.366,484
RAW,63.4,11226,15292,2.414,494
RAW,63.4,11223,15281,2.385,488
RAW,63.4,11219,15283,2.390,489
RAW,63.7,11226,15294,2.405,492
RAW,63.7,11222,15289,2.395,490
RAW,63.7,11224,15290,2.317,474
RAW,64.0,11226,15288,2.405,492
RAW,64.0,11229,15286,2.429,497
RAW,64.0,11221,15293,2.322,475
RAW,64.3,11226,15276,2.380,487
RAW,64.3,11221,15283,2.263,463
RAW,64.3,11219,15283,2.263,463
RAW,64.7,11211,15277,2.312,473
RAW,64.7,11217,15283,2.307,472
RAW,64.7,11223,15283,2.302,471
RAW,64.9,11211,15274,2.287,468
RAW,64.9,11220,15282,2.278,466
RAW,64.9,11214,15283,2.292,469
RAW,65.3,11212,15286,2.253,461
RAW,65.3,11219,15280,2.253,461
RAW,65.3,11214,15279,2.380,487
RAW,65.6,11206,15280,2.287,468
RAW,65.6,11219,15273,2.385,488
RAW,65.6,11214,15272,2.405,492
RAW,65.9,11212,15278,2.419,495
RAW,65.9,11207,15281,2.405,492
RAW,65.9,11217,15275,2.444,500
RAW,66.2,11211,15277,2.405,492
RAW,66.2,11214,15274,2.419,495
RAW,66.2,11215,15277,2.307,472
RAW,66.5,11213,15275,2.356,482
RAW,66.5,11216,15265,2.268,464
RAW,66.5,11218,15272,2.248,460
RAW,66.8,11209,15275,2.268,464
RAW,66.8,11213,15270,2.287,468
RAW,66.8,11221,15275,2.287,468
RAW,67.1,11216,15271,2.287,468
RAW,67.1,11215,15271,2.287,468
RAW,67.1,11221,15275,2.248,460
RAW,67.4,11212,15268,2.253,461
RAW,67.4,11214,15266,2.248,460
RAW,67.4,11218,15274,2.248,460
RAW,67.7,11215,15268,2.268,464
RAW,67.7,11214,15265,2.243,459
RAW,67.7,11219,15274,2.234,457
RAW,68.0,11222,15267,2.283,467
RAW,68.0,11222,15279,2.287,468
RAW,68.0,11215,15276,2.253,461
RAW,68.3,11218,15267,2.229,456
RAW,68.3,11213,15268,2.243,459
RAW,68.3,11221,15276,2.243,459
RAW,68.6,11217,15259,2.243,459
RAW,68.6,11212,15262,2.248,460
RAW,68.6,11208,15264,2.248,460
RAW,68.9,11219,15265,2.253,461
RAW,68.9,11221,15271,2.268,464
RAW,68.9,11209,15274,2.248,460
RAW,69.2,11210,15264,2.273,465
RAW,69.2,11214,15260,2.287,468
RAW,69.2,11210,15269,2.292,469
RAW,69.5,11207,15269,2.243,459
RAW,69.5,11210,15263,2.248,460
RAW,69.5,11208,15273,2.278,466
RAW,69.8,11209,15270,2.287,468
RAW,69.8,11210,15269,2.361,483
RAW,69.8,11206,15257,2.405,492
RAW,70.1,11213,15261,2.331,477
RAW,70.1,11204,15265,2.400,491
RAW,70.1,11206,15258,2.414,494
RAW,70.4,11209,15261,2.366,484
RAW,70.4,11210,15256,2.361,483
RAW,70.4,11214,15267,2.395,490
RAW,70.7,11208,15262,2.375,486
RAW,70.7,11210,15258,2.385,488
RAW,70.7,11203,15268,2.297,470
RAW,71.0,11218,15262,2.414,494
RAW,71.0,11211,15257,2.312,473
RAW,71.0,11206,15265,2.268,464
RAW,71.3,11209,15263,2.268,464
RAW,71.3,11217,15262,2.258,462
RAW,71.3,11209,15270,2.287,468
RAW,71.7,11219,15267,2.258,462
RAW,71.7,11215,15258,2.258,462
RAW,71.7,11212,15265,2.263,463
RAW,71.9,11221,15267,2.307,472
RAW,71.9,11210,15265,2.258,462
RAW,71.9,11218,15257,2.405,492
RAW,72.3,11211,15269,2.287,468
RAW,72.3,11209,15260,2.424,496
RAW,72.3,11213,15271,2.429,497
RAW,72.6,11204,15266,2.405,492
RAW,72.6,11218,15265,2.400,491
RAW,72.6,11212,15273,2.405,492
RAW,72.9,11213,15273,2.429,497
RAW,72.9,11214,15259,2.405,492
RAW,72.9,11220,15269,2.278,466
RAW,73.2,11209,15271,2.351,481
RAW,73.2,11210,15267,2.268,464
RAW,73.5,11213,15262,2.287,468
RAW,73.5,11209,15261,2.258,462
RAW,73.5,11214,15272,2.248,460
RAW,73.8,11215,15266,2.268,464
RAW,73.8,11220,15269,2.253,461
RAW,73.8,11207,15259,2.253,461
RAW,74.1,11217,15268,2.273,465
RAW,74.1,11210,15271,2.263,463
RAW,74.1,11211,15265,2.268,464
RAW,74.4,11210,15264,2.278,466
RAW,74.4,11209,15269,2.287,468
RAW,74.4,11200,15261,2.292,469
RAW,74.7,11217,15273,2.243,459
RAW,74.7,11215,15268,2.253,461
RAW,74.7,11219,15266,2.239,458
RAW,75.0,11228,15278,2.287,468
RAW,75.0,11225,15273,2.292,469
RAW,75.0,11218,15278,2.297,470
RAW,75.3,11228,15278,2.268,464
RAW,75.3,11221,15282,2.268,464
RAW,75.3,11229,15279,2.273,465
RAW,75.6,11227,15276,2.239,458
RAW,75.6,11228,15274,2.248,460
RAW,75.6,11226,15289,2.258,462
RAW,75.9,11229,15269,2.234,457
RAW,75.9,11227,15268,2.243,459
RAW,75.9,11225,15274,2.248,460
RAW,76.2,11225,15268,2.278,466
RAW,76.2,11222,15262,2.258,462
RAW,76.2,11218,15271,2.287,468
RAW,76.5,11215,15262,2.253,461
RAW,76.5,11222,15267,2.273,465
RAW,76.5,11223,15269,2.351,481
RAW,76.8,11202,15258,2.243,459
RAW,76.8,11211,15262,2.346,480
RAW,76.8,11214,15259,2.385,488
RAW,77.1,11199,15250,2.346,480
RAW,77.1,11203,15249,2.380,487
RAW,77.1,11209,15249,2.419,495
RAW,77.4,11193,15242,2.439,499
RAW,77.4,11206,15243,2.439,499
RAW,77.4,11196,15250,2.429,497
RAW,77.7,11193,15249,2.370,485
RAW,77.7,11196,15244,2.405,492
RAW,77.7,11191,15242,2.283,467
RAW,78.0,11204,15251,2.434,498
RAW,78.0,11199,15245,2.302,471
RAW,78.0,11194,15240,2.263,463
RAW,78.3,11201,15246,2.297,470
RAW,78.3,11196,15251,2.292,469
RAW,78.3,11206,15245,2.283,467
RAW,78.6,11194,15235,2.258,462
RAW,78.6,11203,15244,2.258,462
RAW,78.6,11196,15243,2.253,461
RAW,78.9,11199,15247,2.248,460
RAW,78.9,11199,15248,2.287,468
RAW,78.9,11207,15238,2.385,488
RAW,79.2,11206,15248,2.331,477
RAW,79.2,11202,15251,2.410,493
RAW,79.2,11197,15250,2.410,493
RAW,79.6,11199,15245,2.370,485
RAW,79.6,11202,15243,2.434,498
RAW,79.6,11206,15244,2.493,510
RAW,79.9,11203,15244,2.405,492
RAW,79.9,11206,15245,2.385,488
RAW,79.9,11206,15253,2.273,465
RAW,80.2,11208,15245,2.410,493
RAW,80.2,11205,15250,2.351,481
RAW,80.2,11201,15253,2.307,472
RAW,80.5,11199,15252,2.287,468
RAW,80.5,11205,15246,2.287,468
RAW,80.5,11206,15251,2.283,467
RAW,80.8,11206,15251,2.248,460
RAW,80.8,11204,15253,2.248,460
RAW,80.8,11207,15245,2.243,459
RAW,81.1,11212,15256,2.234,457
RAW,81.1,11207,15252,2.243,459
RAW,81.1,11211,15256,2.243,459
RAW,81.4,11214,15251,2.273,465
RAW,81.4,11214,15250,2.248,460
RAW,81.4,11208,15257,2.283,467
RAW,81.7,11208,15252,2.239,458
RAW,81.7,11208,15250,2.248,460
RAW,81.7,11208,15249,2.273,465
RAW,82.0,11208,15254,2.248,460
RAW,82.0,11211,15252,2.253,461
RAW,82.0,11207,15243,2.248,460
RAW,82.3,11210,15244,2.243,459
RAW,82.3,11208,15254,2.243,459
RAW,82.3,11215,15254,2.273,465
RAW,82.6,11207,15252,2.283,467
RAW,82.6,11210,15248,2.302,471
RAW,82.6,11211,15253,2.283,467
RAW,82.9,11212,15251,2.263,463
RAW,82.9,11206,15254,2.243,459
RAW,82.9,11209,15250,2.243,459
RAW,83.2,11209,15258,2.287,468
RAW,83.2,11214,15251,2.268,464
RAW,83.2,11209,15254,2.283,467
RAW,83.5,11211,15254,2.273,465
RAW,83.5,11217,15257,2.336,478
RAW,83.5,11210,15253,2.400,491
RAW,83.8,11213,15255,2.317,474
RAW,83.8,11215,15255,2.375,486
RAW,83.8,11210,15253,2.385,488
RAW,84.1,11222,15259,2.370,485
RAW,84.1,11218,15254,2.380,487
RAW,84.1,11202,15256,2.385,488
RAW,84.4,11209,15243,2.414,494
RAW,84.4,11209,15258,2.429,497
RAW,84.4,11209,15255,2.331,477
RAW,84.7,11205,15250,2.390,489
RAW,84.7,11222,15251,2.307,472
RAW,84.7,11217,15252,2.297,470
RAW,85.0,11214,15241,2.283,467
RAW,85.0,11205,15245,2.268,464
RAW,85.0,11208,15246,2.278,466
RAW,85.3,11206,15253,2.278,466
RAW,85.3,11205,15245,2.297,470
RAW,85.3,11206,15246,2.287,468
RAW,85.6,11204,15246,2.307,472
RAW,85.6,11202,15247,2.268,464
RAW,85.6,11214,15247,2.370,485
RAW,85.9,11207,15251,2.253,461
RAW,85.9,11211,15243,2.366,484
RAW,85.9,11210,15243,2.400,491
RAW,86.2,11204,15252,2.385,488
RAW,86.2,11208,15251,2.405,492
RAW,86.2,11202,15243,2.410,493
RAW,86.6,11210,15245,2.424,496
RAW,86.6,11209,15247,2.439,499
RAW,86.6,11204,15249,2.322,475
RAW,86.9,11211,15247,2.326,476
RAW,86.9,11209,15247,2.287,468
RAW,87.2,11204,15249,2.317,474
RAW,87.2,11208,15244,2.268,464
RAW,87.2,11202,15244,2.258,462
RAW,87.5,11201,15242,2.278,466
RAW,87.5,11203,15251,2.258,462
RAW,87.5,11205,15244,2.278,466
RAW,87.8,11208,15249,2.292,469
RAW,87.8,11206,15247,2.302,471
RAW,87.8,11201,15246,2.292,469
RAW,88.1,11209,15239,2.268,464
RAW,88.1,11202,15247,2.248,460
RAW,88.1,11204,15246,2.243,459
RAW,88.4,11203,15254,2.292,469
RAW,88.4,11202,15246,2.292,469
RAW,88.4,11205,15247,2.248,460
RAW,88.7,11198,15246,2.273,465
RAW,88.7,11205,15248,2.351,481
RAW,88.7,11205,15244,2.278,466
RAW,89.0,11199,15239,2.253,461
RAW,89.0,11204,15239,2.253,461
RAW,89.0,11201,15238,2.253,461
RAW,89.3,11201,15234,2.239,458
RAW,89.3,11207,15245,2.239,458
RAW,89.3,11200,15244,2.243,459
RAW,89.6,11206,15239,2.248,460
RAW,89.6,11209,15236,2.283,467
RAW,89.6,11200,15244,2.263,463
RAW,89.9,11210,15244,2.239,458
RAW,89.9,11202,15241,2.243,459
RAW,89.9,11204,15238,2.287,468
RAW,90.2,11201,15240,2.248,460
RAW,90.2,11204,15235,2.248,460
RAW,90.2,11199,15242,2.317,474
RAW,90.5,11198,15235,2.263,463
RAW,90.5,11200,15231,2.400,491
RAW,90.5,11198,15230,2.424,496
RAW,90.8,11199,15238,2.395,490
RAW,90.8,11201,15238,2.410,493
RAW,90.8,11194,15240,2.419,495
RAW,91.1,11201,15235,2.375,486
RAW,91.1,11206,15229,2.380,487
RAW,91.1,11197,15238,2.385,488
RAW,91.4,11196,15238,2.405,492
RAW,91.4,11202,15245,2.400,491
RAW,91.4,11204,15237,2.287,468
RAW,91.7,11198,15226,2.414,494
RAW,91.7,11191,15238,2.287,468
RAW,91.7,11203,15242,2.268,464
RAW,92.0,11211,15234,2.278,466
RAW,92.0,11197,15240,2.253,461
RAW,92.0,11201,15237,2.253,461
RAW,92.3,11197,15237,2.248,460
RAW,92.3,11204,15242,2.248,460
RAW,92.3,11205,15231,2.253,461
RAW,92.6,11198,15235,2.278,466
RAW,92.6,11200,15230,2.283,467
RAW,92.6,11207,15236,2.405,492
RAW,92.9,11200,15234,2.297,470
RAW,92.9,11197,15232,2.434,498
RAW,92.9,11204,15231,2.458,503
RAW,93.2,11198,15227,2.390,489
RAW,93.2,11194,15232,2.410,493
RAW,93.2,11201,15226,2.410,493
RAW,93.6,11201,15235,2.444,500
RAW,93.6,11195,15237,2.434,498
RAW,93.6,11198,15239,2.268,464
RAW,93.9,11196,15231,2.410,493
RAW,93.9,11198,15236,2.307,472
RAW,93.9,11203,15238,2.287,468
RAW,94.2,11203,15239,2.268,464
RAW,94.2,11206,15234,2.258,462
RAW,94.2,11199,15225,2.253,461
RAW,94.5,11205,15236,2.248,460
RAW,94.5,11213,15240,2.243,459
RAW,94.5,11206,15238,2.243,459
RAW,94.8,11198,15246,2.287,468
RAW,94.8,11195,15229,2.234,457
RAW,94.8,11201,15234,2.253,461
RAW,95.1,11209,15235,2.253,461
RAW,95.1,11196,15236,2.263,463
RAW,95.1,11205,15227,2.283,467
RAW,95.4,11207,15225,2.243,459
RAW,95.4,11200,15229,2.243,459
RAW,95.4,11195,15234,2.273,465
RAW,95.7,11199,15221,2.239,458
RAW,95.7,11191,15227,2.278,466
RAW,95.7,11201,15224,2.287,468
RAW,96.0,11202,15230,2.297,470
RAW,96.0,11197,15228,2.248,460
RAW,96.0,11194,15232,2.283,467
RAW,96.3,11198,15227,2.229,456
RAW,96.3,11204,15222,2.234,457
RAW,96.3,11194,15237,2.234,457
RAW,96.6,11204,15237,2.248,460
RAW,96.6,11195,15229,2.209,452
RAW,96.6,11197,15227,2.248,460
RAW,96.9,11199,15229,2.263,463
RAW,96.9,11203,15236,2.239,458
RAW,96.9,11198,15239,2.273,465
RAW,97.2,11197,15230,2.243,459
RAW,97.2,11209,15232,2.292,469
RAW,97.2,11196,15228,2.292,469
RAW,97.5,11201,15227,2.292,469
RAW,97.5,11204,15227,2.356,482
RAW,97.5,11201,15228,2.361,483
RAW,97.8,11192,15225,2.390,489
RAW,97.8,11191,15230,2.385,488
RAW,97.8,11197,15224,2.410,493
RAW,98.1,11194,15228,2.395,490
RAW,98.1,11198,15221,2.410,493
RAW,98.1,11191,15228,2.331,477
RAW,98.4,11195,15232,2.375,486
RAW,98.4,11197,15224,2.283,467
RAW,98.4,11196,15229,2.253,461
RAW,98.7,11187,15216,2.292,469
RAW,98.7,11192,15223,2.283,467
RAW,98.7,11190,15219,2.243,459
RAW,99.0,11190,15226,2.258,462
RAW,99.0,11195,15220,2.283,467
RAW,99.0,11192,15209,2.278,466
RAW,99.3,11186,15211,2.229,456
RAW,99.3,11188,15217,2.224,455
RAW,99.3,11193,15217,2.341,479
RAW,99.6,11192,15216,2.234,457
RAW,99.6,11190,15219,2.366,484
RAW,99.6,11186,15212,2.380,487
RAW,99.9,11189,15217,2.366,484
RAW,99.9,11190,15214,2.414,494
RAW,99.9,11187,15215,2.390,489
RAW,100.2,11195,15212,2.405,492
RAW,100.2,11191,15217,2.410,493
RAW,100.2,11187,15210,2.292,469
RAW,100.6,11197,15211,2.273,465
RAW,100.6,11191,15219,2.214,453
RAW,100.9,11195,15218,2.263,463
RAW,100.9,11189,15229,2.268,464
RAW,100.9,11197,15222,2.263,463
RAW,101.2,11186,15222,2.283,467
RAW,101.2,11194,15221,2.229,456
RAW,101.2,11196,15227,2.258,462
RAW,101.5,11195,15223,2.219,454
RAW,101.5,11190,15215,2.214,453
RAW,101.5,11185,15214,2.204,451
RAW,101.8,11190,15207,2.209,452
RAW,101.8,11186,15224,2.214,453
RAW,101.8,11192,15210,2.209,452
RAW,102.1,11191,15209,2.229,456
RAW,102.1,11194,15217,2.234,457
RAW,102.1,11190,15209,2.234,457
RAW,102.4,11191,15219,2.204,451
RAW,102.4,11192,15212,2.209,452
RAW,102.4,11187,15211,2.224,455
RAW,102.7,11178,15207,2.195,449
RAW,102.7,11192,15213,2.195,449
RAW,102.7,11188,15211,2.195,449
RAW,103.0,11172,15200,2.229,456
RAW,103.0,11178,15200,2.214,453
RAW,103.0,11178,15199,2.239,458
RAW,103.3,11175,15197,2.224,455
RAW,103.3,11173,15194,2.229,456
RAW,103.3,11172,15191,2.224,455
RAW,103.6,11183,15199,2.195,449
RAW,103.6,11175,15198,2.219,454
RAW,103.6,11172,15197,2.209,452
RAW,103.9,11187,15207,2.234,457
RAW,103.9,11178,15203,2.263,463
RAW,103.9,11175,15203,2.317,474
RAW,104.2,11186,15209,2.287,468
RAW,104.2,11184,15196,2.366,484
RAW,104.2,11181,15202,2.370,485
RAW,104.5,11186,15198,2.302,471
RAW,104.5,11188,15194,2.326,476
RAW,104.5,11186,15205,2.326,476
RAW,104.8,11183,15203,2.331,477
RAW,104.8,11182,15194,2.331,477
RAW,104.8,11182,15197,2.239,458
RAW,105.1,11189,15205,2.351,481
RAW,105.1,11190,15197,2.248,460
RAW,105.1,11189,15204,2.229,456
RAW,105.4,11192,15209,2.209,452
RAW,105.4,11193,15214,2.229,456
RAW,105.4,11188,15206,2.248,460
RAW,105.7,11188,15213,2.185,447
RAW,105.7,11186,15203,2.190,448
RAW,105.7,11192,15200,2.209,452
RAW,106.0,11184,15215,2.214,453
RAW,106.0,11185,15205,2.239,458
RAW,106.0,11188,15198,2.346,480
RAW,106.3,11179,15209,2.243,459
RAW,106.3,11183,15204,2.322,475
RAW,106.3,11191,15205,2.375,486
RAW,106.6,11191,15204,2.312,473
RAW,106.6,11190,15201,2.346,480
RAW,106.6,11184,15204,2.341,479
RAW,106.9,11187,15197,2.341,479
RAW,106.9,11182,15205,2.331,477
RAW,106.9,11184,15198,2.209,452
RAW,107.2,11185,15205,2.302,471
RAW,107.2,11190,15206,2.214,453
RAW,107.2,11192,15198,2.209,452
RAW,107.6,11187,15207,2.190,448
RAW,107.6,11186,15205,2.185,447
RAW,107.6,11192,15207,2.209,452
RAW,107.9,11194,15211,2.170,444
RAW,107.9,11187,15206,2.170,444
RAW,107.9,11196,15212,2.170,444
RAW,108.2,11185,15207,2.175,445
RAW,108.2,11197,15208,2.199,450
RAW,108.2,11183,15217,2.219,454
RAW,108.5,11183,15210,2.204,451
RAW,108.5,11194,15202,2.199,450
RAW,108.5,11185,15200,2.190,448
RAW,108.8,11190,15204,2.165,443
RAW,108.8,11193,15206,2.170,444
RAW,108.8,11195,15211,2.199,450
RAW,109.1,11192,15199,2.190,448
RAW,109.1,11195,15204,2.155,441
RAW,109.1,11193,15198,2.151,440
RAW,109.4,11193,15198,2.204,451
RAW,109.4,11190,15199,2.209,452
RAW,109.4,11193,15198,2.165,443
RAW,109.7,11183,15200,2.146,439
RAW,109.7,11190,15210,2.165,443
RAW,109.7,11187,15193,2.160,442
RAW,110.0,11193,15213,2.155,441
RAW,110.0,11192,15203,2.165,443
RAW,110.0,11187,15204,2.170,444
RAW,110.3,11184,15219,2.170,444
RAW,110.3,11204,15210,2.165,443
RAW,110.3,11194,15215,2.243,459
RAW,110.6,11203,15209,2.195,449
RAW,110.6,11199,15217,2.302,471
RAW,110.6,11194,15207,2.336,478
RAW,110.9,11186,15203,2.195,449
RAW,110.9,11195,15208,2.287,468
RAW,110.9,11197,15202,2.317,474
RAW,111.2,11192,15200,2.341,479
RAW,111.2,11184,15196,2.341,479
RAW,111.2,11190,15192,2.331,477
RAW,111.5,11192,15199,2.317,474
RAW,111.5,11186,15201,2.326,476
RAW,111.5,11194,15207,2.204,451
RAW,111.8,11188,15211,2.263,463
RAW,111.8,11184,15203,2.170,444
RAW,111.8,11184,15205,2.170,444
RAW,112.1,11186,15203,2.165,443
RAW,112.1,11191,15197,2.151,440
RAW,112.1,11183,15211,2.155,441
RAW,112.4,11191,15193,2.170,444
RAW,112.4,11190,15200,2.185,447
RAW,112.4,11186,15193,2.234,457
RAW,112.7,11197,15193,2.151,440
RAW,112.7,11190,15204,2.234,457
RAW,112.7,11188,15190,2.326,476
RAW,113.0,11196,15203,2.239,458
RAW,113.0,11191,15198,2.292,469
RAW,113.0,11192,15197,2.307,472
RAW,113.3,11189,15195,2.326,476
RAW,113.3,11189,15203,2.331,477
RAW,113.3,11188,15203,2.356,482
RAW,113.7,11186,15205,2.390,489
RAW,113.7,11187,15201,2.239,458
RAW,113.7,11199,15196,2.190,448
RAW,113.9,11198,15201,2.185,447
RAW,113.9,11189,15203,2.170,444
RAW,113.9,11190,15197,2.155,441
RAW,114.2,11192,15202,2.155,441
RAW,114.2,11191,15207,2.146,439
RAW,114.2,11189,15202,2.141,438
RAW,114.6,11193,15202,2.185,447
RAW,114.6,11194,15209,2.155,441
RAW,114.6,11191,15208,2.170,444
RAW,114.9,11191,15203,2.141,438
RAW,114.9,11201,15198,2.092,428
RAW,114.9,11196,15198,2.141,438
RAW,115.2,11192,15196,2.151,440
RAW,115.2,11194,15204,2.136,437
RAW,115.2,11194,15192,2.151,440
RAW,115.5,11197,15200,2.160,442
RAW,115.5,11195,15200,2.160,442
RAW,115.5,11181,15197,2.160,442
RAW,115.8,11201,15195,2.180,446
RAW,115.8,11185,15198,2.185,447
RAW,115.8,11183,15194,2.199,450
RAW,116.1,11185,15193,2.131,436
RAW,116.1,11192,15199,2.165,443
RAW,116.1,11195,15201,2.136,437
RAW,116.4,11190,15191,2.190,448
RAW,116.4,11189,15195,2.185,447
RAW,116.4,11188,15198,2.155,441
RAW,116.7,11187,15188,2.141,438
RAW,116.7,11185,15192,2.185,447
RAW,116.7,11190,15198,2.170,444
RAW,117.0,11184,15186,2.165,443
RAW,117.0,11188,15187,2.146,439
RAW,117.0,11188,15195,2.248,460
RAW,117.3,11181,15190,2.136,437
RAW,117.3,11183,15177,2.273,465
RAW,117.3,11186,15189,2.263,463
RAW,117.6,11185,15192,2.283,467
RAW,117.6,11177,15188,2.297,470
RAW,117.6,11181,15186,2.302,471
RAW,117.9,11193,15199,2.273,465
RAW,117.9,11184,15191,2.307,472
RAW,117.9,11186,15186,2.302,471
RAW,118.2,11186,15184,2.287,468
RAW,118.2,11188,15191,2.234,457
RAW,118.2,11189,15189,2.165,443
RAW,118.5,11182,15192,2.204,451
RAW,118.5,11184,15188,2.155,441
RAW,118.5,11180,15190,2.195,449
RAW,118.8,11182,15192,2.199,450
RAW,118.8,11184,15183,2.175,445
RAW,118.8,11180,15183,2.185,447
RAW,119.1,11177,15189,2.141,438
RAW,119.1,11186,15188,2.146,439
RAW,119.1,11183,15181,2.219,454
RAW,119.4,11178,15194,2.160,442
RAW,119.4,11176,15183,2.248,460
RAW,119.4,11180,15179,2.292,469
RAW,119.7,11184,15188,2.287,468
RAW,119.7,11178,15191,2.292,469
RAW,119.7,11176,15185,2.336,478
RAW,120.0,11186,15175,2.292,469
RAW,120.0,11189,15181,2.307,472
RAW,120.0,11181,15183,2.224,455
RAW,120.3,11183,15185,2.239,458
RAW,120.3,11185,15185,2.165,443
RAW,120.7,11183,15172,2.229,456
RAW,120.7,11181,15171,2.165,443
RAW,120.7,11180,15178,2.180,446
RAW,120.9,11175,15180,2.195,449
RAW,120.9,11174,15184,2.180,446
RAW,120.9,11175,15174,2.180,446
RAW,121.2,11180,15184,2.141,438
RAW,121.2,11173,15177,2.165,443
RAW,121.2,11175,15184,2.136,437
RAW,121.6,11177,15179,2.190,448
RAW,121.6,11176,15183,2.170,444
RAW,121.6,11171,15185,2.151,440
RAW,121.9,11177,15174,2.165,443
RAW,121.9,11176,15180,2.175,445
RAW,121.9,11174,15173,2.170,444
RAW,122.2,11173,15179,2.136,437
RAW,122.2,11169,15166,2.170,444
RAW,122.2,11173,15178,2.146,439
RAW,122.5,11177,15169,2.175,445
RAW,122.5,11178,15172,2.131,436
RAW,122.5,11171,15176,2.131,436
RAW,122.8,11175,15174,2.175,445
RAW,122.8,11182,15176,2.165,443
RAW,122.8,11178,15171,2.165,443
RAW,123.1,11183,15174,2.131,436
RAW,123.1,11177,15177,2.165,443
RAW,123.1,11174,15177,2.175,445
RAW,123.4,11175,15177,2.136,437
RAW,123.4,11173,15180,2.155,441
RAW,123.4,11176,15174,2.151,440
RAW,123.7,11170,15182,2.155,441
RAW,123.7,11174,15170,2.170,444
RAW,123.7,11174,15171,2.273,465
RAW,124.0,11176,15176,2.190,448
RAW,124.0,11172,15167,2.268,464
RAW,124.0,11173,15170,2.312,473
RAW,124.3,11171,15172,2.243,459
RAW,124.3,11180,15178,2.268,464
RAW,124.3,11176,15177,2.268,464
RAW,124.6,11175,15174,2.278,466
RAW,124.6,11173,15173,2.283,467
RAW,124.6,11175,15172,2.287,468
RAW,124.9,11174,15172,2.307,472
RAW,124.9,11173,15171,2.243,459
RAW,124.9,11179,15166,2.190,448
RAW,125.2,11171,15166,2.214,453
RAW,125.2,11177,15164,2.160,442
RAW,125.2,11176,15168,2.155,441
RAW,125.5,11173,15170,2.141,438
RAW,125.5,11175,15165,2.131,436
RAW,125.5,11176,15162,2.146,439
RAW,125.8,11170,15175,2.165,443
RAW,125.8,11173,15173,2.185,447
RAW,125.8,11174,15173,2.248,460
RAW,126.1,11170,15167,2.175,445
RAW,126.1,11179,15165,2.283,467
RAW,126.1,11170,15165,2.331,477
RAW,126.4,11172,15166,2.253,461
RAW,126.4,11178,15169,2.287,468
RAW,126.4,11176,15171,2.302,471
RAW,126.7,11170,15175,2.341,479
RAW,126.7,11172,15171,2.331,477
RAW,126.7,11176,15173,2.307,472
RAW,127.0,11172,15168,2.341,479
RAW,127.0,11171,15173,2.209,452
RAW,127.0,11171,15179,2.155,441
RAW,127.3,11176,15164,2.165,443
RAW,127.3,11180,15167,2.160,442
RAW,127.3,11171,15172,2.151,440
RAW,127.7,11170,15172,2.146,439
RAW,127.7,11172,15173,2.131,436
RAW,127.7,11178,15165,2.136,437
RAW,127.9,11166,15168,2.170,444
RAW,127.9,11174,15171,2.141,438
RAW,127.9,11176,15172,2.146,439
RAW,128.3,11180,15169,2.165,443
RAW,128.3,11174,15170,2.175,445
RAW,128.3,11182,15167,2.180,446
RAW,128.6,11182,15167,2.141,438
RAW,128.6,11177,15175,2.165,443
RAW,128.6,11169,15173,2.146,439
RAW,128.9,11166,15163,2.170,444
RAW,128.9,11169,15170,2.175,445
RAW,128.9,11171,15162,2.165,443
RAW,129.2,11175,15163,2.165,443
RAW,129.2,11180,15165,2.170,444
RAW,129.2,11180,15163,2.175,445
RAW,129.5,11176,15170,2.131,436
RAW,129.5,11182,15166,2.131,436
RAW,129.5,11178,15168,2.131,436
RAW,129.8,11181,15165,2.146,439
RAW,129.8,11176,15171,2.136,437
RAW,129.8,11182,15168,2.151,440
RAW,130.1,11180,15165,2.131,436
RAW,130.1,11177,15163,2.170,444
RAW,130.1,11182,15160,2.160,442
RAW,130.4,11178,15168,2.151,440
RAW,130.4,11172,15168,2.165,443
RAW,130.4,11172,15165,2.287,468
RAW,130.7,11174,15165,2.185,447
RAW,130.7,11172,15170,2.268,464
RAW,130.7,11171,15158,2.268,464
RAW,131.0,11185,15165,2.292,469
RAW,131.0,11178,15159,2.307,472
RAW,131.0,11176,15164,2.341,479
RAW,131.3,11167,15167,2.312,473
RAW,131.3,11175,15168,2.351,481
RAW,131.3,11177,15167,2.229,456
RAW,131.6,11169,15164,2.302,471
RAW,131.6,11169,15161,2.185,447
RAW,131.6,11176,15168,2.160,442
RAW,131.9,11173,15161,2.204,451
RAW,131.9,11175,15166,2.146,439
RAW,131.9,11170,15162,2.141,438
RAW,132.2,11166,15158,2.190,448
RAW,132.2,11170,15161,2.185,447
RAW,132.2,11176,15158,2.160,442
RAW,132.5,11174,15163,2.131,436
RAW,132.5,11169,15156,2.141,438
RAW,132.5,11173,15159,2.248,460
RAW,132.8,11175,15163,2.151,440
RAW,132.8,11183,15162,2.283,467
RAW,132.8,11172,15160,2.297,470
RAW,133.1,11174,15156,2.302,471
RAW,133.1,11175,15167,2.322,475
RAW,133.1,11170,15160,2.312,473
RAW,133.4,11180,15154,2.331,477
RAW,133.4,11176,15163,2.243,459
RAW,133.4,11173,15166,2.224,455
RAW,133.7,11177,15156,2.204,451
RAW,133.7,11165,15168,2.151,440
RAW,134.0,11168,15152,2.224,455
RAW,134.0,11172,15163,2.204,451
RAW,134.0,11175,15157,2.151,440
RAW,134.3,11168,15159,2.155,441
RAW,134.3,11170,15161,2.180,446
RAW,134.3,11168,15157,2.175,445
RAW,134.6,11168,15150,2.146,439
RAW,134.6,11159,15155,2.097,429
RAW,134.6,11163,15155,2.136,437
RAW,134.9,11168,15156,2.141,438
RAW,134.9,11173,15150,2.141,438
RAW,134.9,11168,15159,2.141,438
RAW,135.3,11170,15160,2.136,437
RAW,135.3,11173,15159,2.165,443
RAW,135.3,11172,15161,2.160,442
RAW,135.6,11173,15164,2.141,438
RAW,135.6,11176,15162,2.175,445
RAW,135.6,11177,15157,2.180,446
RAW,135.9,11175,15161,2.131,436
RAW,135.9,11179,15157,2.131,436
RAW,135.9,11180,15161,2.141,438
RAW,136.2,11182,15161,2.146,439
RAW,136.2,11179,15166,2.180,446
RAW,136.2,11172,15159,2.190,448
RAW,136.5,11169,15165,2.180,446
RAW,136.5,11174,15163,2.170,444
RAW,136.5,11178,15164,2.146,439
RAW,136.8,11182,15167,2.131,436
RAW,136.8,11175,15166,2.141,438
RAW,136.8,11179,15163,2.155,441
RAW,137.1,11181,15165,2.160,442
RAW,137.1,11180,15166,2.155,441
RAW,137.1,11181,15161,2.248,460
RAW,137.4,11180,15163,2.234,457
RAW,137.4,11181,15166,2.302,471
RAW,137.4,11176,15163,2.307,472
RAW,137.7,11181,15166,2.258,462
RAW,137.7,11187,15167,2.273,465
RAW,137.7,11180,15162,2.278,466
RAW,138.0,11177,15162,2.287,468
RAW,138.0,11178,15166,2.283,467
RAW,138.0,11181,15168,2.209,452
RAW,138.3,11173,15154,2.307,472
RAW,138.3,11178,15162,2.204,451
RAW,138.3,11187,15158,2.155,441
RAW,138.6,11177,15167,2.204,451
RAW,138.6,11171,15165,2.199,450
RAW,138.6,11174,15159,2.195,449
RAW,138.9,11178,15164,2.136,437
RAW,138.9,11180,15163,2.155,441
RAW,138.9,11179,15158,2.151,440
RAW,139.2,11170,15166,2.190,448
RAW,139.2,11172,15156,2.195,449
RAW,139.2,11180,15160,2.273,465
RAW,139.5,11178,15158,2.155,441
RAW,139.5,11171,15155,2.297,470
RAW,139.5,11172,15155,2.331,477
RAW,139.8,11172,15160,2.278,466
RAW,139.8,11171,15163,2.292,469
RAW,139.8,11171,15166,2.292,469
RAW,140.1,11169,15159,2.297,470
RAW,140.1,11172,15160,2.297,470
RAW,140.1,11174,15148,2.170,444
RAW,140.4,11177,15158,2.297,470
RAW,140.4,11181,15166,2.190,448
RAW,140.4,11173,15164,2.175,445
RAW,140.7,11175,15158,2.151,440
RAW,140.7,11177,15168,2.175,445
RAW,140.7,11172,15167,2.185,447
RAW,141.0,11172,15165,2.136,437
RAW,141.0,11168,15153,2.141,438
RAW,141.0,11169,15155,2.146,439
RAW,141.3,11177,15154,2.170,444
RAW,141.3,11172,15156,2.185,447
RAW,141.3,11172,15158,2.190,448
RAW,141.6,11173,15157,2.180,446
RAW,141.6,11172,15156,2.146,439
RAW,141.6,11176,15156,2.165,443
RAW,141.9,11180,15154,2.116,433
RAW,141.9,11170,15156,2.141,438
RAW,141.9,11176,15159,2.136,437
RAW,142.3,11166,15151,2.136,437
RAW,142.3,11171,15149,2.136,437
RAW,142.3,11169,15158,2.131,436
RAW,142.6,11162,15151,2.175,445
RAW,142.6,11165,15150,2.131,436
RAW,142.6,11168,15149,2.175,445
RAW,142.9,11162,15149,2.131,436
RAW,142.9,11173,15149,2.131,436
RAW,142.9,11163,15151,2.165,443
RAW,143.2,11167,15143,2.141,438
RAW,143.2,11168,15149,2.141,438
RAW,143.2,11170,15141,2.146,439
RAW,143.5,11173,15149,2.165,443
RAW,143.5,11171,15149,2.136,437
RAW,143.5,11166,15146,2.248,460
RAW,143.8,11166,15154,2.190,448
RAW,143.8,11171,15148,2.273,465
RAW,143.8,11167,15148,2.307,472
RAW,144.1,11177,15148,2.253,461
RAW,144.1,11172,15155,2.268,464
RAW,144.1,11167,15150,2.273,465
RAW,144.4,11174,15149,2.322,475
RAW,144.4,11179,15155,2.307,472
RAW,144.4,11173,15154,2.287,468
RAW,144.7,11167,15157,2.302,471
RAW,144.7,11167,15149,2.326,476
RAW,144.7,11164,15148,2.190,448
RAW,145.0,11173,15153,2.258,462
RAW,145.0,11172,15152,2.170,444
RAW,145.0,11172,15152,2.160,442
RAW,145.3,11174,15144,2.141,438
RAW,145.3,11174,15155,2.141,438
RAW,145.3,11171,15152,2.146,439
RAW,145.6,11173,15150,2.185,447
RAW,145.6,11165,15151,2.185,447
RAW,145.6,11175,15157,2.209,452
RAW,145.9,11169,15149,2.146,439
RAW,145.9,11169,15148,2.248,460
RAW,145.9,11174,15138,2.326,476
RAW,146.2,11168,15147,2.239,458
RAW,146.2,11165,15151,2.297,470
RAW,146.2,11173,15144,2.312,473
RAW,146.5,11168,15151,2.317,474
RAW,146.5,11172,15154,2.346,480
RAW,146.5,11161,15139,2.341,479
RAW,146.8,11162,15142,2.331,477
RAW,146.8,11172,15146,2.248,460
RAW,146.8,11166,15146,2.204,451
RAW,147.1,11167,15139,2.185,447
RAW,147.1,11172,15143,2.160,442
RAW,147.1,11165,15148,2.151,440
RAW,147.4,11172,15145,2.155,441
RAW,147.4,11170,15146,2.151,440
RAW,147.4,11170,15143,2.146,439
RAW,147.7,11169,15143,2.151,440
RAW,147.7,11170,15143,2.170,444
RAW,147.7,11169,15142,2.170,444
RAW,148.0,11166,15144,2.165,443
RAW,148.0,11167,15140,2.136,437
RAW,148.0,11160,15145,2.170,444
RAW,148.4,11160,15145,2.146,439
RAW,148.4,11163,15135,2.141,438
RAW,148.4,11166,15148,2.131,436
RAW,148.6,11160,15142,2.131,436
RAW,148.6,11165,15139,2.229,456
RAW,148.6,11162,15140,2.185,447
RAW,148.9,11162,15141,2.170,444
RAW,148.9,11165,15140,2.180,446
RAW,148.9,11159,15140,2.151,440
RAW,149.3,11160,15151,2.136,437
RAW,149.3,11162,15151,2.131,436
RAW,149.3,11165,15148,2.136,437
RAW,149.6,11177,15156,2.160,442
RAW,149.6,11169,15155,2.146,439
RAW,149.6,11166,15152,2.151,440
RAW,149.9,11169,15154,2.165,443
RAW,149.9,11173,15163,2.170,444
RAW,149.9,11166,15160,2.141,438
RAW,150.2,11173,15152,2.141,438
RAW,150.2,11176,15151,2.146,439
RAW,150.2,11173,15155,2.248,460
RAW,150.5,11171,15151,2.136,437
RAW,150.5,11172,15153,2.248,460
RAW,150.5,11171,15154,2.263,463
RAW,150.8,11160,15145,2.283,467
RAW,150.8,11167,15148,2.307,472
RAW,150.8,11172,15146,2.297,470
RAW,151.1,11170,15147,2.292,469
RAW,151.1,11175,15148,2.322,475
RAW,151.1,11163,15151,2.297,470
RAW,151.4,11163,15151,2.287,468
RAW,151.4,11164,15152,2.253,461
RAW,151.4,11166,15147,2.165,443
RAW,151.7,11168,15140,2.248,460
RAW,151.7,11163,15146,2.190,448
RAW,151.7,11170,15141,2.160,442
RAW,152.0,11168,15149,2.175,445
RAW,152.0,11163,15143,2.190,448
RAW,152.0,11166,15147,2.190,448
RAW,152.3,11163,15142,2.151,440
RAW,152.3,11166,15142,2.146,439
RAW,152.3,11173,15144,2.224,455
RAW,152.6,11166,15139,2.151,440
RAW,152.6,11158,15146,2.258,462
RAW,152.6,11172,15144,2.297,470
RAW,152.9,11169,15143,2.248,460
RAW,152.9,11160,15143,2.326,476
RAW,152.9,11169,15142,2.326,476
RAW,153.2,11167,15145,2.297,470
RAW,153.2,11163,15136,2.336,478
RAW,153.2,11165,15137,2.243,459
RAW,153.5,11174,15151,2.234,457
RAW,153.5,11169,15150,2.160,442
RAW,153.8,11164,15131,2.190,448
RAW,153.8,11159,15138,2.204,451
RAW,153.8,11159,15141,2.199,450
RAW,154.1,11166,15137,2.204,451
RAW,154.1,11165,15143,2.175,445
RAW,154.1,11158,15136,2.175,445
RAW,154.4,11166,15138,2.146,439
RAW,154.4,11167,15135,2.136,437
RAW,154.4,11168,15134,2.146,439
RAW,154.7,11165,15134,2.155,441
RAW,154.7,11166,15134,2.146,439
RAW,154.7,11167,15134,2.141,438
RAW,155.0,11164,15135,2.170,444
RAW,155.0,11161,15140,2.146,439
RAW,155.0,11166,15136,2.165,443
RAW,155.4,11163,15129,2.141,438
RAW,155.4,11164,15134,2.136,437
RAW,155.4,11163,15138,2.146,439
RAW,155.6,11164,15143,2.126,435
RAW,155.6,11159,15138,2.136,437
RAW,155.6,11161,15140,2.131,436
RAW,155.9,11166,15137,2.170,444
RAW,155.9,11163,15135,2.175,445
RAW,155.9,11166,15133,2.146,439
RAW,156.3,11174,15136,2.180,446
RAW,156.3,11164,15138,2.180,446
RAW,156.3,11164,15135,2.185,447
RAW,156.6,11164,15127,2.141,438
RAW,156.6,11166,15126,2.146,439
RAW,156.6,11156,15133,2.151,440
RAW,156.9,11169,15124,2.190,448
RAW,156.9,11167,15125,2.190,448
RAW,156.9,11162,15131,2.243,459
RAW,157.2,11153,15123,2.151,440
RAW,157.2,11160,15123,2.292,469
RAW,157.2,11156,15128,2.307,472
RAW,157.5,11159,15123,2.253,461
RAW,157.5,11158,15122,2.268,464
RAW,157.5,11158,15120,2.273,465
RAW,157.8,11156,15122,2.283,467
RAW,157.8,11153,15118,2.302,471
RAW,157.8,11149,15127,2.268,464
RAW,158.1,11156,15127,2.307,472
RAW,158.1,11158,15122,2.234,457
RAW,158.1,11155,15121,2.180,446
RAW,158.4,11156,15118,2.195,449
RAW,158.4,11154,15119,2.180,446
RAW,158.4,11152,15123,2.190,448
RAW,158.7,11151,15123,2.136,437
RAW,158.7,11158,15122,2.141,438
RAW,158.7,11153,15117,2.170,444
RAW,159.0,11152,15116,2.092,428
RAW,159.0,11152,15119,2.195,449
RAW,159.0,11151,15112,2.283,467
RAW,159.3,11149,15113,2.185,447
RAW,159.3,11153,15113,2.273,465
RAW,159.3,11145,15113,2.322,475
RAW,159.6,11150,15115,2.263,463
RAW,159.6,11156,15109,2.297,470
RAW,159.6,11154,15107,2.307,472
RAW,159.9,11158,15119,2.292,469
RAW,159.9,11161,15110,2.297,470
RAW,159.9,11155,15114,2.195,449
RAW,160.2,11152,15122,2.253,461
RAW,160.2,11150,15111,2.185,447
RAW,160.5,11152,15115,2.190,448
RAW,160.5,11150,15109,2.155,441
RAW,160.5,11147,15112,2.151,440
RAW,160.8,11154,15109,2.155,441
RAW,160.8,11157,15115,2.141,438
RAW,160.8,11150,15105,2.151,440
RAW,161.1,11153,15110,2.170,444
RAW,161.1,11156,15109,2.141,438
RAW,161.1,11158,15119,2.175,445
RAW,161.4,11149,15110,2.185,447
RAW,161.4,11146,15110,2.180,446
RAW,161.4,11154,15107,2.180,446
RAW,161.7,11152,15103,2.141,438
RAW,161.7,11148,15110,2.155,441
RAW,161.7,11153,15114,2.141,438
RAW,162.0,11154,15112,2.190,448
RAW,162.0,11152,15111,2.190,448
RAW,162.0,11154,15111,2.131,436
RAW,162.4,11154,15114,2.170,444
RAW,162.4,11144,15110,2.175,445
RAW,162.4,11159,15110,2.165,443
RAW,162.6,11148,15113,2.131,436
RAW,162.6,11149,15109,2.131,436
RAW,162.6,11150,15115,2.136,437
RAW,163.0,11144,15109,2.146,439
RAW,163.0,11143,15111,2.146,439
RAW,163.0,11151,15114,2.151,440
RAW,163.3,11154,15108,2.165,443
RAW,163.3,11149,15107,2.175,445
RAW,163.3,11144,15118,2.170,444
RAW,163.6,11152,15103,2.146,439
RAW,163.6,11155,15107,2.175,445
RAW,163.6,11148,15105,2.287,468
RAW,163.9,11143,15103,2.131,436
RAW,163.9,11155,15107,2.248,460
RAW,163.9,11147,15104,2.273,465
RAW,164.2,11151,15104,2.287,468
RAW,164.2,11152,15103,2.331,477
RAW,164.2,11148,15101,2.331,477
RAW,164.5,11146,15096,2.326,476
RAW,164.5,11145,15103,2.297,470
RAW,164.5,11140,15106,2.268,464
RAW,164.8,11140,15104,2.287,468
RAW,164.8,11150,15098,2.209,452
RAW,164.8,11142,15098,2.165,443
RAW,165.1,11141,15100,2.170,444
RAW,165.1,11143,15100,2.151,440
RAW,165.1,11138,15092,2.141,438
RAW,165.4,11142,15094,2.185,447
RAW,165.4,11142,15101,2.160,442
RAW,165.4,11143,15097,2.175,445
RAW,165.7,11144,15094,2.136,437
RAW,165.7,11146,15089,2.136,437
RAW,165.7,11148,15097,2.248,460
RAW,166.0,11144,15096,2.151,440
RAW,166.0,11139,15099,2.258,462
RAW,166.0,11137,15090,2.292,469
RAW,166.3,11142,15098,2.287,468
RAW,166.3,11145,15103,2.283,467
RAW,166.3,11144,15095,2.326,476
RAW,166.6,11146,15101,2.346,480
RAW,166.6,11140,15093,2.366,484
RAW,166.6,11142,15094,2.209,452
RAW,166.9,11141,15093,2.199,450
RAW,166.9,11143,15098,2.155,441
RAW,167.2,11141,15089,2.229,456
RAW,167.2,11148,15101,2.136,437
RAW,167.2,11148,15097,2.141,438
RAW,167.5,11141,15087,2.175,445
RAW,167.5,11145,15089,2.170,444
RAW,167.5,11139,15097,2.151,440
RAW,167.8,11139,15087,2.141,438
RAW,167.8,11138,15084,2.131,436
RAW,167.8,11142,15092,2.136,437
RAW,168.1,11132,15076,2.136,437
RAW,168.1,11139,15083,2.131,436
RAW,168.1,11139,15086,2.136,437
RAW,168.4,11134,15083,2.160,442
RAW,168.4,11136,15084,2.160,442
RAW,168.4,11135,15080,2.151,440
RAW,168.7,11126,15074,2.165,443
RAW,168.7,11137,15075,2.170,444
RAW,168.7,11131,15085,2.175,445
RAW,169.0,11126,15075,2.121,434
RAW,169.0,11128,15071,2.126,435
RAW,169.0,11124,15077,2.155,441
RAW,169.4,11126,15079,2.165,443
RAW,169.4,11132,15079,2.170,444
RAW,169.4,11128,15074,2.131,436
RAW,169.6,11122,15074,2.155,441
RAW,169.6,11131,15074,2.141,438
RAW,169.6,11133,15083,2.170,444
RAW,170.0,11120,15069,2.131,436
RAW,170.0,11125,15073,2.141,438
RAW,170.0,11127,15072,2.131,436
RAW,170.3,11125,15068,2.131,436
RAW,170.3,11126,15074,2.131,436
RAW,170.3,11127,15072,2.239,458
RAW,170.6,11123,15072,2.170,444
RAW,170.6,11128,15075,2.356,482
RAW,170.6,11131,15070,2.297,470
RAW,170.9,11122,15062,2.248,460
RAW,170.9,11124,15074,2.410,493
RAW,170.9,11123,15069,2.263,463
RAW,171.2,11123,15064,2.268,464
RAW,171.2,11124,15071,2.278,466
RAW,171.2,11122,15069,2.239,458
RAW,171.5,11122,15064,2.287,468
RAW,171.5,11122,15062,2.180,446
RAW,171.5,11119,15062,2.175,445
RAW,171.8,11126,15066,2.229,456
RAW,171.8,11117,15060,2.190,448
RAW,171.8,11120,15059,2.170,444
RAW,172.1,11119,15061,2.146,439
RAW,172.1,11126,15060,2.131,436
RAW,172.1,11122,15065,2.126,435
RAW,172.4,11122,15062,2.175,445
RAW,172.4,11121,15062,2.146,439
RAW,172.4,11116,15058,2.243,459
RAW,172.7,11113,15058,2.155,441
RAW,172.7,11113,15058,2.268,464
RAW,172.7,11123,15062,2.287,468
RAW,173.0,11123,15061,2.253,461
RAW,173.0,11118,15050,2.283,467
RAW,173.0,11121,15060,2.287,468
RAW,173.3,11114,15059,2.268,464
RAW,173.3,11112,15069,2.273,465
RAW,173.3,11120,15061,2.151,440
RAW,173.6,11123,15061,2.214,453
RAW,173.6,11125,15063,2.141,438
RAW,173.9,11125,15076,2.195,449
RAW,173.9,11122,15067,2.170,444
RAW,173.9,11130,15065,2.165,443
RAW,174.2,11129,15075,2.131,436
RAW,174.2,11128,15067,2.116,433
RAW,174.2,11132,15078,2.131,436
RAW,174.5,11130,15075,2.155,441
RAW,174.5,11131,15072,2.155,441
RAW,174.5,11130,15080,2.141,438
RAW,174.8,11128,15066,2.131,436
RAW,174.8,11127,15070,2.151,440
RAW,174.8,11125,15077,2.146,439
RAW,175.1,11135,15075,2.126,435
RAW,175.1,11133,15075,2.116,433
RAW,175.1,11131,15074,2.111,432
RAW,175.4,11128,15071,2.102,430
RAW,175.4,11124,15072,2.107,431
RAW,175.4,11129,15075,2.107,431
RAW,175.7,11127,15071,2.111,432
RAW,175.7,11127,15067,2.136,437
RAW,175.7,11130,15069,2.136,437
RAW,176.0,11133,15076,2.097,429
RAW,176.0,11128,15077,2.102,430
RAW,176.0,11126,15071,2.126,435
RAW,176.4,11140,15068,2.097,429
RAW,176.4,11128,15070,2.097,429
RAW,176.4,11127,15067,2.107,431
RAW,176.6,11128,15075,2.126,435
RAW,176.6,11131,15074,2.087,427
RAW,176.6,11116,15069,2.141,438
RAW,177.0,11133,15067,2.141,438
RAW,177.0,11132,15078,2.146,439
RAW,177.0,11126,15073,2.239,458
RAW,177.3,11136,15076,2.111,432
RAW,177.3,11126,15079,2.204,451
RAW,177.3,11123,15076,2.234,457
RAW,177.6,11132,15077,2.258,462
RAW,177.6,11140,15074,2.239,458
RAW,177.6,11128,15083,2.248,460
RAW,177.9,11138,15082,2.263,463
RAW,177.9,11140,15078,2.263,463
RAW,177.9,11131,15074,2.199,450
RAW,178.2,11138,15083,2.239,458
RAW,178.2,11134,15085,2.165,443
RAW,178.2,11133,15086,2.126,435
RAW,178.5,11140,15078,2.126,435
RAW,178.5,11138,15086,2.092,428
RAW,178.5,11139,15082,2.092,428
RAW,178.8,11139,15079,2.131,436
RAW,178.8,11135,15087,2.107,431
RAW,178.8,11139,15088,2.107,431
RAW,179.1,11145,15086,2.111,432
RAW,179.1,11135,15087,2.131,436
RAW,179.1,11134,15077,2.229,456
RAW,179.4,11140,15083,2.092,428
RAW,179.4,11147,15078,2.209,452
RAW,179.4,11134,15076,2.234,457
RAW,179.7,11135,15076,2.253,461
RAW,179.7,11135,15076,2.278,466
RAW,179.7,11130,15072,2.273,465
RAW,180.0,11131,15084,2.273,465
RAW,180.0,11138,15076,2.287,468
RAW,180.0,11143,15078,2.155,441
RAW,180.3,11136,15073,2.146,439
RAW,180.3,11130,15078,2.092,428
RAW,180.6,11132,15074,2.126,435
RAW,180.6,11137,15077,2.097,429
RAW,180.6,11124,15077,2.087,427
RAW,180.9,11136,15075,2.087,427
RAW,180.9,11140,15077,2.107,431
RAW,180.9,11140,15079,2.067,423
RAW,181.2,11134,15074,2.136,437
RAW,181.2,11141,15067,2.102,430
RAW,181.2,11136,15079,2.111,432
RAW,181.5,11132,15081,2.067,423
RAW,181.5,11136,15073,2.072,424
RAW,181.5,11139,15073,2.087,427
RAW,181.8,11135,15070,2.072,424
RAW,181.8,11135,15077,2.107,431
RAW,181.8,11142,15073,2.111,432
RAW,182.1,11136,15082,2.102,430
RAW,182.1,11134,15075,2.107,431
RAW,182.1,11133,15076,2.072,424
RAW,182.4,11129,15081,2.053,420
RAW,182.4,11130,15082,2.063,422
RAW,182.4,11137,15074,2.063,422
RAW,182.7,11123,15079,2.092,428
RAW,182.7,11127,15073,2.121,434
RAW,182.7,11132,15078,2.072,424
RAW,183.0,11129,15073,2.082,426
RAW,183.0,11137,15074,2.082,426
RAW,183.0,11132,15075,2.077,425
RAW,183.4,11137,15073,2.053,420
RAW,183.4,11136,15064,2.067,423
RAW,183.4,11129,15074,2.067,423
RAW,183.6,11125,15064,2.053,420
RAW,183.6,11132,15064,2.053,420
RAW,183.6,11133,15074,2.155,441
RAW,184.0,11136,15066,2.087,427
RAW,184.0,11128,15065,2.204,451
RAW,184.0,11128,15071,2.204,451
RAW,184.3,11133,15072,2.199,450
RAW,184.3,11138,15072,2.229,456
RAW,184.3,11128,15072,2.239,458
RAW,184.6,11134,15074,2.190,448
RAW,184.6,11130,15068,2.195,449
RAW,184.6,11124,15070,2.190,448
RAW,184.9,11132,15068,2.243,459
RAW,184.9,11134,15071,2.219,454
RAW,184.9,11128,15067,2.067,423
RAW,185.2,11141,15072,2.141,438
RAW,185.2,11145,15080,2.092,428
RAW,185.2,11130,15072,2.092,428
RAW,185.5,11133,15080,2.053,420
RAW,185.5,11140,15072,2.053,420
RAW,185.5,11128,15070,2.043,418
RAW,185.8,11132,15067,2.067,423
RAW,185.8,11135,15063,2.053,420
RAW,185.8,11132,15075,2.141,438
RAW,186.1,11137,15074,2.043,418
RAW,186.1,11137,15065,2.185,447
RAW,186.1,11128,15068,2.219,454
RAW,186.4,11129,15070,2.170,444
RAW,186.4,11137,15075,2.234,457
RAW,186.4,11139,15066,2.248,460
RAW,186.7,11136,15072,2.195,449
RAW,186.7,11143,15069,2.199,450
RAW,186.7,11139,15069,2.107,431
RAW,187.0,11132,15071,2.185,447
RAW,187.0,11138,15077,2.107,431
RAW,187.3,11129,15071,2.151,440
RAW,187.3,11134,15071,2.116,433
RAW,187.3,11144,15069,2.077,425
RAW,187.6,11124,15072,1.975,404
RAW,187.6,11125,15071,2.053,420
RAW,187.6,11126,15076,2.048,419
RAW,187.9,11125,15065,2.043,418
RAW,187.9,11137,15076,2.038,417
RAW,187.9,11130,15073,2.038,417
RAW,188.2,11132,15069,2.077,425
RAW,188.2,11131,15069,2.053,420
RAW,188.2,11130,15070,2.072,424
RAW,188.5,11125,15062,2.028,415
RAW,188.5,11129,15065,2.043,418
RAW,188.5,11124,15067,2.033,416
RAW,188.8,11130,15063,2.033,416
RAW,188.8,11125,15064,2.033,416
RAW,188.8,11121,15072,2.028,415
RAW,189.1,11125,10400,2.053,420
RAW,189.1,11128,10403,2.038,417
RAW,189.1,11128,10404,2.077,425
RAW,189.4,11128,10413,2.067,423
RAW,189.4,11126,10402,2.082,426
RAW,189.4,11130,10402,2.058,421
RAW,189.7,11139,10411,2.053,420
RAW,189.7,11139,10413,2.038,417
RAW,189.7,11132,10404,2.038,417
RAW,190.0,11141,10414,2.058,421
RAW,190.0,11142,10407,2.053,420
RAW,190.0,11132,10409,2.033,416
RAW,190.4,11134,10415,2.067,423
RAW,190.4,11131,10406,2.087,427
RAW,190.4,11138,10412,2.170,444
RAW,190.6,11132,10409,2.087,427
RAW,190.6,11137,10414,2.151,440
RAW,190.6,11135,10409,2.165,443
RAW,191.0,11134,10405,2.160,442
RAW,191.0,11129,10404,2.195,449
RAW,191.0,11128,10409,2.175,445
RAW,191.3,11128,10403,2.180,446
RAW,191.3,11135,10409,2.195,449
RAW,191.3,11129,10403,2.116,433
RAW,191.6,11130,10406,2.185,447
RAW,191.6,11132,10408,2.097,429
RAW,191.6,11121,10402,2.097,429
RAW,191.9,11121,10397,2.023,414
RAW,191.9,11130,10399,2.033,416
RAW,191.9,11126,10395,2.028,415
RAW,192.2,11123,10396,2.077,425
RAW,192.2,11126,10396,2.097,429
RAW,192.2,11127,10391,2.087,427
RAW,192.5,11127,10399,2.053,420
RAW,192.5,11124,10400,2.023,414
RAW,192.5,11131,10394,2.131,436
RAW,192.8,11128,10396,2.033,416
RAW,192.8,11122,10397,2.126,435
RAW,192.8,11124,10399,2.141,438
RAW,193.1,11125,10403,2.116,433
RAW,193.1,11124,10401,2.126,435
RAW,193.1,11123,10395,2.131,436
RAW,193.4,11125,10396,2.146,439
RAW,193.4,11125,10399,2.170,444
RAW,193.4,11128,10401,2.092,428
RAW,193.7,11128,10394,2.111,432
RAW,193.7,11131,10405,2.063,422
RAW,193.7,11125,10406,2.058,421
RAW,194.0,11126,10403,2.067,423
RAW,194.0,11136,10399,2.033,416
RAW,194.0,11133,10402,2.033,416
RAW,194.3,11128,10409,2.014,412
RAW,194.3,11134,10408,2.058,421
RAW,194.3,11122,10409,2.072,424
RAW,194.6,11133,10402,2.072,424
RAW,194.6,11127,10409,2.063,422
RAW,194.6,11128,10399,2.048,419
RAW,194.9,11133,10403,2.014,412
RAW,194.9,11126,10405,2.028,415
RAW,194.9,11127,10400,2.023,414
RAW,195.2,11128,10402,2.033,416
RAW,195.2,11124,10399,2.023,414
RAW,195.2,11124,10402,2.019,413
RAW,195.5,11127,10400,2.053,420
RAW,195.5,11124,10400,2.019,413
RAW,195.5,11126,10402,2.048,419
RAW,195.8,11128,10408,2.014,412
RAW,195.8,11137,10406,2.023,414
RAW,195.8,11127,10411,2.023,414
RAW,196.1,11132,10396,2.038,417
RAW,196.1,11128,10402,2.028,415
RAW,196.1,11131,10408,2.023,414
RAW,196.4,11129,10407,2.048,419
RAW,196.4,11135,10400,2.043,418
RAW,196.4,11131,10403,2.043,418
RAW,196.7,11133,10402,2.053,420
RAW,196.7,11127,10407,2.063,422
RAW,196.7,11124,10404,2.136,437
RAW,197.1,11129,10402,2.048,419
RAW,197.1,11132,10403,2.116,433
RAW,197.1,11126,10405,2.151,440
RAW,197.4,11129,10402,2.180,446
RAW,197.4,11127,10399,2.209,452
RAW,197.4,11124,10399,2.170,444
RAW,197.6,11126,10403,2.185,447
RAW,197.6,11124,10404,2.190,448
RAW,197.6,11125,10403,2.195,449
RAW,198.0,11133,10410,2.160,442
RAW,198.0,11128,10403,2.165,443
RAW,198.0,11126,10404,2.053,420
RAW,198.3,11136,10399,2.116,433
RAW,198.3,11126,10402,2.053,420
RAW,198.3,11132,10408,2.028,415
RAW,198.6,11136,10406,2.063,422
RAW,198.6,11131,10409,2.058,421
RAW,198.6,11130,10404,2.048,419
RAW,198.9,11132,10399,2.019,413
RAW,198.9,11126,10404,2.053,420
RAW,198.9,11131,10397,2.092,428
RAW,199.2,11133,10408,2.033,416
RAW,199.2,11129,10412,2.092,428
RAW,199.2,11131,10404,2.131,436
RAW,199.5,11128,10407,2.087,427
RAW,199.5,11134,10412,2.165,443
RAW,199.5,11136,10400,2.165,443
RAW,199.8,11135,10407,2.185,447
RAW,199.8,11133,10404,2.160,442
RAW,199.8,11129,10402,2.170,444
RAW,200.1,11128,10405,2.121,434
RAW,200.1,11138,10401,2.053,420
RAW,200.1,11136,10398,2.033,416
RAW,200.4,11134,10401,2.053,420
RAW,200.4,11134,10404,2.038,417
RAW,200.4,11130,10402,2.033,416
RAW,200.7,11125,10401,2.028,415
RAW,200.7,11128,10401,2.053,420
RAW,200.7,11121,10396,2.058,421
RAW,201.0,11133,10399,2.028,415
RAW,201.0,11129,10402,2.028,415
RAW,201.0,11120,10394,2.058,421
RAW,201.3,11133,10405,2.014,412
RAW,201.3,11133,10400,2.014,412
RAW,201.3,11131,10396,2.014,412
RAW,201.6,11122,10399,2.019,413
RAW,201.6,11128,10392,2.053,420
RAW,201.6,11129,10401,2.067,423
RAW,201.9,11125,10393,2.053,420
RAW,201.9,11126,10393,2.063,422
RAW,201.9,11124,10394,2.038,417
RAW,202.2,11125,10394,2.028,415
RAW,202.2,11124,10394,2.019,413
RAW,202.2,11127,10397,2.014,412
RAW,202.5,11125,10404,2.048,419
RAW,202.5,11125,10393,2.019,413
RAW,202.5,11130,10395,2.014,412
RAW,202.8,11127,10397,2.043,418
RAW,202.8,11123,10400,2.053,420
RAW,202.8,11129,10391,2.048,419
RAW,203.1,11124,10395,2.014,412
RAW,203.1,11127,10396,2.019,413
RAW,203.1,11128,10401,2.028,415
RAW,203.4,11127,10399,2.019,413
RAW,203.4,11118,10397,2.033,416
RAW,203.4,11118,10399,2.136,437
RAW,203.7,11128,10392,2.092,428
RAW,203.7,11123,10393,2.170,444
RAW,203.7,11121,10392,2.170,444
RAW,204.1,11124,10394,2.165,443
RAW,204.1,11122,10392,2.190,448
RAW,204.1,11118,10391,2.195,449
RAW,204.4,11118,10400,2.160,442
RAW,204.4,11123,10388,2.170,444
RAW,204.4,11122,10392,2.092,428
RAW,204.7,11127,10394,2.204,451
RAW,204.7,11121,10393,2.092,428
RAW,204.7,11117,10387,2.033,416
RAW,205.0,11129,10392,2.072,424
RAW,205.0,11128,10390,2.063,422
RAW,205.0,11126,10394,2.072,424
RAW,205.3,11127,10394,1.926,394
RAW,205.3,11116,10395,2.023,414
RAW,205.3,11116,10389,2.014,412
RAW,205.6,11122,10392,2.028,415
RAW,205.6,11127,10392,2.028,415
RAW,205.6,11121,10394,2.097,429
RAW,205.9,11132,10391,2.048,419
RAW,205.9,11121,10391,2.131,436
RAW,205.9,11122,10389,2.151,440
RAW,206.2,11119,10389,2.116,433
RAW,206.2,11124,10391,2.165,443
RAW,206.2,11124,10390,2.165,443
RAW,206.5,11126,10398,2.126,435
RAW,206.5,11128,10397,2.131,436
RAW,206.5,11117,10392,2.043,418
RAW,206.8,11124,10397,2.126,435
RAW,206.8,11124,10388,2.092,428
RAW,206.8,11129,10387,2.063,422
RAW,207.1,11117,10388,2.053,420
RAW,207.1,11123,10390,2.038,417
RAW,207.1,11117,10390,2.053,420
RAW,207.4,11121,10387,2.014,412
RAW,207.4,11117,10393,2.023,414
RAW,207.4,11118,10395,2.019,413
RAW,207.7,11123,10384,2.014,412
RAW,207.7,11114,10392,2.019,413
RAW,207.7,11114,10390,2.014,412
RAW,208.0,11116,10386,2.033,416
RAW,208.0,11121,10388,2.058,421
RAW,208.0,11120,10387,2.053,420
RAW,208.3,11118,10387,2.009,411
RAW,208.3,11123,10390,2.004,410
RAW,208.3,11119,10386,2.048,419
RAW,208.6,11116,10391,2.019,413
RAW,208.6,11125,10384,1.911,391
RAW,208.6,11118,10389,2.023,414
RAW,208.9,11121,10394,2.048,419
RAW,208.9,11127,10393,2.038,417
RAW,208.9,11127,10388,2.058,421
RAW,209.2,11124,10392,2.063,422
RAW,209.2,11124,10384,2.067,423
RAW,209.2,11122,10395,2.028,415
RAW,209.5,11119,10385,2.033,416
RAW,209.5,11120,10385,2.023,414
RAW,209.5,11124,10392,2.023,414
RAW,209.8,11123,10387,2.053,420
RAW,209.8,11124,10388,2.019,413
RAW,209.8,11119,10385,1.999,409
RAW,210.1,11115,10385,2.053,420
RAW,210.1,11116,10386,2.155,441
RAW,210.1,11116,10386,2.151,440
RAW,210.4,11112,10380,2.116,433
RAW,210.4,11118,10384,2.151,440
RAW,210.4,11120,10396,2.155,441
RAW,210.8,11118,10382,2.151,440
RAW,210.8,11121,10381,2.155,441
RAW,210.8,11118,10383,2.165,443
RAW,211.1,11126,10390,2.214,453
RAW,211.1,11114,10389,2.155,441
RAW,211.1,11112,10385,2.038,417
RAW,211.4,11124,10380,2.131,436
RAW,211.4,11118,10386,2.092,428
RAW,211.4,11122,10384,2.077,425
RAW,211.7,11122,10382,2.023,414
RAW,211.7,11126,10389,2.019,413
RAW,211.7,11122,10385,2.038,417
RAW,212.0,11116,10388,2.067,423
RAW,212.0,11122,10385,2.067,423
RAW,212.0,11124,10381,2.107,431
RAW,212.3,11121,10379,2.028,415
RAW,212.3,11117,10384,2.111,432
RAW,212.3,11120,10379,2.160,442
RAW,212.6,11123,10389,2.097,429
RAW,212.6,11117,10380,2.131,436
RAW,212.6,11119,10381,2.126,435
RAW,212.9,11123,10385,2.116,433
RAW,212.9,11114,10386,2.107,431
RAW,212.9,11113,10379,2.126,435
RAW,213.2,11120,10382,2.160,442
RAW,213.2,11113,10380,2.082,426
RAW,213.2,11115,10377,2.063,422
RAW,213.5,11125,10384,2.033,416
RAW,213.5,11124,10383,2.043,418
RAW,213.5,11122,10386,2.053,420
RAW,213.8,11116,10384,2.028,415
RAW,213.8,11122,10381,2.023,414
RAW,213.8,11129,10380,2.023,414
RAW,214.1,11125,10377,2.038,417
RAW,214.1,11127,10379,2.043,418
RAW,214.1,11116,10382,2.053,420
RAW,214.4,11119,10382,2.058,421
RAW,214.4,11125,10381,2.028,415
RAW,214.4,11120,10383,2.053,420
RAW,214.7,11126,10388,2.014,412
RAW,214.7,11123,10377,2.014,412
RAW,214.7,11116,10387,2.004,410
RAW,215.0,11122,10373,2.014,412
RAW,215.0,11124,10376,2.023,414
RAW,215.0,11124,10384,1.935,396
RAW,215.3,11115,10372,2.038,417
RAW,215.3,11121,10378,2.009,411
RAW,215.3,11118,10374,2.048,419
RAW,215.6,11120,10374,2.053,420
RAW,215.6,11117,10376,2.019,413
RAW,215.6,11118,10382,2.053,420
RAW,215.9,11114,10373,2.009,411
RAW,215.9,11119,10376,2.014,412
RAW,215.9,11118,10383,2.014,412
RAW,216.2,11114,10380,2.038,417
RAW,216.2,11113,10374,2.028,415
RAW,216.2,11113,10376,2.053,420
RAW,216.5,11114,10374,2.053,420
RAW,216.5,11121,10379,2.077,425
RAW,216.5,11113,10380,2.170,444
RAW,216.8,11115,10379,2.092,428
RAW,216.8,11118,10372,2.136,437
RAW,216.8,11106,10374,2.155,441
RAW,217.1,11119,10376,2.199,450
RAW,217.1,11113,10374,2.160,442
RAW,217.1,11109,10373,2.165,443
RAW,217.4,11121,10381,2.190,448
RAW,217.4,11116,10376,2.195,449
RAW,217.4,11118,10377,2.107,431
RAW,217.8,11113,10373,2.155,441
RAW,217.8,11116,10376,2.063,422
RAW,217.8,11113,10375,2.028,415
RAW,218.1,11116,10369,2.043,418
RAW,218.1,11114,10371,2.019,413
RAW,218.1,11118,10376,2.033,416
RAW,218.4,11107,10371,2.063,422
RAW,218.4,11111,10374,2.063,422
RAW,218.4,11120,10373,2.038,417
RAW,218.7,11106,10367,2.053,420
RAW,218.7,11112,10372,2.058,421
RAW,218.7,11113,10368,2.141,438
RAW,219.0,11109,10375,2.019,413
RAW,219.0,11113,10374,2.126,435
RAW,219.0,11113,10371,2.131,436
RAW,219.3,11109,10378,2.136,437
RAW,219.3,11105,10373,2.170,444
RAW,219.3,11115,10371,2.170,444
RAW,219.6,11107,10379,2.146,439
RAW,219.6,11116,10367,2.160,442
RAW,219.6,11115,10374,2.087,427
RAW,219.9,11111,10373,2.038,417
RAW,219.9,11112,10374,2.023,414
RAW,220.2,11115,10374,2.053,420
RAW,220.2,11113,10379,2.033,416
RAW,220.2,11108,10369,2.028,415
RAW,220.5,11119,10376,2.023,414
RAW,220.5,11109,10382,2.048,419
RAW,220.5,11115,10376,2.043,418
RAW,220.8,11111,10378,2.019,413
RAW,220.8,11107,10372,2.028,415
RAW,220.8,11110,10379,2.053,420
RAW,221.1,11113,10375,2.009,411
RAW,221.1,11112,10375,1.872,383
RAW,221.1,11114,10370,2.014,412
RAW,221.4,11116,10369,2.028,415
RAW,221.4,11111,10371,2.063,422
RAW,221.4,11105,10371,2.063,422
RAW,221.7,11103,10367,2.053,420
RAW,221.7,11106,10368,2.053,420
RAW,221.7,11100,10365,2.028,415
RAW,222.0,11111,10364,2.023,414
RAW,222.0,11108,10363,2.019,413
RAW,222.0,11106,10361,2.019,413
RAW,222.3,11102,10365,2.043,418
RAW,222.3,11108,10375,2.014,412
RAW,222.3,11102,10368,2.009,411
RAW,222.6,11104,10365,2.058,421
RAW,222.6,11111,10367,2.048,419
RAW,222.6,11103,10367,2.038,417
RAW,222.9,11105,10363,2.009,411
RAW,222.9,11103,10372,2.019,413
RAW,222.9,11101,10372,2.019,413
RAW,223.2,11099,10365,2.023,414
RAW,223.2,11105,10360,2.019,413
RAW,223.2,11108,10365,2.131,436
RAW,223.5,11102,10365,2.097,429
RAW,223.5,11104,10364,2.204,451
RAW,223.5,11097,10365,2.180,446
RAW,223.8,11102,10363,2.165,443
RAW,223.8,11107,10364,2.204,451
RAW,223.8,11098,10369,2.209,452
RAW,224.1,11101,10367,2.155,441
RAW,224.1,11103,10359,2.170,444
RAW,224.1,11106,10359,2.107,431
RAW,224.4,11102,10358,2.199,450
RAW,224.4,11108,10360,2.102,430
RAW,224.4,11109,10366,2.048,419
RAW,224.8,11105,10362,2.067,423
RAW,224.8,11103,10358,2.063,422
RAW,224.8,11102,10363,2.067,423
RAW,225.1,11109,10363,2.014,412
RAW,225.1,11100,10360,2.023,414
RAW,225.1,11103,10361,2.019,413
RAW,225.4,11104,10366,2.028,415
RAW,225.4,11112,10368,2.023,414
RAW,225.4,11106,10364,2.102,430
RAW,225.7,11112,10364,2.038,417
RAW,225.7,11107,10364,2.131,436
RAW,225.7,11104,10361,2.146,439
RAW,226.0,11104,10367,2.111,432
RAW,226.0,11106,10363,2.141,438
RAW,226.0,11110,10361,2.170,444
RAW,226.3,11109,10365,2.121,434
RAW,226.3,11101,10358,2.116,433
RAW,226.3,11110,10361,2.043,418
RAW,226.6,11104,10355,2.087,427
RAW,226.6,11101,10353,2.072,424
RAW,226.9,11097,10367,2.087,427
RAW,226.9,11105,10357,2.028,415
RAW,226.9,11102,10367,2.048,419
RAW,227.2,11104,10361,2.019,413
RAW,227.2,11108,10360,2.019,413
RAW,227.2,11105,10358,2.023,414
RAW,227.5,11106,10362,2.014,412
RAW,227.5,11103,10352,2.009,411
RAW,227.5,11105,10361,2.014,412
RAW,227.8,11107,10357,2.053,420
RAW,227.8,11104,10358,2.023,414
RAW,227.8,11099,10364,2.043,418
RAW,228.1,11103,10358,1.999,409
RAW,228.1,11103,10358,2.009,411
RAW,228.1,11104,10361,2.019,413
RAW,228.4,11104,10361,2.014,412
RAW,228.4,11101,10366,2.023,414
RAW,228.4,11105,10357,2.019,413
RAW,228.7,11105,10361,2.038,417
RAW,228.7,11102,10360,2.014,412
RAW,228.7,11105,10368,2.038,417
RAW,229.0,11102,10355,2.058,421
RAW,229.0,11099,10362,2.058,421
RAW,229.0,11109,10360,2.053,420
RAW,229.3,11106,10357,2.023,414
RAW,229.3,11101,10360,2.014,412
RAW,229.3,11106,10364,2.014,412
RAW,229.6,11103,10359,2.053,420
RAW,229.6,11101,10357,2.053,420
RAW,229.6,11100,10363,2.028,415
RAW,229.9,11101,10365,2.043,418
RAW,229.9,11093,10358,2.053,420
RAW,229.9,11096,10358,2.151,440
RAW,230.2,11096,10354,2.019,413
RAW,230.2,11098,10358,2.121,434
RAW,230.2,11099,10353,2.155,441
RAW,230.5,11102,10354,2.165,443
RAW,230.5,11097,10354,2.151,440
RAW,230.5,11097,10354,2.151,440
RAW,230.8,11100,10355,2.180,446
RAW,230.8,11105,10358,2.180,446
RAW,230.8,11091,10353,2.131,436
RAW,231.1,11098,10352,2.155,441
RAW,231.1,11096,10360,2.102,430
RAW,231.1,11096,10353,2.077,425
RAW,231.4,11094,10351,2.048,419
RAW,231.4,11102,10358,2.028,415
RAW,231.4,11101,10356,2.048,419
RAW,231.8,11097,10364,2.053,420
RAW,231.8,11095,10354,2.072,424
RAW,231.8,11102,10353,2.067,423
RAW,232.1,11094,10352,2.058,421
RAW,232.1,11104,10356,2.019,413
RAW,232.1,11103,10351,2.121,434
RAW,232.4,11105,10358,2.019,413
RAW,232.4,11102,10351,2.107,431
RAW,232.4,11097,10356,2.111,432
RAW,232.7,11099,10366,2.097,429
RAW,232.7,11103,10361,2.111,432
RAW,232.7,11104,10353,2.131,436
RAW,233.0,11099,10355,2.146,439
RAW,233.0,11097,10361,2.160,442
RAW,233.0,11098,10352,2.063,422
RAW,233.3,11101,10353,2.048,419
RAW,233.3,11099,10356,2.048,419
RAW,233.6,11100,10359,2.087,427
RAW,233.6,11100,10352,2.028,415
RAW,233.6,11096,10361,2.014,412
RAW,233.9,11092,10360,2.028,415
RAW,233.9,11100,10357,2.033,416
RAW,233.9,11099,10357,2.043,418
RAW,234.2,11096,10354,2.058,421
RAW,234.2,11102,10360,2.058,421
RAW,234.2,11099,10355,2.038,417
RAW,234.5,11104,10353,2.009,411
RAW,234.5,11100,10358,2.014,412
RAW,234.5,11095,10352,2.009,411
RAW,234.8,11100,10354,2.053,420
RAW,234.8,11092,10351,2.019,413
RAW,234.8,11096,10352,2.014,412
RAW,235.1,11095,10349,2.038,417
RAW,235.1,11096,10350,2.043,418
RAW,235.1,11104,10357,2.023,414
RAW,235.4,11095,10352,2.004,410
RAW,235.4,11095,10357,2.014,412
RAW,235.4,11088,10352,2.014,412
RAW,235.7,11094,10352,1.994,408
RAW,235.7,11087,10351,2.009,411
RAW,235.7,11097,10354,2.009,411
RAW,236.0,11095,10345,2.048,419
RAW,236.0,11094,10345,2.043,418
RAW,236.0,11096,10351,2.019,413
RAW,236.3,11100,10352,2.038,417
RAW,236.3,11101,10349,2.043,418
RAW,236.3,11097,10356,2.053,420
RAW,236.6,11098,10356,2.019,413
RAW,236.6,11103,10354,2.023,414
RAW,236.6,11093,10351,2.141,438
RAW,236.9,11096,10357,2.097,429
RAW,236.9,11095,10353,2.185,447
RAW,236.9,11096,10358,2.151,440
RAW,237.2,11095,10353,2.160,442
RAW,237.2,11096,10350,2.180,446
RAW,237.2,11094,10350,2.195,449
RAW,237.5,11089,10347,2.141,438
RAW,237.5,11102,10352,2.146,439
RAW,237.5,11095,10356,2.072,424
RAW,237.8,11099,10348,2.160,442
RAW,237.8,11106,10352,2.048,419
RAW,237.8,11098,10354,2.019,413
RAW,238.1,11105,10352,2.053,420
RAW,238.1,11096,10355,2.053,420
RAW,238.1,11098,10346,2.043,418
RAW,238.4,11093,10354,2.014,412
RAW,238.4,11096,10352,2.048,419
RAW,238.4,11095,10350,2.053,420
RAW,238.8,11104,10353,2.014,412
RAW,238.8,11102,10349,2.014,412
RAW,238.8,11105,10355,2.102,430
RAW,239.1,11103,10350,2.014,412
RAW,239.1,11098,10353,2.141,438
RAW,239.1,11104,10343,2.160,442
RAW,239.4,11097,10352,2.151,440
RAW,239.4,11098,10355,2.146,439
RAW,239.4,11105,10355,2.146,439
RAW,239.7,11105,10349,2.111,432
RAW,239.7,11098,10346,2.116,433
RAW,239.7,11094,10354,2.028,415
RAW,240.0,11092,10347,2.107,431
RAW,240.0,11101,10352,2.131,436
RAW,240.0,11092,10346,2.023,414
RAW,240.3,11092,10343,2.048,419
RAW,240.3,11093,10348,2.038,417
RAW,240.3,11098,10353,2.028,415
RAW,240.6,11095,10341,2.014,412
RAW,240.6,11102,10343,2.023,414
RAW,240.6,11099,10344,2.048,419
RAW,240.9,11101,10344,2.004,410
RAW,240.9,11094,10347,2.009,411
RAW,240.9,11094,10346,1.999,409
RAW,241.2,11092,10346,2.043,418
RAW,241.2,11094,10343,2.033,416
RAW,241.2,11096,10343,2.048,419
RAW,241.5,11101,10345,2.048,419
RAW,241.5,11095,10346,2.048,419
RAW,241.5,11096,10351,2.014,412
RAW,241.8,11095,10344,2.033,416
RAW,241.8,11099,10344,2.023,414
RAW,241.8,11098,10347,2.014,412
RAW,242.1,11099,10345,2.043,418
RAW,242.1,11097,10347,2.009,411
RAW,242.1,11103,10349,2.004,410
RAW,242.4,11099,10354,2.048,419
RAW,242.4,11103,10345,2.053,420
RAW,242.4,11099,10341,2.028,415
RAW,242.7,11096,10350,1.999,409
RAW,242.7,11096,10353,2.009,411
RAW,242.7,11095,10349,2.009,411
RAW,243.0,11100,10345,2.009,411
RAW,243.0,11100,10343,2.023,414
RAW,243.0,11096,10345,2.092,428
RAW,243.3,11090,10346,2.028,415
RAW,243.3,11095,10346,2.121,434
RAW,243.3,11098,10341,2.141,438
RAW,243.6,11101,10342,2.146,439
RAW,243.6,11089,10348,2.190,448
RAW,243.6,11093,10343,2.214,453
RAW,243.9,11098,10347,2.141,438
RAW,243.9,11098,10343,2.146,439
RAW,243.9,11098,10349,2.170,444
RAW,244.2,11098,10341,2.190,448
RAW,244.2,11096,10346,2.209,452
RAW,244.2,11100,10350,2.072,424
RAW,244.5,11093,10348,2.136,437
RAW,244.5,11094,10352,2.058,421
RAW,244.5,11099,10355,2.048,419
RAW,244.8,11098,10354,2.023,414
RAW,244.8,11093,10349,2.048,419
RAW,244.8,11096,10353,2.019,413
RAW,245.1,11098,10344,2.019,413
RAW,245.1,11093,10350,2.014,412
RAW,245.1,11090,10351,2.048,419
RAW,245.4,11090,10343,2.019,413
RAW,245.4,11093,10343,2.097,429
RAW,245.4,11087,10339,2.146,439
RAW,245.8,11098,10346,2.072,424
RAW,245.8,11098,10346,2.111,432
RAW,245.8,11104,10346,2.146,439
RAW,246.1,11103,10343,2.107,431
RAW,246.1,11105,10341,2.111,432
RAW,246.1,11099,10345,2.107,431
RAW,246.4,11094,10341,2.146,439
RAW,246.4,11096,10348,2.141,438
RAW,246.4,11086,10345,2.053,420
RAW,246.7,11099,10337,2.092,428
RAW,246.7,11092,10339,2.023,414
RAW,246.7,11092,10334,2.043,418
RAW,247.0,11091,10338,2.014,412
RAW,247.0,11089,10336,2.014,412
RAW,247.0,11096,10343,2.004,410
RAW,247.3,11086,10336,1.994,408
RAW,247.3,11092,10341,2.009,411
RAW,247.3,11092,10340,1.999,409
RAW,247.6,11087,10334,2.033,416
RAW,247.6,11090,10337,2.014,412
RAW,247.6,11086,10340,2.038,417
RAW,247.9,11094,10338,1.999,409
RAW,247.9,11090,10338,1.999,409
RAW,247.9,11095,10338,2.023,414
RAW,248.2,11095,10343,2.009,411
RAW,248.2,11097,10343,2.014,412
RAW,248.2,11098,10338,2.004,410
RAW,248.5,11095,10344,2.019,413
RAW,248.5,11094,10343,2.004,410
RAW,248.5,11092,10338,2.028,415
RAW,248.8,11099,10349,1.955,400
RAW,248.8,11093,10343,2.043,418
RAW,248.8,11098,10342,2.043,418
RAW,249.1,11104,10346,2.014,412
RAW,249.1,11097,10348,1.999,409
RAW,249.1,11093,10350,2.009,411
RAW,249.4,11102,10343,2.043,418
RAW,249.4,11103,10348,2.019,413
RAW,249.4,11102,10347,2.019,413
RAW,249.7,11103,10346,2.019,413
RAW,249.7,11098,10351,2.067,423
RAW,249.7,11098,10345,2.126,435
RAW,250.0,11094,10343,2.067,423
RAW,250.0,11094,10348,2.136,437
RAW,250.0,11101,10348,2.151,440
RAW,250.3,11096,10347,2.126,435
RAW,250.3,11098,10344,2.141,438
RAW,250.3,11104,10348,2.131,436
RAW,250.6,11090,10339,2.180,446
RAW,250.6,11094,10336,2.121,434
RAW,250.6,11092,10344,2.092,428
RAW,250.9,11084,10336,2.160,442
RAW,250.9,11087,10338,2.067,423
RAW,250.9,11092,10335,2.053,420
RAW,251.2,11083,10337,2.028,415
RAW,251.2,11087,10326,2.019,413
RAW,251.2,11087,10338,2.033,416
RAW,251.5,11081,10331,2.043,418
RAW,251.5,11082,10331,2.053,420
RAW,251.5,11089,10326,2.053,420
RAW,251.8,11076,10330,2.043,418
RAW,251.8,11083,10326,2.048,419
RAW,251.8,11084,10326,2.214,453
RAW,252.1,11080,10327,2.028,415
RAW,252.1,11082,10331,2.097,429
RAW,252.1,11078,10324,2.116,433
RAW,252.4,11079,10325,2.097,429
RAW,252.4,11075,10324,2.116,433
RAW,252.4,11082,10322,2.111,432
RAW,252.8,11089,10327,2.146,439
RAW,252.8,11082,10331,2.131,436
RAW,252.8,11085,10317,2.043,418
RAW,253.1,11084,10323,2.067,423
RAW,253.1,11079,10327,2.043,418
RAW,253.1,11081,10329,2.053,420
RAW,253.4,11085,10328,2.019,413
RAW,253.4,11079,10326,2.009,411
RAW,253.4,11082,10332,2.009,411
RAW,253.7,11083,10327,2.014,412
RAW,253.7,11078,10329,2.033,416
RAW,253.7,11073,10333,2.043,418
RAW,254.0,11083,10323,2.043,418
RAW,254.0,11081,10328,2.028,415
RAW,254.0,11078,10329,2.038,417
RAW,254.3,11086,10331,1.989,407
RAW,254.3,11083,10326,2.009,411
RAW,254.3,11081,10331,1.994,408
RAW,254.6,11084,10334,1.999,409
RAW,254.6,11085,10329,2.004,410
RAW,254.6,11082,10328,1.994,408
RAW,254.9,11086,10328,2.019,413
RAW,254.9,11090,10335,1.984,406
RAW,254.9,11085,10332,2.014,412
RAW,255.2,11077,10324,1.994,408
RAW,255.2,11083,10323,1.999,409
RAW,255.2,11085,10328,1.994,408
RAW,255.5,11081,10327,1.975,404
RAW,255.5,11083,10331,1.979,405
RAW,255.5,11081,10324,1.984,406
RAW,255.8,11085,10323,2.004,410
RAW,255.8,11083,10329,1.994,408
RAW,255.8,11081,10332,2.033,416
RAW,256.1,11085,10320,2.014,412
RAW,256.1,11083,10322,2.028,415
RAW,256.1,11081,10320,2.111,432
RAW,256.4,11088,10321,2.014,412
RAW,256.4,11079,10327,2.097,429
RAW,256.4,11078,10327,2.121,434
RAW,256.7,11083,10325,2.141,438
RAW,256.7,11083,10323,2.136,437
RAW,256.7,11080,10325,2.131,436
RAW,257.0,11086,10327,2.136,437
RAW,257.0,11080,10325,2.165,443
RAW,257.0,11085,10323,2.165,443
RAW,257.3,11078,10324,2.067,423
RAW,257.3,11075,10324,2.077,425
RAW,257.3,11078,10318,1.994,408
RAW,257.6,11077,10323,2.048,419
RAW,257.6,11082,10322,1.994,408
RAW,257.6,11074,10318,1.994,408
RAW,257.9,11076,10320,2.009,411
RAW,257.9,11075,10318,1.999,409
RAW,257.9,11072,10314,2.014,412
RAW,258.2,11076,10322,1.979,405
RAW,258.2,11080,10312,2.009,411
RAW,258.2,11068,10310,2.087,427
RAW,258.5,11076,10323,1.965,402
RAW,258.5,11074,10317,2.048,419
RAW,258.5,11074,10315,2.097,429
RAW,258.8,11079,10321,2.087,427
RAW,258.8,11077,10317,2.126,435
RAW,258.8,11066,10310,2.131,436
RAW,259.1,11072,10314,2.087,427
RAW,259.1,11073,10320,2.067,423
RAW,259.1,11077,10317,2.038,417
RAW,259.5,11074,10314,2.019,413
RAW,259.5,11080,10313,1.975,404
RAW,259.8,11072,10316,1.989,407
RAW,259.8,11072,10315,1.970,403
RAW,259.8,11076,10315,1.960,401
RAW,260.1,11069,10321,1.970,403
RAW,260.1,11077,10322,1.989,407
RAW,260.1,11083,10316,1.984,406
RAW,260.4,11073,10310,1.955,400
RAW,260.4,11076,10322,1.955,400
RAW,260.4,11071,10321,1.989,407
RAW,260.7,11077,10317,1.940,397
RAW,260.7,11078,10319,1.950,399
RAW,260.7,11081,10314,1.940,397
RAW,261.0,11086,10321,1.970,403
RAW,261.0,11073,10326,1.975,404
RAW,261.0,11078,10320,1.989,407
RAW,261.3,11083,10317,2.009,411
RAW,261.3,11083,10324,1.989,407
RAW,261.3,11087,10325,1.965,402
RAW,261.6,11085,10314,1.940,397
RAW,261.6,11078,10327,1.945,398
RAW,261.6,11076,10321,1.945,398
RAW,261.9,11081,10317,1.970,403
RAW,261.9,11082,10317,1.935,396
RAW,261.9,11084,10325,1.916,392
RAW,262.2,11083,10324,1.979,405
RAW,262.2,11083,10325,1.975,404
RAW,262.2,11085,10325,1.945,398
RAW,262.5,11080,10330,1.935,396
RAW,262.5,11078,10320,1.935,396
RAW,262.5,11085,10325,1.926,394
RAW,262.8,11086,10322,1.935,396
RAW,262.8,11079,10330,1.935,396
RAW,262.8,11076,10328,2.038,417
RAW,263.1,11076,10321,1.975,404
RAW,263.1,11086,10319,2.077,425
RAW,263.1,11077,10328,2.063,422
RAW,263.4,11073,10326,2.087,427
RAW,263.4,11081,10318,2.121,434
RAW,263.4,11073,10319,2.116,433
RAW,263.7,11077,10327,2.053,420
RAW,263.7,11083,10327,2.058,421
RAW,263.7,11081,10324,2.033,416
RAW,264.0,11083,10322,2.116,433
RAW,264.0,11083,10327,2.019,413
RAW,264.0,11081,10321,1.970,403
RAW,264.3,11087,10333,1.975,404
RAW,264.3,11090,10325,1.975,404
RAW,264.3,11087,10326,1.960,401
RAW,264.6,11088,10334,1.935,396
RAW,264.6,11096,10330,1.935,396
RAW,264.6,11093,10329,1.935,396
RAW,264.9,11098,10341,1.916,392
RAW,264.9,11091,10335,1.916,392
RAW,264.9,11098,10332,1.994,408
RAW,265.2,11099,10334,1.926,394
RAW,265.2,11090,10340,2.038,417
RAW,265.2,11094,10332,2.053,420
RAW,265.5,11096,10338,2.009,411
RAW,265.5,11100,10342,2.038,417
RAW,265.5,11102,10330,2.053,420
RAW,265.9,11106,10332,2.019,413
RAW,265.9,11099,10332,2.023,414
RAW,265.9,11102,10338,1.970,403
RAW,266.1,11092,10342,2.033,416
RAW,266.1,11099,10335,1.975,404
RAW,266.1,11106,10342,1.970,403
RAW,266.5,11097,10337,1.955,400
RAW,266.5,11098,10332,1.921,393
RAW,266.5,11105,10333,1.950,399
RAW,266.8,11101,10338,1.911,391
RAW,266.8,11098,10339,1.926,394
RAW,266.8,11097,10328,1.911,391
RAW,267.1,11096,10333,1.906,390
RAW,267.1,11092,10337,1.901,389
RAW,267.1,11097,10338,1.906,390
RAW,267.4,11096,10342,1.931,395
RAW,267.4,11094,10336,1.931,395
RAW,267.4,11100,10339,1.935,396
RAW,267.7,11101,10334,1.896,388
RAW,267.7,11110,10337,1.896,388
RAW,267.7,11102,10343,1.935,396
RAW,268.0,11100,10349,1.901,389
RAW,268.0,11106,10338,1.896,388
RAW,268.0,11101,10338,1.901,389
RAW,268.3,11103,10338,1.916,392
RAW,268.3,11101,10342,1.931,395
RAW,268.3,11107,10340,1.931,395
RAW,268.6,11105,10338,1.940,397
RAW,268.6,11106,10335,1.945,398
RAW,268.6,11092,10340,1.935,396
RAW,268.9,11114,10347,1.906,390
RAW,268.9,11114,10340,1.896,388
RAW,268.9,11108,10342,1.896,388
RAW,269.2,11112,10344,1.945,398
RAW,269.2,11104,10342,1.906,390
RAW,269.2,11110,10341,1.994,408
RAW,269.5,11105,10341,1.935,396
RAW,269.5,11109,10344,2.033,416
RAW,269.5,11100,10340,2.028,415
RAW,269.8,11101,10334,2.004,410
RAW,269.8,11101,10347,2.038,417
RAW,269.8,11113,10342,2.038,417
RAW,270.1,11107,10345,2.014,412
RAW,270.1,11100,10339,2.009,411
RAW,270.1,11105,10339,2.033,416
RAW,270.4,11107,10333,2.072,424
RAW,270.4,11109,10343,2.053,420
RAW,270.4,11107,10341,1.935,396
RAW,270.7,11100,10338,2.004,410
RAW,270.7,11095,10341,1.955,400
RAW,270.7,11097,10337,1.940,397
RAW,271.0,11108,10337,1.906,390
RAW,271.0,11108,10332,1.906,390
RAW,271.0,11098,10331,1.940,397
RAW,271.3,11103,10342,1.931,395
RAW,271.3,11101,10333,1.940,397
RAW,271.3,11098,10334,1.970,403
RAW,271.6,11103,10340,1.931,395
RAW,271.6,11096,10334,2.004,410
RAW,271.6,11099,10338,2.043,418
RAW,271.9,11107,10334,1.960,401
RAW,271.9,11099,10341,1.994,408
RAW,271.9,11094,10332,1.999,409
RAW,272.2,11103,10345,2.004,410
RAW,272.2,11097,10336,2.009,411
RAW,272.2,11106,10338,2.009,411
RAW,272.5,11113,10342,2.028,415
RAW,272.5,11104,10342,1.940,397
RAW,272.5,11102,10342,1.931,395
RAW,272.9,11106,10351,1.916,392
RAW,272.9,11111,10341,1.916,392
RAW,272.9,11108,10344,1.945,398
RAW,273.1,11119,10344,1.896,388
RAW,273.1,11118,10350,1.896,388
RAW,273.1,11108,10345,1.921,393
RAW,273.5,11114,10347,1.926,394
RAW,273.5,11116,10348,1.935,396
RAW,273.5,11110,10348,1.940,397
RAW,273.8,11119,10343,1.950,399
RAW,273.8,11116,10352,1.901,389
RAW,273.8,11119,10348,1.926,394
RAW,274.1,11111,10347,1.872,383
RAW,274.1,11114,10353,1.872,383
RAW,274.1,11112,10343,1.872,383
RAW,274.4,11106,10342,1.872,383
RAW,274.4,11117,10341,1.896,388
RAW,274.4,11116,10342,1.872,383
RAW,274.7,11102,10344,1.901,389
RAW,274.7,11109,10339,1.872,383
RAW,274.7,11114,10343,1.906,390
RAW,275.0,11113,10336,1.872,383
RAW,275.0,11101,10340,1.872,383
RAW,275.0,11108,10342,1.921,393
RAW,275.3,11111,10338,1.872,383
RAW,275.3,11113,10340,1.926,394
RAW,275.3,11109,10349,1.872,383
RAW,275.6,11105,10343,1.906,390
RAW,275.6,11106,10340,1.843,377
RAW,275.6,11107,10338,1.935,396
RAW,275.9,11105,10334,1.931,395
RAW,275.9,11110,10329,1.940,397
RAW,275.9,11103,10334,2.023,414
RAW,276.2,11102,10336,1.975,404
RAW,276.2,11110,10337,2.009,411
RAW,276.2,11102,10338,2.033,416
RAW,276.5,11106,10335,2.053,420
RAW,276.5,11109,10332,2.033,416
RAW,276.5,11109,10338,2.023,414
RAW,276.8,11113,10335,2.063,422
RAW,276.8,11111,10334,2.072,424
RAW,276.8,11108,10338,1.975,404
RAW,277.1,11110,10333,2.023,414
RAW,277.1,11106,10334,1.921,393
RAW,277.1,11103,10330,1.896,388
RAW,277.4,11105,10332,1.906,390
RAW,277.4,11104,10333,1.901,389
RAW,277.4,11105,10336,1.901,389
RAW,277.7,11099,10328,1.916,392
RAW,277.7,11104,10327,1.921,393
RAW,277.7,11099,10337,1.921,393
RAW,278.0,11103,10334,1.926,394
RAW,278.0,11107,10333,1.931,395
RAW,278.0,11102,10337,2.023,414
RAW,278.3,11101,10325,1.872,383
RAW,278.3,11105,10335,1.975,404
RAW,278.3,11097,10327,1.999,409
RAW,278.6,11092,10327,2.023,414
RAW,278.6,11097,10325,2.053,420
RAW,278.6,11089,10319,2.058,421
RAW,278.9,11092,10326,2.019,413
RAW,278.9,11098,10321,1.979,405
RAW,278.9,11107,10325,1.950,399
RAW,279.2,11094,10332,1.989,407
RAW,279.2,11098,10327,1.916,392
RAW,279.2,11094,10324,1.872,383
RAW,279.5,11098,10323,1.872,383
RAW,279.5,11091,10325,1.872,383
RAW,279.5,11102,10329,1.872,383
RAW,279.9,11088,10327,1.926,394
RAW,279.9,11094,10330,1.916,392
RAW,279.9,11102,10327,1.906,390
RAW,280.2,11097,10322,1.872,383
RAW,280.2,11095,10321,1.921,393
RAW,280.2,11092,10325,1.931,395
RAW,280.5,11095,10326,1.872,383
RAW,280.5,11088,10327,1.872,383
RAW,280.5,11094,10324,1.872,383
RAW,280.8,11099,10328,1.872,383
RAW,280.8,11094,10322,1.916,392
RAW,280.8,11085,10328,1.935,396
RAW,281.1,11087,10324,1.935,396
RAW,281.1,11091,10325,1.916,392
RAW,281.1,11100,10324,1.916,392
RAW,281.4,11093,10326,1.872,383
RAW,281.4,11095,10328,1.872,383
RAW,281.4,11090,10321,1.896,388
RAW,281.7,11092,10326,1.872,383
RAW,281.7,11093,10324,1.872,383
RAW,281.7,11097,10329,1.872,383
RAW,282.0,11090,10322,1.926,394
RAW,282.0,11083,10320,1.911,391
RAW,282.0,11089,10327,1.935,396
RAW,282.3,11093,10329,1.872,383
RAW,282.3,11100,10327,1.872,383
RAW,282.3,11088,10324,1.955,400
RAW,282.6,11097,10330,1.872,383
RAW,282.6,11093,10331,1.979,405
RAW,282.6,11089,10328,2.004,410
RAW,282.9,11103,10328,2.019,413
RAW,282.9,11101,10328,2.028,415
RAW,282.9,11090,10331,2.058,421
RAW,283.2,11097,10327,2.058,421
RAW,283.2,11094,10334,2.082,426
RAW,283.2,11088,10329,2.092,428
RAW,283.5,11100,10326,2.028,415
RAW,283.5,11095,10328,2.033,416
RAW,283.5,11094,10338,1.916,392
RAW,283.8,11091,10326,2.067,423
RAW,283.8,11089,10334,1.965,402
RAW,283.8,11094,10329,1.921,393
RAW,284.1,11086,10326,1.931,395
RAW,284.1,11096,10321,1.935,396
RAW,284.1,11093,10321,1.931,395
RAW,284.4,11094,10315,1.911,391
RAW,284.4,11092,10322,1.906,390
RAW,284.4,11089,10321,1.911,391
RAW,284.7,11088,10322,1.896,388
RAW,284.7,11091,10327,1.935,396
RAW,284.7,11094,10322,1.989,407
RAW,285.0,11092,10327,1.989,407
RAW,285.0,11088,10324,2.033,416
RAW,285.0,11091,10325,2.043,418
RAW,285.3,11085,10324,1.994,408
RAW,285.3,11088,10325,2.033,416
RAW,285.3,11088,10328,2.043,418
RAW,285.6,11096,10321,2.014,412
RAW,285.6,11095,10322,1.965,402
RAW,285.6,11096,10328,1.921,393
RAW,285.9,11090,10325,1.970,403
RAW,285.9,11094,10327,2.014,412
RAW,285.9,11088,10321,1.935,396
RAW,286.2,11086,10320,1.940,397
RAW,286.2,11091,10323,1.935,396
RAW,286.2,11084,10328,1.950,399
RAW,286.5,11087,10324,1.872,383
RAW,286.5,11083,10320,1.896,388
RAW,286.5,11085,10323,1.896,388
RAW,286.9,11083,10324,1.896,388
RAW,286.9,11083,10322,1.935,396
RAW,286.9,11085,10319,1.901,389
RAW,287.2,11080,10316,1.896,388
RAW,287.2,11087,10319,1.931,395
RAW,287.2,11091,10325,1.935,396
RAW,287.5,11090,10311,1.906,390
RAW,287.5,11086,10313,1.901,389
RAW,287.5,11082,10320,1.921,393
RAW,287.8,11088,10318,1.896,388
RAW,287.8,11088,10315,1.896,388
RAW,287.8,11086,10317,1.901,389
RAW,288.1,11086,10315,1.901,389
RAW,288.1,11082,10314,1.931,395
RAW,288.1,11079,10312,1.940,397
RAW,288.4,11091,10323,1.940,397
RAW,288.4,11086,10321,1.935,396
RAW,288.4,11081,10315,1.916,392
RAW,288.7,11084,10314,1.901,389
RAW,288.7,11087,10318,1.896,388
RAW,288.7,11083,10318,1.901,389
RAW,289.0,11095,10313,1.940,397
RAW,289.0,11084,10322,1.911,391
RAW,289.0,11085,10319,2.014,412
RAW,289.3,11089,10325,1.940,397
RAW,289.3,11095,10325,2.043,418
RAW,289.3,11089,10318,2.067,423
RAW,289.6,11100,10322,2.023,414
RAW,289.6,11093,10324,2.048,419
RAW,289.6,11093,10325,2.048,419
RAW,289.9,11095,10321,2.033,416
RAW,289.9,11095,10323,2.038,417
RAW,289.9,11092,10321,1.999,409
RAW,290.2,11093,10322,2.072,424
RAW,290.2,11098,10325,1.989,407
RAW,290.2,11099,10318,1.921,393
RAW,290.5,11095,10311,1.955,400
RAW,290.5,11096,10317,1.935,396
RAW,290.5,11093,10321,1.950,399
RAW,290.8,11094,10325,1.916,392
RAW,290.8,11087,10319,1.911,391
RAW,290.8,11094,10314,1.916,392
RAW,291.1,11092,10317,1.945,398
RAW,291.1,11093,10320,1.945,398
RAW,291.1,11086,10318,1.984,406
RAW,291.4,11092,10318,1.916,392
RAW,291.4,11086,10319,2.028,415
RAW,291.4,11086,10316,2.043,418
RAW,291.7,11093,10318,1.994,408
RAW,291.7,11089,10322,1.999,409
RAW,291.7,11094,10320,2.014,412
RAW,292.0,11089,10318,2.014,412
RAW,292.0,11093,10326,2.019,413
RAW,292.0,11088,10320,1.935,396
RAW,292.3,11090,10319,2.019,413
RAW,292.3,11094,10315,1.940,397
RAW,292.3,11097,10314,1.926,394
RAW,292.6,11098,10320,1.950,399
RAW,292.6,11095,10319,1.955,400
RAW,292.6,11097,10310,1.975,404
RAW,292.9,11089,10319,1.896,388
RAW,292.9,11082,10314,1.916,392
RAW,292.9,11097,10319,1.896,388
RAW,293.3,11092,10319,1.940,397
RAW,293.3,11085,10314,1.955,400
RAW,293.3,11095,10326,1.955,400
RAW,293.5,11082,10322,1.935,396
RAW,293.5,11086,10316,1.935,396
RAW,293.5,11093,10315,1.940,397
RAW,293.9,11090,10313,1.901,389
RAW,293.9,11088,10321,1.911,391
RAW,293.9,11087,10317,1.916,392
RAW,294.2,11088,10316,1.906,390
RAW,294.2,11091,10316,1.911,391
RAW,294.2,11085,10319,1.911,391
RAW,294.5,11093,10319,1.906,390
RAW,294.5,11098,10318,1.940,397
RAW,294.5,11089,10320,1.935,396
RAW,294.8,11087,10315,1.901,389
RAW,294.8,11080,10316,1.901,389
RAW,294.8,11089,10315,1.940,397
RAW,295.1,11087,10318,1.901,389
RAW,295.1,11084,10319,1.911,391
RAW,295.1,11087,10314,1.911,391
RAW,295.4,11094,10318,1.926,394
RAW,295.4,11091,10311,1.935,396
RAW,295.4,11090,10315,2.033,416
RAW,295.7,11087,10320,1.950,399
RAW,295.7,11083,10318,2.038,417
RAW,295.7,11086,10320,2.058,421
RAW,296.0,11089,10314,2.014,412
RAW,296.0,11090,10317,2.043,418
RAW,296.0,11090,10313,2.053,420
RAW,296.3,11088,10310,2.072,424
RAW,296.3,11087,10313,2.043,418
RAW,296.3,11083,10319,2.053,420
RAW,296.6,11088,10314,2.092,428
RAW,296.6,11090,10314,2.077,425
RAW,296.6,11090,10313,1.935,396
RAW,296.9,11085,10310,2.004,410
RAW,296.9,11085,10316,1.935,396
RAW,296.9,11082,10313,1.916,392
RAW,297.2,11085,10313,1.921,393
RAW,297.2,11089,10314,1.916,392
RAW,297.2,11092,10309,1.916,392
RAW,297.5,11088,10312,1.935,396
RAW,297.5,11087,10311,1.940,397
RAW,297.5,11089,10314,1.965,402
RAW,297.8,11092,10317,1.945,398
RAW,297.8,11090,10309,2.019,413
RAW,297.8,11086,10313,2.058,421
RAW,298.1,11085,10313,1.975,404
RAW,298.1,11086,10306,2.014,412
RAW,298.1,11088,10309,2.019,413
RAW,298.4,11080,10301,2.072,424
RAW,298.4,11085,10305,2.067,423
RAW,298.4,11084,10306,1.970,403
RAW,298.7,11078,10307,2.038,417
RAW,298.7,11071,10309,1.975,404
RAW,298.7,11076,10299,1.940,397
RAW,299.0,11071,10306,1.931,395
RAW,299.0,11075,10297,1.926,394
RAW,299.0,11075,10304,1.921,393
RAW,299.3,11072,10301,1.906,390
RAW,299.3,11074,10297,1.906,390
RAW,299.3,11071,10298,1.901,389
RAW,299.6,11066,10298,1.940,397
RAW,299.6,11069,10300,1.945,398
RAW,299.6,11066,10298,1.945,398
RAW,300.0,11072,10301,1.931,395
RAW,300.0,11075,10299,1.935,396
RAW,300.0,11064,10298,1.950,399
RAW,300.3,11072,10303,1.906,390
RAW,300.3,11071,10294,1.916,392
RAW,300.3,11067,10304,1.921,393
RAW,300.5,11073,10297,1.931,395
RAW,300.5,11083,10301,1.940,397
RAW,300.5,11074,10303,1.872,383
RAW,300.9,11068,10299,1.940,397
RAW,300.9,11075,10302,1.940,397
RAW,300.9,11073,10305,1.945,398
RAW,301.2,11076,10300,1.896,388
RAW,301.2,11073,10300,1.906,390
RAW,301.2,11084,10300,1.896,388
RAW,301.5,11085,10305,1.901,389
RAW,301.5,11077,10306,1.906,390
RAW,301.5,11086,10307,1.911,391
RAW,301.8,11082,10310,1.872,383
RAW,301.8,11083,10305,1.935,396
RAW,301.8,11086,10305,1.965,402
RAW,302.1,11085,10304,1.906,390
RAW,302.1,11081,10305,1.970,403
RAW,302.1,11073,10309,2.058,421
RAW,302.4,11080,10307,1.984,406
RAW,302.4,11074,10309,2.038,417
RAW,302.4,11075,10308,2.048,419
RAW,302.7,11088,10312,2.053,420
RAW,302.7,11088,10316,2.082,426
RAW,302.7,11083,10306,2.102,430
RAW,303.0,11081,10305,2.097,429
RAW,303.0,11079,10308,2.107,431
RAW,303.0,11084,10318,1.965,402
RAW,303.3,11087,10307,2.053,420
RAW,303.3,11082,10308,1.931,395
RAW,303.3,11084,10308,1.921,393
RAW,303.6,11079,10312,1.975,404
RAW,303.6,11084,10302,1.926,394
RAW,303.6,11090,10310,1.921,393
RAW,303.9,11086,10306,1.960,401
RAW,303.9,11082,10309,1.940,397
RAW,303.9,11086,10304,1.921,393
RAW,304.2,11086,10314,1.931,395
RAW,304.2,11089,10309,1.945,398
RAW,304.2,11088,10304,2.014,412
RAW,304.5,11088,10314,1.955,400
RAW,304.5,11088,10307,2.004,410
RAW,304.5,11094,10309,2.014,412
RAW,304.8,11090,10307,2.038,417
RAW,304.8,11090,10308,2.053,420
RAW,304.8,11088,10303,2.028,415
RAW,305.1,11085,10311,2.048,419
RAW,305.1,11088,10306,2.009,411
RAW,305.1,11094,10307,1.965,402
RAW,305.4,11097,10308,1.975,404
RAW,305.4,11094,10311,1.931,395
RAW,305.4,11093,10308,1.921,393
RAW,305.7,11086,10306,1.950,399
RAW,305.7,11088,10304,1.935,396
RAW,305.7,11087,10310,1.911,391
RAW,306.0,11080,10299,1.940,397
RAW,306.0,11088,10296,1.945,398
RAW,306.0,11086,10301,1.950,399
RAW,306.3,11081,10303,1.901,389
RAW,306.3,11077,10298,1.906,390
RAW,306.3,11083,10300,1.901,389
RAW,306.6,11084,10302,1.916,392
RAW,306.6,11075,10300,1.906,390
RAW,306.6,11084,10300,1.906,390
RAW,307.0,11073,10291,1.926,394
RAW,307.0,11077,10291,1.940,397
RAW,307.0,11074,10292,1.935,396
RAW,307.3,11071,10294,1.906,390
RAW,307.3,11077,10292,1.945,398
RAW,307.3,11079,10297,1.955,400
RAW,307.6,11065,10298,1.896,388
RAW,307.6,11067,10290,1.906,390
RAW,307.6,11072,10291,1.901,389
RAW,307.9,11074,10295,1.935,396
RAW,307.9,11075,10291,1.955,400
RAW,307.9,11066,10294,1.955,400
RAW,308.2,11070,10298,1.940,397
RAW,308.2,11078,10296,1.926,394
RAW,308.2,11066,10296,1.945,398
RAW,308.5,11071,10299,1.916,392
RAW,308.5,11069,10295,1.906,390
RAW,308.5,11077,10296,2.019,413
RAW,308.8,11070,10295,1.950,399
RAW,308.8,11078,10295,2.038,417
RAW,308.8,11071,10291,2.048,419
RAW,309.1,11071,10294,2.058,421
RAW,309.1,11074,10293,2.087,427
RAW,309.1,11071,10290,2.067,423
RAW,309.4,11072,10294,2.048,419
RAW,309.4,11069,10292,2.053,420
RAW,309.4,11072,10303,2.014,412
RAW,309.7,11078,10289,2.053,420
RAW,309.7,11078,10289,1.955,400
RAW,309.7,11078,10291,1.921,393
RAW,310.0,11079,10296,1.965,402
RAW,310.0,11077,10299,1.950,399
RAW,310.0,11082,10302,1.965,402
RAW,310.3,11074,10296,1.965,402
RAW,310.3,11077,10295,1.975,404
RAW,310.3,11075,10292,1.935,396
RAW,310.6,11084,10300,1.940,397
RAW,310.6,11083,10293,1.916,392
RAW,310.6,11074,10296,1.999,409
RAW,310.9,11069,10297,1.955,400
RAW,310.9,11075,10295,1.999,409
RAW,310.9,11078,10295,2.014,412
RAW,311.2,11070,10296,2.048,419
RAW,311.2,11078,10296,2.058,421
RAW,311.2,11070,10294,2.033,416
RAW,311.5,11076,10301,2.043,418
RAW,311.5,11080,10293,2.023,414
RAW,311.5,11072,10294,1.931,395
RAW,311.8,11084,10301,1.945,398
RAW,311.8,11084,10293,1.935,396
RAW,312.1,11075,10296,1.945,398
RAW,312.1,11082,10298,1.955,400
RAW,312.1,11083,10298,1.916,392
RAW,312.4,11078,10288,1.945,398
RAW,312.4,11084,10301,1.960,401
RAW,312.4,11083,10305,1.955,400
RAW,312.7,11081,10296,1.901,389
RAW,312.7,11078,10291,1.931,395
RAW,312.7,11081,10294,1.901,389
RAW,313.0,11076,10296,1.955,400
RAW,313.0,11080,10296,1.979,405
RAW,313.0,11076,10298,1.931,395
RAW,313.3,11079,10287,1.906,390
RAW,313.3,11076,10293,1.935,396
RAW,313.3,11073,10288,1.945,398
RAW,313.6,11076,10292,1.916,392
RAW,313.6,11073,10290,1.916,392
RAW,313.6,11080,10296,1.916,392
RAW,314.0,11071,10302,1.906,390
RAW,314.0,11075,10295,1.970,403
RAW,314.0,11074,10294,1.911,391
RAW,314.3,11075,10290,1.935,396
RAW,314.3,11065,10289,1.940,397
RAW,314.3,11070,10297,1.926,394
RAW,314.6,11077,10297,1.872,383
RAW,314.6,11074,10298,1.935,396
RAW,314.6,11069,10290,1.950,399
RAW,314.9,11075,10296,1.906,390
RAW,314.9,11073,10289,1.872,383
RAW,314.9,11070,10297,1.916,392
RAW,315.2,11077,10294,1.901,389
RAW,315.2,11081,10297,1.979,405
RAW,315.2,11074,10292,2.092,428
RAW,315.5,11077,10294,2.014,412
RAW,315.5,11082,10290,2.067,423
RAW,315.5,11076,10294,2.072,424
RAW,315.8,11081,10296,2.038,417
RAW,315.8,11076,10293,2.043,418
RAW,315.8,11073,10296,1.940,397
RAW,316.1,11080,10294,2.092,428
RAW,316.1,11075,10295,2.053,420
RAW,316.1,11076,10293,1.960,401
RAW,316.4,11083,10295,2.072,424
RAW,316.4,11084,10297,1.955,400
RAW,316.4,11076,10293,1.935,396
RAW,316.7,11081,10298,1.926,394
RAW,316.7,11083,10298,1.921,393
RAW,316.7,11079,10294,1.916,392
RAW,317.0,11077,10299,1.901,389
RAW,317.0,11086,10295,1.916,392
RAW,317.0,11077,10290,1.906,390
RAW,317.3,11069,10300,1.926,394
RAW,317.3,11073,10299,1.935,396
RAW,317.3,11076,10293,1.979,405
RAW,317.6,11079,10300,1.935,396
RAW,317.6,11073,10296,2.038,417
RAW,317.6,11071,10298,2.058,421
RAW,317.9,11076,10297,2.014,412
RAW,317.9,11082,10298,1.999,409
RAW,317.9,11079,10291,2.004,410
RAW,318.2,11079,10299,2.053,420
RAW,318.2,11082,10294,2.014,412
RAW,318.2,11077,10291,1.755,359
RAW,318.5,11078,10292,1.994,408
RAW,318.5,11079,10301,1.935,396
RAW,318.5,11080,10298,1.901,389
RAW,318.8,11079,10295,1.901,389
RAW,318.8,11080,10292,1.901,389
RAW,318.8,11077,10294,1.896,388
RAW,319.1,11076,10294,1.872,383
RAW,319.1,11082,10296,1.872,383
RAW,319.1,11081,10297,1.872,383
RAW,319.4,11078,10303,1.916,392
RAW,319.4,11087,10296,1.901,389
RAW,319.4,11077,10296,1.901,389
RAW,319.7,11075,10301,1.901,389
RAW,319.7,11084,10298,1.916,392
RAW,319.7,11085,10295,1.926,394
RAW,320.0,11070,10295,1.872,383
RAW,320.0,11079,10298,1.931,395
RAW,320.0,11072,10295,1.872,383
RAW,320.3,11078,10296,1.916,392
RAW,320.3,11082,10294,1.911,391
RAW,320.3,11077,10302,1.896,388
RAW,320.6,11087,10290,1.872,383
RAW,320.6,11079,10299,1.916,392
RAW,320.6,11080,10299,1.911,391
RAW,321.0,11077,10289,1.872,383
RAW,321.0,11081,10293,1.857,380
RAW,321.0,11076,10291,1.857,380
RAW,321.3,11087,10299,1.862,381
RAW,321.3,11074,10299,1.872,383
RAW,321.3,11080,10292,1.872,383
RAW,321.6,11080,10291,1.862,381
RAW,321.6,11085,10301,1.872,383
RAW,321.6,11072,10301,1.970,403
RAW,321.9,11077,10291,1.862,381
RAW,321.9,11079,10304,1.984,406
RAW,321.9,11071,10296,2.028,415
RAW,322.2,11075,10301,1.965,402
RAW,322.2,11079,10291,1.989,407
RAW,322.2,11067,10298,2.009,411
RAW,322.5,11074,10292,2.004,410
RAW,322.5,11078,10293,2.033,416
RAW,322.5,11067,10296,2.058,421
RAW,322.8,11084,10291,2.038,417
RAW,322.8,11074,10286,2.019,413
RAW,322.8,11074,10292,1.872,383
RAW,323.1,11071,10290,1.970,403
RAW,323.1,11066,10296,1.867,382
RAW,323.1,11072,10293,1.857,380
RAW,323.4,11072,10292,1.838,376
RAW,323.4,11067,10285,1.857,380
RAW,323.4,11065,10283,1.857,380
RAW,323.7,11060,10284,1.872,383
RAW,323.7,11071,10283,1.872,383
RAW,323.7,11071,10287,1.931,395
RAW,324.0,11069,10285,1.848,378
RAW,324.0,11065,10284,1.916,392
RAW,324.0,11065,10280,1.950,399
RAW,324.3,11061,10282,1.911,391
RAW,324.3,11070,10285,1.940,397
RAW,324.3,11070,10275,1.950,399
RAW,324.6,11068,10283,1.975,404
RAW,324.6,11063,10284,1.989,407
RAW,324.6,11071,10275,1.989,407
RAW,324.9,11070,10276,1.994,408
RAW,324.9,11074,10283,1.911,391
RAW,324.9,11066,10281,1.872,383
RAW,325.2,11072,10288,1.872,383
RAW,325.2,11076,10284,1.852,379
RAW,325.2,11066,10286,1.833,375
RAW,325.5,11068,10280,1.872,383
RAW,325.5,11063,10292,1.838,376
RAW,325.5,11068,10282,1.818,372
RAW,325.8,11074,10282,1.857,380
RAW,325.8,11075,10282,1.862,381
RAW,325.8,11067,10283,1.843,377
RAW,326.1,11070,10282,1.818,372
RAW,326.1,11072,10286,1.818,372
RAW,326.1,11076,10284,1.818,372
RAW,326.4,11070,10283,1.833,375
RAW,326.4,11067,10282,1.833,375
RAW,326.4,11066,10283,1.833,375
RAW,326.7,11064,10280,1.838,376
RAW,326.7,11067,10283,1.838,376
RAW,326.7,11064,10287,1.828,374
RAW,327.0,11066,10283,1.857,380
RAW,327.0,11070,10281,1.857,380
RAW,327.0,11061,10283,1.872,383
RAW,327.3,11072,10277,1.808,370
RAW,327.3,11064,10278,1.818,372
RAW,327.3,11069,10285,1.852,379
RAW,327.6,11060,10280,1.857,380
RAW,327.6,11070,10281,1.857,380
RAW,327.6,11066,10280,1.857,380
RAW,328.0,11065,10282,1.838,376
RAW,328.0,11055,10285,1.843,377
RAW,328.0,11063,10281,1.848,378
RAW,328.3,11065,10285,1.823,373
RAW,328.3,11065,10280,1.862,381
RAW,328.3,11062,10280,1.901,389
RAW,328.6,11053,10273,1.794,367
RAW,328.6,11060,10274,1.935,396
RAW,328.6,11055,10284,1.950,399
RAW,328.9,11058,10274,1.955,400
RAW,328.9,11066,10270,1.994,408
RAW,328.9,11056,10276,1.994,408
RAW,329.2,11060,10276,1.965,402
RAW,329.2,11057,10277,1.955,400
RAW,329.2,11055,10275,1.906,390
RAW,329.5,11056,10278,1.965,402
RAW,329.5,11053,10286,1.848,378
RAW,329.5,11059,10289,1.828,374
RAW,329.8,11050,10275,1.843,377
RAW,329.8,11058,10275,1.857,380
RAW,329.8,11058,10281,1.867,382
RAW,330.1,11056,10276,1.862,381
RAW,330.1,11060,10283,1.857,380
RAW,330.1,11055,10278,1.823,373
RAW,330.4,11055,10277,1.813,371
RAW,330.4,11058,10280,1.818,372
RAW,330.4,11054,10270,1.901,389
RAW,330.7,11051,10280,1.857,380
RAW,330.7,11052,10280,1.896,388
RAW,330.7,11051,10283,1.926,394
RAW,331.0,11062,10282,1.955,400
RAW,331.0,11059,10276,1.950,399
RAW,331.0,11059,10270,1.960,401
RAW,331.3,11054,10281,1.921,393
RAW,331.3,11062,10275,1.916,392
RAW,331.3,11065,10279,1.852,379
RAW,331.6,11066,10274,1.872,383
RAW,331.6,11061,10278,1.818,372
RAW,331.6,11060,10272,1.818,372
RAW,331.9,11059,10279,1.843,377
RAW,331.9,11060,10280,1.813,371
RAW,331.9,11065,10279,1.838,376
RAW,332.2,11059,10270,1.848,378
RAW,332.2,11059,10270,1.852,379
RAW,332.2,11055,10272,1.838,376
RAW,332.5,11057,10279,1.799,368
RAW,332.5,11063,10277,1.794,367
RAW,332.5,11062,10277,1.784,365
RAW,332.8,11054,10274,1.872,383
RAW,332.8,11051,10275,1.813,371
RAW,332.8,11053,10280,1.808,370
RAW,333.1,11056,10276,1.823,373
RAW,333.1,11058,10278,1.828,374
RAW,333.1,11062,10273,1.784,365
RAW,333.4,11059,10281,1.804,369
RAW,333.4,11061,10281,1.808,370
RAW,333.4,11054,10279,1.808,370
RAW,333.7,11054,10266,1.784,365
RAW,333.7,11059,10270,1.799,368
RAW,333.7,11058,10275,1.794,367
RAW,334.0,11051,10281,1.828,374
RAW,334.0,11062,10272,1.828,374
RAW,334.0,11054,10275,1.813,371
RAW,334.4,11052,10275,1.818,372
RAW,334.4,11048,10271,1.833,375
RAW,334.4,11060,10273,1.838,376
RAW,334.6,11052,10270,1.794,367
RAW,334.6,11052,10265,1.804,369
RAW,334.6,11048,10269,1.931,395
RAW,335.0,11056,10262,1.838,376
RAW,335.0,11047,10262,1.955,400
RAW,335.0,11050,10270,1.979,405
RAW,335.3,11050,10268,1.955,400
RAW,335.3,11060,10271,1.975,404
RAW,335.3,11050,10269,1.994,408
RAW,335.6,11058,10268,1.935,396
RAW,335.6,11050,10270,1.940,397
RAW,335.6,11056,10267,1.945,398
RAW,335.9,11058,10274,1.945,398
RAW,335.9,11046,10263,1.911,391
RAW,335.9,11049,10269,1.828,374
RAW,336.2,11051,10266,1.901,389
RAW,336.2,11056,10265,1.818,372
RAW,336.2,11060,10264,1.833,375
RAW,336.5,11045,10262,1.813,371
RAW,336.5,11050,10264,1.808,370
RAW,336.5,11056,10266,1.838,376
RAW,336.8,11044,10262,1.804,369
RAW,336.8,11047,10268,1.808,370
RAW,336.8,11049,10261,1.857,380
RAW,337.1,11045,10262,1.813,371
RAW,337.1,11056,10264,1.921,393
RAW,337.1,11050,10257,1.955,400
RAW,337.4,11046,10262,1.931,395
RAW,337.4,11051,10263,1.965,402
RAW,337.4,11054,10263,1.935,396
RAW,337.7,11042,10272,1.916,392
RAW,337.7,11053,10265,1.916,392
RAW,337.7,11049,10264,1.838,376
RAW,338.0,11048,10265,1.872,383
RAW,338.0,11053,10265,1.818,372
RAW,338.3,11045,10267,1.872,383
RAW,338.3,11036,10269,1.818,372
RAW,338.3,11044,10263,1.833,375
RAW,338.6,11042,10265,1.813,371
RAW,338.6,11049,10269,1.808,370
RAW,338.6,11043,10267,1.804,369
RAW,338.9,11051,10267,1.799,368
RAW,338.9,11053,10273,1.804,369
RAW,338.9,11047,10270,1.799,368
RAW,339.2,11048,10271,1.828,374
RAW,339.2,11045,10271,1.838,376
RAW,339.2,11049,10269,1.823,373
RAW,339.5,11053,10269,1.833,375
RAW,339.5,11049,10272,1.838,376
RAW,339.5,11047,10268,1.838,376
RAW,339.8,11057,10273,1.828,374
RAW,339.8,11048,10275,1.804,369
RAW,339.8,11052,10272,1.804,369
RAW,340.1,11053,10276,1.828,374
RAW,340.1,11051,10268,1.833,375
RAW,340.1,11054,10272,1.794,367
RAW,340.4,11051,10264,1.833,375
RAW,340.4,11052,10272,1.848,378
RAW,340.4,11052,10273,1.833,375
RAW,340.7,11058,10269,1.789,366
RAW,340.7,11051,10264,1.794,367
RAW,340.7,11051,10270,1.799,368
RAW,341.0,11048,10273,1.799,368
RAW,341.0,11048,10267,1.813,371
RAW,341.0,11046,10267,1.872,383
RAW,341.4,11052,10264,1.764,361
RAW,341.4,11055,10269,1.828,374
RAW,341.4,11048,10267,1.931,395
RAW,341.6,11045,10269,1.804,369
RAW,341.6,11055,10265,1.945,398
RAW,341.6,11044,10259,1.999,409
RAW,342.0,11056,10271,1.926,394
RAW,342.0,11046,10267,1.945,398
RAW,342.0,11045,10265,1.950,399
RAW,342.3,11058,10261,1.979,405
RAW,342.3,11044,10275,2.014,412
RAW,342.3,11044,10264,1.950,399
RAW,342.6,11051,10272,2.004,410
RAW,342.6,11050,10276,1.872,383
RAW,342.6,11050,10263,1.857,380
RAW,342.9,11053,10263,1.852,379
RAW,342.9,11056,10265,1.828,374
RAW,342.9,11051,10268,1.823,373
RAW,343.2,11060,10269,1.818,372
RAW,343.2,11059,10272,1.818,372
RAW,343.2,11054,10274,1.813,371
RAW,343.5,11054,10268,1.848,378
RAW,343.5,11064,10268,1.833,375
RAW,343.5,11055,10263,1.935,396
RAW,343.8,11058,10274,1.813,371
RAW,343.8,11057,10273,1.916,392
RAW,343.8,11058,10268,1.945,398
RAW,344.1,11058,10268,1.901,389
RAW,344.1,11063,10272,1.926,394
RAW,344.1,11060,10267,1.935,396
RAW,344.4,11058,10266,1.935,396
RAW,344.4,11059,10265,1.960,401
RAW,344.4,11069,10269,1.872,383
RAW,344.7,11054,10277,1.901,389
RAW,344.7,11062,10269,1.828,374
RAW,345.0,11064,10272,1.838,376
RAW,345.0,11060,10273,1.828,374
RAW,345.0,11055,10272,1.818,372
RAW,345.3,11061,10264,1.857,380
RAW,345.3,11052,10271,1.818,372
RAW,345.3,11050,10266,1.808,370
RAW,345.6,11057,10262,1.852,379
RAW,345.6,11058,10263,1.843,377
RAW,345.6,11055,10266,1.818,372
RAW,345.9,11051,10266,1.808,370
RAW,345.9,11058,10266,1.813,371
RAW,345.9,11055,10261,1.808,370
RAW,346.2,11053,10261,1.813,371
RAW,346.2,11046,10262,1.823,373
RAW,346.2,11056,10271,1.818,372
RAW,346.5,11053,10266,1.833,375
RAW,346.5,11056,10262,1.833,375
RAW,346.5,11049,10265,1.808,370
RAW,346.8,11047,10267,1.838,376
RAW,346.8,11049,10264,1.857,380
RAW,346.8,11054,10265,1.862,381
RAW,347.1,11050,10269,1.804,369
RAW,347.1,11049,10265,1.828,374
RAW,347.1,11046,10266,1.799,368
RAW,347.4,11047,10269,1.857,380
RAW,347.4,11051,10266,1.862,381
RAW,347.4,11052,10267,1.838,376
RAW,347.7,11051,10266,1.833,375
RAW,347.7,11048,10262,1.848,378
RAW,347.7,11048,10264,1.857,380
RAW,348.0,11039,10259,1.823,373
RAW,348.0,11046,10254,1.857,380
RAW,348.0,11048,10262,1.950,399
RAW,348.4,11053,10261,1.872,383
RAW,348.4,11050,10265,1.945,398
RAW,348.4,11043,10261,1.955,400
RAW,348.6,11056,10265,1.975,404
RAW,348.6,11050,10264,1.999,409
RAW,348.6,11046,10265,1.999,409
RAW,349.0,11049,10266,1.945,398
RAW,349.0,11046,10265,1.994,408
RAW,349.0,11049,10265,1.911,391
RAW,349.3,11056,10268,1.965,402
RAW,349.3,11048,10270,1.857,380
RAW,349.3,11052,10264,1.838,376
RAW,349.6,11057,10261,1.838,376
RAW,349.6,11050,10265,1.833,375
RAW,349.6,11044,10265,1.862,381
RAW,349.9,11044,10265,1.872,383
RAW,349.9,11055,10262,1.852,379
RAW,349.9,11048,10260,1.857,380
RAW,350.2,11053,10265,1.818,372
RAW,350.2,11051,10263,1.833,375
RAW,350.2,11049,10263,1.926,394
RAW,350.5,11048,10267,1.862,381
RAW,350.5,11042,10263,1.935,396
RAW,350.5,11044,10259,1.940,397
RAW,350.8,11047,10262,1.960,401
RAW,350.8,11052,10262,1.935,396
RAW,350.8,11041,10265,1.975,404
RAW,351.1,11049,10263,1.935,396
RAW,351.1,11049,10270,1.921,393
RAW,351.1,11045,10268,1.862,381
RAW,351.4,11055,10265,1.872,383
RAW,351.4,11044,10269,1.838,376
RAW,351.4,11051,10272,1.833,375
RAW,351.7,11054,10270,1.843,377
RAW,351.7,11060,10272,1.857,380
RAW,351.7,11063,10268,1.862,381
RAW,352.0,11049,10265,1.862,381
RAW,352.0,11051,10263,1.872,383
RAW,352.0,11047,10269,1.857,380
RAW,352.3,11054,10262,1.838,376
RAW,352.3,11052,10270,1.818,372
RAW,352.3,11047,10267,1.818,372
RAW,352.6,11056,10261,1.862,381
RAW,352.6,11056,10266,1.833,375
RAW,352.6,11046,10267,1.833,375
RAW,352.9,11050,10256,1.857,380
RAW,352.9,11046,10266,1.857,380
RAW,352.9,11054,10262,1.833,375
RAW,353.2,11062,10263,1.823,373
RAW,353.2,11052,10265,1.828,374
RAW,353.2,11053,10270,1.828,374
RAW,353.5,11056,10269,1.813,371
RAW,353.5,11055,10272,1.818,372
RAW,353.5,11053,10267,1.818,372
RAW,353.8,11053,10275,1.852,379
RAW,353.8,11054,10267,1.848,378
RAW,353.8,11057,10266,1.838,376
RAW,354.1,11050,10267,1.843,377
RAW,354.1,11062,10267,1.857,380
RAW,354.1,11049,10268,1.857,380
RAW,354.4,11054,10259,1.823,373
RAW,354.4,11049,10262,1.833,375
RAW,354.4,11049,10260,1.955,400
RAW,354.7,11053,10262,1.848,378
RAW,354.7,11061,10269,1.975,404
RAW,354.7,11044,10263,1.975,404
RAW,355.0,11053,10264,1.935,396
RAW,355.0,11051,10263,2.009,411
RAW,355.0,11050,10258,2.019,413
RAW,355.4,11052,10265,1.960,401
RAW,355.4,11053,10272,1.965,402
RAW,355.4,11050,10270,1.906,390
RAW,355.7,11051,10269,1.979,405
RAW,355.7,11063,10268,1.921,393
RAW,355.7,11059,10263,1.852,379
RAW,356.0,11053,10262,1.906,390
RAW,356.0,11048,10266,1.857,380
RAW,356.0,11052,10271,1.852,379
RAW,356.3,11063,10269,1.843,377
RAW,356.3,11049,10264,1.872,383
RAW,356.3,11055,10259,1.862,381
RAW,356.6,11048,10269,1.823,373
RAW,356.6,11048,10267,1.828,374
RAW,356.6,11044,10265,1.872,383
RAW,356.9,11051,10260,1.828,374
RAW,356.9,11052,10265,1.960,401
RAW,356.9,11051,10257,1.984,406
RAW,357.2,11043,10266,1.960,401
RAW,357.2,11055,10258,1.960,401
RAW,357.2,11047,10255,1.975,404
RAW,357.5,11042,10263,1.940,397
RAW,357.5,11047,10263,1.945,398
RAW,357.5,11053,10260,1.862,381
RAW,357.8,11049,10257,1.872,383
RAW,357.8,11048,10258,1.843,377
RAW,358.1,11052,10256,1.901,389
RAW,358.1,11051,10261,1.848,378
RAW,358.1,11047,10259,1.862,381
RAW,358.4,11041,10259,1.838,376
RAW,358.4,11048,10252,1.828,374
RAW,358.4,11046,10259,1.862,381
RAW,358.7,11044,10259,1.823,373
RAW,358.7,11052,10257,1.823,373
RAW,358.7,11046,10259,1.818,372
RAW,359.0,11049,10256,1.989,407
RAW,359.0,11047,10259,1.828,374
RAW,359.0,11053,10259,1.857,380
RAW,359.3,11050,10257,1.867,382
RAW,359.3,11056,10262,1.862,381
RAW,359.3,11054,10260,1.852,379
RAW,359.6,11052,10264,1.833,375
RAW,359.6,11047,10261,1.823,373
RAW,359.6,11051,10252,1.833,375
RAW,359.9,11050,10254,1.857,380
RAW,359.9,11048,10254,1.838,376
RAW,359.9,11053,10259,1.823,373
RAW,360.2,11049,10262,1.852,379
RAW,360.2,11054,10254,1.872,383
RAW,360.2,11053,10259,1.838,376
RAW,360.5,11047,10251,1.818,372
RAW,360.5,11045,10260,1.818,372
RAW,360.5,11052,10253,1.833,375
RAW,360.8,11051,10262,1.823,373
RAW,360.8,11042,10259,1.838,376
RAW,360.8,11040,10258,1.833,375
RAW,361.1,11046,10259,1.857,380
RAW,361.1,11050,10257,1.862,381
RAW,361.1,11048,10253,1.950,399
RAW,361.4,11047,10255,1.896,388
RAW,361.4,11054,10261,1.984,406
RAW,361.4,11038,10258,2.019,413
RAW,361.7,11047,10249,1.955,400
RAW,361.7,11053,10251,1.970,403
RAW,361.7,11045,10257,1.994,408
RAW,362.0,11043,10256,2.014,412
RAW,362.0,11034,10255,2.033,416
RAW,362.0,11040,10255,1.955,400
RAW,362.4,11041,10256,1.994,408
RAW,362.4,11039,10253,1.896,388
RAW,362.4,11042,10257,1.872,383
RAW,362.7,11046,10244,1.872,383
RAW,362.7,11038,10255,1.852,379
RAW,362.7,11048,10254,1.843,377
RAW,363.0,11040,10246,1.838,376
RAW,363.0,11045,10252,1.838,376
RAW,363.0,11038,10246,1.896,388
RAW,363.3,11047,10251,1.852,379
RAW,363.3,11037,10246,1.852,379
RAW,363.3,11039,10247,2.048,419
RAW,363.6,11043,10248,1.823,373
RAW,363.6,11047,10252,1.926,394
RAW,363.6,11041,10242,1.970,403
RAW,363.9,11035,10246,1.935,396
RAW,363.9,11046,10245,1.960,401
RAW,363.9,11042,10245,1.960,401
RAW,364.2,11039,10247,1.975,404
RAW,364.2,11039,10241,1.935,396
RAW,364.2,11045,10250,1.896,388
RAW,364.5,11036,10248,1.984,406
RAW,364.5,11041,10244,1.867,382
RAW,364.5,11042,10247,1.872,383
RAW,364.8,11037,10249,1.872,383
RAW,364.8,11040,10251,1.843,377
RAW,364.8,11042,10249,1.872,383
RAW,365.1,11041,10241,1.838,376
RAW,365.1,11038,10243,1.833,375
RAW,365.1,11035,10248,1.838,376
RAW,365.4,11039,10250,1.862,381
RAW,365.4,11040,10244,1.838,376
RAW,365.4,11043,10244,1.872,383
RAW,365.7,11036,10251,1.828,374
RAW,365.7,11036,10245,1.833,375
RAW,365.7,11039,10246,1.857,380
RAW,366.0,11042,10248,1.833,375
RAW,366.0,11043,10246,1.838,376
RAW,366.0,11035,10245,1.838,376
RAW,366.3,11048,10246,1.852,379
RAW,366.3,11040,10249,1.833,375
RAW,366.3,11043,10250,1.862,381
RAW,366.6,11039,10244,1.774,363
RAW,366.6,11044,10250,1.872,383
RAW,366.6,11051,10249,1.862,381
RAW,366.9,11048,10247,1.828,374
RAW,366.9,11041,10252,1.789,366
RAW,366.9,11044,10250,1.828,374
RAW,367.2,11048,10248,1.872,383
RAW,367.2,11043,10251,1.848,378
RAW,367.2,11037,10246,1.838,376
RAW,367.5,11045,10254,1.862,381
RAW,367.5,11042,10252,1.872,383
RAW,367.5,11038,10253,1.931,395
RAW,367.8,11048,10251,1.843,377
RAW,367.8,11051,10250,1.950,399
RAW,367.8,11041,10247,1.979,405
RAW,368.1,11042,10246,1.945,398
RAW,368.1,11044,10247,1.975,404
RAW,368.1,11041,10252,1.975,404
RAW,368.4,11041,10250,2.004,410
RAW,368.4,11043,10241,2.014,412
RAW,368.4,11044,10246,2.009,411
RAW,368.8,11042,10243,1.994,408
RAW,368.8,11041,10243,1.999,409
RAW,368.8,11048,10245,1.901,389
RAW,369.0,11035,10243,1.940,397
RAW,369.0,11039,10240,1.857,380
RAW,369.0,11042,10238,1.852,379
RAW,369.4,11034,10243,1.872,383
RAW,369.4,11039,10240,1.872,383
RAW,369.4,11034,10247,1.872,383
RAW,369.7,11038,10246,1.872,383
RAW,369.7,11043,10238,1.872,383
RAW,369.7,11035,10244,1.935,396
RAW,370.0,11039,10240,1.833,375
RAW,370.0,11037,10245,1.901,389
RAW,370.0,11038,10241,1.940,397
RAW,370.3,11036,10232,1.921,393
RAW,370.3,11034,10241,1.950,399
RAW,370.3,11034,10240,1.955,400
RAW,370.6,11044,10248,1.979,405
RAW,370.6,11034,10247,1.970,403
RAW,370.6,11040,10236,1.975,404
RAW,370.9,11037,10231,1.945,398
RAW,370.9,11031,10236,1.901,389
RAW,370.9,11032,10237,1.901,389
RAW,371.2,11034,10237,1.852,379
RAW,371.2,11037,10241,1.838,376
RAW,371.2,11030,10241,1.843,377
RAW,371.5,11033,10240,1.867,382
RAW,371.5,11033,10238,1.872,383
RAW,371.5,11043,10236,1.872,383
RAW,371.8,11044,10242,1.872,383
RAW,371.8,11037,10241,1.843,377
RAW,371.8,11033,10244,1.872,383
RAW,372.1,11037,10243,1.833,375
RAW,372.1,11035,10246,1.833,375
RAW,372.1,11040,10242,1.833,375
RAW,372.4,11038,10243,1.838,376
RAW,372.4,11040,10243,1.833,375
RAW,372.4,11038,10243,1.848,378
RAW,372.7,11037,10243,1.867,382
RAW,372.7,11041,10243,1.833,375
RAW,372.7,11035,10238,1.857,380
RAW,373.0,11033,10241,1.833,375
RAW,373.0,11035,10241,1.833,375
RAW,373.0,11034,10249,1.857,380
RAW,373.3,11043,10250,1.828,374
RAW,373.3,11041,10246,1.833,375
RAW,373.3,11030,10248,1.828,374
RAW,373.6,11043,10243,1.867,382
RAW,373.6,11042,10242,1.838,376
RAW,373.6,11035,10242,1.872,383
RAW,373.9,11041,10239,1.872,383
RAW,373.9,11043,10242,1.872,383
RAW,373.9,11046,10251,1.872,383
RAW,374.2,11037,10239,1.857,380
RAW,374.2,11044,10250,1.901,389
RAW,374.2,11034,10244,1.970,403
RAW,374.5,11035,10239,1.955,400
RAW,374.5,11034,10241,1.975,404
RAW,374.5,11035,10237,1.979,405
RAW,374.8,11041,10237,2.014,412
RAW,374.8,11036,10243,2.023,414
RAW,374.8,11031,10245,2.009,411
RAW,375.1,11043,10241,1.975,404
RAW,375.1,11040,10243,1.975,404
RAW,375.1,11043,10242,1.872,383
RAW,375.5,11039,10239,1.984,406
RAW,375.5,11037,10245,1.857,380
RAW,375.5,11042,10239,1.862,381
RAW,375.8,11036,10244,1.872,383
RAW,375.8,11034,10243,1.862,381
RAW,375.8,11037,10241,1.838,376
RAW,376.0,11034,10240,1.872,383
RAW,376.0,11040,10242,1.872,383
RAW,376.0,11044,10239,1.901,389
RAW,376.4,11038,10244,1.833,375
RAW,376.4,11036,10242,1.848,378
RAW,376.4,11039,10244,1.950,399
RAW,376.7,11034,10244,1.931,395
RAW,376.7,11034,10244,1.989,407
RAW,376.7,11037,10235,1.984,406
RAW,377.0,11039,10241,1.975,404
RAW,377.0,11035,10240,1.975,404
RAW,377.0,11033,10239,1.989,407
RAW,377.3,11036,10242,1.955,400
RAW,377.3,11039,10241,1.940,397
RAW,377.3,11041,10238,1.867,382
RAW,377.6,11042,10243,1.896,388
RAW,377.6,11030,10239,1.852,379
RAW,377.6,11037,10241,1.843,377
RAW,377.9,11035,10236,1.872,383
RAW,377.9,11033,10240,1.872,383
RAW,377.9,11034,10239,1.857,380
RAW,378.2,11042,10246,1.833,375
RAW,378.2,11036,10245,1.862,381
RAW,378.2,11041,10239,1.872,383
RAW,378.5,11038,10241,1.843,377
RAW,378.5,11041,10242,1.808,370
RAW,378.5,11035,10239,1.867,382
RAW,378.8,11038,10243,1.838,376
RAW,378.8,11037,10236,1.872,383
RAW,378.8,11044,10239,1.872,383
RAW,379.1,11046,10239,1.872,383
RAW,379.1,11039,10248,1.857,380
RAW,379.1,11037,10239,1.852,379
RAW,379.4,11032,10244,1.843,377
RAW,379.4,11043,10238,1.843,377
RAW,379.4,11043,10241,1.843,377
RAW,379.7,11037,10241,1.833,375
RAW,379.7,11041,10244,1.828,374
RAW,379.7,11039,10243,1.833,375
RAW,380.0,11045,10240,1.872,383
RAW,380.0,11036,10243,1.843,377
RAW,380.0,11041,10248,1.862,381
RAW,380.3,11048,10244,1.833,375
RAW,380.3,11038,10241,1.779,364
RAW,380.3,11047,10245,1.843,377
RAW,380.6,11043,10245,1.818,372
RAW,380.6,11045,10243,1.843,377
RAW,380.6,11041,10242,1.950,399
RAW,380.9,11035,10241,1.862,381
RAW,380.9,11049,10249,1.955,400
RAW,380.9,11040,10241,2.014,412
RAW,381.2,11040,10237,2.009,411
RAW,381.2,11041,10238,2.033,416
RAW,381.2,11041,10242,2.077,425
RAW,381.5,11037,10236,1.989,407
RAW,381.5,11043,10232,1.984,406
RAW,381.5,11037,10239,1.994,408
RAW,381.8,11027,10238,2.033,416
RAW,381.8,11039,10237,1.979,405
RAW,381.8,11036,10242,1.872,383
RAW,382.1,11044,10229,1.940,397
RAW,382.1,11044,10239,1.872,383
RAW,382.1,11035,10235,1.872,383
RAW,382.5,11038,10242,1.857,380
RAW,382.5,11037,10235,1.867,382
RAW,382.5,11036,10244,1.857,380
RAW,382.8,11035,10245,1.843,377
RAW,382.8,11039,10243,1.848,378
RAW,382.8,11033,10236,1.901,389
RAW,383.1,11043,10242,1.872,383
RAW,383.1,11037,10239,1.960,401
RAW,383.1,11033,10247,1.975,404
RAW,383.4,11042,10244,1.935,396
RAW,383.4,11040,10243,1.979,405
RAW,383.4,11041,10239,1.989,407
RAW,383.7,11042,10245,1.862,381
RAW,383.7,11037,10241,1.965,402
RAW,383.7,11038,10245,1.872,383
RAW,384.0,11042,10245,1.955,400
RAW,384.0,11042,10244,1.906,390
RAW,384.3,11038,10240,1.931,395
RAW,384.3,11039,10246,1.906,390
RAW,384.3,11044,10244,1.872,383
RAW,384.6,11039,10244,1.848,378
RAW,384.6,11045,10242,1.843,377
RAW,384.6,11042,10239,1.843,377
RAW,384.9,11039,10245,1.848,378
RAW,384.9,11041,10237,1.852,379
RAW,384.9,11039,10239,1.818,372
RAW,385.2,11038,10238,1.838,376
RAW,385.2,11040,10242,1.872,383
RAW,385.2,11041,10240,1.867,382
RAW,385.5,11033,10240,1.848,378
RAW,385.5,11040,10241,1.843,377
RAW,385.5,11044,10242,1.872,383
RAW,385.8,11039,10237,1.843,377
RAW,385.8,11033,10248,1.838,376
RAW,385.8,11038,10238,1.843,377
RAW,386.1,11042,10244,1.843,377
RAW,386.1,11046,10239,1.872,383
RAW,386.1,11039,10236,1.872,383
RAW,386.4,11033,10247,1.872,383
RAW,386.4,11039,10239,1.950,399
RAW,386.4,11040,10238,1.852,379
RAW,386.7,11043,10232,1.872,383
RAW,386.7,11034,10241,1.848,378
RAW,386.7,11041,10243,1.848,378
RAW,387.0,11039,10242,1.872,383
RAW,387.0,11043,10243,1.852,379
RAW,387.0,11042,10247,1.852,379
RAW,387.3,11036,10242,1.872,383
RAW,387.3,11037,10236,1.872,383
RAW,387.3,11040,10240,1.965,402
RAW,387.6,11045,10242,1.852,379
RAW,387.6,11041,10235,1.975,404
RAW,387.6,11033,10242,1.994,408
RAW,387.9,11046,10236,1.970,403
RAW,387.9,11045,10237,1.989,407
RAW,387.9,11034,10235,1.989,407
RAW,388.2,11037,10241,2.019,413
RAW,388.2,11036,10243,2.028,415
RAW,388.2,11036,10241,1.975,404
RAW,388.5,11041,10237,2.009,411
RAW,388.5,11044,10237,1.975,404
RAW,388.5,11037,10239,1.911,391
RAW,388.8,11035,10240,1.911,391
RAW,388.8,11036,10240,1.862,381
RAW,388.8,11043,10244,1.857,380
RAW,389.1,11045,10243,1.916,392
RAW,389.1,11042,10237,1.896,388
RAW,389.1,11042,10236,1.857,380
RAW,389.5,11041,10239,1.872,383
RAW,389.5,11038,10236,1.872,383
RAW,389.5,11038,10232,1.955,400
RAW,389.8,11035,10242,1.838,376
RAW,389.8,11039,10245,1.931,395
RAW,389.8,11046,10236,1.950,399
RAW,390.1,11044,10238,1.940,397
RAW,390.1,11038,10239,1.960,401
RAW,390.1,11039,10232,1.970,403
RAW,390.4,11037,10238,1.984,406
RAW,390.4,11045,10234,1.984,406
RAW,390.4,11043,10233,1.901,389
RAW,390.7,11038,10236,1.935,396
RAW,390.7,11039,10238,1.921,393
RAW,391.0,11036,10237,1.862,381
RAW,391.0,11047,10235,1.857,380
RAW,391.0,11034,10236,1.848,378
RAW,391.3,11040,10233,1.901,389
RAW,391.3,11034,10234,1.901,389
RAW,391.3,11040,10235,1.916,392
RAW,391.6,11041,10230,1.896,388
RAW,391.6,11039,10232,1.848,378
RAW,391.6,11035,10223,1.872,383
RAW,391.9,11037,10237,1.852,379
RAW,391.9,11048,10241,1.852,379
RAW,391.9,11038,10237,1.852,379
RAW,392.2,11043,10245,1.823,373
RAW,392.2,11050,10237,1.848,378
RAW,392.2,11040,10235,1.872,383
RAW,392.5,11041,10237,1.872,383
RAW,392.5,11043,10233,1.857,380
RAW,392.5,11040,10235,1.872,383
RAW,392.8,11036,10234,1.843,377
RAW,392.8,11046,10231,1.852,379
RAW,392.8,11038,10239,1.872,383
RAW,393.1,11037,10234,1.852,379
RAW,393.1,11041,10229,1.838,376
RAW,393.1,11036,10235,1.852,379
RAW,393.4,11040,10228,1.872,383
RAW,393.4,11039,10236,1.848,378
RAW,393.4,11039,10241,1.872,383
RAW,393.7,11045,10230,1.872,383
RAW,393.7,11039,10235,1.901,389
RAW,393.7,11037,10231,1.872,383
RAW,394.0,11038,10231,1.872,383
RAW,394.0,11043,10231,1.862,381
RAW,394.0,11047,10231,1.970,403
RAW,394.3,11034,10232,1.940,397
RAW,394.3,11033,10233,1.975,404
RAW,394.3,11037,10227,1.979,405
RAW,394.6,11030,10232,2.014,412
RAW,394.6,11039,10231,2.028,415
RAW,394.6,11039,10232,2.023,414
RAW,394.9,11041,10229,1.984,406
RAW,394.9,11044,10229,1.994,408
RAW,394.9,11032,10234,1.916,392
RAW,395.2,11038,10232,1.999,409
RAW,395.2,11049,10227,1.872,383
RAW,395.2,11040,10230,1.862,381
RAW,395.5,11041,10231,1.911,391
RAW,395.5,11033,10234,1.901,389
RAW,395.5,11043,10229,1.857,380
RAW,395.8,11043,10231,1.896,388
RAW,395.8,11037,10233,1.872,383
RAW,395.8,11045,10229,1.911,391
RAW,396.1,11041,10231,1.857,380
RAW,396.1,11039,10233,1.872,383
RAW,396.1,11039,10227,1.940,397
RAW,396.5,11037,10236,1.916,392
RAW,396.5,11034,10227,2.014,412
RAW,396.5,11035,10228,2.014,412
RAW,396.8,11035,10240,1.975,404
RAW,396.8,11036,10239,1.994,408
RAW,396.8,11040,10228,2.004,410
RAW,397.1,11032,10230,1.965,402
RAW,397.1,11041,10228,1.970,403
RAW,397.1,11039,10227,1.872,383
RAW,397.4,11045,10233,1.921,393
RAW,397.4,11038,10232,1.818,372
RAW,397.4,11037,10226,1.857,380
RAW,397.7,11037,10230,1.896,388
RAW,397.7,11044,10236,1.872,383
RAW,397.7,11038,10231,1.896,388
RAW,398.0,11034,10234,1.843,377
RAW,398.0,11037,10226,1.867,382
RAW,398.0,11031,10228,1.896,388
RAW,398.3,11042,10226,1.857,380
RAW,398.3,11035,10223,1.857,380
RAW,398.3,11046,10233,1.872,383
RAW,398.6,11038,10226,1.862,381
RAW,398.6,11026,10228,1.872,383
RAW,398.6,11038,10230,1.896,388
RAW,398.9,11028,10227,1.916,392
RAW,398.9,11034,10227,1.862,381
RAW,398.9,11035,10230,1.872,383
RAW,399.2,11031,10213,1.843,377
RAW,399.2,11031,10226,1.828,374
RAW,399.2,11033,10224,1.857,380
RAW,399.5,11028,10223,1.852,379
RAW,399.5,11039,10224,1.852,379
RAW,399.5,11032,10230,1.857,380
RAW,399.8,11035,10227,1.872,383
RAW,399.8,11036,10227,1.862,381
RAW,399.8,11029,10227,1.872,383
RAW,400.1,11040,10229,1.857,380
RAW,400.1,11034,10233,1.857,380
RAW,400.1,11033,10228,1.896,388
RAW,400.4,11038,10228,1.848,378
RAW,400.4,11030,10224,1.857,380
RAW,400.4,11030,10231,1.955,400
RAW,400.7,11032,10230,1.872,383
RAW,400.7,11035,10225,1.970,403
RAW,400.7,11036,10223,2.033,416
RAW,401.0,11029,10232,2.009,411
RAW,401.0,11036,10219,2.038,417
RAW,401.0,11031,10227,2.023,414
RAW,401.3,11025,10219,2.014,412
RAW,401.3,11035,10221,1.999,409
RAW,401.3,11032,10224,1.999,409
RAW,401.6,11028,10224,2.038,417
RAW,401.6,11035,10217,1.989,407
RAW,401.6,11033,10213,1.818,372
RAW,401.9,11029,10220,1.950,399
RAW,401.9,11032,10222,1.911,391
RAW,401.9,11030,10220,1.862,381
RAW,402.2,11030,10218,1.862,381
RAW,402.2,11031,10216,1.862,381
RAW,402.2,11033,10217,1.857,380
RAW,402.5,11029,10214,1.852,379
RAW,402.5,11031,10221,1.857,380
RAW,402.5,11031,10216,1.916,392
RAW,402.8,11030,10211,1.896,388
RAW,402.8,11028,10216,1.970,403
RAW,402.8,11029,10214,1.970,403
RAW,403.1,11028,10217,1.970,403
RAW,403.1,11027,10214,1.994,408
RAW,403.1,11031,10215,2.004,410
RAW,403.5,11032,10219,1.960,401
RAW,403.5,11030,10215,1.970,403
RAW,403.5,11027,10220,1.896,388
RAW,403.8,11033,10221,1.935,396
RAW,403.8,11037,10216,1.896,388
RAW,404.1,11044,10219,1.921,393
RAW,404.1,11034,10218,1.901,389
RAW,404.1,11029,10224,1.901,389
RAW,404.4,11031,10216,1.857,380
RAW,404.4,11035,10220,1.848,378
RAW,404.4,11030,10217,1.852,379
RAW,404.7,11032,10219,1.857,380
RAW,404.7,11041,10219,1.857,380
RAW,404.7,11031,10226,1.857,380
RAW,405.0,11037,10221,1.779,364
RAW,405.0,11032,10214,1.872,383
RAW,405.0,11034,10223,1.872,383
RAW,405.3,11030,10213,1.857,380
RAW,405.3,11025,10213,1.872,383
RAW,405.3,11031,10220,1.896,388
RAW,405.6,11028,10216,1.843,377
RAW,405.6,11035,10208,1.852,379
RAW,405.6,11030,10216,1.848,378
RAW,405.9,11030,10215,1.857,380
RAW,405.9,11023,10218,1.906,390
RAW,405.9,11031,10218,1.906,390
RAW,406.2,11029,10214,1.896,388
RAW,406.2,11029,10215,1.872,383
RAW,406.2,11028,10211,1.857,380
RAW,406.5,11033,10218,1.857,380
RAW,406.5,11035,10213,1.857,380
RAW,406.5,11032,10217,1.862,381
RAW,406.8,11036,10221,1.872,383
RAW,406.8,11033,10219,1.848,378
RAW,406.8,11035,10218,1.852,379
RAW,407.1,11037,10213,1.901,389
RAW,407.1,11032,10215,1.872,383
RAW,407.1,11037,10221,1.984,406
RAW,407.4,11026,10216,1.838,376
RAW,407.4,11039,10216,1.970,403
RAW,407.4,11023,10213,1.994,408
RAW,407.7,11031,10215,1.965,402
RAW,407.7,11023,10214,1.994,408
RAW,407.7,11036,10210,1.999,409
RAW,408.0,11036,10212,2.019,413
RAW,408.0,11032,10215,2.019,413
RAW,408.0,11030,10209,1.999,409
RAW,408.3,11030,10214,2.023,414
RAW,408.3,11029,10207,1.989,407
RAW,408.3,11031,10206,1.926,394
RAW,408.6,11030,10212,1.916,392
RAW,408.6,11031,10210,1.862,381
RAW,408.6,11027,10211,1.867,382
RAW,408.9,11041,10207,1.926,394
RAW,408.9,11028,10208,1.896,388
RAW,408.9,11032,10213,1.862,381
RAW,409.2,11036,10211,1.857,380
RAW,409.2,11026,10207,1.906,390
RAW,409.2,11032,10210,1.955,400
RAW,409.5,11031,10209,1.848,378
RAW,409.5,11029,10212,1.935,396
RAW,409.5,11029,10212,1.955,400
RAW,409.8,11028,10210,1.940,397
RAW,409.8,11028,10203,1.965,402
RAW,409.8,11014,10206,1.960,401
RAW,410.1,11024,10204,1.984,406
RAW,410.1,11023,10212,1.989,407
RAW,410.1,11025,10213,1.896,388
RAW,410.5,11022,10210,1.945,398
RAW,410.5,11021,10204,1.916,392
RAW,410.8,11023,10206,1.872,383
RAW,410.8,11022,10208,1.852,379
RAW,410.8,11026,10208,1.852,379
RAW,411.1,11030,10210,1.872,383
RAW,411.1,11025,10210,1.906,390
RAW,411.1,11027,10206,1.901,389
RAW,411.4,11034,10205,1.896,388
RAW,411.4,11025,10210,1.872,383
RAW,411.4,11022,10210,1.872,383
RAW,411.7,11033,10206,1.848,378
RAW,411.7,11021,10203,1.857,380
RAW,411.7,11028,10202,1.852,379
RAW,412.0,11023,10207,1.838,376
RAW,412.0,11029,10216,1.838,376
RAW,412.0,11034,10207,1.843,377
RAW,412.3,11024,10210,1.872,383
RAW,412.3,11026,10211,1.848,378
RAW,412.3,11023,10206,1.896,388
RAW,412.6,11036,10212,1.750,358
RAW,412.6,11022,10209,1.843,377
RAW,412.6,11027,10212,1.867,382
RAW,412.9,11024,10210,1.843,377
RAW,412.9,11027,10212,1.848,378
RAW,412.9,11028,10204,1.848,378
RAW,413.2,11027,10214,1.804,369
RAW,413.2,11029,10211,1.838,376
RAW,413.2,11032,10211,1.872,383
RAW,413.5,11023,10203,1.872,383
RAW,413.5,11029,10206,1.906,390
RAW,413.5,11022,10207,1.872,383
RAW,413.8,11019,10216,1.833,375
RAW,413.8,11024,10206,1.843,377
RAW,413.8,11026,10213,1.940,397
RAW,414.1,11023,10208,1.896,388
RAW,414.1,11023,10209,1.979,405
RAW,414.1,11023,10205,1.989,407
RAW,414.4,11020,10213,2.004,410
RAW,414.4,11020,10208,2.019,413
RAW,414.4,11019,10211,1.999,409
RAW,414.7,11026,10207,1.989,407
RAW,414.7,11027,10204,1.994,408
RAW,414.7,11022,10210,1.975,404
RAW,415.0,11024,10210,1.984,406
RAW,415.0,11022,10204,1.935,396
RAW,415.0,11024,10203,1.857,380
RAW,415.3,11022,10202,1.926,394
RAW,415.3,11026,10203,1.872,383
RAW,415.3,11023,10204,1.857,380
RAW,415.6,11023,10206,1.872,383
RAW,415.6,11024,10200,1.872,383
RAW,415.6,11024,10206,1.896,388
RAW,415.9,11025,10205,1.843,377
RAW,415.9,11023,10200,1.862,381
RAW,415.9,11021,10200,1.916,392
RAW,416.2,11023,10205,1.872,383
RAW,416.2,11027,10202,1.975,404
RAW,416.2,11027,10208,1.984,406
RAW,416.5,11023,10202,1.950,399
RAW,416.5,11019,10207,1.975,404
RAW,416.5,11023,10204,1.989,407
RAW,416.9,11014,10206,1.955,400
RAW,416.9,11012,10208,1.960,401
RAW,416.9,11021,10199,1.867,382
RAW,417.1,11016,10200,1.872,383
RAW,417.1,11018,10201,1.848,378
RAW,417.5,11012,10200,1.872,383
RAW,417.5,11018,10198,1.901,389
RAW,417.5,11014,10198,1.872,383
RAW,417.8,11012,10202,1.843,377
RAW,417.8,11020,10204,1.843,377
RAW,417.8,11019,10201,1.867,382
RAW,418.1,11017,10199,1.843,377
RAW,418.1,11013,10202,1.852,379
RAW,418.1,11017,10204,1.843,377
RAW,418.4,11015,10200,1.833,375
RAW,418.4,11019,10206,1.862,381
RAW,418.4,11016,10196,1.872,383
RAW,418.7,11021,10205,1.872,383
RAW,418.7,11018,10203,1.867,382
RAW,418.7,11014,10203,1.852,379
RAW,419.0,11018,10211,1.828,374
RAW,419.0,11020,10195,1.833,375
RAW,419.0,11021,10204,1.828,374
RAW,419.3,11021,10201,1.852,379
RAW,419.3,11027,10197,1.843,377
RAW,419.3,11017,10203,1.838,376
RAW,419.6,11021,10208,1.872,383
RAW,419.6,11027,10201,1.848,378
RAW,419.6,11020,10209,1.852,379
RAW,419.9,11020,10204,1.833,375
RAW,419.9,11028,10201,1.843,377
RAW,419.9,11023,10198,1.848,378
RAW,420.2,11013,10200,1.828,374
RAW,420.2,11018,10201,1.838,376
RAW,420.2,11014,10199,1.838,376
RAW,420.5,11020,10204,1.872,383
RAW,420.5,11017,10197,1.857,380
RAW,420.5,11021,10194,1.984,406
RAW,420.8,11021,10200,1.867,382
RAW,420.8,11020,10205,1.999,409
RAW,420.8,11020,10201,2.033,416
RAW,421.1,11020,10205,1.965,402
RAW,421.1,11021,10200,2.014,412
RAW,421.1,11021,10201,1.994,408
RAW,421.4,11020,10202,2.033,416
RAW,421.4,11014,10210,2.028,415
RAW,421.4,11020,10203,1.945,398
RAW,421.7,11013,10207,2.019,413
RAW,421.7,11025,10202,1.950,399
RAW,421.7,11028,10210,1.896,388
RAW,422.0,11029,10210,1.872,383
RAW,422.0,11025,10198,1.779,364
RAW,422.0,11022,10199,1.848,378
RAW,422.3,11020,10197,1.857,380
RAW,422.3,11027,10203,1.857,380
RAW,422.3,11016,10196,1.848,378
RAW,422.6,11023,10202,1.867,382
RAW,422.6,11017,10201,1.857,380
RAW,422.6,11028,10202,1.945,398
RAW,422.9,11021,10202,1.838,376
RAW,422.9,11027,10203,1.955,400
RAW,422.9,11029,10197,1.989,407
RAW,423.2,11023,10199,1.935,396
RAW,423.2,11031,10208,1.955,400
RAW,423.2,11022,10199,1.984,406
RAW,423.5,11020,10206,1.984,406
RAW,423.5,11024,10204,1.999,409
RAW,423.5,11026,10203,1.906,390
RAW,423.9,11023,10204,1.896,388
RAW,423.9,11016,10203,1.872,383
RAW,424.1,11016,10207,1.862,381
RAW,424.1,11018,10207,1.848,378
RAW,424.1,11018,10205,1.838,376
RAW,424.5,11030,10200,1.857,380
RAW,424.5,11023,10205,1.852,379
RAW,424.5,11020,10205,1.843,377
RAW,424.8,11027,10213,1.750,358
RAW,424.8,11026,10206,1.852,379
RAW,424.8,11021,10202,1.857,380
RAW,425.1,11029,10201,1.838,376
RAW,425.1,11026,10205,1.843,377
RAW,425.1,11023,10204,1.862,381
RAW,425.4,11040,10206,1.818,372
RAW,425.4,11024,10201,1.833,375
RAW,425.4,11022,10206,1.818,372
RAW,425.7,11027,10203,1.857,380
RAW,425.7,11020,10204,1.857,380
RAW,425.7,11021,10205,1.872,383
RAW,426.0,11030,10208,1.843,377
RAW,426.0,11022,10206,1.872,383
RAW,426.0,11027,10206,1.857,380
RAW,426.3,11028,10205,1.857,380
RAW,426.3,11031,10209,1.838,376
RAW,426.3,11020,10210,1.828,374
RAW,426.6,11040,10211,1.857,380
RAW,426.6,11032,10208,1.828,374
RAW,426.6,11028,10208,1.818,372
RAW,426.9,11022,10204,1.862,381
RAW,426.9,11034,10204,1.872,383
RAW,426.9,11024,10204,1.838,376
RAW,427.2,11034,10201,1.823,373
RAW,427.2,11030,10212,1.823,373
RAW,427.2,11026,10206,1.931,395
RAW,427.5,11023,10213,1.843,377
RAW,427.5,11038,10211,1.955,400
RAW,427.5,11020,10207,1.975,404
RAW,427.8,11040,10212,1.970,403
RAW,427.8,11031,10213,1.994,408
RAW,427.8,11034,10211,1.979,405
RAW,428.1,11032,10213,2.004,410
RAW,428.1,11030,10209,2.014,412
RAW,428.1,11035,10210,1.994,408
RAW,428.4,11032,10209,1.955,400
RAW,428.4,11029,10206,1.921,393
RAW,428.4,11032,10210,1.838,376
RAW,428.7,11036,10210,1.926,394
RAW,428.7,11031,10217,1.872,383
RAW,428.7,11031,10206,1.872,383
RAW,429.0,11034,10217,1.843,377
RAW,429.0,11038,10213,1.857,380
RAW,429.0,11030,10204,1.872,383
RAW,429.3,11039,10207,1.838,376
RAW,429.3,11033,10210,1.833,375
RAW,429.3,11032,10207,1.906,390
RAW,429.6,11032,10209,1.823,373
RAW,429.6,11032,10213,1.935,396
RAW,429.6,11029,10214,1.935,396
RAW,429.9,11028,10212,1.926,394
RAW,429.9,11030,10213,1.975,404
RAW,429.9,11030,10208,1.970,403
RAW,430.2,11036,10211,1.935,396
RAW,430.2,11030,10212,1.970,403
RAW,430.2,11030,10205,1.896,388
RAW,430.5,11030,10206,1.857,380
RAW,430.5,11031,10208,1.823,373
RAW,430.8,11028,10206,1.843,377
RAW,430.8,11027,10210,1.872,383
RAW,430.8,11033,10214,1.867,382
RAW,431.1,11038,10205,1.872,383
RAW,431.1,11031,10208,1.848,378
RAW,431.1,11031,10216,1.926,394
RAW,431.5,11031,10216,1.843,377
RAW,431.5,11025,10212,1.818,372
RAW,431.5,11024,10213,1.818,372
RAW,431.8,11027,10210,1.818,372
RAW,431.8,11028,10215,1.813,371
RAW,431.8,11029,10210,1.813,371
RAW,432.1,11041,10210,1.848,378
RAW,432.1,11035,10212,1.818,372
RAW,432.1,11028,10212,1.857,380
RAW,432.4,11036,10210,1.799,368
RAW,432.4,11032,10211,1.804,369
RAW,432.4,11036,10217,1.808,370
RAW,432.7,11032,10212,1.813,371
RAW,432.7,11037,10213,1.818,372
RAW,432.7,11032,10205,1.818,372
RAW,433.0,11030,10206,1.828,374
RAW,433.0,11034,10206,1.804,369
RAW,433.0,11041,10210,1.720,352
RAW,433.3,11032,10206,1.857,380
RAW,433.3,11032,10211,1.857,380
RAW,433.3,11029,10205,1.862,381
RAW,433.6,11026,10208,1.833,375
RAW,433.6,11032,10208,1.808,370
RAW,433.6,11029,10206,1.808,370
RAW,433.9,11020,10210,1.857,380
RAW,433.9,11024,10204,1.857,380
RAW,433.9,11024,10206,1.935,396
RAW,434.2,11029,10205,1.872,383
RAW,434.2,11027,10204,1.975,404
RAW,434.2,11023,10201,1.979,405
RAW,434.5,11038,10205,1.945,398
RAW,434.5,11035,10203,1.960,401
RAW,434.5,11028,10210,1.965,402
RAW,434.8,11027,10204,1.945,398
RAW,434.8,11026,10211,1.955,400
RAW,434.8,11024,10209,1.872,383
RAW,435.1,11025,10209,1.979,405
RAW,435.1,11028,10211,1.901,389
RAW,435.1,11027,10207,1.857,380
RAW,435.4,11029,10207,1.833,375
RAW,435.4,11028,10203,1.843,377
RAW,435.4,11030,10203,1.848,378
RAW,435.7,11032,10202,1.818,372
RAW,435.7,11035,10207,1.813,371
RAW,435.7,11031,10210,1.823,373
RAW,436.0,11027,10207,1.838,376
RAW,436.0,11022,10205,1.843,377
RAW,436.0,11029,10201,1.935,396
RAW,436.3,11031,10209,1.852,379
RAW,436.3,11030,10197,1.906,390
RAW,436.3,11025,10202,1.960,401
RAW,436.6,11031,10200,1.896,388
RAW,436.6,11022,10205,1.916,392
RAW,436.6,11026,10205,1.921,393
RAW,436.9,11029,10202,1.921,393
RAW,436.9,11023,10199,1.852,379
RAW,436.9,11030,10202,1.828,374
RAW,437.2,11029,10210,1.857,380
RAW,437.2,11029,10204,1.852,379
RAW,437.5,11029,10202,1.833,375
RAW,437.5,11026,10212,1.818,372
RAW,437.5,11032,10204,1.833,375
RAW,437.8,11030,10203,1.813,371
RAW,437.8,11030,10212,1.813,371
RAW,437.8,11032,10198,1.804,369
RAW,438.1,11034,10207,1.808,370
RAW,438.1,11029,10204,1.799,368
RAW,438.1,11028,10207,1.857,380
RAW,438.5,11025,10213,1.843,377
RAW,438.5,11035,10206,1.852,379
RAW,438.5,11026,10209,1.833,375
RAW,438.8,11031,10206,1.804,369
RAW,438.8,11034,10209,1.799,368
RAW,438.8,11026,10207,1.799,368
RAW,439.1,11035,10207,1.833,375
RAW,439.1,11039,10211,1.804,369
RAW,439.1,11032,10208,1.804,369
RAW,439.4,11030,10211,1.833,375
RAW,439.4,11035,10210,1.828,374
RAW,439.4,11037,10205,1.799,368
RAW,439.7,11024,10202,1.799,368
RAW,439.7,11023,10207,1.848,378
RAW,439.7,11025,10208,1.804,369
RAW,440.0,11029,10200,1.789,366
RAW,440.0,11032,10202,1.789,366
RAW,440.0,11026,10211,1.799,368
RAW,440.3,11025,10199,1.838,376
RAW,440.3,11034,10201,1.848,378
RAW,440.3,11030,10207,1.813,371
RAW,440.6,11024,10198,1.818,372
RAW,440.6,11026,10208,1.867,382
RAW,440.6,11024,10205,1.965,402
RAW,440.9,11029,10203,1.862,381
RAW,440.9,11030,10202,1.935,396
RAW,440.9,11024,10196,1.950,399
RAW,441.2,11036,10204,1.970,403
RAW,441.2,11034,10206,1.984,406
RAW,441.2,11025,10203,1.955,400
RAW,441.5,11032,10206,1.970,403
RAW,441.5,11022,10200,1.979,405
RAW,441.5,11027,10202,1.896,388
RAW,441.8,11020,10201,1.940,397
RAW,441.8,11025,10209,1.823,373
RAW,441.8,11028,10205,1.813,371
RAW,442.1,11026,10205,1.823,373
RAW,442.1,11032,10206,1.818,372
RAW,442.1,11026,10203,1.808,370
RAW,442.4,11028,10211,1.804,369
RAW,442.4,11027,10208,1.833,375
RAW,442.4,11029,10201,1.843,377
RAW,442.7,11026,10208,1.808,370
RAW,442.7,11030,10203,1.843,377
RAW,442.7,11028,10203,1.926,394
RAW,443.0,11030,10212,1.804,369
RAW,443.0,11039,10207,1.872,383
RAW,443.0,11026,10197,1.935,396
RAW,443.3,11029,10203,1.911,391
RAW,443.3,11028,10203,1.960,401
RAW,443.3,11033,10209,1.970,403
RAW,443.6,11032,10202,1.945,398
RAW,443.6,11030,10204,1.916,392
RAW,443.6,11030,10207,1.857,380
RAW,443.9,11021,10199,1.872,383
RAW,443.9,11021,10201,1.818,372
RAW,443.9,11027,10203,1.818,372
RAW,444.2,11028,10203,1.813,371
RAW,444.2,11022,10199,1.799,368
RAW,444.2,11023,10207,1.799,368
RAW,444.5,11018,10205,1.828,374
RAW,444.5,11022,10193,1.804,369
RAW,444.5,11026,10199,1.838,376
RAW,444.9,11028,10199,1.794,367
RAW,444.9,11023,10195,1.804,369
RAW,444.9,11028,10204,1.833,375
RAW,445.1,11020,10196,1.794,367
RAW,445.1,11024,10194,1.799,368
RAW,445.1,11027,10197,1.799,368
RAW,445.5,11023,10201,1.818,372
RAW,445.5,11021,10201,1.833,375
RAW,445.5,11024,10196,1.838,376
RAW,445.8,11028,10197,1.843,377
RAW,445.8,11022,10198,1.843,377
RAW,445.8,11025,10194,1.828,374
RAW,446.1,11019,10200,1.818,372
RAW,446.1,11026,10199,1.808,370
RAW,446.1,11028,10204,1.799,368
RAW,446.4,11020,10196,1.833,375
RAW,446.4,11022,10192,1.779,364
RAW,446.4,11028,10201,1.799,368
RAW,446.7,11025,10196,1.833,375
RAW,446.7,11023,10199,1.838,376
RAW,446.7,11022,10194,1.818,372
RAW,447.0,11022,10195,1.828,374
RAW,447.0,11021,10193,1.799,368
RAW,447.0,11025,10191,1.896,388
RAW,447.3,11025,10187,1.804,369
RAW,447.3,11019,10198,1.911,391
RAW,447.3,11027,10202,1.945,398
RAW,447.6,11026,10198,1.945,398
RAW,447.6,11023,10200,1.955,400
RAW,447.6,11023,10201,1.950,399
RAW,447.9,11025,10195,1.965,402
RAW,447.9,11026,10203,2.009,411
RAW,447.9,11022,10201,2.004,410
RAW,448.2,11023,10188,1.935,396
RAW,448.2,11022,10193,1.935,396
RAW,448.2,11025,10197,1.818,372
RAW,448.5,11023,10188,1.955,400
RAW,448.5,11021,10187,1.857,380
RAW,448.5,11030,10192,1.833,375
RAW,448.8,11023,10191,1.818,372
RAW,448.8,11021,10195,1.838,376
RAW,448.8,11022,10197,1.833,375
RAW,449.1,11021,10186,1.808,370
RAW,449.1,11022,10189,1.813,371
RAW,449.1,11023,10191,1.867,382
RAW,449.4,11027,10199,1.799,368
RAW,449.4,11018,10198,1.896,388
RAW,449.4,11029,10190,1.911,391
RAW,449.7,11027,10196,1.872,383
RAW,449.7,11027,10191,1.940,397
RAW,449.7,11018,10189,1.950,399
RAW,450.0,11014,10192,1.901,389
RAW,450.0,11021,10197,1.931,395
RAW,450.0,11023,10193,1.945,398
RAW,450.3,11018,10202,1.916,392
RAW,450.3,11018,10190,1.833,375
RAW,450.3,11020,10186,1.843,377
RAW,450.6,11020,10195,1.862,381
RAW,450.6,11015,10190,1.862,381
RAW,450.6,11016,10192,1.838,376
RAW,450.9,11019,10195,1.848,378
RAW,450.9,11013,10189,1.818,372
RAW,450.9,11022,10193,1.833,375
RAW,451.2,11020,10187,1.794,367
RAW,451.2,11017,10194,1.799,368
RAW,451.2,11026,10196,1.804,369
RAW,451.5,11019,10189,1.799,368
RAW,451.5,11015,10196,1.799,368
RAW,451.5,11018,10185,1.799,368
RAW,451.9,11018,10186,1.823,373
RAW,451.9,11026,10183,1.823,373
RAW,451.9,11024,10192,1.818,372
RAW,452.1,11023,10186,1.799,368
RAW,452.1,11024,10193,1.794,367
RAW,452.1,11021,10191,1.828,374
RAW,452.5,11014,10188,1.794,367
RAW,452.5,11022,10192,1.804,369
RAW,452.5,11024,10188,1.789,366
RAW,452.8,11025,10186,1.818,372
RAW,452.8,11022,10188,1.799,368
RAW,452.8,11022,10191,1.843,377
RAW,453.1,11015,10188,1.838,376
RAW,453.1,11020,10192,1.848,378
RAW,453.1,11015,10187,1.838,376
RAW,453.4,11020,10188,1.813,371
RAW,453.4,11014,10193,1.799,368
RAW,453.4,11019,10195,1.794,367
RAW,453.7,11025,10197,1.852,379
RAW,453.7,11024,10188,1.828,374
RAW,453.7,11014,10187,1.935,396
RAW,454.0,11018,10190,1.872,383
RAW,454.0,11020,10193,1.950,399
RAW,454.0,11021,10196,1.940,397
RAW,454.3,11022,10188,1.935,396
RAW,454.3,11024,10190,1.940,397
RAW,454.3,11023,10192,1.955,400
RAW,454.6,11023,10192,1.935,396
RAW,454.6,11017,10194,1.940,397
RAW,454.6,11021,10193,1.852,379
RAW,454.9,11027,10197,1.979,405
RAW,454.9,11020,10191,1.872,383
RAW,454.9,11014,10190,1.818,372
RAW,455.2,11024,10201,1.848,378
RAW,455.2,11018,10198,1.833,375
RAW,455.2,11019,10191,1.848,378
RAW,455.5,11030,10191,1.813,371
RAW,455.5,11028,10191,1.813,371
RAW,455.5,11021,10188,1.808,370
RAW,455.8,11023,10187,1.848,378
RAW,455.8,11017,10189,1.843,377
RAW,455.8,11025,10191,1.921,393
RAW,456.1,11024,10186,1.833,375
RAW,456.1,11024,10189,1.940,397
RAW,456.1,11012,10184,1.950,399
RAW,456.4,11016,10194,1.872,383
RAW,456.4,11025,10195,1.911,391
RAW,456.4,11023,10189,1.916,392
RAW,456.7,11018,10189,1.916,392
RAW,456.7,11023,10189,1.965,402
RAW,456.7,11019,10189,1.828,374
RAW,457.0,11020,10191,1.921,393
RAW,457.0,11026,10193,1.843,377
RAW,457.0,11016,10193,1.838,376
RAW,457.3,11024,10192,1.808,370
RAW,457.3,11018,10187,1.848,378
RAW,457.3,11017,10182,1.848,378
RAW,457.6,11029,10197,1.799,368
RAW,457.6,11022,10187,1.794,367
RAW,457.6,11024,10189,1.843,377
RAW,457.9,11021,10192,1.789,366
RAW,457.9,11020,10186,1.852,379
RAW,457.9,11020,10193,1.750,358
RAW,458.2,11021,10188,1.843,377
RAW,458.2,11025,10192,1.804,369
RAW,458.2,11028,10196,1.833,375
RAW,458.5,11016,10187,1.799,368
RAW,458.5,11017,10190,1.794,367
RAW,458.5,11025,10192,1.799,368
RAW,458.9,11026,10191,1.799,368
RAW,458.9,11024,10197,1.799,368
RAW,458.9,11021,10186,1.799,368
RAW,459.1,11027,10198,1.838,376
RAW,459.1,11025,10190,1.804,369
RAW,459.1,11018,10191,1.823,373
RAW,459.5,11021,10189,1.799,368
RAW,459.5,11021,10195,1.789,366
RAW,459.5,11029,10189,1.818,372
RAW,459.8,11020,10191,1.784,365
RAW,459.8,11021,10190,1.804,369
RAW,459.8,11017,10187,1.799,368
RAW,460.1,11024,10182,1.833,375
RAW,460.1,11025,10187,1.813,371
RAW,460.1,11024,10188,1.926,394
RAW,460.4,11021,10185,1.843,377
RAW,460.4,11019,10187,1.931,395
RAW,460.4,11024,10196,1.970,403
RAW,460.7,11023,10189,1.911,391
RAW,460.7,11022,10190,1.960,401
RAW,460.7,11020,10192,1.955,400
RAW,461.0,11021,10188,1.975,404
RAW,461.0,11028,10181,1.979,405
RAW,461.0,11030,10191,1.950,399
RAW,461.3,11022,10192,1.906,390
RAW,461.3,11012,10186,1.999,409
RAW,461.3,11020,10191,1.857,380
RAW,461.6,11019,10192,1.935,396
RAW,461.6,11021,10192,1.818,372
RAW,461.6,11021,10182,1.813,371
RAW,461.9,11023,10185,1.823,373
RAW,461.9,11018,10190,1.818,372
RAW,461.9,11022,10183,1.818,372
RAW,462.2,11027,10190,1.833,375
RAW,462.2,11025,10192,1.833,375
RAW,462.2,11023,10186,1.843,377
RAW,462.5,11021,10188,1.833,375
RAW,462.5,11018,10188,1.901,389
RAW,462.5,11022,10179,1.955,400
RAW,462.8,11025,10185,1.857,380
RAW,462.8,11022,10189,1.911,391
RAW,462.8,11019,10186,1.940,397
RAW,463.1,11031,10192,1.945,398
RAW,463.1,11030,10186,1.975,404
RAW,463.1,11028,10185,1.970,403
RAW,463.4,11023,10186,1.935,396
RAW,463.4,11022,10185,1.872,383
RAW,463.4,11023,10190,1.848,378
RAW,463.7,11024,10191,1.843,377
RAW,463.7,11027,10188,1.823,373
RAW,463.7,11023,10193,1.818,372
RAW,464.0,11021,10188,1.808,370
RAW,464.0,11023,10187,1.804,369
RAW,464.0,11019,10186,1.799,368
RAW,464.3,11026,10192,1.818,372
RAW,464.3,11025,10193,1.848,378
RAW,464.3,11024,10195,1.848,378
RAW,464.6,11023,10193,1.804,369
RAW,464.6,11035,10196,1.838,376
RAW,464.6,11029,10193,1.838,376
RAW,464.9,11028,10202,1.808,370
RAW,464.9,11022,10193,1.808,370
RAW,464.9,11027,10188,1.813,371
RAW,465.2,11037,10193,1.799,368
RAW,465.2,11029,10198,1.848,378
RAW,465.2,11027,10191,1.848,378
RAW,465.5,11032,10200,1.852,379
RAW,465.5,11034,10189,1.838,376
RAW,465.5,11031,10195,1.838,376
RAW,465.9,11025,10196,1.799,368
RAW,465.9,11032,10194,1.804,369
RAW,465.9,11023,10195,1.804,369
RAW,466.1,11039,10190,1.808,370
RAW,466.1,11029,10193,1.799,368
RAW,466.1,11033,10194,1.808,370
RAW,466.5,11032,10195,1.833,375
RAW,466.5,11032,10192,1.818,372
RAW,466.5,11032,10194,1.848,378
RAW,466.8,11032,10202,1.804,369
RAW,466.8,11033,10195,1.808,370
RAW,466.8,11030,10203,1.916,392
RAW,467.1,11034,10192,1.808,370
RAW,467.1,11038,10190,1.931,395
RAW,467.1,11035,10199,1.950,399
RAW,467.4,11035,10194,1.955,400
RAW,467.4,11037,10193,1.955,400
RAW,467.4,11035,10196,1.989,407
RAW,467.7,11032,10193,1.979,405
RAW,467.7,11030,10195,1.999,409
RAW,467.7,11033,10196,1.965,402
RAW,468.0,11019,10189,1.955,400
RAW,468.0,11030,10190,1.872,383
RAW,468.0,11025,10189,1.813,371
RAW,468.3,11023,10186,1.916,392
RAW,468.3,11033,10193,1.857,380
RAW,468.3,11036,10189,1.833,375
RAW,468.6,11026,10190,1.848,378
RAW,468.6,11018,10193,1.852,379
RAW,468.6,11027,10187,1.838,376
RAW,468.9,11028,10194,1.818,372
RAW,468.9,11024,10196,1.818,372
RAW,468.9,11022,10183,1.896,388
RAW,469.2,11026,10195,1.804,369
RAW,469.2,11024,10186,1.896,388
RAW,469.2,11021,10193,1.916,392
RAW,469.5,11016,10188,1.940,397
RAW,469.5,11019,10186,1.965,402
RAW,469.5,11030,10190,1.965,402
RAW,469.8,11017,10182,1.950,399
RAW,469.8,11026,10181,1.965,402
RAW,469.8,11025,10189,1.940,397
RAW,470.1,11020,10179,1.872,383
RAW,470.1,11017,10177,1.823,373
RAW,470.4,11019,10179,1.828,374
RAW,470.4,11024,10184,1.857,380
RAW,470.4,11015,10179,1.857,380
RAW,470.7,11010,10182,1.852,379
RAW,470.7,11012,10180,1.823,373
RAW,470.7,11016,10180,1.857,380
RAW,471.0,11022,10179,1.823,373
RAW,471.0,11019,10186,1.804,369
RAW,471.0,11009,10182,1.823,373
RAW,471.3,11012,10182,1.818,372
RAW,471.3,11016,10175,1.823,373
RAW,471.3,11016,10183,1.808,370
RAW,471.6,11013,10179,1.818,372
RAW,471.6,11008,10175,1.852,379
RAW,471.6,11008,10184,1.843,377
RAW,471.9,11014,10184,1.813,371
RAW,471.9,11013,10176,1.813,371
RAW,471.9,11012,10178,1.852,379
RAW,472.2,11024,10176,1.808,370
RAW,472.2,11024,10182,1.808,370
RAW,472.2,11020,10181,1.813,371
RAW,472.5,11018,10179,1.818,372
RAW,472.5,11020,10182,1.843,377
RAW,472.5,11012,10182,1.857,380
RAW,472.9,11020,10186,1.848,378
RAW,472.9,11017,10177,1.857,380
RAW,472.9,11019,10179,1.852,379
RAW,473.1,11017,10182,1.843,377
RAW,473.1,11018,10183,1.818,372
RAW,473.1,11012,10183,1.818,372
RAW,473.5,11024,10183,1.867,382
RAW,473.5,11021,10183,1.818,372
RAW,473.5,11016,10185,1.935,396
RAW,473.8,11021,10180,1.872,383
RAW,473.8,11018,10183,1.970,403
RAW,473.8,11015,10184,1.960,401
RAW,474.1,11019,10176,1.945,398
RAW,474.1,11033,10185,1.955,400
RAW,474.1,11018,10183,1.955,400
RAW,474.4,11020,10186,1.955,400
RAW,474.4,11020,10186,1.965,402
RAW,474.4,11021,10188,1.896,388
RAW,474.7,11025,10183,1.994,408
RAW,474.7,11025,10191,1.896,388
RAW,474.7,11023,10184,1.838,376
RAW,475.0,11017,10178,1.872,383
RAW,475.0,11024,10181,1.862,381
RAW,475.0,11019,10189,1.857,380
RAW,475.3,11021,10178,1.838,376
RAW,475.3,11022,10176,1.823,373
RAW,475.3,11017,10176,1.828,374
RAW,475.6,11018,10177,1.867,382
RAW,475.6,11025,10177,1.857,380
RAW,475.6,11014,10171,1.906,390
RAW,475.9,11014,10176,1.862,381
RAW,475.9,11026,10175,1.955,400
RAW,475.9,11017,10176,1.970,403
RAW,476.2,11028,10179,1.916,392
RAW,476.2,11023,10177,1.911,391
RAW,476.2,11019,10173,1.935,396
RAW,476.5,11020,10178,1.935,396
RAW,476.5,11021,10178,1.935,396
RAW,476.5,11027,10178,1.848,378
RAW,476.8,11022,10179,1.872,383
RAW,476.8,11024,10176,1.852,379
RAW,477.1,11032,10182,1.848,378
RAW,477.1,11021,10176,1.857,380
RAW,477.1,11021,10180,1.867,382
RAW,477.4,11014,10176,1.818,372
RAW,477.4,11013,10184,1.823,373
RAW,477.4,11021,10184,1.818,372
RAW,477.7,11021,10177,1.848,378
RAW,477.7,11021,10170,1.867,382
RAW,477.7,11019,10181,1.867,382
RAW,478.0,11027,10176,1.862,381
RAW,478.0,11021,10177,1.843,377
RAW,478.0,11020,10178,1.848,378
RAW,478.3,11011,10173,1.818,372
RAW,478.3,11020,10175,1.823,373
RAW,478.3,11017,10176,1.818,372
RAW,478.6,11018,10182,1.818,372
RAW,478.6,11016,10173,1.818,372
RAW,478.6,11020,10175,1.818,372
RAW,478.9,11013,10177,1.862,381
RAW,478.9,11015,10179,1.828,374
RAW,478.9,11013,10181,1.857,380
RAW,479.2,11012,10175,1.813,371
RAW,479.2,11009,10178,1.818,372
RAW,479.2,11015,10176,1.833,375
RAW,479.5,11019,10171,1.823,373
RAW,479.5,11026,10175,1.823,373
RAW,479.5,11014,10180,1.828,374
RAW,479.9,11015,10170,1.838,376
RAW,479.9,11018,10174,1.823,373
RAW,479.9,11017,10170,1.857,380
RAW,480.1,11014,10176,1.867,382
RAW,480.1,11012,10181,1.901,389
RAW,480.1,11010,10172,1.984,406
RAW,480.5,11008,10180,1.901,389
RAW,480.5,11011,10174,1.950,399
RAW,480.5,11014,10172,1.970,403
RAW,480.8,11021,10172,1.989,407
RAW,480.8,11012,10173,1.994,408
RAW,480.8,11012,10178,1.975,404
RAW,481.1,11019,10175,2.004,410
RAW,481.1,11015,10173,2.014,412
RAW,481.1,11009,10176,1.916,392
RAW,481.4,11012,10181,1.970,403
RAW,481.4,11011,10175,1.857,380
RAW,481.4,11012,10175,1.838,376
RAW,481.7,11007,10181,1.862,381
RAW,481.7,11017,10174,1.843,377
RAW,481.7,11014,10173,1.838,376
RAW,482.0,11015,10171,1.857,380
RAW,482.0,11011,10179,1.852,379
RAW,482.0,11016,10171,1.857,380
RAW,482.3,11015,10172,1.857,380
RAW,482.3,11016,10173,1.862,381
RAW,482.3,11013,10177,1.960,401
RAW,482.6,11015,10174,1.823,373
RAW,482.6,11013,10177,1.916,392
RAW,482.6,11017,10172,1.940,397
RAW,482.9,11016,10175,1.965,402
RAW,482.9,11025,10175,1.989,407
RAW,482.9,11012,10172,1.984,406
RAW,483.2,11011,10176,1.965,402
RAW,483.2,11014,10172,1.965,402
RAW,483.2,11016,10178,1.872,383
RAW,483.5,11012,10173,1.921,393
RAW,483.5,11012,10173,1.852,379
RAW,483.5,11016,10175,1.843,377
RAW,483.8,11023,10166,1.833,375
RAW,483.8,11013,10169,1.823,373
RAW,483.8,11019,10175,1.823,373
RAW,484.1,11016,10170,1.833,375
RAW,484.1,11010,10168,1.867,382
RAW,484.1,11026,10170,1.862,381
RAW,484.4,11008,10169,1.843,377
RAW,484.4,11013,10166,1.808,370
RAW,484.4,11016,10163,1.857,380
RAW,484.7,11013,10166,1.823,373
RAW,484.7,11017,10171,1.828,374
RAW,484.7,11013,10170,1.828,374
RAW,485.0,11023,10172,1.818,372
RAW,485.0,11017,10166,1.862,381
RAW,485.0,11011,10165,1.872,383
RAW,485.3,11012,10167,1.872,383
RAW,485.3,11011,10170,1.852,379
RAW,485.3,11014,10171,1.857,380
RAW,485.6,11012,10166,1.818,372
RAW,485.6,11012,10165,1.818,372
RAW,485.6,11016,10164,1.818,372
RAW,485.9,11009,10161,1.823,373
RAW,485.9,11016,10164,1.833,375
RAW,485.9,11016,10170,1.838,376
RAW,486.2,11010,10172,1.857,380
RAW,486.2,11008,10163,1.823,373
RAW,486.2,11008,10166,1.857,380
RAW,486.5,11008,10169,1.833,375
RAW,486.5,11012,10170,1.828,374
RAW,486.5,11004,10159,1.906,390
RAW,486.9,11010,10167,1.823,373
RAW,486.9,11009,10171,1.931,395
RAW,486.9,11011,10166,1.965,402
RAW,487.2,11014,10168,1.970,403
RAW,487.2,11013,10162,1.975,404
RAW,487.2,11005,10167,2.004,410
RAW,487.5,11015,10166,1.931,395
RAW,487.5,11010,10161,2.019,413
RAW,487.5,11004,10162,2.028,415
RAW,487.8,11010,10160,1.979,405
RAW,487.8,11014,10167,2.009,411
RAW,487.8,11015,10167,1.852,379
RAW,488.1,11004,10164,1.975,404
RAW,488.1,11008,10158,1.872,383
RAW,488.1,11015,10167,1.838,376
RAW,488.4,11010,10167,1.872,383
RAW,488.4,11015,10168,1.872,383
RAW,488.4,11004,10165,1.872,383
RAW,488.7,11007,10164,1.838,376
RAW,488.7,11003,10167,1.833,375
RAW,488.7,11012,10165,1.872,383
RAW,489.0,11003,10168,1.828,374
RAW,489.0,11011,10159,1.872,383
RAW,489.0,11011,10157,1.935,396
RAW,489.3,11007,10167,1.935,396
RAW,489.3,11010,10174,1.975,404
RAW,489.3,11012,10165,1.975,404
RAW,489.6,11010,10172,1.931,395
RAW,489.6,11016,10169,1.970,403
RAW,489.6,11012,10162,1.984,406
RAW,489.9,11006,10168,1.950,399
RAW,489.9,11011,10169,1.872,383
RAW,489.9,11007,10173,1.852,379
RAW,490.2,11003,10168,1.901,389
RAW,490.2,11004,10168,1.872,383
RAW,490.2,11006,10167,1.838,376
RAW,490.5,11010,10161,1.843,377
RAW,490.5,11010,10164,1.872,383
RAW,490.5,11013,10172,1.862,381
RAW,490.8,11010,10162,1.823,373
RAW,490.8,11009,10166,1.823,373
RAW,490.8,11013,10171,1.823,373
RAW,491.1,11006,10163,1.828,374
RAW,491.1,11006,10168,1.828,374
RAW,491.1,11011,10163,1.833,375
RAW,491.4,11012,10161,1.808,370
RAW,491.4,11008,10162,1.852,379
RAW,491.4,11013,10170,1.857,380
RAW,491.7,11005,10157,1.828,374
RAW,491.7,11010,10163,1.867,382
RAW,491.7,11014,10167,1.872,383
RAW,492.0,11018,10159,1.818,372
RAW,492.0,11003,10164,1.823,373
RAW,492.0,11008,10164,1.818,372
RAW,492.3,11016,10160,1.833,375
RAW,492.3,11007,10163,1.862,381
RAW,492.3,11014,10164,1.872,383
RAW,492.6,11007,10159,1.862,381
RAW,492.6,11008,10155,1.857,380
RAW,492.6,11010,10163,1.833,375
RAW,492.9,11011,10153,1.828,374
RAW,492.9,11006,10168,1.838,376
RAW,492.9,11006,10161,1.838,376
RAW,493.2,11006,10160,1.838,376
RAW,493.2,11010,10160,1.843,377
RAW,493.2,11000,10160,1.950,399
RAW,493.5,11009,10163,1.872,383
RAW,493.5,11001,10162,1.970,403
RAW,493.5,11003,10162,2.014,412
RAW,493.9,11012,10163,1.975,404
RAW,493.9,11008,10160,1.975,404
RAW,493.9,11007,10161,1.975,404
RAW,494.2,11000,10159,1.975,404
RAW,494.2,11007,10159,1.984,406
RAW,494.2,11003,10162,1.921,393
RAW,494.5,11004,10153,2.004,410
RAW,494.5,11013,10165,1.872,383
RAW,494.5,11006,10166,1.843,377
RAW,494.8,11003,10155,1.901,389
RAW,494.8,11011,10154,1.901,389
RAW,494.8,11003,10156,1.901,389
RAW,495.1,11007,10152,1.838,376
RAW,495.1,11010,10151,1.862,381
RAW,495.1,11009,10156,1.838,376
RAW,495.4,11006,10151,1.901,389
RAW,495.4,11009,10156,1.872,383
RAW,495.4,11013,10157,1.935,396
RAW,495.7,11004,10157,1.872,383
RAW,495.7,11005,10159,2.019,413
RAW,495.7,11004,10152,1.979,405
RAW,496.0,11002,10158,1.935,396
RAW,496.0,11006,10155,1.950,399
RAW,496.0,11006,10155,1.955,400
RAW,496.3,11006,10157,1.955,400
RAW,496.3,11005,10156,1.965,402
RAW,496.3,11003,10158,1.862,381
RAW,496.6,11005,10156,1.970,403
RAW,496.6,11009,10154,1.872,383
RAW,496.6,11003,10153,1.857,380
RAW,496.9,10999,10156,1.872,383
RAW,496.9,11008,10156,1.901,389
RAW,496.9,11009,10156,1.901,389
RAW,497.2,11006,10147,1.852,379
RAW,497.2,11002,10156,1.843,377
RAW,497.2,11000,10155,1.843,377
RAW,497.5,11004,10156,1.872,383
RAW,497.5,11002,10152,1.872,383
RAW,497.5,10998,10157,1.872,383
RAW,497.8,11000,10154,1.862,381
RAW,497.8,11006,10151,1.872,383
RAW,497.8,11007,10157,1.872,383
RAW,498.1,11003,10161,1.848,378
RAW,498.1,11004,10149,1.828,374
RAW,498.1,11004,10153,1.852,379
RAW,498.4,11002,10158,1.833,375
RAW,498.4,11006,10161,1.843,377
RAW,498.4,11006,10156,1.843,377
RAW,498.7,10999,10156,1.852,379
RAW,498.7,11010,10152,1.872,383
RAW,498.7,11005,10160,1.872,383
RAW,499.0,11001,10152,1.838,376
RAW,499.0,11006,10154,1.857,380
RAW,499.0,11009,10154,1.872,383
RAW,499.3,11011,10152,1.833,375
RAW,499.3,11002,10156,1.852,379
RAW,499.3,11005,10156,1.848,378
RAW,499.6,10997,10158,1.848,378
RAW,499.6,11018,10165,1.896,388
RAW,499.6,11008,10153,1.970,403
RAW,499.9,11007,10157,1.901,389
RAW,499.9,11007,10157,1.989,407
RAW,499.9,11005,10159,2.004,410
RAW,500.3,11011,10157,1.975,404
RAW,500.3,11007,10160,1.989,407
RAW,500.3,11005,10152,1.999,409
RAW,500.5,11004,10153,2.019,413
RAW,500.5,11011,10152,2.009,411
RAW,500.5,11006,10157,2.014,412
RAW,500.9,11006,10158,2.033,416
RAW,500.9,11005,10149,2.028,415
RAW,500.9,11017,10155,1.872,383
RAW,501.2,11010,10152,1.979,405
RAW,501.2,11010,10151,1.872,383
RAW,501.2,11009,10149,1.872,383
RAW,501.5,11003,10151,1.867,382
RAW,501.5,11003,10153,1.970,403
RAW,501.5,11003,10148,1.848,378
RAW,501.8,11007,10160,1.901,389
RAW,501.8,11008,10156,1.901,389
RAW,501.8,11008,10151,1.872,383
RAW,502.1,11009,10152,1.872,383
RAW,502.1,11004,10149,1.955,400
RAW,502.1,11002,10151,2.019,413
RAW,502.4,11009,10155,1.950,399
RAW,502.4,11005,10147,1.965,402
RAW,502.4,11005,10142,1.975,404
RAW,502.7,11005,10160,2.014,412
RAW,502.7,11002,10146,2.019,413
RAW,502.7,11010,10150,1.979,405
RAW,503.0,11005,10155,2.004,410
RAW,503.0,11007,10155,1.960,401
RAW,503.0,11010,10151,1.872,383
RAW,503.3,11005,10150,1.911,391
RAW,503.3,11002,10154,1.872,383
RAW,503.3,11011,10151,1.857,380
RAW,503.6,11007,10158,1.867,382
RAW,503.6,11013,10156,1.857,380
RAW,503.6,11010,10150,1.857,380
RAW,503.9,11006,10150,1.901,389
RAW,503.9,11004,10149,1.872,383
RAW,503.9,10999,10150,1.906,390
RAW,504.2,11017,10154,1.872,383
RAW,504.2,11002,10148,1.901,389
RAW,504.2,11008,10154,1.911,391
RAW,504.5,11004,10156,1.862,381
RAW,504.5,11000,10150,1.896,388
RAW,504.5,11005,10153,1.872,383
RAW,504.8,11005,10154,1.896,388
RAW,504.8,11001,10152,1.911,391
RAW,504.8,11003,10148,1.911,391
RAW,505.1,11007,10157,1.901,389
RAW,505.1,11005,10155,1.872,383
RAW,505.1,11008,10151,1.911,391
RAW,505.4,11007,10157,1.857,380
RAW,505.4,11008,10156,1.872,383
RAW,505.4,11008,10154,1.857,380
RAW,505.7,11010,10155,1.867,382
RAW,505.7,11008,10149,1.872,383
RAW,505.7,11011,10164,1.867,382
RAW,506.0,11007,10152,1.872,383
RAW,506.0,11010,10150,1.872,383
RAW,506.0,11005,10161,1.901,389
RAW,506.3,11011,10148,1.872,383
RAW,506.3,11000,10152,1.872,383
RAW,506.3,10998,10154,1.999,409
RAW,506.6,11006,10152,1.857,380
RAW,506.6,11011,10158,1.975,404
RAW,506.6,10998,10150,2.004,410
RAW,506.9,11001,10155,2.019,413
RAW,506.9,11011,10150,2.019,413
RAW,506.9,11006,10158,2.072,424
RAW,507.3,11004,10156,2.063,422
RAW,507.3,11012,10158,2.067,423
RAW,507.3,11002,10154,2.033,416
RAW,507.5,11014,10150,2.043,418
RAW,507.5,11009,10154,1.994,408
RAW,507.5,11012,10156,1.906,390
RAW,507.9,11012,10161,2.004,410
RAW,507.9,11013,10162,1.872,383
RAW,507.9,11008,10163,1.872,383
RAW,508.2,11017,10162,1.921,393
RAW,508.2,11010,10161,1.916,392
RAW,508.2,11014,10161,1.896,388
RAW,508.5,11018,10159,1.872,383
RAW,508.5,11009,10157,1.867,382
RAW,508.5,11012,10151,1.916,392
RAW,508.8,11014,10152,1.872,383
RAW,508.8,11008,10163,1.945,398
RAW,508.8,11009,10152,1.975,404
RAW,509.1,11012,10161,1.970,403
RAW,509.1,11016,10158,1.994,408
RAW,509.1,11011,10154,1.994,408
RAW,509.4,11021,10156,2.009,411
RAW,509.4,11011,10162,2.028,415
RAW,509.4,11017,10159,2.033,416
RAW,509.7,11008,10157,1.975,404
RAW,509.7,11015,10156,1.940,397
RAW,509.7,11013,10153,1.911,391
RAW,510.0,11010,10151,1.935,396
RAW,510.0,11014,10159,1.926,394
RAW,510.0,11014,10162,1.872,383
RAW,510.3,11013,10157,1.872,383
RAW,510.3,11008,10160,1.916,392
RAW,510.3,11004,10159,1.916,392
RAW,510.6,11013,10156,1.857,380
RAW,510.6,11019,10158,1.862,381
RAW,510.6,11022,10161,1.867,382
RAW,510.9,11015,10156,1.867,382
RAW,510.9,11005,10157,1.867,382
RAW,510.9,11015,10158,1.872,383
RAW,511.2,11007,10156,1.872,383
RAW,511.2,11013,10156,1.872,383
RAW,511.2,11010,10159,1.862,381
RAW,511.5,11012,10155,1.852,379
RAW,511.5,11011,10157,1.896,388
RAW,511.5,11020,10160,1.901,389
RAW,511.8,11008,10157,1.838,376
RAW,511.8,11010,10161,1.848,378
RAW,511.8,11007,10154,1.848,378
RAW,512.1,11015,10154,1.848,378
RAW,512.1,11011,10162,1.872,383
RAW,512.1,11012,10163,1.872,383
RAW,512.4,11010,10163,1.872,383
RAW,512.4,11013,10165,1.867,382
RAW,512.4,11009,10162,1.867,382
RAW,512.7,11017,10162,1.843,377
RAW,512.7,11018,10165,1.852,379
RAW,512.7,11010,10158,1.848,378
RAW,513.0,11015,10157,1.838,376
RAW,513.0,11022,10162,1.838,376
RAW,513.0,11014,10163,1.945,398
RAW,513.3,11014,10154,1.926,394
RAW,513.3,11011,10156,1.960,401
RAW,513.3,11014,10157,2.019,413
RAW,513.6,11014,10155,1.955,400
RAW,513.6,11016,10164,1.975,404
RAW,513.6,11016,10155,1.979,405
RAW,513.9,11014,10156,2.053,420
RAW,513.9,11012,10163,1.994,408
RAW,513.9,11012,10161,1.989,407
RAW,514.2,11004,10160,1.999,409
RAW,514.2,11014,10165,1.945,398
RAW,514.2,11017,10167,1.872,383
RAW,514.5,11010,10162,1.955,400
RAW,514.5,11015,10167,1.906,390
RAW,514.5,11007,10158,1.872,383
RAW,514.8,11014,10158,1.843,377
RAW,514.8,11014,10159,1.857,380
RAW,514.8,11008,10154,1.838,376
RAW,515.2,11007,10156,1.872,383
RAW,515.2,11015,10157,1.872,383
RAW,515.2,11016,10154,1.906,390
RAW,515.5,11015,10166,1.862,381
RAW,515.5,11017,10156,1.950,399
RAW,515.5,11015,10154,1.975,404
RAW,515.8,11020,10163,1.916,392
RAW,515.8,11021,10157,1.950,399
RAW,515.8,11021,10155,1.955,400
RAW,516.1,11019,10162,1.950,399
RAW,516.1,11016,10165,1.945,398
RAW,516.1,11017,10159,1.950,399
RAW,516.4,11019,10167,1.979,405
RAW,516.4,11019,10163,1.916,392
RAW,516.4,11017,10160,1.857,380
RAW,516.7,11020,10161,1.872,383
RAW,516.7,11022,10162,1.872,383
RAW,516.7,11014,10165,1.872,383
RAW,517.0,11015,10162,1.843,377
RAW,517.0,11019,10160,1.838,376
RAW,517.0,11023,10164,1.828,374
RAW,517.3,11016,10161,1.862,381
RAW,517.3,11027,10160,1.872,383
RAW,517.3,11022,10164,1.857,380
RAW,517.6,11019,10155,1.857,380
RAW,517.6,11021,10158,1.867,382
RAW,517.6,11012,10161,1.872,383
RAW,517.9,11015,10158,1.838,376
RAW,517.9,11014,10160,1.828,374
RAW,517.9,11015,10157,1.838,376
RAW,518.2,11017,10157,1.818,372
RAW,518.2,11022,10164,1.823,373
RAW,518.2,11011,10160,1.828,374
RAW,518.5,11029,10160,1.833,375
RAW,518.5,11021,10165,1.872,383
RAW,518.5,11020,10161,1.857,380
RAW,518.8,11019,10163,1.818,372
RAW,518.8,11014,10167,1.828,374
RAW,518.8,11018,10166,1.857,380
RAW,519.1,11018,10164,1.833,375
RAW,519.1,11026,10159,1.833,375
RAW,519.1,11020,10165,1.725,353
RAW,519.4,11017,10161,1.852,379
RAW,519.4,11014,10164,1.852,379
RAW,519.4,11013,10159,1.921,393
RAW,519.7,11012,10157,1.872,383
RAW,519.7,11019,10167,1.906,390
RAW,519.7,11021,10161,1.955,400
RAW,520.0,11012,10167,1.857,380
RAW,520.0,11023,10172,1.945,398
RAW,520.0,11014,10167,1.970,403
RAW,520.3,11028,10160,1.999,409
RAW,520.3,11026,10159,1.984,406
RAW,520.3,11020,10172,1.984,406
RAW,520.6,11024,10167,2.014,412
RAW,520.6,11024,10163,2.019,413
RAW,520.6,11016,10165,1.975,404
RAW,520.9,11026,10164,1.975,404
RAW,520.9,11026,10165,1.945,398
RAW,520.9,11028,10168,1.848,378
RAW,521.2,11029,10166,1.906,390
RAW,521.2,11018,10170,1.808,370
RAW,521.2,11020,10166,1.867,382
RAW,521.5,11030,10175,1.872,383
RAW,521.5,11020,10163,1.872,383
RAW,521.5,11028,10167,1.852,379
RAW,521.8,11030,10175,1.867,382
RAW,521.8,11028,10172,1.872,383
RAW,521.8,11025,10162,1.935,396
RAW,522.2,11022,10167,1.862,381
RAW,522.2,11028,10161,1.906,390
RAW,522.2,11037,10164,1.955,400
RAW,522.5,11028,10160,1.940,397
RAW,522.5,11029,10170,1.975,404
RAW,522.5,11028,10166,1.975,404
RAW,522.8,11017,10164,1.955,400
RAW,522.8,11023,10162,1.994,408
RAW,522.8,11025,10162,2.033,416
RAW,523.1,11027,10167,1.955,400
RAW,523.1,11025,10169,1.862,381
RAW,523.1,11028,10164,1.833,375
RAW,523.4,11023,10163,1.862,381
RAW,523.4,11028,10161,1.852,379
RAW,523.4,11018,10161,1.843,377
RAW,523.7,11028,10162,1.872,383
RAW,523.7,11027,10165,1.872,383
RAW,523.7,11024,10166,1.872,383
RAW,524.0,11024,10167,1.823,373
RAW,524.0,11030,10162,1.862,381
RAW,524.0,11027,10165,1.872,383
RAW,524.3,11017,10170,1.823,373
RAW,524.3,11019,10166,1.828,374
RAW,524.3,11020,10162,1.833,375
RAW,524.6,11027,10160,1.838,376
RAW,524.6,11023,10160,1.867,382
RAW,524.6,11026,10165,1.872,383
RAW,524.9,11024,10162,1.896,388
RAW,524.9,11019,10162,1.838,376
RAW,524.9,11026,10163,1.867,382
RAW,525.2,11019,10157,1.823,373
RAW,525.2,11017,10157,1.833,375
RAW,525.2,11029,10164,1.833,375
RAW,525.5,11025,10161,1.838,376
RAW,525.5,11022,10165,1.838,376
RAW,525.5,11021,10166,1.838,376
RAW,525.8,11020,10167,1.857,380
RAW,525.8,11018,10159,1.833,375
RAW,525.8,11023,10159,1.857,380
RAW,526.1,11013,10168,1.833,375
RAW,526.1,11017,10165,1.838,376
RAW,526.1,11024,10158,1.857,380
RAW,526.4,11023,10159,1.828,374
RAW,526.4,11015,10170,1.833,375
RAW,526.4,11021,10164,1.935,396
RAW,526.7,11023,10161,1.848,378
RAW,526.7,11023,10159,1.960,401
RAW,526.7,11022,10158,2.014,412
RAW,527.0,11030,10161,1.989,407
RAW,527.0,11024,10158,2.023,414
RAW,527.0,11022,10160,2.014,412
RAW,527.3,11025,10156,2.004,410
RAW,527.3,11024,10153,1.989,407
RAW,527.3,11015,10160,1.994,408
RAW,527.6,11020,10159,2.014,412
RAW,527.6,11020,10160,1.994,408
RAW,527.6,11028,10164,1.857,380
RAW,527.9,11019,10164,1.975,404
RAW,527.9,11023,10163,1.901,389
RAW,527.9,11025,10162,1.872,383
RAW,528.2,11016,10155,1.848,378
RAW,528.2,11030,10155,1.843,377
RAW,528.2,11022,10159,1.843,377
RAW,528.5,11019,10165,1.843,377
RAW,528.5,11024,10155,1.857,380
RAW,528.5,11020,10154,1.872,383
RAW,528.8,11022,10159,1.872,383
RAW,528.8,11023,10158,1.931,395
RAW,528.8,11017,10158,1.965,402
RAW,529.2,11020,10155,1.911,391
RAW,529.2,11019,10162,1.975,404
RAW,529.2,11019,10148,1.994,408
RAW,529.5,11021,10157,1.931,395
RAW,529.5,11021,10153,1.955,400
RAW,529.5,11019,10153,1.950,399
RAW,529.8,11017,10155,1.989,407
RAW,529.8,11019,10162,1.931,395
RAW,529.8,11016,10160,1.872,383
RAW,530.1,11023,10159,1.872,383
RAW,530.1,11024,10164,1.872,383
RAW,530.1,11025,10156,1.872,383
RAW,530.4,11020,10160,1.848,378
RAW,530.4,11029,10155,1.843,377
RAW,530.4,11025,10160,1.838,376
RAW,530.7,11022,10154,1.828,374
RAW,530.7,11024,10153,1.789,366
RAW,530.7,11023,10155,1.848,378
RAW,531.0,11026,10166,1.838,376
RAW,531.0,11029,10154,1.862,381
RAW,531.0,11023,10156,1.867,382
RAW,531.3,11025,10165,1.828,374
RAW,531.3,11034,10162,1.857,380
RAW,531.3,11026,10163,1.867,382
RAW,531.6,11022,10159,1.794,367
RAW,531.6,11026,10159,1.838,376
RAW,531.6,11030,10159,1.838,376
RAW,531.9,11027,10166,1.833,375
RAW,531.9,11025,10162,1.872,383
RAW,531.9,11026,10163,1.872,383
RAW,532.2,11030,10164,1.872,383
RAW,532.2,11032,10166,1.867,382
RAW,532.2,11030,10166,1.838,376
RAW,532.5,11030,10165,1.833,375
RAW,532.5,11032,10164,1.843,377
RAW,532.5,11030,10160,1.848,378
RAW,532.8,11025,10161,1.857,380
RAW,532.8,11035,10165,1.848,378
RAW,532.8,11027,10170,1.843,377
RAW,533.1,11022,10166,1.901,389
RAW,533.1,11022,10165,1.872,383
RAW,533.1,11025,10166,1.989,407
RAW,533.4,11017,10155,1.848,378
RAW,533.4,11027,10154,1.965,402
RAW,533.4,11018,10157,1.979,405
RAW,533.7,11019,10154,1.970,403
RAW,533.7,11020,10150,1.989,407
RAW,533.7,11022,10157,1.994,408
RAW,534.0,11019,10150,2.058,421
RAW,534.0,11022,10154,2.019,413
RAW,534.0,11014,10150,1.994,408
RAW,534.3,11009,10154,2.023,414
RAW,534.3,11013,10156,2.014,412
RAW,534.3,11015,10150,1.916,392
RAW,534.6,11014,10149,1.931,395
RAW,534.6,11014,10146,1.857,380
RAW,534.6,11012,10149,1.857,380
RAW,534.9,11007,10149,1.911,391
RAW,534.9,11005,10147,1.911,391
RAW,534.9,11007,10150,1.857,380
RAW,535.2,11011,10144,1.857,380
RAW,535.2,11004,10147,1.872,383
RAW,535.2,11007,10142,1.935,396
RAW,535.5,11003,10144,1.852,379
RAW,535.5,11003,10139,1.857,380
RAW,535.5,11002,10137,1.955,400
RAW,535.8,10999,10136,1.911,391
RAW,535.8,11001,10138,1.950,399
RAW,535.8,11005,10137,1.955,400
RAW,536.2,10994,10140,1.984,406
RAW,536.2,11000,10141,1.994,408
RAW,536.2,11002,10143,1.989,407
RAW,536.5,11002,10136,1.975,404
RAW,536.5,11000,10134,1.916,392
RAW,536.5,10997,10141,1.901,389
RAW,536.8,11001,10136,1.862,381
RAW,536.8,10995,10137,1.857,380
RAW,536.8,10992,10140,1.872,383
RAW,537.1,10999,10133,1.848,378
RAW,537.1,10998,10131,1.872,383
RAW,537.1,11004,10140,1.872,383
RAW,537.4,10999,10133,1.872,383
RAW,537.4,11004,10135,1.862,381
RAW,537.4,11002,10134,1.872,383
RAW,537.7,10999,10133,1.823,373
RAW,537.7,10997,10137,1.838,376
RAW,537.7,10998,10134,1.838,376
RAW,538.0,10998,10133,1.838,376
RAW,538.0,11009,10139,1.843,377
RAW,538.0,11010,10137,1.838,376
RAW,538.3,11003,10130,1.857,380
RAW,538.3,11006,10130,1.862,381
RAW,538.3,11004,10130,1.872,383
RAW,538.6,11009,10139,1.843,377
RAW,538.6,11002,10135,1.838,376
RAW,538.6,11003,10138,1.872,383
RAW,538.9,11010,10137,1.833,375
RAW,538.9,11007,10144,1.852,379
RAW,538.9,11008,10145,1.852,379
RAW,539.2,11009,10146,1.862,381
RAW,539.2,11015,10145,1.906,390
RAW,539.2,11002,10143,1.872,383
RAW,539.5,11014,10150,1.872,383
RAW,539.5,11008,10143,1.872,383
RAW,539.5,11011,10136,1.872,383
RAW,539.8,11017,10137,1.857,380
RAW,539.8,11003,10136,1.843,377
RAW,539.8,11009,10141,1.950,399
RAW,540.1,11009,10143,1.896,388
RAW,540.1,11013,10145,1.970,403
RAW,540.1,11002,10139,1.989,407
RAW,540.4,11012,10144,1.994,408
RAW,540.4,11013,10137,2.014,412
RAW,540.4,11007,10140,1.989,407
RAW,540.7,11005,10141,1.979,405
RAW,540.7,10999,10136,1.989,407
RAW,540.7,11006,10143,1.994,408
RAW,541.0,11012,10138,1.975,404
RAW,541.0,11003,10139,1.945,398
RAW,541.0,11006,10140,1.857,380
RAW,541.3,11017,10145,1.955,400
RAW,541.3,11014,10147,1.896,388
RAW,541.3,11018,10143,1.857,380
RAW,541.6,11012,10148,1.872,383
RAW,541.6,11024,10150,1.872,383
RAW,541.6,11014,10150,1.872,383
RAW,541.9,11010,10147,1.852,379
RAW,541.9,11012,10144,1.862,381
RAW,541.9,11007,10134,1.911,391
RAW,542.2,11006,10142,1.872,383
RAW,542.2,11013,10145,1.955,400
RAW,542.2,11016,10140,1.979,405
RAW,542.5,11008,10141,1.950,399
RAW,542.5,11004,10135,1.970,403
RAW,542.5,11009,10142,2.004,410
RAW,542.8,11006,10135,1.945,398
RAW,542.8,11002,10139,1.960,401
RAW,542.8,11002,10133,1.955,400
RAW,543.2,11000,10135,1.955,400
RAW,543.2,11000,10140,1.867,382
RAW,543.2,10999,10142,1.857,380
RAW,543.5,11002,10130,1.872,383
RAW,543.5,10998,10138,1.867,382
RAW,543.5,11004,10138,1.862,381
RAW,543.8,11007,10135,1.848,378
RAW,543.8,11006,10138,1.872,383
RAW,543.8,11006,10132,1.872,383
RAW,544.1,10999,10137,1.833,375
RAW,544.1,10999,10140,1.838,376
RAW,544.1,10993,10133,1.843,377
RAW,544.4,10997,10133,1.843,377
RAW,544.4,10997,10134,1.872,383
RAW,544.4,11008,10138,1.872,383
RAW,544.7,11006,10140,1.872,383
RAW,544.7,11008,10131,1.857,380
RAW,544.7,10997,10136,1.872,383
RAW,545.0,11004,10139,1.838,376
RAW,545.0,11002,10134,1.843,377
RAW,545.0,11002,10140,1.838,376
RAW,545.3,11006,10141,1.838,376
RAW,545.3,10994,10139,1.833,375
RAW,545.3,11005,10141,1.838,376
RAW,545.6,11015,10133,1.872,383
RAW,545.6,11005,10143,1.843,377
RAW,545.6,11004,10145,1.867,382
RAW,545.9,11012,10144,1.833,375
RAW,545.9,11003,10136,1.838,376
RAW,545.9,11012,10140,1.843,377
RAW,546.2,11006,10141,1.838,376
RAW,546.2,11007,10141,1.833,375
RAW,546.2,11003,10134,1.838,376
RAW,546.5,11008,10140,1.862,381
RAW,546.5,11006,10132,1.843,377
RAW,546.5,11005,10143,1.965,402
RAW,546.8,11010,10139,1.862,381
RAW,546.8,10994,10134,1.994,408
RAW,546.8,11000,10134,2.023,414
RAW,547.1,11003,10137,1.955,400
RAW,547.1,11002,10141,2.009,411
RAW,547.1,11004,10134,1.984,406
RAW,547.4,11007,10127,2.048,419
RAW,547.4,11000,10138,2.009,411
RAW,547.4,11002,10137,1.979,405
RAW,547.7,10996,10140,1.999,409
RAW,547.7,11002,10143,1.970,403
RAW,547.7,11007,10136,1.896,388
RAW,548.0,11005,10139,1.872,383
RAW,548.0,11005,10133,1.843,377
RAW,548.0,11006,10129,1.833,375
RAW,548.3,11007,10136,1.833,375
RAW,548.3,11009,10135,1.838,376
RAW,548.3,11005,10126,1.833,375
RAW,548.6,11009,10139,1.852,379
RAW,548.6,11012,10140,1.848,378
RAW,548.6,11008,10137,1.901,389
RAW,548.9,11011,10137,1.828,374
RAW,548.9,11009,10137,1.926,394
RAW,548.9,11007,10135,1.975,404
RAW,549.2,11014,10138,1.872,383
RAW,549.2,11011,10138,1.931,395
RAW,549.2,11009,10133,1.931,395
RAW,549.5,11012,10133,1.940,397
RAW,549.5,11008,10138,1.975,404
RAW,549.5,11006,10129,1.979,405
RAW,549.8,11010,10135,1.955,400
RAW,549.8,11002,10139,1.872,383
RAW,549.8,11009,10137,1.857,380
RAW,550.2,11006,10136,1.838,376
RAW,550.2,11007,10134,1.808,370
RAW,550.2,11010,10138,1.818,372
RAW,550.5,11005,10130,1.813,371
RAW,550.5,11009,10135,1.813,371
RAW,550.5,11003,10134,1.804,369
RAW,550.8,11012,10139,1.813,371
RAW,550.8,11004,10135,1.828,374
RAW,550.8,11006,10143,1.838,376
RAW,551.1,11005,10135,1.794,367
RAW,551.1,11000,10138,1.794,367
RAW,551.1,11005,10131,1.818,372
RAW,551.4,10996,10136,1.794,367
RAW,551.4,11009,10136,1.799,368
RAW,551.4,11003,10142,1.799,368
RAW,551.7,10998,10131,1.794,367
RAW,551.7,10997,10129,1.784,365
RAW,551.7,11007,10138,1.828,374
RAW,552.0,11001,10131,1.828,374
RAW,552.0,11003,10131,1.838,376
RAW,552.0,10999,10135,1.823,373
RAW,552.3,11001,10139,1.804,369
RAW,552.3,11006,10139,1.784,365
RAW,552.3,11001,10139,1.779,364
RAW,552.6,11004,10132,1.818,372
RAW,552.6,10998,10135,1.784,365
RAW,552.6,10998,10139,1.789,366
RAW,552.9,11001,10139,1.818,372
RAW,552.9,11003,10135,1.808,370
RAW,552.9,11002,10134,1.774,363
RAW,553.2,10998,10134,1.779,364
RAW,553.2,11005,10141,1.725,353
RAW,553.2,11004,10135,1.872,383
RAW,553.5,11008,10141,1.769,362
RAW,553.5,11005,10135,1.872,383
RAW,553.5,10996,10128,1.911,391
RAW,553.8,11005,10131,1.911,391
RAW,553.8,11012,10132,1.935,396
RAW,553.8,10996,10132,1.916,392
RAW,554.1,11001,10131,1.935,396
RAW,554.1,11002,10136,1.965,402
RAW,554.1,11003,10129,1.950,399
RAW,554.4,11007,10124,1.896,388
RAW,554.4,11004,10127,1.872,383
RAW,554.4,10996,10126,1.789,366
RAW,554.7,11002,10132,1.872,383
RAW,554.7,10995,10122,1.804,369
RAW,554.7,10995,10136,1.779,364
RAW,555.0,11007,10131,1.760,360
RAW,555.0,11006,10138,1.779,364
RAW,555.0,11003,10126,1.784,365
RAW,555.3,11005,10131,1.755,359
RAW,555.3,11008,10130,1.760,360
RAW,555.3,11003,10130,1.799,368
RAW,555.6,11008,10133,1.720,352
RAW,555.6,11006,10136,1.799,368
RAW,555.6,11001,10127,1.823,373
RAW,555.9,11010,10138,1.808,370
RAW,555.9,11007,10138,1.872,383
RAW,555.9,11002,10133,1.872,383
RAW,556.2,10997,10126,1.823,373
RAW,556.2,11004,10135,1.823,373
RAW,556.2,11000,10133,1.862,381
RAW,556.5,11016,10128,1.838,376
RAW,556.5,11008,10140,1.774,363
RAW,556.5,11004,10126,1.740,356
RAW,556.8,11007,10141,1.740,356
RAW,556.8,11007,10131,1.764,361
RAW,556.8,11006,10132,1.764,361
RAW,557.2,11004,10138,1.784,365
RAW,557.2,11000,10137,1.769,362
RAW,557.2,11011,10139,1.750,358
RAW,557.5,11009,10138,1.711,350
RAW,557.5,11014,10136,1.720,352
RAW,557.5,11009,10138,1.716,351
RAW,557.8,11013,10138,1.720,352
RAW,557.8,11012,10138,1.716,351
RAW,557.8,11009,10138,1.716,351
RAW,558.1,11010,10136,1.730,354
RAW,558.1,11021,10130,1.740,356
RAW,558.1,11010,10134,1.740,356
RAW,558.4,11009,10138,1.701,348
RAW,558.4,11005,10140,1.706,349
RAW,558.4,11005,10145,1.740,356
RAW,558.7,11010,10132,1.696,347
RAW,558.7,11011,10130,1.696,347
RAW,558.7,11012,10135,1.701,348
RAW,559.0,11008,10133,1.735,355
RAW,559.0,11013,10135,1.706,349
RAW,559.0,11008,10132,1.740,356
RAW,559.3,11007,10131,1.735,355
RAW,559.3,11003,10128,1.672,342
RAW,559.3,11005,10134,1.735,355
RAW,559.6,11005,10127,1.720,352
RAW,559.6,11005,10135,1.701,348
RAW,559.6,11002,10135,1.701,348
RAW,559.9,10998,10132,1.725,353
RAW,559.9,11003,10127,1.720,352
RAW,559.9,10996,10129,1.789,366
RAW,560.2,11007,10129,1.720,352
RAW,560.2,11004,10125,1.833,375
RAW,560.2,10996,10132,1.896,388
RAW,560.5,11006,10126,1.789,366
RAW,560.5,11006,10133,1.794,367
RAW,560.5,11007,10135,1.823,373
RAW,560.8,10999,10121,1.818,372
RAW,560.8,10999,10127,1.706,349
RAW,560.8,10997,10125,1.828,374
RAW,561.1,10994,10123,1.857,380
RAW,561.1,10997,10130,1.833,375
RAW,561.1,11003,10133,1.740,356
RAW,561.4,10997,10129,1.794,367
RAW,561.4,10998,10124,1.730,354
RAW,561.4,11009,10128,1.740,356
RAW,561.7,10989,10130,1.691,346
RAW,561.7,11004,10130,1.676,343
RAW,561.7,10999,10127,1.716,351
RAW,562.0,11005,10133,1.716,351
RAW,562.0,11008,10130,1.725,353
RAW,562.0,11004,10128,1.779,364
RAW,562.3,11001,10133,1.647,337
RAW,562.3,11007,10131,1.750,358
RAW,562.3,11002,10128,1.818,372
RAW,562.6,11003,10122,1.740,356
RAW,562.6,11005,10132,1.779,364
RAW,562.6,11005,10127,1.784,365
RAW,562.9,11006,10124,1.779,364
RAW,562.9,11010,10123,1.779,364
RAW,562.9,10998,10125,1.794,367
RAW,563.2,11009,10134,1.779,364
RAW,563.2,11003,10123,1.740,356
RAW,563.2,11005,10125,1.706,349
RAW,563.5,11005,10130,1.701,348
RAW,563.5,11002,10126,1.720,352
RAW,563.5,10996,10131,1.720,352
RAW,563.8,11004,10132,1.667,341
RAW,563.8,11004,10132,1.667,341
RAW,563.8,11006,10127,1.696,347
RAW,564.2,11000,10128,1.676,343
RAW,564.2,11002,10125,1.716,351
RAW,564.2,11008,10132,1.725,353
RAW,564.5,11012,10129,1.711,350
RAW,564.5,11003,10128,1.701,348
RAW,564.5,11006,10132,1.672,342
RAW,564.8,11004,10134,1.667,341
RAW,564.8,11012,10133,1.667,341
RAW,564.8,11005,10131,1.676,343
RAW,565.1,11012,10133,1.681,344
RAW,565.1,11006,10130,1.657,339
RAW,565.1,11005,10129,1.662,340
RAW,565.4,11007,10135,1.711,350
RAW,565.4,11009,10130,1.701,348
RAW,565.4,11006,10132,1.696,347
RAW,565.7,11007,10133,1.676,343
RAW,565.7,11015,10136,1.667,341
RAW,565.7,11008,10132,1.657,339
RAW,566.0,11008,10130,1.662,340
RAW,566.0,11004,10125,1.667,341
RAW,566.0,11006,10130,1.676,343
RAW,566.3,11010,10126,1.696,347
RAW,566.3,11004,10132,1.701,348
RAW,566.3,11003,10130,1.662,340
RAW,566.6,11008,10125,1.701,348
RAW,566.6,11003,10130,1.720,352
RAW,566.6,10996,10136,1.823,373
RAW,566.9,11001,10133,1.584,324
RAW,566.9,11010,10126,1.769,362
RAW,566.9,11003,10117,1.823,373
RAW,567.2,11003,10132,1.818,372
RAW,567.2,11008,10128,1.867,382
RAW,567.2,11008,10125,1.808,370
RAW,567.5,11007,10127,1.813,371
RAW,567.5,10999,10132,1.843,377
RAW,567.5,10997,10128,1.843,377
RAW,567.8,11007,10128,1.808,370
RAW,567.8,11007,10136,1.774,363
RAW,567.8,11004,10134,1.691,346
RAW,568.1,11003,10131,1.735,355
RAW,568.1,11003,10128,1.686,345
RAW,568.1,11002,10132,1.672,342
RAW,568.4,11010,10125,1.701,348
RAW,568.4,11001,10126,1.706,349
RAW,568.4,11000,10122,1.696,347
RAW,568.7,11003,10122,1.623,332
RAW,568.7,10997,10124,1.701,348
RAW,568.7,11002,10128,1.755,359
RAW,569.0,10994,10123,1.662,340
RAW,569.0,10996,10122,1.720,352
RAW,569.0,11004,10118,1.784,365
RAW,569.3,11003,10129,1.735,355
RAW,569.3,11001,10128,1.818,372
RAW,569.3,11005,10127,1.818,372
RAW,569.6,11004,10123,1.808,370
RAW,569.6,10994,10125,1.799,368
RAW,569.6,10999,10126,1.794,367
RAW,569.9,11004,10124,1.774,363
RAW,569.9,11005,10121,1.706,349
RAW,569.9,11000,10124,1.681,344
RAW,570.2,10997,10123,1.686,345
RAW,570.2,10998,10127,1.672,342
RAW,570.2,11002,10122,1.662,340
RAW,570.5,11003,10123,1.701,348
RAW,570.5,11001,10127,1.701,348
RAW,570.5,10997,10120,1.696,347
RAW,570.8,11002,10121,1.657,339
RAW,570.8,10998,10121,1.662,340
RAW,570.8,11005,10122,1.701,348
RAW,571.2,11005,10123,1.662,340
RAW,571.2,10998,10123,1.667,341
RAW,571.2,10996,10128,1.672,342
RAW,571.5,11002,10117,1.686,345
RAW,571.5,10996,10124,1.662,340
RAW,571.5,11000,10126,1.706,349
RAW,571.8,10997,10127,1.706,349
RAW,571.8,10986,10118,1.716,351
RAW,571.8,11000,10120,1.701,348
RAW,572.1,10992,10121,1.657,339
RAW,572.1,10999,10121,1.657,339
RAW,572.1,10993,10123,1.662,340
RAW,572.4,10997,10117,1.701,348
RAW,572.4,11003,10122,1.667,341
RAW,572.4,10998,10124,1.667,341
RAW,572.7,11001,10119,1.691,346
RAW,572.7,11001,10124,1.696,347
RAW,572.7,10989,10119,1.676,343
RAW,573.0,10992,10117,1.667,341
RAW,573.0,10988,10122,1.672,342
RAW,573.0,10994,10113,1.676,343
RAW,573.3,10994,10127,1.667,341
RAW,573.3,10990,10119,1.676,343
RAW,573.3,10993,10121,1.769,362
RAW,573.6,10993,10115,1.706,349
RAW,573.6,10988,10115,1.823,373
RAW,573.6,10990,10119,1.818,372
RAW,573.9,10997,10118,1.804,369
RAW,573.9,10991,10121,1.857,380
RAW,573.9,10989,10116,1.867,382
RAW,574.2,10991,10117,1.813,371
RAW,574.2,10985,10113,1.818,372
RAW,574.2,10990,10118,1.838,376
RAW,574.5,10996,10117,1.857,380
RAW,574.5,10995,10117,1.838,376
RAW,574.5,10997,10117,1.740,356
RAW,574.8,10991,10123,1.794,367
RAW,574.8,11000,10115,1.711,350
RAW,574.8,10993,10119,1.711,350
RAW,575.1,10991,10121,1.711,350
RAW,575.1,10987,10119,1.681,344
RAW,575.1,10986,10115,1.681,344
RAW,575.4,10988,10111,1.686,345
RAW,575.4,10992,10121,1.686,345
RAW,575.4,10995,10116,1.720,352
RAW,575.7,10996,10125,1.686,345
RAW,575.7,10995,10118,1.764,361
RAW,575.7,10989,10116,1.818,372
RAW,576.0,10985,10120,1.740,356
RAW,576.0,10991,10117,1.779,364
RAW,576.0,10991,10108,1.818,372
RAW,576.3,10990,10123,1.779,364
RAW,576.3,10984,10122,1.784,365
RAW,576.3,10980,10122,1.794,367
RAW,576.6,10987,10115,1.784,365
RAW,576.6,10983,10114,1.769,362
RAW,576.6,10994,10121,1.750,358
RAW,576.9,10989,10121,1.769,362
RAW,576.9,10986,10112,1.720,352
RAW,576.9,10984,10123,1.725,353
RAW,577.2,10990,10113,1.691,346
RAW,577.2,10989,10118,1.686,345
RAW,577.2,10986,10108,1.676,343
RAW,577.5,10986,10110,1.696,347
RAW,577.5,10995,10114,1.686,345
RAW,577.5,10989,10114,1.686,345
RAW,577.8,10994,10113,1.716,351
RAW,577.8,10990,10107,1.681,344
RAW,577.8,10986,10109,1.701,348
RAW,578.2,10995,10109,1.686,345
RAW,578.2,10983,10109,1.701,348
RAW,578.2,10981,10104,1.691,346
RAW,578.5,10987,10116,1.672,342
RAW,578.5,10982,10109,1.686,345
RAW,578.5,10989,10100,1.681,344
RAW,578.8,10993,10118,1.706,349
RAW,578.8,10992,10114,1.716,351
RAW,578.8,10986,10105,1.701,348
RAW,579.1,10986,10110,1.716,351
RAW,579.1,10990,10120,1.720,352
RAW,579.1,10986,10110,1.720,352
RAW,579.4,10992,10105,1.691,346
RAW,579.4,10991,10100,1.716,351
RAW,579.4,10995,10109,1.696,347
RAW,579.7,10991,10108,1.725,353
RAW,579.7,10990,10114,1.720,352
RAW,579.7,10987,10104,1.691,346
RAW,580.0,10990,10105,1.701,348
RAW,580.0,10989,10108,1.735,355
RAW,580.0,10986,10113,1.828,374
RAW,580.3,10988,10111,1.696,347
RAW,580.3,10987,10113,1.784,365
RAW,580.3,10983,10109,1.818,372
RAW,580.6,10991,10117,1.804,369
RAW,580.6,10992,10107,1.828,374
RAW,580.6,10984,10114,1.838,376
RAW,580.9,10995,10110,1.852,379
RAW,580.9,10982,10107,1.857,380
RAW,580.9,10984,10108,1.867,382
RAW,581.2,10994,10112,1.833,375
RAW,581.2,10985,10103,1.872,383
RAW,581.2,10989,10105,1.764,361
RAW,581.5,10986,10109,1.818,372
RAW,581.5,10987,10108,1.720,352
RAW,581.5,10988,10104,1.701,348
RAW,581.8,10991,10108,1.720,352
RAW,581.8,10992,10110,1.745,357
RAW,581.8,10982,10103,1.755,359
RAW,582.1,10987,10109,1.745,357
RAW,582.1,10992,10113,1.711,350
RAW,582.1,10990,10107,1.750,358
RAW,582.4,10985,10113,1.701,348
RAW,582.4,10988,10110,1.740,356
RAW,582.4,10984,10101,1.794,367
RAW,582.7,10994,10111,1.760,360
RAW,582.7,10983,10113,1.804,369
RAW,582.7,10989,10108,1.813,371
RAW,583.0,10985,10110,1.838,376
RAW,583.0,10989,10107,1.813,371
RAW,583.0,10995,10102,1.828,374
RAW,583.3,10987,10110,1.808,370
RAW,583.3,10990,10110,1.784,365
RAW,583.3,10993,10111,1.740,356
RAW,583.6,10994,10110,1.745,357
RAW,583.6,10988,10113,1.711,350
RAW,583.6,10984,10111,1.706,349
RAW,583.9,10988,10109,1.740,356
RAW,583.9,10986,10110,1.711,350
RAW,583.9,10983,10107,1.740,356
RAW,584.2,10989,10106,1.740,356
RAW,584.2,10988,10111,1.740,356
RAW,584.2,10992,10112,1.725,353
RAW,584.5,10987,10108,1.725,353
RAW,584.5,10989,10107,1.701,348
RAW,584.5,10987,10108,1.706,349
RAW,584.8,10988,10106,1.740,356
RAW,584.8,10991,10109,1.701,348
RAW,584.8,10992,10109,1.691,346
RAW,585.2,10989,10110,1.740,356
RAW,585.2,10978,10109,1.745,357
RAW,585.2,10985,10108,1.701,348
RAW,585.5,10990,10111,1.696,347
RAW,585.5,10987,10102,1.696,347
RAW,585.5,10987,10103,1.701,348
RAW,585.8,10987,10105,1.701,348
RAW,585.8,10985,10107,1.701,348
RAW,585.8,10979,10111,1.706,349
RAW,586.1,10985,10109,1.720,352
RAW,586.1,10985,10106,1.720,352
RAW,586.1,10985,10104,1.706,349
RAW,586.4,10989,10104,1.730,354
RAW,586.4,10989,10107,1.774,363
RAW,586.4,10982,10099,1.750,358
RAW,586.7,10989,10108,1.701,348
RAW,586.7,10997,10108,1.701,348
RAW,586.7,10983,10104,1.779,364
RAW,587.0,10991,10105,1.755,359
RAW,587.0,10990,10106,1.838,376
RAW,587.0,10986,10105,1.872,383
RAW,587.3,10985,10107,1.808,370
RAW,587.3,10988,10109,1.867,382
RAW,587.3,10985,10109,1.872,383
RAW,587.6,10988,10106,1.843,377
RAW,587.6,10981,10107,1.852,379
RAW,587.6,10986,10107,1.857,380
RAW,587.9,10988,10111,1.843,377
RAW,587.9,10989,10105,1.843,377
RAW,587.9,10993,10107,1.730,354
RAW,588.2,10990,10115,1.857,380
RAW,588.2,10984,10108,1.769,362
RAW,588.2,10986,10110,1.750,358
RAW,588.5,10991,10106,1.725,353
RAW,588.5,10997,10112,1.716,351
RAW,588.5,10992,10108,1.735,355
RAW,588.8,10999,10109,1.725,353
RAW,588.8,10995,10112,1.720,352
RAW,588.8,10990,10108,1.720,352
RAW,589.1,10990,10114,1.662,340
RAW,589.1,10991,10113,1.750,358
RAW,589.1,11000,10102,1.848,378
RAW,589.4,10991,10114,1.784,365
RAW,589.4,10997,10111,1.857,380
RAW,589.4,10990,10107,1.818,372
RAW,589.7,10986,10111,1.813,371
RAW,589.7,10994,10105,1.818,372
RAW,589.7,10989,10110,1.818,372
RAW,590.0,10991,10107,1.823,373
RAW,590.0,10993,10106,1.808,370
RAW,590.0,10994,10107,1.794,367
RAW,590.3,10984,10111,1.818,372
RAW,590.3,10986,10109,1.725,353
RAW,590.3,10991,10108,1.750,358
RAW,590.6,10991,10112,1.720,352
RAW,590.6,10990,10113,1.716,351
RAW,590.6,10998,10109,1.716,351
RAW,590.9,10987,10115,1.716,351
RAW,590.9,10997,10108,1.716,351
RAW,590.9,10991,10106,1.706,349
RAW,591.2,10998,10099,1.725,353
RAW,591.2,10988,10104,1.711,350
RAW,591.2,10989,10113,1.740,356
RAW,591.5,10991,10105,1.750,358
RAW,591.5,11002,10107,1.755,359
RAW,591.5,10987,10106,1.755,359
RAW,591.8,10996,10111,1.730,354
RAW,591.8,10993,10100,1.701,348
RAW,591.8,10993,10111,1.701,348
RAW,592.2,10998,10113,1.760,360
RAW,592.2,10994,10109,1.745,357
RAW,592.2,10989,10109,1.716,351
RAW,592.5,10991,10113,1.730,354
RAW,592.5,10990,10112,1.735,355
RAW,592.5,10991,10116,1.740,356
RAW,592.8,10994,10105,1.706,349
RAW,592.8,10992,10104,1.720,352
RAW,592.8,10986,10101,1.711,350
RAW,593.1,10986,10110,1.711,350
RAW,593.1,10991,10115,1.696,347
RAW,593.1,10988,10106,1.711,350
RAW,593.4,10997,10112,1.745,357
RAW,593.4,10990,10108,1.740,356
RAW,593.4,10993,10111,1.794,367
RAW,593.7,10990,10113,1.701,348
RAW,593.7,10994,10112,1.808,370
RAW,593.7,10987,10113,1.872,383
RAW,594.0,10990,10105,1.804,369
RAW,594.0,10994,10108,1.813,371
RAW,594.0,10987,10112,1.857,380
RAW,594.3,11000,10110,1.857,380
RAW,594.3,10997,10110,1.901,389
RAW,594.3,10994,10115,1.872,383
RAW,594.6,10996,10105,1.911,391
RAW,594.6,10987,10111,1.872,383
RAW,594.6,10992,10113,1.779,364
RAW,594.9,10988,10105,1.843,377
RAW,594.9,10998,10105,1.730,354
RAW,594.9,10995,10117,1.720,352
RAW,595.2,10988,10098,1.735,355
RAW,595.2,10989,10110,1.716,351
RAW,595.2,10988,10100,1.711,350
RAW,595.5,10998,10112,1.740,356
RAW,595.5,10985,10105,1.716,351
RAW,595.5,10986,10105,1.745,357
RAW,595.8,11000,10117,1.711,350
RAW,595.8,10991,10112,1.735,355
RAW,595.8,10993,10103,1.818,372
RAW,596.1,10991,10111,1.745,357
RAW,596.1,10992,10108,1.799,368
RAW,596.1,10994,10104,1.808,370
RAW,596.4,10999,10112,1.857,380
RAW,596.4,10991,10106,1.818,372
RAW,596.4,10992,10108,1.857,380
RAW,596.7,10992,10111,1.867,382
RAW,596.7,10998,10113,1.838,376
RAW,596.7,11002,10112,1.745,357
RAW,597.0,10996,10108,1.760,360
RAW,597.0,10997,10108,1.725,353
RAW,597.0,10987,10112,1.716,351
RAW,597.3,10991,10107,1.720,352
RAW,597.3,10998,10110,1.711,350
RAW,597.3,10988,10112,1.701,348
RAW,597.6,10984,10103,1.720,352
RAW,597.6,10982,10108,1.735,355
RAW,597.6,10989,10113,1.725,353
RAW,597.9,10989,10101,1.701,348
RAW,597.9,10987,10106,1.711,350
RAW,597.9,10992,10102,1.711,350
RAW,598.2,10978,10104,1.701,348
RAW,598.2,10985,10106,1.696,347
RAW,598.2,10989,10104,1.696,347
RAW,598.5,10993,10104,1.735,355
RAW,598.5,10986,10103,1.740,356
RAW,598.5,10984,10104,1.647,337
RAW,598.8,10989,10104,1.716,351
RAW,598.8,10988,10103,1.740,356
RAW,598.8,10982,10100,1.740,356
RAW,599.2,10986,10109,1.701,348
RAW,599.2,10989,10103,1.701,348
RAW,599.2,10984,10106,1.711,350
RAW,599.5,10985,10108,1.740,356
RAW,599.5,10980,10107,1.740,356
RAW,599.5,10988,10105,1.706,349
RAW,599.8,10989,10103,1.706,349
RAW,599.8,10988,10104,1.735,355
RAW,599.8,10983,10100,1.740,356



------------------------------------------
PHASE 2 (600-1200 tenths of seconds): Processed BPM/SpO2 data
Format: PROC,Time_0.1s,BPM,SpO2,GSR_V,GSR_raw
------------------------------------------
PROC,605.7,0,0,1.706,349
PROC,606.8,0,0,1.730,354
PROC,608.0,0,0,1.838,376
PROC,609.2,0,0,1.725,353
PROC,610.3,0,0,1.764,361
PROC,611.5,0,0,1.857,380
PROC,612.6,0,0,1.701,348
PROC,613.8,0,0,1.725,353
PROC,614.9,0,0,1.750,358
PROC,616.1,0,0,1.823,373
PROC,617.2,0,0,1.706,349
PROC,618.4,0,0,1.857,380
PROC,619.6,0,0,1.872,383
PROC,620.7,0,0,1.706,349
PROC,621.9,0,0,1.740,356
PROC,623.0,0,0,1.735,355
PROC,624.2,0,0,1.769,362
PROC,625.3,0,0,1.720,352
PROC,626.5,0,0,1.848,378
PROC,627.7,0,0,1.838,376
PROC,628.8,0,0,1.642,336
PROC,630.0,0,0,1.867,382
PROC,631.1,0,0,1.740,356
PROC,632.3,0,0,1.804,369
PROC,633.4,0,0,1.720,352
PROC,634.6,0,0,1.857,380
PROC,635.7,0,0,1.760,360
PROC,636.9,0,0,1.730,354
PROC,638.1,0,0,1.862,381
PROC,639.2,0,0,1.769,362
PROC,640.4,0,0,1.769,362
PROC,641.5,0,0,1.716,351
PROC,642.7,0,0,1.838,376
PROC,643.8,0,0,1.735,355
PROC,645.0,0,0,1.745,357
PROC,646.2,0,0,1.872,383
PROC,647.3,0,0,1.779,364
PROC,648.5,0,0,1.779,364
PROC,649.6,0,0,1.740,356
PROC,650.8,0,0,1.823,373
PROC,651.9,0,0,1.740,356
PROC,653.1,0,0,1.774,363
PROC,654.2,0,0,1.872,383
PROC,655.4,0,0,1.799,368
PROC,656.6,0,0,1.755,359
PROC,657.7,0,0,1.657,339
PROC,658.9,0,0,1.823,373
PROC,660.0,0,0,1.779,364
PROC,661.2,0,0,1.843,377
PROC,662.3,0,0,1.857,380
PROC,663.5,0,0,1.779,364
PROC,664.7,0,0,1.774,363
PROC,665.8,0,0,1.730,354
PROC,667.0,0,0,1.774,363
PROC,668.1,0,0,1.755,359
PROC,669.3,0,0,1.857,380
PROC,670.4,0,0,1.838,376
PROC,671.6,0,0,1.774,363
PROC,672.7,0,0,1.784,365
PROC,673.9,0,0,1.711,350
PROC,675.0,0,0,1.735,355
PROC,676.2,0,0,1.750,358
PROC,677.4,0,0,1.872,383
PROC,678.5,0,0,1.808,370
PROC,679.7,0,0,1.764,361
PROC,680.8,0,0,1.906,390
PROC,682.0,0,0,1.632,334
PROC,683.1,0,0,1.725,353
PROC,684.3,0,0,1.745,357
PROC,685.5,0,0,1.872,383
PROC,686.6,0,0,1.735,355
PROC,687.8,0,0,1.764,361
PROC,688.9,0,0,1.906,390
PROC,690.1,0,0,1.725,353
PROC,691.2,0,0,1.730,354
PROC,692.4,0,0,1.764,361
PROC,693.5,0,0,1.872,383
PROC,694.7,0,0,1.740,356
PROC,695.9,0,0,1.779,364
PROC,697.0,0,0,1.916,392
PROC,698.2,0,0,1.730,354
PROC,699.3,0,0,1.740,356
PROC,700.5,0,0,1.764,361
PROC,701.6,0,0,1.896,388
PROC,702.8,0,0,1.740,356
PROC,704.0,0,0,1.794,367
PROC,705.1,0,0,1.911,391
PROC,706.3,0,0,1.740,356
PROC,707.4,0,0,1.755,359
PROC,708.6,0,0,1.769,362
PROC,709.7,0,0,1.857,380
PROC,710.9,0,0,1.745,357
PROC,712.0,0,0,1.828,374
PROC,713.2,0,0,1.916,392
PROC,714.4,0,0,1.740,356
PROC,715.5,0,0,1.764,361
PROC,716.7,0,0,1.779,364
PROC,717.8,0,0,1.848,378
PROC,719.0,0,0,1.735,355
PROC,720.1,0,0,1.848,378
PROC,721.3,0,0,1.872,383
PROC,722.5,0,0,1.740,356
PROC,723.6,0,0,1.774,363
PROC,724.8,0,0,1.760,360
PROC,725.9,0,0,1.755,359
PROC,727.1,0,0,1.750,358
PROC,728.2,0,0,1.843,377
PROC,729.4,0,0,1.813,371
PROC,730.5,0,0,1.725,353
PROC,731.7,0,0,1.867,382
PROC,732.8,0,0,1.784,365
PROC,734.0,0,0,1.725,353
PROC,735.2,0,0,1.720,352
PROC,736.3,0,0,1.833,375
PROC,737.5,0,0,1.755,359
PROC,738.6,0,0,1.701,348
PROC,739.8,0,0,1.862,381
PROC,741.0,0,0,1.760,360
PROC,742.1,0,0,1.735,355
PROC,743.3,0,0,1.720,352
PROC,744.4,0,0,1.823,373
PROC,745.6,0,0,1.750,358
PROC,746.7,0,0,1.725,353
PROC,747.9,0,0,1.857,380
PROC,749.0,0,0,1.760,360
PROC,750.2,0,0,1.725,353
PROC,751.3,0,0,1.706,349
PROC,752.5,0,0,1.799,368
PROC,753.7,0,0,1.730,354
PROC,754.8,0,0,1.735,355
PROC,756.0,0,0,1.843,377
PROC,757.1,0,0,1.755,359
PROC,758.3,0,0,1.716,351
PROC,759.4,0,0,1.676,343
PROC,760.6,0,0,1.745,357
PROC,761.7,0,0,1.691,346
PROC,762.9,0,0,1.804,369
PROC,764.1,0,0,1.818,372
PROC,765.2,0,0,1.706,349
PROC,766.4,0,0,1.701,348
PROC,767.5,0,0,1.657,339
PROC,768.7,0,0,1.676,343
PROC,769.8,0,0,1.691,346
PROC,771.0,0,0,1.818,372
PROC,772.2,0,0,1.764,361
PROC,773.3,0,0,1.716,351
PROC,774.5,0,0,1.779,364
PROC,775.6,0,0,1.667,341
PROC,776.8,0,0,1.676,343
PROC,777.9,0,0,1.711,350
PROC,779.1,0,0,1.838,376
PROC,780.2,0,0,1.716,351
PROC,781.4,0,0,1.716,351
PROC,782.6,0,0,1.843,377
PROC,783.7,0,0,1.686,345
PROC,784.9,0,0,1.696,347
PROC,786.0,0,0,1.716,351
PROC,787.2,0,0,1.843,377
PROC,788.3,0,0,1.691,346
PROC,789.5,0,0,1.740,356
PROC,790.7,0,0,1.862,381
PROC,791.8,0,0,1.686,345
PROC,793.0,0,0,1.701,348
PROC,794.1,0,0,1.725,353
PROC,795.3,0,0,1.857,380
PROC,796.4,0,0,1.701,348
PROC,797.6,0,0,1.750,358
PROC,798.7,0,0,1.862,381
PROC,799.9,0,0,1.701,348
PROC,801.1,0,0,1.716,351
PROC,802.2,0,0,1.720,352
PROC,803.4,0,0,1.828,374
PROC,804.5,0,0,1.701,348
PROC,805.7,0,0,1.794,367
PROC,806.8,0,0,1.862,381
PROC,808.0,0,0,1.701,348
PROC,809.2,0,0,1.735,355
PROC,810.3,0,0,1.740,356
PROC,811.5,0,0,1.784,365
PROC,812.6,0,0,1.706,349
PROC,813.8,0,0,1.818,372
PROC,814.9,0,0,1.818,372
PROC,816.1,0,0,1.716,351
PROC,817.2,0,0,1.828,374
PROC,818.4,0,0,1.740,356
PROC,819.5,0,0,1.740,356
PROC,820.7,0,0,1.720,352
PROC,821.9,0,0,1.828,374
PROC,823.0,0,0,1.740,356
PROC,824.2,0,0,1.735,355
PROC,825.3,0,0,1.867,382
PROC,826.5,0,0,1.779,364
PROC,827.7,0,0,1.755,359
PROC,828.8,0,0,1.720,352
PROC,830.0,0,0,1.833,375
PROC,831.1,0,0,1.740,356
PROC,832.3,0,0,1.740,356
PROC,833.4,0,0,1.862,381
PROC,834.6,0,0,1.774,363
PROC,835.7,0,0,1.745,357
PROC,836.9,0,0,1.730,354
PROC,838.0,0,0,1.843,377
PROC,839.2,0,0,1.764,361
PROC,840.4,0,0,1.764,361
PROC,841.5,0,0,1.872,383
PROC,842.7,0,0,1.779,364
PROC,843.8,0,0,1.745,357
PROC,845.0,0,0,1.725,353
PROC,846.1,0,0,1.813,371
PROC,847.3,0,0,1.760,360
PROC,848.5,0,0,1.779,364
PROC,849.6,0,0,1.862,381
PROC,850.8,0,0,1.760,360
PROC,851.9,0,0,1.764,361
PROC,853.1,0,0,1.716,351
PROC,854.2,0,0,1.764,361
PROC,855.4,0,0,1.735,355
PROC,856.5,0,0,1.857,380
PROC,857.7,0,0,1.813,371
PROC,858.9,0,0,1.725,353
PROC,860.0,0,0,1.755,359
PROC,861.2,0,0,1.681,344
PROC,862.3,0,0,1.686,345
PROC,863.5,0,0,1.711,350
PROC,864.6,0,0,1.818,372
PROC,865.8,0,0,1.760,360
PROC,867.0,0,0,1.711,350
PROC,868.1,0,0,1.848,378
PROC,869.3,0,0,1.667,341
PROC,870.4,0,0,1.584,324
PROC,871.6,0,0,1.701,348
PROC,872.7,0,0,1.818,372
PROC,873.9,0,0,1.686,345
PROC,875.0,0,0,1.701,348
PROC,876.2,0,0,1.828,374
PROC,877.3,0,0,1.662,340
PROC,878.5,0,0,1.662,340
PROC,879.7,0,0,1.667,341
PROC,880.8,0,0,1.799,368
PROC,882.0,0,0,1.628,333
PROC,883.1,0,0,1.647,337
PROC,884.3,0,0,1.769,362
PROC,885.4,0,0,1.584,324
PROC,886.6,0,0,1.598,327
PROC,887.8,0,0,1.613,330
PROC,888.9,0,0,1.730,354
PROC,890.1,0,0,1.564,320
PROC,891.2,0,0,1.613,330
PROC,892.4,0,0,1.740,356
PROC,893.5,0,0,1.569,321
PROC,894.7,0,0,1.569,321
PROC,895.8,0,0,1.584,324
PROC,897.0,0,0,1.691,346
PROC,898.2,0,0,1.544,316
PROC,899.3,0,0,1.584,324
PROC,900.5,0,0,1.681,344
PROC,901.6,0,0,1.505,308
PROC,902.8,0,0,1.505,308
PROC,903.9,0,0,1.520,311
PROC,905.1,0,0,1.564,320
PROC,906.2,0,0,1.471,301
PROC,907.4,0,0,1.515,310
PROC,908.6,0,0,1.632,334
PROC,909.7,0,0,1.466,300
PROC,910.9,0,0,1.471,301
PROC,912.0,0,0,1.491,305
PROC,913.2,0,0,1.603,328
PROC,914.3,0,0,1.466,300
PROC,915.5,0,0,1.540,315
PROC,916.7,0,0,1.623,332
PROC,917.8,0,0,1.466,300
PROC,919.0,0,0,1.505,308
PROC,920.1,0,0,1.500,307
PROC,921.3,0,0,1.549,317
PROC,922.4,0,0,1.471,301
PROC,923.6,0,0,1.579,323
PROC,924.7,0,0,1.584,324
PROC,925.9,0,0,1.466,300
PROC,927.1,0,0,1.505,308
PROC,928.2,0,0,1.491,305
PROC,929.4,0,0,1.500,307
PROC,930.5,0,0,1.466,300
PROC,931.7,0,0,1.564,320
PROC,932.8,0,0,1.569,321
PROC,934.0,0,0,1.466,300
PROC,935.2,0,0,1.598,327
PROC,936.3,0,0,1.505,308
PROC,937.5,0,0,1.466,300
PROC,938.6,0,0,1.432,293
PROC,939.8,0,0,1.544,316
PROC,940.9,0,0,1.461,299
PROC,942.1,0,0,1.437,294
PROC,943.2,0,0,1.569,321
PROC,944.4,0,0,1.476,302
PROC,945.6,0,0,1.442,295
PROC,946.7,0,0,1.413,289
PROC,947.9,0,0,1.530,313
PROC,949.0,0,0,1.461,299
PROC,950.2,0,0,1.447,296
PROC,951.3,0,0,1.574,322
PROC,952.5,0,0,1.471,301
PROC,953.7,0,0,1.442,295
PROC,954.8,0,0,1.447,296
PROC,956.0,0,0,1.549,317
PROC,957.1,0,0,1.491,305
PROC,958.3,0,0,1.481,303
PROC,959.4,0,0,1.593,326
PROC,960.6,0,0,1.510,309
PROC,961.7,0,0,1.544,316
PROC,962.9,0,0,1.466,300
PROC,964.1,0,0,1.564,320
PROC,965.2,0,0,1.520,311
PROC,966.4,0,0,1.554,318
PROC,967.5,0,0,1.701,348
PROC,968.7,0,0,1.544,316
PROC,969.8,0,0,1.535,314
PROC,971.0,0,0,1.500,307
PROC,972.2,0,0,1.579,323
PROC,973.3,0,0,1.540,315
PROC,974.5,0,0,1.662,340
PROC,975.6,0,0,1.662,340
PROC,976.8,0,0,1.564,320
PROC,977.9,0,0,1.574,322
PROC,979.1,0,0,1.510,309
PROC,980.2,0,0,1.515,310
PROC,981.4,0,0,1.564,320
PROC,982.5,0,0,1.701,348
PROC,983.7,0,0,1.618,331
PROC,984.9,0,0,1.574,322
PROC,986.0,0,0,1.686,345
PROC,987.2,0,0,1.530,313
PROC,988.3,0,0,1.540,315
PROC,989.5,0,0,1.584,324
PROC,990.6,0,0,1.686,345
PROC,991.8,0,0,1.584,324
PROC,993.0,0,0,1.584,324
PROC,994.1,0,0,1.711,350
PROC,995.3,0,0,1.544,316
PROC,996.4,0,0,1.549,317
PROC,997.6,0,0,1.584,324
PROC,998.7,0,0,1.701,348
PROC,999.9,0,0,1.569,321
PROC,1001.0,0,0,1.588,325
PROC,1002.2,0,0,1.725,353
PROC,1003.4,0,0,1.554,318
PROC,1004.5,0,0,1.579,323
PROC,1005.7,0,0,1.584,324
PROC,1006.8,0,0,1.701,348
PROC,1008.0,0,0,1.628,333
PROC,1009.2,0,0,1.603,328
PROC,1010.3,0,0,1.725,353
PROC,1011.5,0,0,1.549,317
PROC,1012.6,0,0,1.559,319
PROC,1013.8,0,0,1.647,337
PROC,1014.9,0,0,1.681,344
PROC,1016.1,0,0,1.662,340
PROC,1017.2,0,0,1.603,328
PROC,1018.4,0,0,1.667,341
PROC,1019.5,0,0,1.569,321
PROC,1020.7,0,0,1.579,323
PROC,1021.9,0,0,1.584,324
PROC,1023.0,0,0,1.681,344
PROC,1024.2,0,0,1.667,341
PROC,1025.3,0,0,1.632,334
PROC,1026.5,0,0,1.672,342
PROC,1027.7,0,0,1.564,320
PROC,1028.8,0,0,1.579,323
PROC,1030.0,0,0,1.584,324
PROC,1031.1,0,0,1.701,348
PROC,1032.3,0,0,1.681,344
PROC,1033.4,0,0,1.623,332
PROC,1034.6,0,0,1.672,342
PROC,1035.7,0,0,1.588,325
PROC,1036.9,0,0,1.588,325
PROC,1038.1,0,0,1.608,329
PROC,1039.2,0,0,1.696,347
PROC,1040.4,0,0,1.711,350
PROC,1041.5,0,0,1.623,332
PROC,1042.7,0,0,1.652,338
PROC,1043.8,0,0,1.584,324
PROC,1045.0,0,0,1.667,341
PROC,1046.2,0,0,1.628,333
PROC,1047.3,0,0,1.701,348
PROC,1048.5,0,0,1.716,351
PROC,1049.6,0,0,1.603,328
PROC,1050.8,0,0,1.667,341
PROC,1051.9,0,0,1.593,326
PROC,1053.1,0,0,1.711,350
PROC,1054.2,0,0,1.623,332
PROC,1055.4,0,0,1.642,336
PROC,1056.6,0,0,1.735,355
PROC,1057.7,0,0,1.628,333
PROC,1058.9,0,0,1.652,338
PROC,1060.0,0,0,1.593,326
PROC,1061.2,0,0,1.740,356
PROC,1062.3,0,0,1.647,337
PROC,1063.5,0,0,1.628,333
PROC,1064.7,0,0,1.740,356
PROC,1065.8,0,0,1.632,334
PROC,1067.0,0,0,1.667,341
PROC,1068.1,0,0,1.623,332
PROC,1069.3,0,0,1.745,357
PROC,1070.4,0,0,1.632,334
PROC,1071.6,0,0,1.618,331
PROC,1072.7,0,0,1.745,357
PROC,1073.9,0,0,1.628,333
PROC,1075.1,0,0,1.608,329
PROC,1076.2,0,0,1.593,326
PROC,1077.4,0,0,1.750,358
PROC,1078.5,0,0,1.613,330
PROC,1079.7,0,0,1.603,328
PROC,1080.8,0,0,1.730,354
PROC,1082.0,0,0,1.642,336
PROC,1083.2,0,0,1.618,331
PROC,1084.3,0,0,1.584,324
PROC,1085.5,0,0,1.745,357
PROC,1086.6,0,0,1.598,327
PROC,1087.8,0,0,1.613,330
PROC,1088.9,0,0,1.740,356
PROC,1090.1,0,0,1.608,329
PROC,1091.2,0,0,1.603,328
PROC,1092.4,0,0,1.603,328
PROC,1093.6,0,0,1.764,361
PROC,1094.7,0,0,1.623,332
PROC,1095.9,0,0,1.613,330
PROC,1097.0,0,0,1.735,355
PROC,1098.2,0,0,1.618,331
PROC,1099.3,0,0,1.608,329
PROC,1100.5,0,0,1.613,330
PROC,1101.7,0,0,1.720,352
PROC,1102.8,0,0,1.618,331
PROC,1104.0,0,0,1.584,324
PROC,1105.1,0,0,1.701,348
PROC,1106.3,0,0,1.554,318
PROC,1107.4,0,0,1.544,316
PROC,1108.6,0,0,1.544,316
PROC,1109.7,0,0,1.672,342
PROC,1110.9,0,0,1.481,303
PROC,1112.1,0,0,1.515,310
PROC,1113.2,0,0,1.628,333
PROC,1114.4,0,0,1.486,304
PROC,1115.5,0,0,1.500,307
PROC,1116.7,0,0,1.486,304
PROC,1117.8,0,0,1.632,334
PROC,1119.0,0,0,1.476,302
PROC,1120.2,0,0,1.510,309
PROC,1121.3,0,0,1.623,332
PROC,1122.5,0,0,1.500,307
PROC,1123.6,0,0,1.505,308
PROC,1124.8,0,0,1.491,305
PROC,1125.9,0,0,1.608,329
PROC,1127.1,0,0,1.505,308
PROC,1128.2,0,0,1.608,329
PROC,1129.4,0,0,1.618,331
PROC,1130.6,0,0,1.540,315
PROC,1131.7,0,0,1.579,323
PROC,1132.9,0,0,1.510,309
PROC,1134.0,0,0,1.540,315
PROC,1135.2,0,0,1.505,308
PROC,1136.3,0,0,1.642,336
PROC,1137.5,0,0,1.623,332
PROC,1138.7,0,0,1.564,320
PROC,1139.8,0,0,1.681,344
PROC,1141.0,0,0,1.544,316
PROC,1142.1,0,0,1.593,326
PROC,1143.3,0,0,1.544,316
PROC,1144.4,0,0,1.642,336
PROC,1145.6,0,0,1.544,316
PROC,1146.7,0,0,1.593,326
PROC,1147.9,0,0,1.701,348
PROC,1149.1,0,0,1.549,317
PROC,1150.2,0,0,1.608,329
PROC,1151.4,0,0,1.564,320
PROC,1152.5,0,0,1.667,341
PROC,1153.7,0,0,1.559,319
PROC,1154.8,0,0,1.598,327
PROC,1156.0,0,0,1.696,347
PROC,1157.2,0,0,1.559,319
PROC,1158.3,0,0,1.613,330
PROC,1159.5,0,0,1.579,323
PROC,1160.6,0,0,1.662,340
PROC,1161.8,0,0,1.564,320
PROC,1162.9,0,0,1.623,332
PROC,1164.1,0,0,1.711,350
PROC,1165.2,0,0,1.559,319
PROC,1166.4,0,0,1.618,331
PROC,1167.6,0,0,1.588,325
PROC,1168.7,0,0,1.662,340
PROC,1169.9,0,0,1.569,321
PROC,1171.0,0,0,1.613,330
PROC,1172.2,0,0,1.711,350
PROC,1173.3,0,0,1.584,324
PROC,1174.5,0,0,1.628,333
PROC,1175.6,0,0,1.598,327
PROC,1176.8,0,0,1.642,336
PROC,1177.9,0,0,1.579,323
PROC,1179.1,0,0,1.720,352
PROC,1180.3,0,0,1.745,357
PROC,1181.4,0,0,1.584,324
PROC,1182.6,0,0,1.642,336
PROC,1183.7,0,0,1.623,332
PROC,1184.9,0,0,1.593,326
PROC,1186.0,0,0,1.584,324
PROC,1187.2,0,0,1.725,353
PROC,1188.4,0,0,1.725,353
PROC,1189.5,0,0,1.598,327
PROC,1190.7,0,0,1.764,361
PROC,1191.8,0,0,1.613,330
PROC,1193.0,0,0,1.588,325
PROC,1194.1,0,0,1.588,325
PROC,1195.3,0,0,1.735,355
PROC,1196.4,0,0,1.686,345
PROC,1197.6,0,0,1.618,331
PROC,1198.8,0,0,1.804,369
PROC,1199.9,0,0,1.623,332

==========================================
=== 2-MINUTE DATA COLLECTION COMPLETE ===

Data Summary:
- Minute 1 (0-600 tenths sec): RAW IR/Red values
- Minute 2 (600-1200 tenths sec): Processed BPM/SpO2
- Full 2 minutes: GSR data (0.1s resolution)

Format markers:
  RAW,Time_0.1s,IR,Red,GSR_V,GSR_raw
  PROC,Time_0.1s,BPM,SpO2,GSR_V,GSR_raw

Copy all data above and save to CSV file
Press 's' to run again
