=~=~=~=~=~=~=~=~=~=~=~= PuTTY log 2026.03.31 23:18:04 =~=~=~=~=~=~=~=~=~=~=~=
Initializing MAX30100 for raw data..SUCCESS
Initializing PulseOximeter..SUCCESS

==========================================
Press 's' to start 2-minute data collection
Minute 1: RAW IR/Red data (0.1s intervals)
Minute 2: Processed BPM/SpO2 data (0.1s intervals)
==========================================

==========================================
=== 2-MINUTE DATA COLLECTION STARTED ===
PHASE 1 (0-600 tenths of seconds): RAW IR/Red data
Format: RAW,Time_0.1s,IR_raw,Red_raw,GSR_V,GSR_raw
------------------------------------------
RAW,0.0,8369,3679,2.067,423
RAW,0.0,8383,3682,2.067,423
RAW,0.0,8388,3678,2.043,418
RAW,0.0,8395,3686,2.043,418
RAW,0.0,8416,3691,2.077,425
RAW,0.0,8514,3719,2.063,422
RAW,0.0,8518,3720,2.058,421
RAW,0.0,8525,3722,2.077,425
RAW,0.0,8518,3727,2.111,432
RAW,0.0,8514,3725,2.087,427
RAW,0.0,8507,3722,2.063,422
RAW,0.0,8501,3725,2.063,422
RAW,0.0,8511,3722,2.092,428
RAW,0.0,8505,3723,2.072,424
RAW,0.0,8499,3718,2.072,424
RAW,0.0,8501,3725,2.087,427
RAW,0.4,8386,3687,2.092,428
RAW,0.4,8382,3682,2.097,429
RAW,0.4,8382,3678,2.077,425
RAW,0.4,8381,3683,2.072,424
RAW,0.4,8383,3681,2.102,430
RAW,0.5,8384,3685,2.092,428
RAW,0.6,8389,3681,2.092,428
RAW,0.8,8391,3679,2.077,425
RAW,0.9,8394,3688,2.072,424
RAW,1.1,8397,3682,2.067,423
RAW,1.4,8415,3684,2.058,421
RAW,1.6,8417,3691,2.048,419
RAW,1.8,8421,3684,2.048,419
RAW,2.0,8415,3683,2.048,419
RAW,2.2,8408,3687,2.048,419
RAW,2.5,8408,3688,2.043,418
RAW,2.7,8411,3683,2.048,419
RAW,3.0,8407,3688,2.043,418
RAW,3.1,8417,3682,2.043,418
RAW,3.3,8413,3693,2.043,418
RAW,3.5,8428,3685,2.043,418
RAW,3.7,8430,3690,2.043,418
RAW,4.0,8432,3690,2.043,418
RAW,4.2,8448,3691,2.038,417
RAW,4.4,8458,3689,2.043,418
RAW,4.6,8472,3693,2.038,417
RAW,4.8,8473,3699,2.043,418
RAW,5.0,8487,3699,2.043,418
RAW,5.2,8498,3693,2.048,419
RAW,5.5,8500,3704,2.043,418
RAW,5.7,8516,3701,2.048,419
RAW,5.9,8526,3699,2.048,419
RAW,6.1,8535,3703,2.048,419
RAW,6.3,8543,3704,2.043,418
RAW,6.5,8553,7563,2.048,419
RAW,6.7,8565,7557,2.048,419
RAW,6.9,8551,7546,2.048,419
RAW,7.2,8397,7460,2.053,420
RAW,7.4,8346,7435,2.053,420
RAW,7.6,8331,7424,2.053,420
RAW,7.8,8331,7425,2.058,421
RAW,8.0,8334,7428,2.053,420
RAW,8.2,8335,7429,2.058,421
RAW,8.5,8347,7438,2.048,419
RAW,8.7,8365,7436,2.048,419
RAW,8.9,8370,7441,2.048,419
RAW,9.1,8377,7444,2.048,419
RAW,9.3,8392,7448,2.048,419
RAW,9.5,8406,7450,2.048,419
RAW,9.8,8421,7464,2.053,420
RAW,10.0,8418,7456,2.058,421
RAW,10.2,8420,7455,2.053,420
RAW,10.4,8406,7444,2.058,421
RAW,10.6,8396,7442,2.058,421
RAW,10.8,8399,7447,2.063,422
RAW,11.1,8409,7454,2.048,419
RAW,11.3,8428,7455,2.048,419
RAW,11.5,8452,7464,2.053,420
RAW,11.7,8469,7475,2.053,420
RAW,11.9,8495,7481,2.048,419
RAW,12.1,8510,7485,2.053,420
RAW,12.3,8521,7494,2.048,419
RAW,12.5,8536,7497,2.053,420
RAW,12.7,8546,7506,2.048,419
RAW,13.0,8555,7507,2.063,422
RAW,13.2,8555,7504,2.063,422
RAW,13.4,8564,7503,2.067,423
RAW,13.6,8575,7503,2.067,423
RAW,13.8,8565,7502,2.072,424
RAW,14.0,8570,7504,2.067,423
RAW,14.2,8572,7510,2.067,423
RAW,14.4,8579,7506,2.067,423
RAW,14.7,8580,7511,2.058,421
RAW,14.9,8583,7514,2.053,420
RAW,15.1,8589,7509,2.058,421
RAW,15.3,8562,7494,2.058,421
RAW,15.5,8485,7439,2.058,421
RAW,15.7,8337,7364,2.053,420
RAW,15.9,8274,7346,2.058,421
RAW,16.2,8263,7344,2.072,424
RAW,16.4,8268,7345,2.072,424
RAW,16.5,8270,7347,2.053,420
RAW,16.8,8288,7362,2.072,424
RAW,17.0,8300,7364,2.072,424
RAW,17.2,8304,7368,2.077,425
RAW,17.4,8314,7369,2.072,424
RAW,17.6,8325,7377,2.072,424
RAW,17.9,8348,7383,2.058,421
RAW,18.1,8347,7388,2.058,421
RAW,18.3,8354,7394,2.058,421
RAW,18.4,8357,7392,2.077,425
RAW,18.6,8344,7390,2.077,425
RAW,18.8,8341,7380,2.077,425
RAW,18.9,8336,7382,2.063,422
RAW,19.1,8336,7388,2.058,421
RAW,19.3,8351,7389,2.058,421
RAW,19.4,8353,7393,2.082,426
RAW,19.6,8359,7401,2.077,425
RAW,19.8,8362,7399,2.077,425
RAW,19.9,8380,7410,2.063,422
RAW,20.1,8400,7426,2.063,422
RAW,20.4,8418,7434,2.077,425
RAW,20.6,8424,7441,2.077,425
RAW,20.8,8430,7446,2.077,425
RAW,20.9,8445,7443,2.067,423
RAW,21.1,8448,7445,2.063,422
RAW,21.3,8457,7447,2.063,422
RAW,21.4,8460,7451,2.082,426
RAW,21.6,8466,7456,2.082,426
RAW,21.8,8472,7462,2.082,426
RAW,21.9,8473,7453,2.067,423
RAW,22.1,8468,7451,2.067,423
RAW,22.3,8466,7451,2.067,423
RAW,22.4,8466,7447,2.087,427
RAW,22.6,8465,7451,2.087,427
RAW,22.9,8472,7450,2.063,422
RAW,23.1,8476,7451,2.063,422
RAW,23.3,8480,7459,2.063,422
RAW,23.4,8487,7460,2.087,427
RAW,23.6,8490,7460,2.082,426
RAW,23.8,8465,7440,2.082,426
RAW,23.9,8418,7413,2.063,422
RAW,24.1,8331,7371,2.063,422
RAW,24.4,8291,7359,2.087,427
RAW,24.6,8279,7364,2.082,426
RAW,24.9,8286,7365,2.063,422
RAW,25.1,8293,7365,2.063,422
RAW,25.3,8294,7367,2.063,422
RAW,25.4,8302,7370,2.082,426
RAW,25.6,8306,7367,2.082,426
RAW,25.8,8308,7374,2.082,426
RAW,25.9,8310,7373,2.063,422
RAW,26.1,8320,7375,2.067,423
RAW,26.3,8324,7386,2.063,422
RAW,26.4,8324,7387,2.087,427
RAW,26.6,8333,7384,2.082,426
RAW,26.7,8339,7384,2.063,422
RAW,26.9,8341,7382,2.063,422
RAW,27.1,8333,7379,2.067,423
RAW,27.2,8332,7378,2.087,427
RAW,27.4,8321,7371,2.087,427
RAW,27.6,8323,7363,2.082,426
RAW,27.7,8323,7366,2.067,423
RAW,27.9,8322,7372,2.063,422
RAW,28.2,8338,7377,2.087,427
RAW,28.4,8352,7381,2.087,427
RAW,28.7,8370,7388,2.063,422
RAW,28.9,8376,7400,2.063,422
RAW,29.0,8385,7405,2.087,427
RAW,29.2,8388,7403,2.087,427
RAW,29.4,8403,7412,2.087,427
RAW,29.5,8405,7411,2.067,423
RAW,29.7,8414,7410,2.067,423
RAW,29.9,8422,7403,2.063,422
RAW,30.0,8416,7402,2.092,428
RAW,30.2,8418,7405,2.087,427
RAW,30.4,8431,7407,2.087,427
RAW,30.5,8434,7401,2.063,422
RAW,30.7,8425,7399,2.063,422
RAW,30.9,8433,7409,2.058,421
RAW,31.0,8435,7405,2.082,426
RAW,31.2,8437,7412,2.082,426
RAW,31.4,8452,7420,2.087,427
RAW,31.5,8453,7427,2.058,421
RAW,31.7,8460,7426,2.063,422
RAW,31.8,8459,7431,2.087,427
RAW,32.0,8395,7383,2.087,427
RAW,32.2,8325,7350,2.082,426
RAW,32.3,8307,7346,2.063,422
RAW,32.5,8278,7332,2.058,421
RAW,32.7,8273,7333,2.063,422
RAW,32.8,8266,7334,2.087,427
RAW,33.0,8264,7333,2.087,427
RAW,33.2,8274,7335,2.087,427
RAW,33.3,8276,7343,2.063,422
RAW,33.5,8286,7341,2.063,422
RAW,33.7,8289,7350,2.063,422
RAW,33.8,8300,7349,2.087,427
RAW,34.0,8307,7353,2.087,427
RAW,34.2,8322,7358,2.087,427
RAW,34.3,8323,7361,2.063,422
RAW,34.5,8339,7368,2.058,421
RAW,34.8,8341,7357,2.087,427
RAW,35.0,8337,7354,2.082,426
RAW,35.3,8321,7339,2.058,421
RAW,35.5,8318,7342,2.058,421
RAW,35.8,8316,7338,2.082,426
RAW,36.0,8318,7340,2.082,426
RAW,36.3,8341,7349,2.058,421
RAW,36.5,8351,7352,2.053,420
RAW,36.6,8356,7352,2.087,427
RAW,36.8,8363,7356,2.087,427
RAW,37.0,8377,7365,2.082,426
RAW,37.1,8382,7364,2.058,421
RAW,37.3,8395,7376,2.063,422
RAW,37.5,8412,7373,2.058,421
RAW,37.7,8417,7379,2.058,421
RAW,37.9,8428,7383,2.058,421
RAW,38.1,8437,7390,2.058,421
RAW,38.3,8448,7396,2.053,420
RAW,38.5,8448,7398,2.058,421
RAW,38.7,8456,7400,2.058,421
RAW,39.0,8477,7413,2.087,427
RAW,39.2,8484,7414,2.082,426
RAW,39.4,8502,7422,2.082,426
RAW,39.6,8516,7426,2.082,426
RAW,39.8,8503,7415,2.087,427
RAW,40.0,8409,7355,2.082,426
RAW,40.2,8293,7312,2.082,426
RAW,40.4,8266,7296,2.082,426
RAW,40.6,8251,7292,2.087,427
RAW,40.8,8246,7290,2.082,426
RAW,41.0,8250,7295,2.087,427
RAW,41.3,8265,7298,2.053,420
RAW,41.5,8278,7299,2.053,420
RAW,41.7,8287,7303,2.053,420
RAW,41.9,8292,7309,2.053,420
RAW,42.1,8308,7317,2.058,421
RAW,42.3,8313,7323,2.058,421
RAW,42.5,8332,7329,2.053,420
RAW,42.7,8339,7334,2.058,421
RAW,42.9,8345,7330,2.058,421
RAW,43.1,8342,7328,2.058,421
RAW,43.3,8335,7324,2.053,420
RAW,43.5,8324,7324,2.058,421
RAW,43.7,8332,7319,2.053,420
RAW,44.0,8344,7330,2.087,427
RAW,44.2,8365,7341,2.087,427
RAW,44.4,8382,7345,2.087,427
RAW,44.6,8404,7355,2.087,427
RAW,44.8,8421,7366,2.087,427
RAW,45.0,8445,7372,2.087,427
RAW,45.2,8456,7381,2.087,427
RAW,45.4,8475,7390,2.082,426
RAW,45.7,8494,7396,2.058,421
RAW,45.9,8502,7395,2.058,421
RAW,46.1,8510,7398,2.063,422
RAW,46.3,8515,7405,2.058,421
RAW,46.5,8522,7409,2.058,421
RAW,46.7,8524,7404,2.058,421
RAW,46.9,8522,7409,2.058,421
RAW,47.1,8526,7406,2.058,421
RAW,47.3,8547,7412,2.063,422
RAW,47.5,8557,7418,2.058,421
RAW,47.7,8554,7413,2.063,422
RAW,48.0,8502,7380,2.087,427
RAW,48.2,8371,7310,2.087,427
RAW,48.4,8267,7265,2.082,426
RAW,48.6,8243,7258,2.087,427
RAW,48.8,8237,7256,2.087,427
RAW,49.0,8235,7256,2.092,428
RAW,49.2,8244,7260,2.087,427
RAW,49.4,8257,7265,2.087,427
RAW,49.7,8277,7280,2.058,421
RAW,49.9,8289,7280,2.063,422
RAW,50.2,8307,7298,2.087,427
RAW,50.4,8329,7304,2.087,427
RAW,50.7,8342,7313,2.058,421
RAW,50.9,8351,7315,2.063,422
RAW,51.1,8356,7307,2.058,421
RAW,51.2,8342,7308,2.087,427
RAW,51.4,8337,7298,2.087,427
RAW,51.7,8331,7299,2.058,421
RAW,51.9,8341,7302,2.063,422
RAW,52.1,8353,7304,2.063,422
RAW,52.2,8349,7314,2.092,428
RAW,52.4,8367,7315,2.087,427
RAW,52.7,8400,7323,2.058,421
RAW,52.9,8419,7338,2.063,422
RAW,53.0,8429,7339,2.087,427
RAW,53.2,8442,7344,2.087,427
RAW,53.4,8463,7357,2.087,427
RAW,53.5,8465,7359,2.063,422
RAW,53.7,8479,7365,2.063,422
RAW,53.9,8491,7370,2.063,422
RAW,54.0,8493,7372,2.092,428
RAW,54.2,8504,7375,2.092,428
RAW,54.4,8513,7379,2.087,427
RAW,54.5,8512,7383,2.063,422
RAW,54.7,8514,7380,2.063,422
RAW,54.9,8525,7382,2.063,422
RAW,55.0,8525,7383,2.092,428
RAW,55.2,8536,7386,2.092,428
RAW,55.4,8545,7389,2.087,427
RAW,55.5,8542,7391,2.067,423
RAW,55.7,8553,7395,2.067,423
RAW,55.9,8558,7395,2.067,423
RAW,56.0,8554,7393,2.087,427
RAW,56.2,8517,7361,2.092,428
RAW,56.4,8377,7288,2.087,427
RAW,56.5,8303,7257,2.067,423
RAW,56.7,8245,7236,2.067,423
RAW,56.9,8229,7234,2.067,423
RAW,57.0,8227,7229,2.092,428
RAW,57.2,8228,7230,2.092,428
RAW,57.6,8251,7246,2.087,427
RAW,57.7,8259,7250,2.063,422
RAW,57.9,8269,7257,2.063,422
RAW,58.1,8290,7255,2.063,422
RAW,58.3,8304,7271,2.067,423
RAW,58.6,8340,7290,2.087,427
RAW,58.8,8370,7298,2.087,427
RAW,59.0,8374,7300,2.087,427
RAW,59.1,8376,7301,2.063,422
RAW,59.3,8362,7299,2.063,422
RAW,59.5,8351,7291,2.067,423
RAW,59.6,8348,7277,2.087,427
RAW,59.8,8333,7277,2.087,427
RAW,60.0,8346,7282,2.092,428
RAW,60.1,8346,7279,2.063,422
RAW,60.3,8354,7288,2.067,423
RAW,60.5,8371,7298,2.067,423
RAW,60.6,8380,7298,2.092,428
RAW,60.8,8396,7310,2.087,427
RAW,61.1,8418,7321,2.067,423
RAW,61.3,8427,7326,2.063,422
RAW,61.6,8449,7334,2.087,427
RAW,61.8,8464,7340,2.087,427
RAW,62.1,8484,7345,2.067,423
RAW,62.3,8489,7350,2.067,423
RAW,62.6,8492,7351,2.087,427
RAW,62.8,8505,7354,2.087,427
RAW,63.0,8517,7356,2.092,428
RAW,63.1,8514,7364,2.067,423
RAW,63.3,8523,7369,2.067,423
RAW,63.6,8525,7373,2.087,427
RAW,63.8,8511,7354,2.087,427
RAW,64.1,8330,7259,2.067,423
RAW,64.3,8246,7219,2.067,423
RAW,64.6,8218,7212,2.087,427
RAW,64.8,8214,7208,2.087,427
RAW,65.0,8227,7225,2.087,427
RAW,65.2,8238,7225,2.087,427
RAW,65.3,8253,7228,2.067,423
RAW,65.5,8261,7238,2.072,424
RAW,65.7,8281,7249,2.067,423
RAW,66.0,8300,7254,2.092,428
RAW,66.1,8311,7267,2.072,424
RAW,66.3,8336,7274,2.072,424
RAW,66.5,8352,7284,2.067,423
RAW,66.6,8348,7282,2.092,428
RAW,66.8,8355,7278,2.092,428
RAW,67.1,8333,7267,2.072,424
RAW,67.3,8318,7255,2.067,423
RAW,67.5,8311,7257,2.072,424
RAW,67.6,8314,7253,2.087,427
RAW,67.8,8321,7261,2.092,428
RAW,68.1,8335,7274,2.072,424
RAW,68.3,8354,7277,2.072,424
RAW,68.6,8385,7289,2.087,427
RAW,68.8,8396,7293,2.087,427
RAW,68.9,8403,7305,2.072,424
RAW,69.1,8425,7313,2.072,424
RAW,69.3,8440,7311,2.072,424
RAW,69.4,8446,7319,2.087,427
RAW,69.6,8454,7320,2.087,427
RAW,69.8,8470,7323,2.087,427
RAW,69.9,8469,7331,2.072,424
RAW,70.1,8480,7328,2.072,424
RAW,70.3,8477,7331,2.072,424
RAW,70.4,8474,7335,2.092,428
RAW,70.6,8483,7339,2.087,427
RAW,70.8,8485,7340,2.092,428
RAW,70.9,8491,7344,2.077,425
RAW,71.1,8501,7347,2.072,424
RAW,71.3,8507,7350,2.077,425
RAW,71.4,8499,7343,2.087,427
RAW,71.6,8464,7312,2.087,427
RAW,71.8,8330,7245,2.092,428
RAW,71.9,8265,7223,2.072,424
RAW,72.1,8226,7199,2.077,425
RAW,72.3,8216,7200,2.072,424
RAW,72.4,8206,7199,2.092,428
RAW,72.6,8210,7199,2.087,427
RAW,72.7,8211,7197,2.077,425
RAW,72.9,8227,7207,2.077,425
RAW,73.1,8240,7208,2.077,425
RAW,73.2,8246,7216,2.087,427
RAW,73.4,8250,7218,2.087,427
RAW,73.6,8250,7213,2.087,427
RAW,73.8,8257,7217,2.087,427
RAW,74.0,8274,7229,2.082,426
RAW,74.3,8294,7237,2.072,424
RAW,74.5,8292,7233,2.067,423
RAW,74.8,8298,7233,2.082,426
RAW,75.0,8284,7227,2.077,425
RAW,75.2,8284,7226,2.082,426
RAW,75.3,8281,7228,2.072,424
RAW,75.5,8282,7227,2.072,424
RAW,75.7,8290,7227,2.077,425
RAW,75.8,8298,7233,2.087,427
RAW,76.0,8307,7242,2.082,426
RAW,76.2,8327,7245,2.082,426
RAW,76.3,8333,7253,2.077,425
RAW,76.5,8350,7257,2.077,425
RAW,76.8,8369,7266,2.082,426
RAW,77.0,8383,7276,2.087,427
RAW,77.3,8414,7287,2.072,424
RAW,77.5,8419,7294,2.077,425
RAW,77.8,8438,7297,2.077,425
RAW,78.0,8450,7296,2.082,426
RAW,78.2,8458,7305,2.082,426
RAW,78.3,8457,7302,2.077,425
RAW,78.5,8463,7307,2.072,424
RAW,78.8,8474,7311,2.082,426
RAW,79.0,8481,7321,2.077,425
RAW,79.3,8490,7324,2.077,425
RAW,79.5,8482,7308,2.077,425
RAW,79.8,8318,7214,2.077,425
RAW,80.0,8229,7191,2.082,426
RAW,80.2,8209,7181,2.077,425
RAW,80.3,8195,7167,2.077,425
RAW,80.5,8196,7178,2.077,425
RAW,80.7,8208,7181,2.077,425
RAW,80.9,8213,7180,2.077,425
RAW,81.0,8219,7185,2.082,426
RAW,81.2,8226,7181,2.082,426
RAW,81.4,8234,7192,2.077,425
RAW,81.6,8238,7202,2.082,426
RAW,81.8,8252,7199,2.077,425
RAW,82.1,8277,7212,2.082,426
RAW,82.3,8278,7222,2.077,425
RAW,82.6,8288,7217,2.077,425
RAW,82.8,8281,7216,2.077,425
RAW,83.0,8273,7203,2.077,425
RAW,83.1,8265,7211,2.077,425
RAW,83.3,8265,7208,2.082,426
RAW,83.6,8268,7211,2.077,425
RAW,83.8,8271,7211,2.077,425
RAW,84.0,8288,7217,2.077,425
RAW,84.1,8299,7225,2.082,426
RAW,84.3,8314,7230,2.077,425
RAW,84.6,8343,7246,2.077,425
RAW,84.8,8352,7248,2.077,425
RAW,85.0,8371,7261,2.077,425
RAW,85.1,8384,7266,2.082,426
RAW,85.3,8404,7270,2.082,426
RAW,85.6,8423,7276,2.072,424
RAW,85.8,8427,7283,2.077,425
RAW,86.1,8445,7288,2.077,425
RAW,86.3,8443,7291,2.077,425
RAW,86.6,8456,7292,2.072,424
RAW,86.8,8457,7299,2.077,425
RAW,86.9,8460,7299,2.082,426
RAW,87.1,8461,7305,2.082,426
RAW,87.3,8481,7306,2.077,425
RAW,87.4,8479,7309,2.077,425
RAW,87.6,8490,7307,2.072,424
RAW,87.8,8480,7302,2.072,424
RAW,87.9,8445,7281,2.082,426
RAW,88.1,8322,7209,2.082,426
RAW,88.4,8206,7165,2.067,423
RAW,88.6,8191,7158,2.072,424
RAW,89.0,8181,7167,2.067,423
RAW,89.1,8198,7167,2.082,426
RAW,89.3,8211,7171,2.082,426
RAW,89.5,8222,7169,2.082,426
RAW,89.7,8228,7178,2.082,426
RAW,90.1,8250,7186,2.077,425
RAW,90.3,8272,7195,2.077,425
RAW,90.5,8289,7206,2.082,426
RAW,90.6,8296,7204,2.067,423
RAW,90.8,8293,7202,2.067,423
RAW,91.0,8290,7206,2.063,422
RAW,91.1,8279,7199,2.082,426
RAW,91.3,8270,7199,2.082,426
RAW,91.5,8265,7193,2.082,426
RAW,91.6,8273,7193,2.067,423
RAW,91.8,8269,7195,2.067,423
RAW,92.1,8284,7212,2.082,426
RAW,92.3,8298,7212,2.077,425
RAW,92.6,8329,7220,2.063,422
RAW,92.8,8340,7231,2.067,423
RAW,93.0,8357,7236,2.063,422
RAW,93.1,8362,7242,2.077,425
RAW,93.3,8375,7249,2.077,425
RAW,93.5,8395,7259,2.077,425
RAW,93.6,8398,7255,2.063,422
RAW,93.8,8415,7263,2.063,422
RAW,94.0,8422,7266,2.063,422
RAW,94.1,8429,7265,2.082,426
RAW,94.3,8428,7270,2.077,425
RAW,94.5,8438,7269,2.082,426
RAW,94.6,8436,7269,2.067,423
RAW,94.8,8446,7272,2.067,423
RAW,95.0,8454,7279,2.063,422
RAW,95.1,8451,7278,2.082,426
RAW,95.3,8464,7281,2.077,425
RAW,95.5,8469,7288,2.082,426
RAW,95.6,8474,7285,2.063,422
RAW,95.8,8461,7276,2.067,423
RAW,96.0,8383,7221,2.063,422
RAW,96.1,8304,7183,2.082,426
RAW,96.3,8216,7153,2.077,425
RAW,96.5,8189,7144,2.077,425
RAW,96.6,8177,7133,2.063,422
RAW,96.8,8187,7138,2.067,423
RAW,97.1,8190,7136,2.082,426
RAW,97.3,8206,7149,2.077,425
RAW,97.5,8219,7148,2.077,425
RAW,97.7,8233,7165,2.077,425
RAW,97.9,8255,7166,2.077,425
RAW,98.2,8292,7179,2.058,421
RAW,98.4,8305,7193,2.058,421
RAW,98.7,8327,7200,2.077,425
RAW,98.9,8323,7193,2.077,425
RAW,99.1,8304,7190,2.077,425
RAW,99.2,8301,7184,2.063,422
RAW,99.4,8288,7179,2.063,422
RAW,99.7,8287,7175,2.077,425
RAW,99.9,8297,7184,2.082,426
RAW,100.2,8325,7199,2.063,422
RAW,100.4,8338,7207,2.058,421
RAW,100.5,8345,7213,2.077,425
RAW,100.8,8382,7221,2.058,421
RAW,101.0,8399,7232,2.058,421
RAW,101.1,8404,7232,2.082,426
RAW,101.4,8426,7240,2.058,421
RAW,101.6,8435,7244,2.063,422
RAW,101.7,8442,7248,2.082,426
RAW,101.8,8451,7243,2.063,422
RAW,102.0,8455,7250,2.063,422
RAW,102.1,8452,7252,2.087,427
RAW,102.3,8455,7254,2.082,426
RAW,102.4,8463,7260,2.067,423
RAW,102.6,8464,7256,2.063,422
RAW,102.7,8466,7261,2.087,427
RAW,103.0,8477,7265,2.063,422
RAW,103.2,8483,7268,2.063,422
RAW,103.3,8489,7272,2.082,426
RAW,103.6,8497,7273,2.063,422
RAW,103.8,8483,7257,2.058,421
RAW,103.9,8461,7240,2.087,427
RAW,104.1,8328,7170,2.082,426
RAW,104.2,8249,7137,2.063,422
RAW,104.5,8185,7109,2.082,426
RAW,104.9,8182,7110,2.082,426
RAW,105.0,8186,7119,2.063,422
RAW,105.2,8200,7124,2.063,422
RAW,105.3,8198,7130,2.082,426
RAW,105.5,8218,7135,2.087,427
RAW,105.6,8227,7132,2.063,422
RAW,105.8,8232,7140,2.063,422
RAW,106.0,8243,7139,2.063,422
RAW,106.1,8245,7150,2.087,427
RAW,106.4,8288,7167,2.063,422
RAW,106.6,8306,7175,2.063,422
RAW,106.7,8316,7171,2.087,427
RAW,106.9,8321,7171,2.087,427
RAW,107.0,8319,7170,2.063,422
RAW,107.3,8304,7173,2.087,427
RAW,107.5,8305,7164,2.082,426
RAW,107.6,8307,7164,2.067,423
RAW,107.9,8313,7173,2.082,426
RAW,108.2,8332,7188,2.063,422
RAW,108.4,8363,7190,2.063,422
RAW,108.5,8358,7196,2.087,427
RAW,108.7,8375,7203,2.087,427
RAW,108.8,8381,7210,2.067,423
RAW,109.1,8411,7220,2.087,427
RAW,109.3,8425,7223,2.087,427
RAW,109.4,8427,7228,2.063,422
RAW,109.7,8444,7232,2.092,428
RAW,109.9,8447,7235,2.087,427
RAW,110.0,8443,7234,2.067,423
RAW,110.3,8459,7237,2.087,427
RAW,110.5,8456,7238,2.092,428
RAW,110.6,8460,7236,2.063,422
RAW,110.8,8467,7242,2.063,422
RAW,110.9,8468,7246,2.092,428
RAW,111.2,8470,7253,2.063,422
RAW,111.4,8484,7250,2.063,422
RAW,111.5,8480,7254,2.097,429
RAW,111.8,8496,7257,2.063,422
RAW,112.0,8470,7235,2.063,422
RAW,112.1,8438,7212,2.092,428
RAW,112.4,8228,7119,2.067,423
RAW,112.6,8186,7100,2.063,422
RAW,112.7,8181,7095,2.092,428
RAW,113.0,8179,7099,2.063,422
RAW,113.2,8183,7104,2.067,423
RAW,113.3,8187,7105,2.092,428
RAW,113.5,8199,7112,2.092,428
RAW,113.6,8201,7115,2.063,422
RAW,113.8,8219,7120,2.067,423
RAW,114.0,8231,7123,2.063,422
RAW,114.1,8229,7126,2.097,429
RAW,114.3,8243,7133,2.097,429
RAW,114.5,8268,7151,2.097,429
RAW,114.6,8277,7146,2.067,423
RAW,114.8,8293,7160,2.067,423
RAW,114.9,8291,7156,2.092,428
RAW,115.1,8296,7153,2.097,429
RAW,115.2,8289,7157,2.067,423
RAW,115.4,8293,7150,2.067,423
RAW,115.5,8281,7153,2.092,428
RAW,115.8,8280,7144,2.067,423
RAW,116.0,8291,7150,2.072,424
RAW,116.1,8290,7152,2.092,428
RAW,116.3,8304,7164,2.092,428
RAW,116.4,8315,7162,2.072,424
RAW,116.7,8343,7183,2.092,428
RAW,117.0,8379,7192,2.067,423
RAW,117.2,8384,7199,2.067,423
RAW,117.3,8403,7206,2.097,429
RAW,117.6,8413,7216,2.063,422
RAW,117.8,8427,7220,2.067,423
RAW,117.9,8434,7213,2.092,428
RAW,118.1,8440,7219,2.097,429
RAW,118.2,8445,7223,2.072,424
RAW,118.4,8442,7226,2.067,423
RAW,118.5,8448,7224,2.092,428
RAW,118.8,8453,7232,2.067,423
RAW,119.0,8458,7235,2.067,423
RAW,119.1,8456,7236,2.097,429
RAW,119.4,8468,7236,2.067,423
RAW,119.6,8473,7238,2.067,423
RAW,119.7,8476,7239,2.097,429
RAW,120.0,8493,7246,2.067,423
RAW,120.2,8489,7249,2.067,423
RAW,120.3,8478,7237,2.097,429
RAW,120.6,8355,7164,2.067,423
RAW,120.8,8214,7106,2.067,423
RAW,120.9,8192,7093,2.097,429
RAW,121.2,8176,7088,2.067,423
RAW,121.4,8175,7095,2.067,423
RAW,121.5,8187,7093,2.102,430
RAW,121.7,8200,7105,2.097,429
RAW,121.8,8206,7106,2.072,424
RAW,122.0,8227,7113,2.067,423
RAW,122.1,8234,7120,2.102,430
RAW,122.3,8247,7127,2.102,430
RAW,122.4,8253,7132,2.072,424
RAW,122.6,8274,7139,2.072,424
RAW,122.8,8295,7149,2.072,424
RAW,122.9,8308,7159,2.097,429
RAW,123.2,8335,7172,2.072,424
RAW,123.5,8333,7161,2.097,429
RAW,123.7,8325,7164,2.097,429
RAW,123.8,8327,7157,2.072,424
RAW,124.0,8323,7157,2.072,424
RAW,124.1,8320,7147,2.102,430
RAW,124.4,8326,7153,2.072,424
RAW,124.6,8335,7165,2.067,423
RAW,124.7,8345,7166,2.102,430
RAW,125.0,8370,7178,2.067,423
RAW,125.2,8395,7181,2.072,424
RAW,125.3,8398,7186,2.097,429
RAW,125.6,8417,7198,2.072,424
RAW,125.8,8428,7206,2.067,423
RAW,125.9,8428,7205,2.102,430
RAW,126.2,8437,7206,2.067,423
RAW,126.4,8445,7215,2.072,424
RAW,126.5,8446,7216,2.097,429
RAW,126.7,8450,7217,2.097,429
RAW,126.8,8459,7215,2.072,424
RAW,127.1,8459,7220,2.097,429
RAW,127.3,8466,7218,2.102,430
RAW,127.4,8468,7220,2.077,425
RAW,127.7,8479,7214,2.097,429
RAW,127.9,8485,7221,2.097,429
RAW,128.0,8484,7223,2.072,424
RAW,128.3,8476,7209,2.097,429
RAW,128.5,8390,7162,2.102,430
RAW,128.6,8328,7129,2.072,424
RAW,128.8,8204,7081,2.072,424
RAW,128.9,8184,7070,2.102,430
RAW,129.2,8158,7067,2.072,424
RAW,129.4,8174,7070,2.077,425
RAW,129.5,8176,7072,2.102,430
RAW,129.7,8194,7075,2.102,430
RAW,129.8,8208,7089,2.072,424
RAW,130.0,8219,7098,2.072,424
RAW,130.2,8232,7103,2.072,424
RAW,130.3,8247,7109,2.102,430
RAW,130.6,8279,7129,2.072,424
RAW,130.8,8302,7139,2.072,424
RAW,130.9,8324,7140,2.097,429
RAW,131.1,8336,7148,2.097,429
RAW,131.2,8336,7153,2.072,424
RAW,131.5,8332,7146,2.097,429
RAW,131.7,8322,7135,2.097,429
RAW,131.8,8314,7138,2.077,425
RAW,131.9,8305,7127,2.097,429
RAW,132.1,8308,7127,2.102,430
RAW,132.2,8309,7135,2.072,424
RAW,132.4,8318,7138,2.072,424
RAW,132.5,8323,7143,2.102,430
RAW,132.8,8352,7152,2.072,424
RAW,133.0,8362,7166,2.072,424
RAW,133.1,8378,7165,2.102,430
RAW,133.4,8401,7178,2.067,423
RAW,133.6,8409,7175,2.072,424
RAW,133.7,8415,7179,2.097,429
RAW,134.0,8431,7188,2.072,424
RAW,134.3,8440,7189,2.092,428
RAW,134.5,8450,7194,2.092,428
RAW,134.6,8443,7197,2.067,423
RAW,134.8,8452,7201,2.067,423
RAW,134.9,8460,7197,2.097,429
RAW,135.2,8457,7200,2.067,423
RAW,135.4,8467,7209,2.067,423
RAW,135.5,8466,7203,2.097,429
RAW,135.8,8471,7215,2.063,422
RAW,136.0,8487,7212,2.067,423
RAW,136.1,8481,7210,2.092,428
RAW,136.4,8455,7186,2.063,422
RAW,136.6,8361,7131,2.063,422
RAW,136.7,8285,7093,2.092,428
RAW,136.8,8220,7066,2.067,423
RAW,137.0,8168,7046,2.067,423
RAW,137.1,8163,7044,2.097,429
RAW,137.3,8161,7047,2.092,428
RAW,137.4,8160,7047,2.067,423
RAW,137.8,8189,7059,2.063,422
RAW,137.9,8199,7066,2.092,428
RAW,138.1,8206,7071,2.092,428
RAW,138.2,8214,7078,2.067,423
RAW,138.6,8237,7087,2.067,423
RAW,138.8,8263,7094,2.063,422
RAW,138.9,8266,7103,2.092,428
RAW,139.1,8299,7111,2.087,427
RAW,139.2,8306,7121,2.067,423
RAW,139.5,8310,7115,2.087,427
RAW,139.7,8302,7117,2.087,427
RAW,139.8,8299,7108,2.063,422
RAW,140.0,8289,7108,2.063,422
RAW,140.1,8287,7100,2.092,428
RAW,140.4,8302,7116,2.063,422
RAW,140.6,8310,7119,2.063,422
RAW,140.7,8330,7122,2.087,427
RAW,141.0,8350,7136,2.063,422
RAW,141.2,8372,7148,2.063,422
RAW,141.3,8379,7148,2.087,427
RAW,141.6,8401,7153,2.063,422
RAW,141.8,8412,7158,2.058,421
RAW,141.9,8415,7165,2.087,427
RAW,142.0,8427,7166,2.063,422
RAW,142.2,8435,7173,2.063,422
RAW,142.3,8434,7170,2.087,427
RAW,142.5,8436,7174,2.087,427
RAW,142.6,8441,7173,2.063,422
RAW,142.8,8450,7180,2.067,423
RAW,142.9,8453,7178,2.087,427
RAW,143.1,8454,7184,2.087,427
RAW,143.2,8463,7184,2.063,422
RAW,143.5,8468,7176,2.087,427
RAW,143.7,8470,7182,2.082,426
RAW,143.8,8466,7184,2.067,423
RAW,144.0,8479,7189,2.058,421
RAW,144.1,8480,7185,2.087,427
RAW,144.4,8489,7189,2.058,421
RAW,144.6,8485,7177,2.063,422
RAW,144.7,8482,7173,2.087,427
RAW,145.0,8349,7097,2.063,422
RAW,145.2,8205,7031,2.063,422
RAW,145.3,8173,7016,2.087,427
RAW,145.6,8154,7012,2.063,422
RAW,145.8,8161,7023,2.063,422
RAW,145.9,8176,7024,2.087,427
RAW,146.1,8194,7036,2.087,427
RAW,146.3,8231,7052,2.087,427
RAW,146.4,8242,7059,2.067,423
RAW,146.6,8264,7074,2.063,422
RAW,146.7,8272,7075,2.092,428
RAW,146.9,8293,7079,2.087,427
RAW,147.0,8310,7090,2.063,422
RAW,147.3,8347,7111,2.082,426
RAW,147.5,8361,7114,2.087,427
RAW,147.6,8365,7112,2.063,422
RAW,147.9,8374,7117,2.087,427
RAW,148.1,8370,7112,2.082,426
RAW,148.2,8360,7116,2.067,423
RAW,148.5,8371,7110,2.087,427
RAW,148.8,8385,7122,2.063,422
RAW,149.0,8392,7128,2.063,422
RAW,149.1,8396,7128,2.087,427
RAW,149.4,8417,7140,2.063,422
RAW,149.7,8437,7142,2.087,427
RAW,149.9,8437,7149,2.082,426
RAW,150.0,8444,7155,2.067,423
RAW,150.3,8453,7157,2.082,426
RAW,150.6,8461,7154,2.063,422
RAW,150.9,8465,7156,2.082,426
RAW,151.2,8472,7160,2.063,422
RAW,151.5,8478,7165,2.082,426
RAW,151.8,8471,7170,2.058,421
RAW,152.1,8476,7172,2.077,425
RAW,152.3,8482,7174,2.082,426
RAW,152.4,8485,7173,2.063,422
RAW,152.5,8484,7170,2.087,427
RAW,152.7,8491,7172,2.082,426
RAW,152.8,8489,7173,2.067,423
RAW,153.1,8469,7156,2.082,426
RAW,153.4,8311,7074,2.063,422
RAW,153.6,8182,7018,2.063,422
RAW,153.7,8166,7015,2.087,427
RAW,153.8,8156,7009,2.063,422
RAW,154.0,8151,7011,2.067,423
RAW,154.1,8157,7014,2.087,427
RAW,154.3,8169,7018,2.087,427
RAW,154.4,8181,7028,2.067,423
RAW,154.6,8198,7035,2.067,423
RAW,154.7,8209,7038,2.092,428
RAW,154.9,8229,7048,2.087,427
RAW,155.0,8240,7057,2.067,423
RAW,155.2,8260,7069,2.067,423
RAW,155.3,8268,7064,2.082,426
RAW,155.5,8297,7085,2.087,427
RAW,155.6,8310,7091,2.067,423
RAW,155.9,8335,7105,2.087,427
RAW,156.2,8341,7101,2.063,422
RAW,156.5,8329,7097,2.082,426
RAW,156.8,8319,7090,2.063,422
RAW,157.1,8328,7094,2.082,426
RAW,157.4,8344,7112,2.063,422
RAW,157.7,8371,7116,2.082,426
RAW,158.0,8393,7126,2.058,421
RAW,158.3,8401,7134,2.077,425
RAW,158.6,8418,7139,2.063,422
RAW,158.9,8434,7142,2.077,425
RAW,159.2,8433,7149,2.063,422
RAW,159.5,8443,7150,2.082,426
RAW,159.7,8452,7155,2.077,425
RAW,159.8,8448,7151,2.063,422
RAW,159.9,8454,7152,2.082,426
RAW,160.1,8455,7153,2.082,426
RAW,160.2,8459,7157,2.067,423
RAW,160.5,8468,7159,2.082,426
RAW,160.8,8467,7160,2.063,422
RAW,160.9,8471,7157,2.082,426
RAW,161.1,8441,7137,2.082,426
RAW,161.2,8405,7121,2.067,423
RAW,161.5,8225,7023,2.082,426
RAW,161.8,8158,7003,2.063,422
RAW,161.9,8151,6998,2.082,426
RAW,162.1,8162,7005,2.082,426
RAW,162.2,8166,7010,2.067,423
RAW,162.4,8183,7019,2.067,423
RAW,162.5,8201,7030,2.087,427
RAW,162.7,8218,7040,2.087,427
RAW,162.8,8229,7044,2.067,423
RAW,163.0,8248,7050,2.072,424
RAW,163.3,8287,7066,2.082,426
RAW,163.6,8331,7095,2.072,424
RAW,163.9,8348,7098,2.077,425
RAW,164.2,8352,7097,2.067,423
RAW,164.4,8337,7083,2.063,422
RAW,164.5,8332,7081,2.082,426
RAW,164.8,8323,7083,2.063,422
RAW,165.1,8337,7084,2.082,426
RAW,165.4,8354,7093,2.063,422
RAW,165.7,8380,7105,2.082,426
RAW,166.0,8395,7113,2.067,423
RAW,166.3,8417,7125,2.077,425
RAW,166.5,8428,7128,2.077,425
RAW,166.6,8430,7134,2.067,423
RAW,166.7,8439,7133,2.082,426
RAW,166.9,8439,7133,2.082,426
RAW,167.0,8452,7142,2.067,423
RAW,167.3,8455,7145,2.082,426
RAW,167.6,8463,7142,2.067,423
RAW,167.9,8460,7139,2.077,425
RAW,168.2,8464,7147,2.063,422
RAW,168.3,8463,7144,2.082,426
RAW,168.5,8473,7148,2.077,425
RAW,168.6,8472,7147,2.067,423
RAW,168.9,8478,7153,2.082,426
RAW,169.0,8477,7149,2.072,424
RAW,169.2,8455,7134,2.067,423
RAW,169.3,8422,7117,2.082,426
RAW,169.6,8220,7017,2.067,423
RAW,169.7,8177,6992,2.077,425
RAW,169.9,8149,6990,2.077,425
RAW,170.0,8143,6988,2.072,424
RAW,170.2,8156,6992,2.067,423
RAW,170.3,8161,6994,2.082,426
RAW,170.4,8167,6997,2.072,424
RAW,170.6,8182,7005,2.072,424
RAW,170.7,8200,7013,2.082,426
RAW,170.9,8213,7025,2.082,426
RAW,171.0,8223,7027,2.072,424
RAW,171.2,8232,7030,2.072,424
RAW,171.3,8232,7034,2.082,426
RAW,171.5,8257,7041,2.082,426
RAW,171.6,8276,7054,2.072,424
RAW,171.8,8298,7070,2.072,424
RAW,171.9,8315,7064,2.077,425
RAW,172.2,8329,7074,2.067,423
RAW,172.5,8324,7068,2.077,425
RAW,172.7,8311,7063,2.077,425
RAW,172.8,8309,7060,2.067,423
RAW,172.9,8307,7059,2.082,426
RAW,173.1,8310,7065,2.077,425
RAW,173.2,8315,7070,2.072,424
RAW,173.5,8336,7081,2.077,425
RAW,173.8,8366,7090,2.067,423
RAW,174.1,8384,7102,2.072,424
RAW,174.4,8405,7108,2.067,423
RAW,174.7,8419,7118,2.072,424
RAW,175.0,8424,7121,2.067,423
RAW,175.3,8436,7121,2.072,424
RAW,175.6,8441,7123,2.067,423
RAW,175.9,8443,7129,2.067,423
RAW,176.2,8453,7133,2.063,422
RAW,176.5,8461,7131,2.067,423
RAW,176.8,8465,7136,2.067,423
RAW,177.1,8473,7134,2.072,424
RAW,177.4,8474,7138,2.063,422
RAW,177.5,8463,7123,2.067,423
RAW,177.7,8396,7088,2.072,424
RAW,177.8,8330,7054,2.063,422
RAW,178.1,8164,6985,2.072,424
RAW,178.4,8152,6973,2.067,423
RAW,178.6,8150,6982,2.067,423
RAW,178.7,8163,6984,2.072,424
RAW,178.9,8165,6990,2.072,424
RAW,179.0,8181,6996,2.067,423
RAW,179.2,8202,7008,2.067,423
RAW,179.3,8208,7006,2.072,424
RAW,179.5,8219,7016,2.072,424
RAW,179.6,8229,7017,2.072,424
RAW,179.8,8238,7026,2.067,423
RAW,179.9,8248,7029,2.072,424
RAW,180.1,8276,7041,2.072,424
RAW,180.2,8290,7053,2.072,424
RAW,180.5,8306,7053,2.072,424
RAW,180.8,8301,7057,2.067,423
RAW,181.1,8298,7047,2.072,424
RAW,181.4,8290,7048,2.063,422
RAW,181.7,8299,7057,2.067,423
RAW,182.0,8326,7069,2.067,423
RAW,182.1,8342,7073,2.072,424
RAW,182.3,8354,7083,2.067,423
RAW,182.4,8364,7091,2.067,423
RAW,182.7,8385,7092,2.067,423
RAW,183.0,8387,7100,2.067,423
RAW,183.3,8409,7109,2.067,423
RAW,183.6,8419,7113,2.067,423
RAW,183.9,8429,7110,2.063,422
RAW,184.1,8428,7116,2.067,423
RAW,184.4,8435,7119,2.063,422
RAW,184.5,8441,7117,2.067,423
RAW,184.6,8443,7119,2.067,423
RAW,184.8,8444,7125,2.072,424
RAW,184.9,8443,7122,2.067,423
RAW,185.2,8446,7120,2.072,424
RAW,185.5,8451,7134,2.063,422
RAW,185.8,8456,7123,2.067,423
RAW,186.1,8377,7068,2.063,422
RAW,186.2,8307,7041,2.067,423
RAW,186.4,8180,6984,2.063,422
RAW,186.5,8160,6976,2.067,423
RAW,186.8,8146,6975,2.067,423
RAW,187.1,8152,6980,2.063,422
RAW,187.3,8174,6989,2.063,422
RAW,187.4,8185,6993,2.072,424
RAW,187.6,8206,7004,2.067,423
RAW,187.7,8214,7013,2.067,423
RAW,187.9,8222,7014,2.067,423
RAW,188.0,8238,7018,2.072,424
RAW,188.2,8252,7033,2.072,424
RAW,188.4,8287,7042,2.072,424
RAW,188.5,8293,7046,2.067,423
RAW,188.6,8306,7054,2.072,424
RAW,188.8,8313,7057,2.067,423
RAW,188.9,8317,7056,2.067,423
RAW,189.2,8304,7057,2.072,424
RAW,189.3,8300,7051,2.067,423
RAW,189.5,8298,7047,2.067,423
RAW,189.6,8293,7041,2.077,425
RAW,189.9,8295,7042,2.063,422
RAW,190.1,8321,7058,2.072,424
RAW,190.5,8341,7066,2.063,422
RAW,190.8,8366,7082,2.072,424
RAW,190.9,8374,7084,2.063,422
RAW,191.1,8383,7087,2.067,423
RAW,191.2,8392,7087,2.067,423
RAW,191.5,8402,7097,2.067,423
RAW,191.8,8416,7099,2.067,423
RAW,192.1,8426,7102,2.058,421
RAW,192.1,8426,7106,2.072,424
RAW,192.4,8434,7110,2.072,424
RAW,192.5,8427,7109,2.063,422
RAW,192.8,8437,7108,2.072,424
RAW,193.1,8446,7112,2.063,422
RAW,193.4,8451,7115,2.072,424
RAW,193.7,8459,7113,2.063,422
RAW,194.0,8401,7071,2.072,424
RAW,194.3,8203,6977,2.058,421
RAW,194.6,8143,6954,2.072,424
RAW,194.9,8147,6959,2.058,421
RAW,195.1,8157,6972,2.063,422
RAW,195.1,8166,6971,2.072,424
RAW,195.4,8191,6980,2.072,424
RAW,195.5,8197,6986,2.058,421
RAW,195.6,8218,6990,2.063,422
RAW,195.8,8228,7005,2.072,424
RAW,195.9,8235,7006,2.067,423
RAW,196.1,8251,7013,2.063,422
RAW,196.2,8264,7017,2.082,426
RAW,196.5,8306,7042,2.063,422
RAW,196.8,8323,7050,2.077,425
RAW,196.9,8326,7047,2.063,422
RAW,197.1,8318,7042,2.067,423
RAW,197.2,8314,7036,2.077,425
RAW,197.3,8306,7037,2.067,423
RAW,197.5,8299,7033,2.067,423
RAW,197.6,8302,7038,2.077,425
RAW,197.6,8301,7032,2.067,423
RAW,197.9,8317,7043,2.067,423
RAW,198.0,8321,7041,2.082,426
RAW,198.3,8342,7053,2.063,422
RAW,198.4,8358,7058,2.077,425
RAW,198.6,8366,7072,2.077,425
RAW,198.6,8373,7072,2.067,423
RAW,198.8,8378,7067,2.082,426
RAW,199.0,8392,7072,2.077,425
RAW,199.1,8393,7079,2.067,423
RAW,199.2,8399,7078,2.087,427
RAW,199.4,8407,7083,2.082,426
RAW,199.5,8411,7085,2.072,424
RAW,199.8,8419,7091,2.082,426
RAW,199.9,8423,7089,2.063,422
RAW,200.1,8432,7093,2.063,422
RAW,200.1,8435,7092,2.077,425
RAW,200.3,8438,7093,2.067,423
RAW,200.5,8435,7095,2.067,423
RAW,200.6,8442,7090,2.082,426
RAW,200.9,8454,7097,2.067,423
RAW,201.1,8448,7097,2.077,425
RAW,201.3,8451,7101,2.063,422
RAW,201.5,8453,7098,2.063,422
RAW,201.6,8466,7104,2.077,425
RAW,201.6,8454,7105,2.067,423
RAW,201.9,8445,7096,2.067,423
RAW,202.0,8432,7081,2.082,426
RAW,202.1,8393,7059,2.067,423
RAW,202.3,8244,6981,2.067,423
RAW,202.4,8183,6957,2.082,426
RAW,202.6,8129,6945,2.067,423
RAW,203.0,8132,6952,2.077,425
RAW,203.1,8150,6954,2.082,426
RAW,203.3,8161,6960,2.063,422
RAW,203.4,8163,6959,2.087,427
RAW,203.6,8183,6968,2.077,425
RAW,203.6,8189,6977,2.067,423
RAW,203.9,8214,6984,2.063,422
RAW,204.0,8213,6990,2.082,426
RAW,204.3,8255,7003,2.063,422
RAW,204.6,8288,7023,2.077,425
RAW,204.9,8306,7027,2.063,422
RAW,205.2,8306,7024,2.077,425
RAW,205.3,8302,7018,2.063,422
RAW,205.5,8294,7019,2.063,422
RAW,205.6,8292,7016,2.082,426
RAW,205.9,8300,7020,2.067,423
RAW,206.0,8297,7022,2.082,426
RAW,206.1,8302,7032,2.082,426
RAW,206.3,8314,7031,2.063,422
RAW,206.6,8350,7043,2.077,425
RAW,206.6,8353,7051,2.067,423
RAW,206.9,8370,7053,2.067,423
RAW,207.0,8376,7056,2.082,426
RAW,207.1,8378,7062,2.067,423
RAW,207.3,8391,7067,2.063,422
RAW,207.4,8389,7063,2.082,426
RAW,207.7,8400,7069,2.063,422
RAW,207.8,8411,7077,2.082,426
RAW,208.0,8414,7072,2.077,425
RAW,208.1,8408,7074,2.067,423
RAW,208.4,8415,7085,2.082,426
RAW,208.5,8417,7075,2.063,422
RAW,208.6,8433,7078,2.063,422
RAW,208.8,8432,7078,2.082,426
RAW,209.1,8434,7085,2.063,422
RAW,209.1,8440,7085,2.082,426
RAW,209.4,8432,7081,2.082,426
RAW,209.5,8432,7083,2.067,423
RAW,209.8,8444,7088,2.077,425
RAW,210.1,8460,7094,2.058,421
RAW,210.1,8456,7092,2.077,425
RAW,210.4,8448,7086,2.077,425
RAW,210.5,8434,7079,2.063,422
RAW,210.8,8268,6981,2.082,426
RAW,210.9,8193,6963,2.063,422
RAW,211.1,8130,6941,2.067,423
RAW,211.1,8129,6934,2.077,425
RAW,211.5,8126,6935,2.063,422
RAW,211.6,8129,6937,2.077,425
RAW,211.8,8142,6948,2.077,425
RAW,212.0,8154,6955,2.077,425
RAW,212.1,8164,6955,2.067,423
RAW,212.3,8178,6961,2.063,422
RAW,212.4,8182,6960,2.082,426
RAW,212.6,8194,6963,2.077,425
RAW,212.6,8188,6966,2.063,422
RAW,213.1,8237,6989,2.058,421
RAW,213.3,8250,6995,2.058,421
RAW,213.4,8254,6997,2.077,425
RAW,213.6,8259,6998,2.077,425
RAW,213.6,8261,6995,2.058,421
RAW,214.0,8250,6992,2.077,425
RAW,214.1,8249,6996,2.072,424
RAW,214.3,8248,6994,2.058,421
RAW,214.5,8260,6998,2.058,421
RAW,214.6,8264,6999,2.077,425
RAW,214.6,8277,7004,2.058,421
RAW,214.9,8295,7016,2.063,422
RAW,215.0,8301,7021,2.077,425
RAW,215.3,8330,7033,2.058,421
RAW,215.6,8359,7047,2.072,424
RAW,215.9,8374,7050,2.053,420
RAW,216.1,8391,7059,2.067,423
RAW,216.4,8398,7061,2.072,424
RAW,216.5,8403,7060,2.053,420
RAW,216.5,8396,7067,2.077,425
RAW,216.8,8408,7064,2.072,424
RAW,216.9,8415,7066,2.058,421
RAW,217.1,8429,7070,2.072,424
RAW,217.4,8427,7074,2.053,420
RAW,217.8,8434,7075,2.067,423
RAW,218.1,8442,7079,2.048,419
RAW,218.1,8446,7080,2.072,424
RAW,218.4,8445,7085,2.067,423
RAW,218.5,8450,7087,2.053,420
RAW,218.6,8450,7087,2.072,424
RAW,218.8,8451,7089,2.072,424
RAW,218.9,8452,7090,2.053,420
RAW,219.0,8459,7087,2.077,425
RAW,219.1,8446,7081,2.072,424
RAW,219.3,8422,7055,2.053,420
RAW,219.5,8249,6971,2.072,424
RAW,219.6,8191,6940,2.053,420
RAW,219.9,8131,6915,2.053,420
RAW,219.9,8131,6924,2.072,424
RAW,220.1,8129,6926,2.053,420
RAW,220.3,8134,6925,2.053,420
RAW,220.3,8134,6934,2.077,425
RAW,220.6,8177,6957,2.048,419
RAW,220.8,8207,6966,2.053,420
RAW,221.0,8219,6971,2.072,424
RAW,221.1,8246,6984,2.072,424
RAW,221.2,8264,6988,2.048,419
RAW,221.6,8291,7008,2.067,423
RAW,221.9,8325,7022,2.048,419
RAW,221.9,8334,7022,2.072,424
RAW,222.1,8334,7019,2.067,423
RAW,222.3,8330,7030,2.048,419
RAW,222.5,8320,7010,2.067,423
RAW,222.8,8309,7011,2.043,418
RAW,223.1,8321,7009,2.063,422
RAW,223.2,8322,7016,2.048,419
RAW,223.5,8344,7024,2.048,419
RAW,223.6,8343,7023,2.072,424
RAW,223.8,8362,7031,2.043,418
RAW,224.1,8378,7041,2.067,423
RAW,224.5,8395,7042,2.043,418
RAW,224.8,8405,7052,2.063,422
RAW,224.9,8411,7053,2.043,418
RAW,225.0,8418,7058,2.043,418
RAW,225.1,8415,7057,2.067,423
RAW,225.4,8419,7065,2.043,418
RAW,225.7,8429,7060,2.063,422
RAW,225.8,8429,7063,2.043,418
RAW,226.1,8430,7060,2.043,418
RAW,226.1,8439,7064,2.067,423
RAW,226.5,8435,7068,2.043,418
RAW,226.7,8442,7071,2.063,422
RAW,226.8,8448,7068,2.043,418
RAW,227.1,8451,7070,2.043,418
RAW,227.1,8451,7075,2.067,423
RAW,227.4,8395,7030,2.043,418
RAW,227.8,8213,6938,2.063,422
RAW,227.8,8171,6927,2.043,418
RAW,228.0,8133,6913,2.043,418
RAW,228.1,8126,6913,2.072,424
RAW,228.4,8142,6916,2.038,417
RAW,228.6,8161,6932,2.043,418
RAW,228.7,8172,6937,2.067,423
RAW,228.9,8201,6950,2.067,423
RAW,229.0,8216,6959,2.043,418
RAW,229.2,8240,6965,2.043,418
RAW,229.3,8248,6971,2.067,423
RAW,229.6,8289,6990,2.043,418
RAW,229.9,8328,7006,2.063,422
RAW,230.2,8342,7007,2.043,418
RAW,230.5,8325,6995,2.063,422
RAW,230.8,8302,6991,2.038,417
RAW,231.1,8300,6997,2.063,422
RAW,231.4,8317,6999,2.038,417
RAW,231.5,8319,7009,2.063,422
RAW,231.7,8341,7011,2.067,423
RAW,231.8,8346,7015,2.038,417
RAW,231.9,8360,7015,2.072,424
RAW,232.1,8375,7027,2.063,422
RAW,232.2,8379,7035,2.043,418
RAW,232.3,8385,7032,2.067,423
RAW,232.5,8390,7040,2.067,423
RAW,232.6,8391,7044,2.043,418
RAW,232.7,8403,7042,2.072,424
RAW,232.9,8408,7051,2.067,423
RAW,233.0,8410,7045,2.048,419
RAW,233.3,8422,7055,2.067,423
RAW,233.4,8421,7055,2.048,419
RAW,233.6,8425,7054,2.038,417
RAW,233.7,8425,7055,2.072,424
RAW,233.8,8431,7060,2.043,418
RAW,234.0,8433,7056,2.043,418
RAW,234.1,8438,7061,2.067,423
RAW,234.4,8438,7063,2.043,418
RAW,234.5,8438,7061,2.072,424
RAW,234.7,8442,7060,2.072,424
RAW,234.8,8448,7061,2.043,418
RAW,235.1,8454,7060,2.067,423
RAW,235.2,8455,7070,2.043,418
RAW,235.4,8454,7058,2.043,418
RAW,235.5,8438,7052,2.067,423
RAW,235.8,8312,6982,2.043,418
RAW,235.9,8248,6952,2.067,423
RAW,236.1,8149,6908,2.067,423
RAW,236.2,8131,6911,2.043,418
RAW,236.5,8129,6908,2.063,422
RAW,236.7,8141,6915,2.063,422
RAW,236.8,8145,6919,2.038,417
RAW,236.9,8153,6924,2.067,423
RAW,237.1,8184,6935,2.067,423
RAW,237.2,8202,6939,2.043,418
RAW,237.4,8223,6955,2.043,418
RAW,237.6,8242,6962,2.038,417
RAW,237.7,8247,6966,2.067,423
RAW,237.8,8261,6973,2.043,418
RAW,238.0,8290,6978,2.043,418
RAW,238.1,8291,6989,2.067,423
RAW,238.4,8321,6995,2.038,417
RAW,238.5,8324,6996,2.067,423
RAW,238.7,8316,6992,2.063,422
RAW,238.8,8313,6990,2.043,418
RAW,239.1,8302,6986,2.067,423
RAW,239.2,8310,6987,2.038,417
RAW,239.4,8311,6984,2.043,418
RAW,239.5,8310,6991,2.067,423
RAW,239.6,8323,6993,2.043,418
RAW,239.8,8334,7003,2.038,417
RAW,239.9,8331,7004,2.072,424
RAW,240.2,8360,7014,2.038,417
RAW,240.3,8372,7017,2.067,423
RAW,240.5,8377,7026,2.063,422
RAW,240.6,8389,7026,2.043,418
RAW,240.9,8402,7037,2.063,422
RAW,241.2,8415,7038,2.038,417
RAW,241.3,8412,7038,2.063,422
RAW,241.5,8426,7044,2.063,422
RAW,241.6,8424,7045,2.038,417
RAW,241.7,8426,7043,2.067,423
RAW,241.9,8433,7047,2.067,423
RAW,242.0,8426,7041,2.043,418
RAW,242.1,8431,7043,2.067,423
RAW,242.3,8434,7045,2.067,423
RAW,242.4,8435,7051,2.043,418
RAW,242.5,8436,7042,2.072,424
RAW,242.7,8435,7048,2.067,423
RAW,242.8,8437,7047,2.043,418
RAW,243.1,8437,7049,2.063,422
RAW,243.2,8450,7052,2.043,418
RAW,243.4,8451,7058,2.038,417
RAW,243.5,8449,7052,2.067,423
RAW,243.6,8459,7053,2.038,417
RAW,243.9,8436,7038,2.067,423
RAW,244.2,8297,6960,2.038,417
RAW,244.3,8224,6926,2.063,422
RAW,244.5,8147,6897,2.063,422
RAW,244.6,8136,6892,2.038,417
RAW,244.7,8119,6896,2.063,422
RAW,244.9,8122,6893,2.067,423
RAW,245.0,8133,6900,2.038,417
RAW,245.3,8164,6913,2.063,422
RAW,245.5,8194,6926,2.063,422
RAW,245.6,8204,6932,2.038,417
RAW,245.8,8216,6943,2.038,417
RAW,245.9,8228,6949,2.067,423
RAW,246.1,8250,6950,2.067,423
RAW,246.2,8256,6959,2.043,418
RAW,246.4,8281,6968,2.033,416
RAW,246.5,8292,6977,2.067,423
RAW,246.6,8302,6975,2.043,418
RAW,246.8,8312,6978,2.038,417
RAW,246.9,8315,6979,2.067,423
RAW,247.0,8318,6982,2.043,418
RAW,247.2,8310,6980,2.038,417
RAW,247.3,8303,6975,2.067,423
RAW,247.6,8298,6975,2.033,416
RAW,247.9,8313,6981,2.063,422
RAW,248.2,8332,6986,2.033,416
RAW,248.5,8344,6996,2.058,421
RAW,248.8,8369,7012,2.033,416
RAW,249.1,8390,7020,2.058,421
RAW,249.4,8396,7023,2.028,415
RAW,249.7,8408,7030,2.058,421
RAW,250.0,8419,7035,2.033,416
RAW,250.3,8426,7038,2.058,421
RAW,250.4,8423,7040,2.033,416
RAW,250.6,8433,7037,2.033,416
RAW,250.7,8430,7043,2.058,421
RAW,251.0,8431,7043,2.033,416
RAW,251.3,8439,7039,2.058,421
RAW,251.6,8436,7048,2.033,416
RAW,251.7,8449,7043,2.063,422
RAW,251.9,8444,7049,2.063,422
RAW,252.0,8450,7044,2.033,416
RAW,252.3,8436,7032,2.063,422
RAW,252.6,8311,6958,2.033,416
RAW,252.9,8141,6896,2.058,421
RAW,253.2,8129,6878,2.028,415
RAW,253.4,8135,6889,2.028,415
RAW,253.5,8141,6892,2.058,421
RAW,253.7,8162,6908,2.063,422
RAW,253.8,8179,6913,2.033,416
RAW,254.0,8202,6927,2.033,416
RAW,254.1,8218,6931,2.058,421
RAW,254.3,8247,6942,2.063,422
RAW,254.4,8262,6946,2.033,416
RAW,254.6,8284,6957,2.038,417
RAW,254.7,8300,6968,2.063,422
RAW,255.0,8326,6983,2.033,416
RAW,255.3,8343,6989,2.058,421
RAW,255.6,8339,6983,2.033,416
RAW,255.9,8325,6982,2.058,421
RAW,256.0,8328,6977,2.033,416
RAW,256.2,8323,6981,2.028,415
RAW,256.3,8333,6986,2.058,421
RAW,256.6,8350,6993,2.028,415
RAW,256.7,8358,6995,2.063,422
RAW,257.0,8375,7002,2.033,416
RAW,257.1,8386,7005,2.058,421
RAW,257.3,8394,7010,2.058,421
RAW,257.4,8404,7017,2.033,416
RAW,257.5,8404,7013,2.063,422
RAW,257.7,8414,7018,2.058,421
RAW,257.8,8414,7020,2.033,416
RAW,257.9,8421,7026,2.063,422
RAW,258.2,8420,7029,2.033,416
RAW,258.3,8428,7024,2.063,422
RAW,258.6,8429,7026,2.033,416
RAW,258.7,8430,7031,2.063,422
RAW,258.9,8430,7030,2.058,421
RAW,259.0,8434,7030,2.033,416
RAW,259.1,8435,7032,2.058,421
RAW,259.3,8433,7026,2.058,421
RAW,259.4,8436,7027,2.033,416
RAW,259.5,8436,7030,2.063,422
RAW,259.8,8438,7035,2.033,416
RAW,259.9,8441,7034,2.063,422
RAW,260.2,8438,7035,2.028,415
RAW,260.5,8378,6994,2.058,421
RAW,260.6,8329,6965,2.033,416
RAW,260.9,8171,6895,2.058,421
RAW,261.2,8128,6877,2.028,415
RAW,261.3,8122,6879,2.053,420
RAW,261.6,8155,6894,2.028,415
RAW,261.8,8183,6903,2.028,415
RAW,261.9,8191,6914,2.053,420
RAW,262.1,8223,6929,2.058,421
RAW,262.4,8264,6946,2.028,415
RAW,262.7,8299,6966,2.053,420
RAW,262.8,8314,6973,2.028,415
RAW,263.0,8330,6979,2.028,415
RAW,263.1,8335,6978,2.058,421
RAW,263.2,8335,6982,2.033,416
RAW,263.4,8337,6973,2.028,415
RAW,263.5,8325,6975,2.058,421
RAW,263.6,8329,6969,2.028,415
RAW,263.8,8318,6968,2.033,416
RAW,263.9,8310,6962,2.058,421
RAW,264.0,8309,6963,2.033,416
RAW,264.2,8312,6966,2.028,415
RAW,264.3,8309,6962,2.058,421
RAW,264.4,8315,6965,2.033,416
RAW,264.6,8331,6975,2.033,416
RAW,264.7,8336,6969,2.063,422
RAW,264.8,8333,6982,2.038,417
RAW,265.0,8355,6981,2.033,416
RAW,265.1,8363,6989,2.058,421
RAW,265.2,8368,6991,2.033,416
RAW,265.4,8377,6996,2.033,416
RAW,265.5,8393,7001,2.058,421
RAW,265.8,8405,7006,2.033,416
RAW,266.1,8421,7011,2.048,419
RAW,266.2,8412,7007,2.028,415
RAW,266.4,8426,7016,2.028,415
RAW,266.5,8421,7015,2.058,421
RAW,266.6,8430,7016,2.028,415
RAW,266.8,8428,7020,2.028,415
RAW,266.9,8425,7022,2.053,420
RAW,267.0,8429,7021,2.033,416
RAW,267.3,8434,7022,2.058,421
RAW,267.4,8435,7022,2.033,416
RAW,267.6,8443,7021,2.028,415
RAW,267.7,8441,7028,2.058,421
RAW,267.8,8439,7025,2.033,416
RAW,268.1,8430,7020,2.053,420
RAW,268.2,8426,7011,2.033,416
RAW,268.4,8357,6962,2.033,416
RAW,268.5,8299,6933,2.053,420
RAW,268.6,8234,6902,2.033,416
RAW,268.9,8125,6868,2.053,420
RAW,269.2,8124,6869,2.028,415
RAW,269.3,8137,6871,2.058,421
RAW,269.5,8154,6881,2.058,421
RAW,269.6,8159,6889,2.028,415
RAW,269.7,8180,6898,2.058,421
RAW,269.9,8208,6910,2.053,420
RAW,270.0,8221,6914,2.033,416
RAW,270.3,8248,6927,2.048,419
RAW,270.6,8287,6941,2.028,415
RAW,270.7,8287,6941,2.048,419
RAW,270.9,8310,6958,2.053,420
RAW,271.0,8317,6958,2.023,414
RAW,271.1,8314,6959,2.053,420
RAW,271.4,8314,6956,2.028,415
RAW,271.7,8303,6952,2.053,420
RAW,271.8,8299,6946,2.028,415
RAW,272.0,8302,6951,2.023,414
RAW,272.1,8301,6952,2.053,420
RAW,272.2,8311,6955,2.028,415
RAW,272.4,8324,6958,2.028,415
RAW,272.5,8324,6966,2.058,421
RAW,272.6,8329,6967,2.028,415
RAW,272.9,8347,6970,2.053,420
RAW,273.0,8350,6977,2.028,415
RAW,273.2,8365,6981,2.028,415
RAW,273.3,8368,6985,2.053,420
RAW,273.4,8376,6987,2.033,416
RAW,273.6,8382,6989,2.028,415
RAW,273.7,8387,6990,2.058,421
RAW,273.8,8389,6996,2.028,415
RAW,274.1,8405,6998,2.053,420
RAW,274.2,8411,7002,2.028,415
RAW,274.5,8411,7006,2.048,419
RAW,274.8,8422,7009,2.023,414
RAW,274.9,8420,7003,2.048,419
RAW,275.2,8426,7008,2.023,414
RAW,275.5,8424,7011,2.048,419
RAW,275.6,8432,7009,2.023,414
RAW,275.9,8433,7009,2.043,418
RAW,276.0,8430,7010,2.023,414
RAW,276.2,8435,7009,2.023,414
RAW,276.3,8433,7005,2.048,419
RAW,276.4,8413,6982,2.028,415
RAW,276.6,8322,6937,2.023,414
RAW,276.7,8254,6898,2.053,420
RAW,276.8,8176,6875,2.028,415
RAW,277.0,8121,6859,2.028,415
RAW,277.1,8117,6856,2.053,420
RAW,277.2,8112,6850,2.028,415
RAW,277.5,8125,6860,2.048,419
RAW,277.8,8148,6875,2.028,415
RAW,278.0,8172,6878,2.019,413
RAW,278.1,8179,6894,2.048,419
RAW,278.3,8195,6894,2.048,419
RAW,278.4,8206,6900,2.028,415
RAW,278.6,8222,6901,2.023,414
RAW,278.7,8231,6910,2.048,419
RAW,278.8,8245,6918,2.028,415
RAW,279.0,8274,6931,2.028,415
RAW,279.1,8285,6933,2.048,419
RAW,279.2,8285,6940,2.028,415
RAW,279.4,8289,6940,2.023,414
RAW,279.5,8288,6940,2.053,420
RAW,279.6,8285,6938,2.023,414
RAW,279.8,8277,6932,2.028,415
RAW,279.9,8276,6928,2.048,419
RAW,280.0,8280,6926,2.028,415
RAW,280.2,8283,6934,2.023,414
RAW,280.3,8278,6937,2.053,420
RAW,280.4,8291,6934,2.028,415
RAW,280.6,8306,6945,2.028,415
RAW,280.7,8309,6945,2.048,419
RAW,280.8,8315,6951,2.028,415
RAW,281.1,8334,6961,2.048,419
RAW,281.4,8358,6972,2.023,414
RAW,281.5,8366,6972,2.043,418
RAW,281.7,8373,6977,2.048,419
RAW,281.8,8378,6982,2.023,414
RAW,281.9,8381,6982,2.048,419
RAW,282.2,8395,6992,2.019,413
RAW,282.5,8402,6992,2.048,419
RAW,282.6,8410,6999,2.023,414
RAW,282.8,8405,7003,2.023,414
RAW,282.9,8409,6998,2.043,418
RAW,283.0,8409,6995,2.028,415
RAW,283.3,8414,6993,2.043,418
RAW,283.4,8416,6998,2.023,414
RAW,283.6,8420,7001,2.019,413
RAW,283.7,8417,7002,2.048,419
RAW,283.8,8424,7009,2.023,414
RAW,284.1,8424,6999,2.048,419
RAW,284.2,8432,7003,2.023,414
RAW,284.5,8427,7001,2.043,418
RAW,284.8,8424,6995,2.019,413
RAW,284.9,8410,6985,2.048,419
RAW,285.2,8254,6905,2.019,413
RAW,285.3,8191,6871,2.043,418
RAW,285.5,8122,6850,2.048,419
RAW,285.6,8110,6850,2.023,414
RAW,285.7,8102,6850,2.048,419
RAW,286.0,8119,6858,2.023,414
RAW,286.2,8138,6865,2.019,413
RAW,286.3,8148,6869,2.048,419
RAW,286.4,8158,6874,2.023,414
RAW,286.6,8170,6890,2.023,414
RAW,286.7,8172,6888,2.048,419
RAW,286.9,8187,6886,2.048,419
RAW,287.2,8205,6906,2.023,414
RAW,287.3,8220,6906,2.048,419
RAW,287.6,8252,6922,2.019,413
RAW,287.9,8266,6924,2.043,418
RAW,288.0,8264,6928,2.019,413
RAW,288.3,8268,6923,2.043,418
RAW,288.4,8265,6921,2.023,414
RAW,288.7,8260,6919,2.043,418
RAW,288.8,8264,6926,2.019,413
RAW,289.1,8289,6934,2.043,418
RAW,289.2,8295,6936,2.023,414
RAW,289.5,8319,6950,2.043,418
RAW,289.6,8335,6955,2.019,413
RAW,289.8,8348,6962,2.023,414
RAW,289.9,8355,6972,2.043,418
RAW,290.0,8359,6970,2.023,414
RAW,290.3,8375,6976,2.043,418
RAW,290.4,8378,6974,2.028,415
RAW,290.7,8384,6981,2.043,418
RAW,290.8,8389,6983,2.023,414
RAW,291.1,8395,6985,2.043,418
RAW,291.2,8404,6984,2.023,414
RAW,291.5,8397,6986,2.043,418
RAW,291.6,8401,6986,2.023,414
RAW,291.9,8413,6988,2.043,418
RAW,292.0,8409,6989,2.028,415
RAW,292.1,8411,6992,2.048,419
RAW,292.4,8420,6990,2.023,414
RAW,292.5,8422,6991,2.043,418
RAW,292.8,8420,6996,2.023,414
RAW,293.1,8421,6991,2.043,418
RAW,293.2,8406,6984,2.023,414
RAW,293.5,8281,6910,2.043,418
RAW,293.6,8211,6877,2.028,415
RAW,293.9,8112,6847,2.043,418
RAW,294.0,8107,6842,2.028,415
RAW,294.3,8109,6847,2.043,418
RAW,294.4,8115,6847,2.023,414
RAW,294.6,8139,6858,2.023,414
RAW,294.7,8144,6860,2.048,419
RAW,294.8,8160,6868,2.028,415
RAW,295.0,8183,6884,2.028,415
RAW,295.1,8196,6879,2.048,419
RAW,295.2,8212,6893,2.033,416
RAW,295.4,8238,6900,2.028,415
RAW,295.5,8245,6907,2.053,420
RAW,295.6,8258,6915,2.028,415
RAW,295.9,8298,6924,2.048,419
RAW,296.0,8304,6934,2.028,415
RAW,296.2,8302,6933,2.028,415
RAW,296.3,8299,6923,2.048,419
RAW,296.4,8305,6925,2.033,416
RAW,296.7,8282,6923,2.048,419
RAW,296.8,8284,6921,2.028,415
RAW,297.1,8291,6921,2.048,419
RAW,297.2,8297,6923,2.028,415
RAW,297.3,8296,6926,2.048,419
RAW,297.6,8316,6934,2.028,415
RAW,297.7,8326,6940,2.048,419
RAW,298.0,8344,6942,2.023,414
RAW,298.1,8364,6951,2.043,418
RAW,298.4,8371,6962,2.023,414
RAW,298.5,8382,6958,2.048,419
RAW,298.8,8395,6971,2.023,414
RAW,298.9,8398,6973,2.048,419
RAW,299.2,8402,6976,2.028,415
RAW,299.3,8415,6977,2.043,418
RAW,299.6,8410,6978,2.023,414
RAW,299.7,8417,6982,2.048,419
RAW,300.0,8426,6984,2.023,414
RAW,300.1,8421,6984,2.048,419
RAW,300.4,8431,6991,2.023,414
RAW,300.5,8427,6983,2.048,419
RAW,300.8,8440,6986,2.028,415
RAW,300.9,8432,6987,2.048,419
RAW,301.0,8431,6990,2.028,415
RAW,301.3,8425,6984,2.048,419
RAW,301.4,8411,6977,2.028,415
RAW,301.7,8281,6893,2.048,419
RAW,301.8,8215,6871,2.028,415
RAW,302.1,8119,6827,2.043,418
RAW,302.2,8116,6833,2.028,415
RAW,302.3,8115,6836,2.048,419
RAW,302.6,8138,6844,2.028,415
RAW,302.8,8167,6858,2.023,414
RAW,302.9,8186,6869,2.048,419
RAW,303.0,8199,6880,2.028,415
RAW,303.3,8237,6896,2.053,420
RAW,303.4,8253,6903,2.028,415
RAW,303.7,8280,6916,2.048,419
RAW,303.8,8294,6917,2.028,415
RAW,304.1,8328,6932,2.048,419
RAW,304.2,8328,6933,2.023,414
RAW,304.5,8324,6929,2.043,418
RAW,304.6,8316,6924,2.028,415
RAW,304.7,8317,6919,2.048,419
RAW,305.0,8311,6919,2.028,415
RAW,305.1,8305,6926,2.048,419
RAW,305.4,8313,6927,2.023,414
RAW,305.5,8332,6929,2.048,419
RAW,305.6,8337,6933,2.023,414
RAW,305.9,8352,6945,2.048,419
RAW,306.0,8353,6946,2.023,414
RAW,306.3,8372,6949,2.043,418
RAW,306.4,8377,6958,2.028,415
RAW,306.7,8383,6966,2.048,419
RAW,306.8,8390,6967,2.023,414
RAW,306.9,8398,6963,2.048,419
RAW,307.2,8402,6969,2.028,415
RAW,307.3,8399,6972,2.048,419
RAW,307.6,8417,6971,2.023,414
RAW,307.7,8411,6972,2.048,419
RAW,307.8,8413,6973,2.023,414
RAW,308.1,8421,6973,2.043,418
RAW,308.2,8417,6974,2.023,414
RAW,308.5,8422,6974,2.043,418
RAW,308.6,8423,6981,2.023,414
RAW,308.9,8425,6977,2.043,418
RAW,309.0,8433,6978,2.023,414
RAW,309.1,8437,6977,2.048,419
RAW,309.4,8437,6979,2.023,414
RAW,309.5,8437,6980,2.043,418
RAW,309.8,8431,6972,2.023,414
RAW,309.9,8412,6961,2.043,418
RAW,310.2,8258,6873,2.023,414
RAW,310.3,8187,6844,2.043,418
RAW,310.6,8111,6823,2.023,414
RAW,310.7,8108,6820,2.048,419
RAW,311.0,8122,6832,2.023,414
RAW,311.1,8131,6832,2.048,419
RAW,311.3,8170,6855,2.043,418
RAW,311.4,8178,6859,2.028,415
RAW,311.5,8188,6858,2.043,418
RAW,311.7,8227,6877,2.048,419
RAW,312.0,8245,6886,2.023,414
RAW,312.1,8263,6892,2.048,419
RAW,312.2,8275,6899,2.028,415
RAW,312.4,8291,6912,2.028,415
RAW,312.5,8306,6916,2.048,419
RAW,312.6,8315,6917,2.028,415
RAW,312.9,8322,6914,2.048,419
RAW,313.0,8320,6914,2.028,415
RAW,313.3,8306,6910,2.043,418
RAW,313.4,8306,6909,2.028,415
RAW,313.7,8303,6909,2.043,418
RAW,313.8,8309,6909,2.028,415
RAW,314.1,8321,6923,2.043,418
RAW,314.2,8340,6926,2.028,415
RAW,314.5,8362,6942,2.043,418
RAW,314.6,8378,6945,2.028,415
RAW,314.9,8397,6951,2.043,418
RAW,315.0,8401,6957,2.028,415
RAW,315.3,8415,6962,2.038,417
RAW,315.4,8410,6962,2.028,415
RAW,315.7,8415,6961,2.043,418
RAW,315.8,8416,6960,2.023,414
RAW,316.1,8425,6970,2.043,418
RAW,316.2,8425,6968,2.028,415
RAW,316.5,8428,6969,2.038,417
RAW,316.6,8427,6968,2.028,415
RAW,316.8,8426,6970,2.023,414
RAW,316.9,8430,6967,2.048,419
RAW,317.0,8435,6975,2.028,415
RAW,317.3,8434,6970,2.043,418
RAW,317.4,8440,6972,2.028,415
RAW,317.7,8436,6974,2.048,419
RAW,317.8,8435,6978,2.023,414
RAW,317.9,8436,6970,2.043,418
RAW,318.1,8447,6976,2.043,418
RAW,318.2,8445,6974,2.028,415
RAW,318.3,8445,6977,2.043,418
RAW,318.6,8448,6975,2.028,415
RAW,318.7,8444,6978,2.048,419
RAW,319.0,8373,6929,2.028,415
RAW,319.1,8321,6902,2.043,418
RAW,319.4,8156,6825,2.023,414
RAW,319.5,8125,6821,2.043,418
RAW,319.8,8123,6821,2.023,414
RAW,319.9,8132,6831,2.043,418
RAW,320.1,8152,6841,2.043,418
RAW,320.2,8171,6848,2.028,415
RAW,320.3,8187,6855,2.048,419
RAW,320.5,8228,6870,2.043,418
RAW,320.6,8235,6883,2.028,415
RAW,320.7,8247,6886,2.043,418
RAW,320.9,8270,6887,2.048,419
RAW,321.0,8285,6902,2.028,415
RAW,321.1,8291,6901,2.048,419
RAW,321.4,8322,6917,2.028,415
RAW,321.5,8331,6916,2.043,418
RAW,321.8,8339,6927,2.028,415
RAW,321.9,8340,6924,2.043,418
RAW,322.2,8324,6913,2.023,414
RAW,322.3,8322,6914,2.043,418
RAW,322.6,8321,6912,2.023,414
RAW,322.7,8316,6913,2.043,418
RAW,322.8,8331,6914,2.023,414
RAW,323.1,8346,6922,2.043,418
RAW,323.2,8345,6927,2.028,415
RAW,323.5,8369,6939,2.038,417
RAW,323.6,8375,6939,2.023,414
RAW,323.9,8391,6948,2.043,418
RAW,324.0,8399,6949,2.023,414
RAW,324.3,8403,6956,2.043,418
RAW,324.4,8408,6955,2.028,415
RAW,324.7,8411,6956,2.038,417
RAW,324.8,8410,6962,2.023,414
RAW,325.1,8416,6960,2.043,418
RAW,325.2,8418,6961,2.023,414
RAW,325.3,8415,6962,2.043,418
RAW,325.6,8427,6966,2.023,414
RAW,325.7,8430,6957,2.043,418
RAW,326.0,8428,6963,2.023,414
RAW,326.1,8426,6970,2.043,418
RAW,326.2,8425,6969,2.023,414
RAW,326.5,8436,6969,2.043,418
RAW,326.6,8428,6966,2.023,414
RAW,326.7,8437,6964,2.043,418
RAW,327.0,8428,6965,2.023,414
RAW,327.1,8430,6970,2.043,418
RAW,327.2,8430,6967,2.028,415
RAW,327.5,8435,6964,2.043,418
RAW,327.6,8431,6968,2.023,414
RAW,327.7,8435,6968,2.043,418
RAW,327.8,8437,6966,2.028,415
RAW,328.1,8358,6919,2.043,418
RAW,328.2,8314,6890,2.023,414
RAW,328.5,8163,6826,2.038,417
RAW,328.6,8155,6830,2.023,414
RAW,328.7,8151,6820,2.043,418
RAW,329.0,8162,6834,2.023,414
RAW,329.1,8183,6846,2.043,418
RAW,329.2,8201,6858,2.028,415
RAW,329.5,8261,6879,2.043,418
RAW,329.6,8275,6893,2.028,415
RAW,329.9,8301,6901,2.038,417
RAW,330.0,8318,6905,2.023,414
RAW,330.1,8325,6911,2.043,418
RAW,330.4,8360,6929,2.023,414
RAW,330.5,8362,6929,2.048,419
RAW,330.6,8371,6934,2.028,415
RAW,330.7,8364,6927,2.048,419
RAW,331.0,8365,6931,2.023,414
RAW,331.1,8362,6925,2.043,418
RAW,331.2,8360,6931,2.028,415
RAW,331.5,8347,6920,2.043,418
RAW,331.6,8350,6923,2.023,414
RAW,331.7,8349,6923,2.043,418
RAW,332.0,8361,6931,2.023,414
RAW,332.1,8368,6933,2.043,418
RAW,332.2,8381,6935,2.028,415
RAW,332.3,8375,6937,2.043,418
RAW,332.6,8392,6944,2.023,414
RAW,332.7,8403,6942,2.043,418
RAW,332.8,8405,6947,2.028,415
RAW,332.9,8399,6948,2.043,418
RAW,333.2,8413,6952,2.023,414
RAW,333.3,8406,6951,2.043,418
RAW,333.4,8409,6951,2.028,415
RAW,333.5,8407,6949,2.043,418
RAW,333.8,8417,6952,2.028,415
RAW,333.9,8422,6951,2.043,418
RAW,334.0,8417,6956,2.028,415
RAW,334.3,8417,6957,2.043,418
RAW,334.4,8417,6958,2.023,414
RAW,334.5,8419,6954,2.043,418
RAW,334.6,8423,6953,2.028,415
RAW,334.9,8425,6956,2.043,418
RAW,335.0,8423,6958,2.028,415
RAW,335.1,8421,6956,2.043,418
RAW,335.4,8423,6960,2.028,415
RAW,335.5,8424,6955,2.043,418
RAW,335.6,8432,6960,2.028,415
RAW,335.7,8428,6958,2.043,418
RAW,336.0,8429,6957,2.028,415
RAW,336.1,8430,6962,2.043,418
RAW,336.2,8431,6961,2.028,415
RAW,336.5,8423,6951,2.043,418
RAW,336.6,8407,6936,2.023,414
RAW,336.7,8352,6912,2.043,418
RAW,337.0,8198,6835,2.023,414
RAW,337.1,8164,6822,2.043,418
RAW,337.2,8146,6816,2.028,415
RAW,337.3,8140,6816,2.043,418
RAW,337.6,8153,6826,2.023,414
RAW,337.7,8165,6831,2.038,417
RAW,337.8,8188,6839,2.028,415
RAW,338.1,8241,6864,2.038,417
RAW,338.3,8265,6876,2.038,417
RAW,338.4,8277,6877,2.028,415
RAW,338.7,8310,6892,2.038,417
RAW,338.8,8321,6900,2.028,415
RAW,338.9,8330,6908,2.038,417
RAW,339.2,8356,6925,2.028,415
RAW,339.3,8364,6919,2.038,417
RAW,339.4,8364,6913,2.028,415
RAW,339.5,8362,6919,2.043,418
RAW,339.8,8354,6912,2.028,415
RAW,339.9,8347,6906,2.038,417
RAW,340.0,8343,6909,2.028,415
RAW,340.3,8345,6904,2.038,417
RAW,340.4,8339,6906,2.028,415
RAW,340.5,8341,6909,2.038,417
RAW,340.8,8365,6916,2.028,415
RAW,340.9,8363,6923,2.038,417
RAW,341.2,8390,6930,2.023,414
RAW,341.3,8389,6928,2.038,417
RAW,341.4,8400,6937,2.028,415
RAW,341.7,8409,6938,2.038,417
RAW,341.8,8407,6950,2.028,415
RAW,341.9,8421,6941,2.038,417
RAW,342.2,8420,6945,2.023,414
RAW,342.3,8421,6943,2.038,417
RAW,342.4,8422,6949,2.028,415
RAW,342.7,8423,6947,2.038,417
RAW,342.8,8430,6950,2.028,415
RAW,342.9,8424,6947,2.038,417
RAW,343.2,8433,6949,2.023,414
RAW,343.3,8427,6947,2.038,417
RAW,343.4,8425,6947,2.028,415
RAW,343.5,8433,6946,2.043,418
RAW,343.8,8434,6948,2.023,414
RAW,343.9,8435,6952,2.038,417
RAW,344.0,8436,6953,2.028,415
RAW,344.3,8428,6954,2.038,417
RAW,344.4,8436,6950,2.028,415
RAW,344.5,8443,6953,2.038,417
RAW,344.8,8447,6946,2.028,415
RAW,344.9,8445,6946,2.038,417
RAW,345.0,8447,6947,2.028,415
RAW,345.3,8433,6947,2.033,416
RAW,345.4,8424,6930,2.028,415
RAW,345.5,8387,6914,2.038,417
RAW,345.8,8232,6837,2.028,415
RAW,345.9,8184,6819,2.033,416
RAW,346.0,8158,6811,2.028,415
RAW,346.3,8146,6806,2.033,416
RAW,346.4,8151,6814,2.028,415
RAW,346.5,8163,6816,2.038,417
RAW,346.8,8207,6845,2.023,414
RAW,347.1,8265,6866,2.033,416
RAW,347.2,8281,6874,2.023,414
RAW,347.3,8287,6876,2.033,416
RAW,347.6,8310,6885,2.023,414
RAW,347.7,8322,6892,2.038,417
RAW,348.0,8351,6904,2.023,414
RAW,348.1,8353,6910,2.038,417
RAW,348.2,8362,6910,2.028,415
RAW,348.5,8347,6905,2.033,416
RAW,348.6,8351,6903,2.023,414
RAW,348.9,8338,6893,2.033,416
RAW,349.0,8332,6895,2.023,414
RAW,349.1,8339,6898,2.033,416
RAW,349.4,8345,6901,2.023,414
RAW,349.5,8351,6902,2.033,416
RAW,349.8,8370,6915,2.023,414
RAW,349.9,8374,6915,2.033,416
RAW,350.0,8370,6917,2.028,415
RAW,350.3,8395,6927,2.033,416
RAW,350.4,8402,6925,2.023,414
RAW,350.5,8400,6928,2.038,417
RAW,350.8,8411,6931,2.028,415
RAW,350.9,8407,6934,2.033,416
RAW,351.2,8415,6938,2.023,414
RAW,351.3,8425,6937,2.038,417
RAW,351.4,8423,6936,2.028,415
RAW,351.7,8423,6943,2.033,416
RAW,351.8,8428,6939,2.028,415
RAW,351.9,8425,6938,2.033,416
RAW,352.2,8427,6942,2.023,414
RAW,352.3,8428,6940,2.033,416
RAW,352.4,8435,6939,2.028,415
RAW,352.7,8432,6943,2.033,416
RAW,352.8,8435,6946,2.028,415
RAW,352.9,8443,6941,2.033,416
RAW,353.2,8435,6945,2.023,414
RAW,353.3,8440,6950,2.033,416
RAW,353.6,8440,6947,2.028,415
RAW,353.7,8437,6944,2.033,416
RAW,353.8,8440,6947,2.028,415
RAW,354.1,8443,6946,2.033,416
RAW,354.2,8444,6943,2.023,414
RAW,354.3,8425,6929,2.033,416
RAW,354.6,8307,6865,2.023,414
RAW,354.7,8256,6844,2.033,416
RAW,354.8,8200,6821,2.028,415
RAW,355.1,8146,6804,2.033,416
RAW,355.2,8149,6806,2.023,414
RAW,355.3,8151,6807,2.033,416
RAW,355.6,8189,6824,2.023,414
RAW,355.8,8228,6849,2.023,414
RAW,355.9,8244,6853,2.038,417
RAW,356.0,8257,6868,2.028,415
RAW,356.1,8272,6869,2.033,416
RAW,356.4,8306,6882,2.023,414
RAW,356.5,8321,6885,2.033,416
RAW,356.8,8347,6891,2.023,414
RAW,356.9,8357,6900,2.033,416
RAW,357.0,8364,6906,2.028,415
RAW,357.3,8366,6902,2.033,416
RAW,357.4,8369,6908,2.023,414
RAW,357.5,8355,6903,2.033,416
RAW,357.8,8350,6901,2.023,414
RAW,357.9,8352,6897,2.038,417
RAW,358.0,8351,6904,2.023,414
RAW,358.3,8364,6903,2.033,416
RAW,358.4,8364,6908,2.023,414
RAW,358.5,8369,6910,2.033,416
RAW,358.6,8370,6914,2.028,415
RAW,358.9,8384,6919,2.033,416
RAW,359.0,8390,6920,2.023,414
RAW,359.1,8395,6922,2.033,416
RAW,359.4,8405,6921,2.023,414
RAW,359.5,8411,6918,2.033,416
RAW,359.6,8405,6926,2.023,414
RAW,359.9,8410,6923,2.033,416
RAW,360.0,8411,6926,2.023,414
RAW,360.1,8412,6925,2.033,416
RAW,360.2,8409,6922,2.028,415
RAW,360.5,8415,6928,2.033,416
RAW,360.6,8419,6932,2.023,414
RAW,360.7,8414,6928,2.038,417
RAW,361.0,8412,6931,2.023,414
RAW,361.1,8418,6928,2.033,416
RAW,361.2,8421,6930,2.028,415
RAW,361.5,8422,6932,2.033,416
RAW,361.6,8418,6930,2.023,414
RAW,361.7,8418,6927,2.033,416
RAW,361.8,8414,6932,2.028,415
RAW,362.1,8426,6931,2.033,416
RAW,362.2,8425,6928,2.023,414
RAW,362.3,8433,6936,2.033,416
RAW,362.6,8424,6930,2.023,414
RAW,362.7,8430,6931,2.033,416
RAW,362.8,8424,6926,2.028,415
RAW,363.1,8358,6889,2.028,415
RAW,363.2,8312,6860,2.023,414
RAW,363.3,8269,6844,2.033,416
RAW,363.4,8230,6823,2.028,415
RAW,363.7,8171,6803,2.033,416
RAW,363.8,8175,6809,2.023,414
RAW,363.9,8182,6819,2.033,416
RAW,364.2,8228,6835,2.023,414
RAW,364.3,8244,6847,2.033,416
RAW,364.4,8261,6852,2.028,415
RAW,364.7,8303,6867,2.033,416
RAW,364.8,8306,6872,2.028,415
RAW,364.9,8310,6876,2.033,416
RAW,365.0,8309,6881,2.028,415
RAW,365.3,8339,6895,2.033,416
RAW,365.4,8344,6894,2.028,415
RAW,365.7,8347,6896,2.028,415
RAW,365.8,8350,6897,2.023,414
RAW,365.9,8345,6886,2.028,415
RAW,366.2,8325,6880,2.023,414
RAW,366.3,8328,6878,2.033,416
RAW,366.4,8320,6880,2.023,414
RAW,366.7,8326,6884,2.028,415
RAW,366.8,8325,6882,2.023,414
RAW,366.9,8334,6885,2.033,416
RAW,367.0,8350,6888,2.028,415
RAW,367.3,8360,6901,2.033,416
RAW,367.4,8373,6906,2.028,415
RAW,367.5,8375,6905,2.033,416
RAW,367.8,8394,6915,2.023,414
RAW,367.9,8396,6920,2.028,415
RAW,368.0,8400,6919,2.028,415
RAW,368.3,8406,6922,2.028,415
RAW,368.4,8411,6921,2.023,414
RAW,368.5,8411,6925,2.033,416
RAW,368.8,8416,6927,2.028,415
RAW,368.9,8419,6927,2.033,416
RAW,369.2,8421,6928,2.023,414
RAW,369.3,8423,6930,2.028,415
RAW,369.4,8425,6929,2.023,414
RAW,369.7,8427,6932,2.023,414
RAW,369.8,8433,6927,2.023,414
RAW,369.9,8428,6931,2.028,415
RAW,370.2,8428,6928,2.023,414
RAW,370.3,8429,6930,2.028,415
RAW,370.4,8431,6934,2.028,415
RAW,370.7,8439,6930,2.028,415
RAW,370.8,8436,6932,2.023,414
RAW,370.9,8437,6935,2.028,415
RAW,371.2,8410,6913,2.019,413
RAW,371.3,8367,6890,2.028,415
RAW,371.4,8321,6863,2.023,414
RAW,371.7,8174,6793,2.028,415
RAW,371.8,8150,6792,2.023,414
RAW,371.9,8141,6788,2.028,415
RAW,372.2,8137,6789,2.023,414
RAW,372.3,8145,6795,2.028,415
RAW,372.5,8174,6808,2.028,415
RAW,372.6,8193,6811,2.023,414
RAW,372.7,8207,6823,2.028,415
RAW,373.1,8263,6847,2.023,414
RAW,373.2,8275,6851,2.023,414
RAW,373.3,8280,6856,2.028,415
RAW,373.6,8315,6870,2.023,414
RAW,373.7,8325,6873,2.028,415
RAW,374.0,8337,6876,2.019,413
RAW,374.1,8346,6882,2.023,414
RAW,374.2,8339,6883,2.023,414
RAW,374.5,8329,6872,2.023,414
RAW,374.6,8327,6878,2.019,413
RAW,374.9,8321,6870,2.023,414
RAW,375.0,8327,6871,2.023,414
RAW,375.1,8329,6875,2.023,414
RAW,375.4,8346,6884,2.023,414
RAW,375.5,8354,6887,2.023,414
RAW,375.8,8377,6899,2.019,413
RAW,375.9,8382,6901,2.023,414
RAW,376.0,8389,6903,2.023,414
RAW,376.3,8398,6911,2.023,414
RAW,376.4,8404,6912,2.019,413
RAW,376.7,8406,6911,2.023,414
RAW,376.8,8412,6913,2.023,414
RAW,376.9,8411,6914,2.023,414
RAW,377.2,8410,6916,2.023,414
RAW,377.3,8414,6916,2.023,414
RAW,377.6,8422,6916,2.019,413
RAW,377.7,8425,6916,2.023,414
RAW,378.0,8425,6922,2.019,413
RAW,378.1,8430,6924,2.023,414
RAW,378.2,8419,6918,2.023,414
RAW,378.5,8427,6921,2.023,414
RAW,378.6,8433,6923,2.023,414
RAW,378.9,8430,6923,2.019,413
RAW,379.0,8442,6922,2.019,413
RAW,379.1,8427,6926,2.023,414
RAW,379.4,8432,6925,2.019,413
RAW,379.5,8439,6923,2.019,413
RAW,379.8,8429,6914,2.023,414
RAW,379.9,8408,6902,2.023,414
RAW,380.2,8260,6827,2.019,413
RAW,380.3,8202,6804,2.023,414
RAW,380.6,8134,6773,2.023,414
RAW,380.7,8124,6777,2.023,414
RAW,381.0,8147,6785,2.023,414
RAW,381.1,8164,6797,2.019,413
RAW,381.3,8200,6807,2.019,413
RAW,381.4,8210,6815,2.023,414
RAW,381.5,8228,6825,2.023,414
RAW,381.7,8245,6827,2.023,414
RAW,381.8,8259,6838,2.023,414
RAW,381.9,8265,6840,2.023,414
RAW,382.2,8293,6854,2.019,413
RAW,382.3,8309,6855,2.023,414
RAW,382.6,8330,6874,2.019,413
RAW,382.7,8330,6873,2.023,414
RAW,382.8,8331,6864,2.023,414
RAW,383.1,8318,6866,2.019,413
RAW,383.2,8321,6867,2.028,415
RAW,383.5,8314,6861,2.023,414
RAW,383.6,8313,6862,2.023,414
RAW,383.9,8330,6874,2.019,413
RAW,384.0,8339,6873,2.019,413
RAW,384.3,8349,6882,2.019,413
RAW,384.4,8355,6886,2.019,413
RAW,384.5,8360,6885,2.023,414
RAW,384.8,8380,6896,2.023,414
RAW,384.9,8382,6899,2.019,413
RAW,385.0,8381,6905,2.023,414
RAW,385.3,8398,6904,2.019,413
RAW,385.4,8394,6902,2.023,414
RAW,385.7,8405,6906,2.019,413
RAW,385.8,8406,6909,2.019,413
RAW,385.9,8410,6908,2.023,414
RAW,386.2,8409,6913,2.023,414
RAW,386.3,8417,6916,2.023,414
RAW,386.6,8412,6912,2.019,413
RAW,386.7,8421,6916,2.023,414
RAW,386.8,8418,6917,2.023,414
RAW,387.1,8421,6916,2.019,413
RAW,387.2,8422,6918,2.019,413
RAW,387.3,8424,6921,2.023,414
RAW,387.6,8425,6916,2.019,413
RAW,387.7,8423,6919,2.019,413
RAW,388.0,8425,6926,2.019,413
RAW,388.1,8426,6920,2.019,413
RAW,388.4,8429,6925,2.014,412
RAW,388.5,8436,6925,2.019,413
RAW,388.8,8423,6917,2.019,413
RAW,388.9,8409,6910,2.019,413
RAW,389.0,8368,6883,2.023,414
RAW,389.3,8217,6809,2.019,413
RAW,389.4,8173,6797,2.023,414
RAW,389.7,8127,6783,2.019,413
RAW,389.8,8124,6787,2.023,414
RAW,390.1,8141,6792,2.014,412
RAW,390.3,8161,6807,2.014,412
RAW,390.4,8170,6807,2.019,413
RAW,390.5,8186,6812,2.014,412
RAW,390.7,8207,6824,2.019,413
RAW,390.8,8214,6824,2.023,414
RAW,390.9,8232,6833,2.019,413
RAW,391.1,8252,6844,2.019,413
RAW,391.2,8263,6848,2.023,414
RAW,391.3,8276,6847,2.019,413
RAW,391.5,8299,6860,2.019,413
RAW,391.6,8305,6866,2.023,414
RAW,391.7,8307,6860,2.019,413
RAW,392.0,8313,6866,2.023,414
RAW,392.3,8304,6861,2.014,412
RAW,392.4,8304,6861,2.019,413
RAW,392.7,8310,6863,2.014,412
RAW,392.8,8318,6864,2.019,413
RAW,393.1,8328,6874,2.014,412
RAW,393.4,8350,6884,2.014,412
RAW,393.5,8359,6892,2.014,412
RAW,393.8,8371,6902,2.019,413
RAW,394.1,8383,6906,2.009,411
RAW,394.2,8389,6907,2.014,412
RAW,394.5,8400,6909,2.009,411
RAW,394.6,8394,6914,2.019,413
RAW,394.9,8403,6912,2.009,411
RAW,395.0,8401,6911,2.019,413
RAW,395.3,8399,6918,2.014,412
RAW,395.4,8405,6917,2.019,413
RAW,395.7,8409,6918,2.014,412
RAW,395.8,8403,6916,2.019,413
RAW,396.1,8409,6914,2.014,412
RAW,396.2,8408,6918,2.019,413
RAW,396.5,8410,6914,2.009,411
RAW,396.6,8410,6926,2.019,413
RAW,396.8,8414,6919,2.019,413
RAW,396.9,8419,6919,2.014,412
RAW,397.0,8413,6920,2.023,414
RAW,397.3,8416,6921,2.014,412
RAW,397.4,8418,6921,2.023,414
RAW,397.7,8384,6897,2.009,411
RAW,397.8,8340,6871,2.023,414
RAW,397.9,8297,6849,2.014,412
RAW,398.2,8188,6805,2.023,414
RAW,398.3,8160,6794,2.014,412
RAW,398.6,8159,6799,2.019,413
RAW,398.7,8172,6806,2.014,412
RAW,398.8,8182,6812,2.023,414
RAW,399.1,8238,6835,2.014,412
RAW,399.2,8244,6844,2.023,414
RAW,399.5,8279,6851,2.009,411
RAW,399.6,8293,6858,2.023,414
RAW,399.7,8301,6866,2.014,412
RAW,400.0,8336,6876,2.023,414
RAW,400.1,8350,6884,2.014,412
RAW,400.2,8358,6889,2.023,414
RAW,400.5,8364,6887,2.009,411
RAW,400.6,8363,6888,2.023,414
RAW,400.7,8351,6883,2.014,412
RAW,400.8,8356,6886,2.023,414
RAW,401.1,8346,6883,2.014,412
RAW,401.2,8350,6874,2.023,414
RAW,401.3,8341,6880,2.014,412
RAW,401.6,8356,6885,2.023,414
RAW,401.7,8358,6886,2.014,412
RAW,401.8,8364,6895,2.023,414
RAW,401.9,8360,6896,2.014,412
RAW,402.2,8378,6895,2.023,414
RAW,402.3,8377,6899,2.014,412
RAW,402.4,8380,6898,2.028,415
RAW,402.5,8389,6896,2.019,413
RAW,402.6,8392,6894,2.033,416
RAW,402.9,8397,6899,2.014,412
RAW,403.0,8392,6898,2.023,414
RAW,403.1,8397,6901,2.014,412
RAW,403.2,8398,6902,2.028,415
RAW,403.5,8396,6904,2.009,411
RAW,403.6,8393,6908,2.028,415
RAW,403.7,8405,6899,2.014,412
RAW,403.8,8410,6906,2.028,415
RAW,404.1,8400,6905,2.014,412
RAW,404.2,8409,6904,2.023,414
RAW,404.3,8411,6902,2.014,412
RAW,404.4,8403,6908,2.023,414
RAW,404.7,8405,6908,2.014,412
RAW,404.8,8401,6905,2.019,413
RAW,404.9,8403,6910,2.014,412
RAW,405.0,8409,6909,2.028,415
RAW,405.3,8409,6908,2.009,411
RAW,405.4,8418,6909,2.023,414
RAW,405.5,8417,6906,2.009,411
RAW,405.6,8415,6908,2.028,415
RAW,405.7,8418,6904,2.014,412
RAW,406.0,8392,6885,2.019,413
RAW,406.1,8342,6855,2.009,411
RAW,406.2,8298,6831,2.023,414
RAW,406.3,8247,6812,2.014,412
RAW,406.6,8156,6773,2.019,413
RAW,406.7,8148,6772,2.009,411
RAW,406.8,8141,6772,2.023,414
RAW,406.9,8145,6777,2.009,411
RAW,407.2,8180,6793,2.023,414
RAW,407.3,8192,6801,2.009,411
RAW,407.4,8210,6814,2.023,414
RAW,407.5,8230,6821,2.009,411
RAW,407.8,8263,6830,2.019,413
RAW,407.9,8274,6836,2.009,411
RAW,408.0,8272,6843,2.023,414
RAW,408.3,8311,6850,2.009,411
RAW,408.4,8320,6860,2.019,413
RAW,408.5,8324,6857,2.009,411
RAW,408.6,8334,6864,2.023,414
RAW,408.9,8341,6867,2.004,410
RAW,409.0,8334,6864,2.023,414
RAW,409.1,8333,6858,2.009,411
RAW,409.4,8314,6852,2.019,413
RAW,409.5,8319,6856,2.009,411
RAW,409.6,8318,6853,2.023,414
RAW,409.7,8315,6850,2.009,411
RAW,410.0,8328,6858,2.019,413
RAW,410.1,8337,6862,2.009,411
RAW,410.2,8348,6864,2.019,413
RAW,410.3,8356,6867,2.009,411
RAW,410.6,8376,6877,2.019,413
RAW,410.7,8368,6879,2.004,410
RAW,410.8,8392,6880,2.019,413
RAW,410.9,8386,6882,2.009,411
RAW,411.2,8390,6884,2.019,413
RAW,411.3,8399,6885,2.004,410
RAW,411.4,8391,6883,2.023,414
RAW,411.6,8398,6889,2.019,413
RAW,411.7,8402,6889,2.009,411
RAW,411.8,8398,6890,2.019,413
RAW,411.9,8408,6886,2.014,412
RAW,412.1,8406,6893,2.009,411
RAW,412.2,8409,6886,2.023,414
RAW,412.3,8408,6891,2.009,411
RAW,412.4,8408,6890,2.023,414
RAW,412.5,8407,6894,2.009,411
RAW,412.7,8411,6891,2.009,411
RAW,412.8,8412,6895,2.019,413
RAW,412.9,8411,6898,2.009,411
RAW,413.0,8410,6893,2.023,414
RAW,413.2,8412,6895,2.019,413
RAW,413.3,8413,6901,2.009,411
RAW,413.4,8417,6896,2.023,414
RAW,413.5,8426,6896,2.009,411
RAW,413.7,8419,6899,2.009,411
RAW,413.8,8423,6892,2.023,414
RAW,413.9,8422,6894,2.014,412
RAW,414.0,8419,6895,2.023,414
RAW,414.2,8421,6898,2.023,414
RAW,414.3,8421,6897,2.009,411
RAW,414.4,8416,6897,2.028,415
RAW,414.5,8421,6891,2.009,411
RAW,414.7,8379,6869,2.014,412
RAW,414.8,8344,6848,2.019,413
RAW,414.9,8296,6824,2.009,411
RAW,415.0,8245,6798,2.023,414
RAW,415.2,8163,6778,2.023,414
RAW,415.3,8148,6764,2.009,411
RAW,415.4,8145,6760,2.023,414
RAW,415.6,8149,6772,2.019,413
RAW,415.7,8160,6778,2.009,411
RAW,415.8,8167,6779,2.023,414
RAW,415.9,8190,6787,2.009,411
RAW,416.1,8222,6802,2.009,411
RAW,416.2,8235,6810,2.028,415
RAW,416.3,8257,6822,2.009,411
RAW,416.5,8276,6822,2.009,411
RAW,416.6,8270,6830,2.019,413
RAW,416.7,8293,6827,2.014,412
RAW,416.8,8299,6833,2.023,414
RAW,417.0,8320,6847,2.023,414
RAW,417.1,8330,6849,2.009,411
RAW,417.2,8343,6859,2.023,414
RAW,417.5,8358,6859,2.004,410
RAW,417.7,8358,6860,2.004,410
RAW,417.8,8363,6858,2.014,412
RAW,417.9,8362,6858,2.009,411
RAW,418.0,8350,6854,2.019,413
RAW,418.2,8347,6850,2.019,413
RAW,418.3,8348,6856,2.004,410
RAW,418.4,8356,6851,2.019,413
RAW,418.6,8359,6860,2.019,413
RAW,418.7,8362,6859,2.009,411
RAW,418.8,8364,6866,2.019,413
RAW,418.9,8365,6867,2.009,411
RAW,419.1,8387,6875,2.009,411
RAW,419.2,8389,6873,2.019,413
RAW,419.3,8399,6874,2.009,411
RAW,419.4,8393,6876,2.023,414
RAW,419.6,8409,6884,2.019,413
RAW,419.7,8405,6887,2.009,411
RAW,419.8,8414,6884,2.023,414
RAW,419.9,8409,6877,2.009,411
RAW,420.1,8409,6886,2.004,410
RAW,420.2,8413,6892,2.023,414
RAW,420.3,8417,6892,2.009,411
RAW,420.4,8420,6889,2.023,414
RAW,420.6,8417,6890,2.019,413
RAW,420.7,8415,6884,2.009,411
RAW,420.8,8413,6886,2.023,414
RAW,420.9,8426,6887,2.009,411
RAW,421.1,8418,6893,2.004,410
RAW,421.2,8415,6887,2.023,414
RAW,421.3,8418,6894,2.009,411
RAW,421.4,8424,6889,2.023,414
RAW,421.6,8425,6887,2.019,413
RAW,421.7,8421,6888,2.009,411
RAW,421.8,8428,6892,2.023,414
RAW,421.9,8426,6894,2.014,412
RAW,422.1,8429,6891,2.004,410
RAW,422.2,8427,6895,2.019,413
RAW,422.3,8434,6893,2.009,411
RAW,422.4,8424,6891,2.023,414
RAW,422.5,8422,6895,2.009,411
RAW,422.7,8432,6897,2.009,411
RAW,422.8,8433,6890,2.019,413
RAW,422.9,8433,6897,2.009,411
RAW,423.0,8424,6894,2.023,414
RAW,423.3,8354,6843,2.009,411
RAW,423.5,8256,6799,2.004,410
RAW,423.6,8222,6788,2.019,413
RAW,423.7,8187,6771,2.004,410
RAW,423.8,8163,6767,2.019,413
RAW,424.0,8163,6763,2.019,413
RAW,424.1,8170,6769,2.004,410
RAW,424.2,8177,6777,2.019,413
RAW,424.3,8192,6780,2.009,411
RAW,424.5,8230,6798,2.009,411
RAW,424.6,8247,6802,2.023,414
RAW,424.7,8263,6813,2.009,411
RAW,424.8,8273,6820,2.023,414
RAW,425.0,8297,6839,2.019,413
RAW,425.1,8310,6838,2.009,411
RAW,425.2,8319,6837,2.019,413
RAW,425.3,8320,6847,2.009,411
RAW,425.5,8347,6856,2.004,410
RAW,425.6,8356,6859,2.019,413
RAW,425.7,8359,6858,2.009,411
RAW,425.8,8367,6863,2.023,414
RAW,426.0,8363,6868,2.019,413
RAW,426.1,8366,6871,2.004,410
RAW,426.2,8367,6860,2.019,413
RAW,426.3,8362,6862,2.009,411
RAW,426.4,8351,6863,2.023,414
RAW,426.6,8357,6857,2.023,414
RAW,426.7,8353,6853,2.004,410
RAW,426.8,8349,6857,2.023,414
RAW,426.9,8355,6860,2.009,411
RAW,427.1,8363,6860,2.009,411
RAW,427.2,8364,6861,2.023,414
RAW,427.3,8367,6865,2.009,411
RAW,427.4,8374,6868,2.023,414
RAW,427.6,8385,6875,2.023,414
RAW,427.7,8379,6873,2.009,411
RAW,427.8,8380,6876,2.023,414
RAW,427.9,8385,6877,2.009,411
RAW,428.1,8394,6879,2.009,411
RAW,428.2,8392,6880,2.023,414
RAW,428.3,8395,6886,2.009,411
RAW,428.4,8397,6883,2.023,414
RAW,428.5,8399,6891,2.009,411
RAW,428.7,8399,6885,2.004,410
RAW,428.8,8406,6888,2.019,413
RAW,428.9,8409,6885,2.004,410
RAW,429.0,8406,6888,2.023,414
RAW,429.2,8410,6887,2.019,413
RAW,429.3,8410,6893,2.009,411
RAW,429.4,8408,6889,2.023,414
RAW,429.5,8410,6887,2.009,411
RAW,429.6,8410,6891,2.023,414
RAW,429.8,8412,6888,2.023,414
RAW,429.9,8414,6891,2.009,411
RAW,430.0,8420,6890,2.023,414
RAW,430.1,8415,6888,2.009,411
RAW,430.3,8418,6891,2.004,410
RAW,430.4,8418,6894,2.023,414
RAW,430.5,8416,6897,2.009,411
RAW,430.6,8413,6897,2.023,414
RAW,430.7,8418,6893,2.009,411
RAW,430.9,8416,6897,2.004,410
RAW,431.0,8414,6886,2.023,414
RAW,431.1,8390,6876,2.009,411
RAW,431.2,8352,6850,2.023,414
RAW,431.4,8267,6812,2.019,413
RAW,431.5,8226,6796,2.009,411
RAW,431.6,8192,6776,2.023,414
RAW,431.7,8175,6771,2.009,411
RAW,431.8,8158,6772,2.023,414
RAW,432.0,8165,6775,2.023,414
RAW,432.1,8170,6775,2.009,411
RAW,432.2,8183,6781,2.023,414
RAW,432.3,8203,6793,2.009,411
RAW,432.6,8243,6812,2.023,414
RAW,432.8,8267,6821,2.019,413
RAW,432.9,8275,6827,2.009,411
RAW,433.0,8286,6833,2.019,413
RAW,433.1,8299,6837,2.009,411
RAW,433.4,8328,6850,2.014,412
RAW,433.5,8342,6861,2.004,410
RAW,433.6,8342,6856,2.019,413
RAW,433.7,8350,6859,2.009,411
RAW,433.8,8349,6863,2.019,413
RAW,434.1,8352,6860,2.004,410
RAW,434.2,8346,6867,2.019,413
RAW,434.3,8346,6861,2.004,410
RAW,434.4,8345,6860,2.019,413
RAW,434.8,8346,6856,2.019,413
RAW,434.9,8347,6854,1.999,409
RAW,435.0,8344,6866,2.019,413
RAW,435.3,8364,6872,1.999,409
RAW,435.4,8371,6876,2.019,413
RAW,435.5,8373,6877,1.999,409
RAW,435.6,8378,6879,2.023,414
RAW,435.7,8384,6881,2.004,410
RAW,436.0,8390,6882,2.019,413
RAW,436.1,8390,6888,2.004,410
RAW,436.2,8394,6889,2.023,414
RAW,436.3,8387,6886,2.004,410
RAW,436.6,8396,6892,2.014,412
RAW,436.7,8396,6891,2.004,410
RAW,436.8,8400,6886,2.019,413
RAW,436.9,8400,6886,2.004,410
RAW,437.0,8402,6884,2.023,414
RAW,437.3,8397,6892,1.999,409
RAW,437.4,8399,6888,2.019,413
RAW,437.5,8403,6889,2.004,410
RAW,437.6,8404,6885,2.019,413
RAW,437.7,8406,6890,2.004,410
RAW,438.0,8400,6893,2.014,412
RAW,438.1,8403,6891,2.004,410
RAW,438.2,8408,6887,2.019,413
RAW,438.3,8409,6895,2.004,410
RAW,438.7,8412,6890,1.999,409
RAW,438.8,8408,6894,2.014,412
RAW,438.9,8409,6892,2.004,410
RAW,439.0,8412,6888,2.019,413
RAW,439.3,8317,6837,1.999,409
RAW,439.4,8271,6813,2.014,412
RAW,439.5,8220,6797,2.004,410
RAW,439.6,8190,6782,2.019,413
RAW,439.7,8156,6770,2.004,410
RAW,440.0,8137,6760,2.014,412
RAW,440.1,8143,6764,2.004,410
RAW,440.2,8148,6765,2.019,413
RAW,440.3,8164,6775,2.009,411
RAW,440.4,8177,6784,2.019,413
RAW,440.7,8207,6796,2.004,410
RAW,440.8,8213,6802,2.019,413
RAW,441.1,8246,6809,1.999,409
RAW,441.2,8247,6815,2.014,412
RAW,441.5,8282,6827,1.999,409
RAW,441.6,8291,6836,2.014,412
RAW,441.7,8301,6837,1.999,409
RAW,441.8,8303,6841,2.019,413
RAW,442.2,8309,6847,2.014,412
RAW,442.3,8309,6835,1.999,409
RAW,442.4,8309,6842,2.019,413
RAW,442.8,8297,6834,2.009,411
RAW,442.9,8299,6835,1.999,409
RAW,443.0,8299,6837,2.019,413
RAW,443.3,8315,6850,1.999,409
RAW,443.4,8328,6843,2.014,412
RAW,443.5,8330,6849,2.004,410
RAW,443.6,8339,6851,2.019,413
RAW,443.7,8342,6855,2.004,410
RAW,444.0,8360,6869,2.019,413
RAW,444.1,8368,6867,1.999,409
RAW,444.2,8367,6867,2.019,413
RAW,444.3,8372,6868,2.004,410
RAW,444.4,8380,6875,2.019,413
RAW,444.7,8380,6874,2.004,410
RAW,444.8,8386,6871,2.014,412
RAW,444.9,8395,6877,2.004,410
RAW,445.0,8388,6875,2.019,413
RAW,445.1,8390,6875,2.004,410
RAW,445.5,8395,6876,1.999,409
RAW,445.6,8394,6879,2.019,413
RAW,445.7,8397,6888,2.004,410
RAW,446.0,8403,6875,2.019,413
RAW,446.1,8404,6881,2.004,410
RAW,446.2,8398,6879,2.019,413
RAW,446.3,8400,6881,1.999,409
RAW,446.4,8407,6880,2.019,413
RAW,446.7,8406,6884,2.004,410
RAW,446.8,8403,6886,2.019,413
RAW,446.9,8407,6881,2.004,410
RAW,447.0,8409,6885,2.023,414
RAW,447.1,8407,6884,2.004,410
RAW,447.4,8408,6890,2.019,413
RAW,447.5,8405,6881,2.004,410
RAW,447.6,8388,6869,2.019,413
RAW,447.7,8355,6854,1.999,409
RAW,447.8,8308,6831,2.019,413
RAW,447.9,8261,6804,1.999,409
RAW,448.2,8147,6758,2.019,413
RAW,448.3,8132,6756,1.999,409
RAW,448.4,8126,6753,2.019,413
RAW,448.5,8133,6756,2.004,410
RAW,448.6,8126,6760,2.023,414
RAW,448.9,8152,6768,2.004,410
RAW,449.0,8170,6775,2.023,414
RAW,449.1,8181,6781,2.004,410
RAW,449.2,8191,6782,2.019,413
RAW,449.3,8211,6798,2.004,410
RAW,449.8,8248,6810,2.014,412
RAW,449.9,8258,6811,1.999,409
RAW,450.0,8268,6817,2.019,413
RAW,450.1,8285,6824,2.004,410
RAW,450.4,8301,6834,2.014,412
RAW,450.5,8303,6837,1.999,409
RAW,450.6,8310,6830,2.019,413
RAW,450.7,8309,6835,2.004,410
RAW,450.8,8308,6831,2.023,414
RAW,451.1,8295,6828,1.999,409
RAW,451.2,8296,6831,2.019,413
RAW,451.3,8293,6827,1.999,409
RAW,451.4,8295,6831,2.023,414
RAW,451.5,8299,6830,2.004,410
RAW,451.8,8317,6841,2.019,413
RAW,451.9,8318,6842,2.004,410
RAW,452.0,8326,6843,2.019,413
RAW,452.1,8327,6842,2.004,410
RAW,452.2,8339,6856,2.023,414
RAW,452.5,8356,6858,1.999,409
RAW,452.6,8362,6860,2.019,413
RAW,452.7,8366,6861,1.999,409
RAW,452.8,8368,6862,2.019,413
RAW,452.9,8370,6866,2.004,410
RAW,453.2,8379,6870,2.019,413
RAW,453.3,8380,6870,2.004,410
RAW,453.4,8378,6867,2.019,413
RAW,453.5,8383,6872,2.004,410
RAW,453.6,8380,6876,2.019,413
RAW,453.9,8388,6875,1.999,409
RAW,454.0,8386,6882,2.019,413
RAW,454.1,8383,6874,1.999,409
RAW,454.2,8394,6878,2.019,413
RAW,454.3,8388,6880,2.004,410
RAW,454.6,8399,6880,2.014,412
RAW,454.7,8393,6882,2.004,410
RAW,454.8,8401,6879,2.019,413
RAW,454.9,8401,6881,2.004,410
RAW,455.0,8402,6877,2.019,413
RAW,455.3,8409,6882,1.999,409
RAW,455.4,8404,6881,2.019,413
RAW,455.5,8404,6886,2.004,410
RAW,455.6,8409,6887,2.023,414
RAW,455.7,8407,6887,2.004,410
RAW,456.1,8409,6885,1.999,409
RAW,456.2,8407,6879,2.014,412
RAW,456.3,8398,6871,2.004,410
RAW,456.7,8219,6778,1.994,408
RAW,456.8,8182,6765,2.019,413
RAW,456.9,8151,6755,1.999,409
RAW,457.3,8141,6755,1.994,408
RAW,457.4,8147,6760,2.009,411
RAW,457.5,8159,6772,1.999,409
RAW,457.6,8175,6767,2.014,412
RAW,457.9,8221,6791,1.999,409
RAW,458.0,8231,6802,2.014,412
RAW,458.1,8243,6803,1.999,409
RAW,458.4,8267,6815,2.009,411
RAW,458.5,8278,6822,1.999,409
RAW,458.6,8283,6827,2.014,412
RAW,459.0,8324,6838,2.009,411
RAW,459.1,8331,6839,1.999,409
RAW,459.2,8322,6835,2.014,412
RAW,459.3,8324,6837,1.999,409
RAW,459.6,8307,6832,2.014,412
RAW,459.7,8303,6832,1.999,409
RAW,459.8,8304,6833,2.014,412
RAW,459.9,8304,6825,2.004,410
RAW,460.0,8300,6830,2.019,413
RAW,460.1,8303,6832,2.004,410
RAW,460.4,8311,6831,2.014,412
RAW,460.5,8319,6842,1.999,409
RAW,460.6,8332,6842,2.019,413
RAW,460.7,8339,6845,1.999,409
RAW,460.8,8339,6851,2.023,414
RAW,461.2,8359,6856,2.009,411
RAW,461.3,8363,6856,1.999,409
RAW,461.4,8371,6857,2.014,412
RAW,461.8,8373,6862,2.014,412
RAW,461.9,8380,6867,1.999,409
RAW,462.0,8384,6865,2.014,412
RAW,462.1,8378,6866,1.999,409
RAW,462.4,8378,6864,2.014,412
RAW,462.5,8388,6866,1.999,409
RAW,462.6,8385,6867,2.019,413
RAW,462.7,8391,6867,1.999,409
RAW,462.8,8385,6865,2.019,413
RAW,462.9,8385,6870,1.999,409
RAW,463.2,8386,6872,2.014,412
RAW,463.3,8387,6873,1.999,409
RAW,463.4,8394,6872,2.019,413
RAW,463.5,8390,6873,2.004,410
RAW,463.6,8391,6874,2.019,413
RAW,464.0,8396,6875,2.014,412
RAW,464.1,8396,6877,2.004,410
RAW,464.2,8400,6873,2.019,413
RAW,464.3,8393,6867,2.004,410
RAW,464.7,8262,6796,1.994,408
RAW,464.8,8213,6780,2.014,412
RAW,464.9,8178,6764,1.999,409
RAW,465.3,8129,6746,1.994,408
RAW,465.4,8136,6753,2.009,411
RAW,465.5,8143,6755,1.999,409
RAW,465.6,8149,6763,2.014,412
RAW,465.9,8187,6780,1.999,409
RAW,466.0,8209,6785,2.014,412
RAW,466.1,8223,6786,1.999,409
RAW,466.4,8238,6799,2.009,411
RAW,466.5,8249,6802,1.999,409
RAW,466.6,8257,6803,2.014,412
RAW,466.7,8275,6820,1.999,409
RAW,466.8,8275,6823,2.014,412
RAW,467.1,8303,6825,1.999,409
RAW,467.2,8316,6833,2.014,412
RAW,467.3,8306,6825,1.999,409
RAW,467.4,8307,6824,2.014,412
RAW,467.5,8302,6826,2.004,410
RAW,467.6,8300,6820,2.019,413
RAW,467.9,8291,6814,1.999,409
RAW,468.0,8286,6820,2.014,412
RAW,468.1,8286,6822,1.999,409
RAW,468.2,8289,6823,2.019,413
RAW,468.3,8296,6819,2.004,410
RAW,468.4,8294,6819,2.019,413
RAW,468.7,8317,6838,1.999,409
RAW,468.8,8320,6840,2.014,412
RAW,468.9,8326,6837,1.999,409
RAW,469.0,8336,6841,2.014,412
RAW,469.1,8340,6847,2.004,410
RAW,469.5,8366,6855,1.994,408
RAW,469.6,8364,6855,2.014,412
RAW,469.7,8365,6853,1.999,409
RAW,469.8,8367,6858,2.019,413
RAW,470.2,8376,6860,2.009,411
RAW,470.3,8378,6863,1.999,409
RAW,470.4,8382,6866,2.014,412
RAW,470.5,8375,6863,1.999,409
RAW,470.8,8394,6865,2.009,411
RAW,470.9,8390,6866,1.999,409
RAW,471.0,8389,6865,2.014,412
RAW,471.1,8385,6866,1.999,409
RAW,471.2,8392,6861,2.019,413
RAW,471.6,8388,6865,2.014,412
RAW,471.7,8394,6870,1.994,408
RAW,471.8,8394,6873,2.014,412
RAW,471.9,8394,6873,1.999,409
RAW,472.3,8394,6871,1.999,409
RAW,472.4,8387,6868,2.014,412
RAW,472.5,8368,6849,1.999,409
RAW,472.6,8340,6832,2.014,412
RAW,473.0,8165,6747,2.014,412
RAW,473.1,8139,6745,1.999,409
RAW,473.2,8122,6738,2.014,412
RAW,473.3,8120,6742,1.999,409
RAW,473.7,8145,6747,1.994,408
RAW,473.8,8159,6762,2.014,412
RAW,474.1,8203,6778,1.994,408
RAW,474.2,8218,6787,2.014,412
RAW,474.3,8224,6789,1.999,409
RAW,474.4,8238,6785,2.019,413
RAW,474.9,8280,6806,1.994,408
RAW,475.0,8288,6821,2.009,411
RAW,475.1,8291,6817,1.994,408
RAW,475.2,8304,6823,2.014,412
RAW,475.3,8307,6825,1.999,409
RAW,475.7,8299,6821,1.994,408
RAW,475.8,8297,6821,2.014,412
RAW,475.9,8296,6815,1.994,408
RAW,476.0,8287,6810,2.019,413
RAW,476.3,8292,6817,1.994,408
RAW,476.4,8299,6818,2.014,412
RAW,476.5,8295,6816,1.999,409
RAW,476.6,8308,6819,2.019,413
RAW,476.7,8313,6829,1.999,409
RAW,476.8,8315,6828,2.019,413
RAW,477.1,8338,6836,1.994,408
RAW,477.2,8348,6846,2.019,413
RAW,477.3,8349,6844,1.999,409
RAW,477.4,8348,6847,2.019,413
RAW,477.5,8357,6844,2.004,410
RAW,477.6,8362,6846,2.019,413
RAW,478.0,8374,6857,2.009,411
RAW,478.1,8374,6861,1.999,409
RAW,478.2,8374,6857,2.014,412
RAW,478.6,8375,6859,2.009,411
RAW,478.7,8382,6858,1.994,408
RAW,478.8,8389,6867,2.014,412
RAW,479.2,8382,6857,2.009,411
RAW,479.3,8391,6860,1.999,409
RAW,479.4,8389,6864,2.014,412
RAW,479.5,8391,6857,1.999,409
RAW,479.8,8390,6861,2.014,412
RAW,479.9,8394,6860,1.994,408
RAW,480.0,8401,6860,2.014,412
RAW,480.1,8398,6863,1.999,409
RAW,480.2,8401,6868,2.014,412
RAW,480.3,8396,6863,2.004,410
RAW,480.6,8401,6868,2.009,411
RAW,480.7,8395,6866,1.999,409
RAW,480.8,8407,6868,2.014,412
RAW,480.9,8406,6862,2.004,410
RAW,481.0,8394,6857,2.019,413
RAW,481.4,8239,6776,2.009,411
RAW,481.5,8189,6753,1.994,408
RAW,481.6,8157,6747,2.014,412
RAW,481.7,8139,6739,1.999,409
RAW,482.1,8137,6739,1.994,408
RAW,482.2,8140,6750,2.009,411
RAW,482.3,8159,6751,1.999,409
RAW,482.4,8171,6761,2.014,412
RAW,482.7,8220,6780,1.994,408
RAW,482.8,8235,6785,2.014,412
RAW,482.9,8238,6793,1.994,408
RAW,483.2,8265,6804,2.004,410
RAW,483.3,8277,6804,1.994,408
RAW,483.4,8280,6814,2.009,411
RAW,483.5,8292,6815,1.999,409
RAW,483.8,8311,6824,2.009,411
RAW,483.9,8314,6823,1.994,408
RAW,484.0,8313,6819,2.014,412
RAW,484.1,8322,6822,1.999,409
RAW,484.2,8320,6820,2.014,412
RAW,484.3,8315,6818,1.999,409
RAW,484.6,8300,6819,2.009,411
RAW,484.7,8295,6809,1.994,408
RAW,484.8,8301,6810,2.014,412
RAW,484.9,8294,6815,1.999,409
RAW,485.0,8303,6813,2.014,412
RAW,485.1,8306,6816,1.999,409
RAW,485.4,8329,6827,2.009,411
RAW,485.5,8334,6833,1.994,408
RAW,485.6,8340,6836,2.014,412
RAW,485.7,8340,6833,1.994,408
RAW,485.8,8351,6845,2.014,412
RAW,486.2,8360,6847,2.009,411
RAW,486.3,8371,6851,1.994,408
RAW,486.4,8368,6849,2.009,411
RAW,486.5,8374,6852,1.994,408
RAW,486.6,8369,6848,2.014,412
RAW,486.9,8377,6851,1.989,407
RAW,487.0,8373,6853,2.009,411
RAW,487.1,8374,6851,1.994,408
RAW,487.2,8374,6855,2.014,412
RAW,487.3,8375,6853,1.994,408
RAW,487.7,8383,6855,1.989,407
RAW,487.8,8382,6854,2.004,410
RAW,487.9,8385,6852,1.994,408
RAW,488.0,8375,6858,2.009,411
RAW,488.1,8384,6861,1.994,408
RAW,488.5,8386,6855,1.989,407
RAW,488.6,8390,6858,2.009,411
RAW,488.7,8381,6856,1.989,407
RAW,488.8,8390,6862,2.009,411
RAW,488.9,8387,6860,1.994,408
RAW,489.0,8388,6862,2.014,412
RAW,489.1,8390,6871,1.994,408
RAW,489.2,8394,6867,2.009,411
RAW,489.3,8388,6859,1.994,408
RAW,489.7,8306,6813,1.989,407
RAW,489.8,8252,6772,2.004,410
RAW,489.9,8205,6765,1.989,407
RAW,490.0,8172,6749,2.009,411
RAW,490.1,8142,6741,1.994,408
RAW,490.2,8133,6732,2.009,411
RAW,490.3,8123,6727,1.994,408
RAW,490.4,8121,6738,2.009,411
RAW,490.5,8132,6737,1.994,408
RAW,490.6,8139,6747,2.014,412
RAW,490.7,8149,6745,1.999,409
RAW,491.2,8226,6783,1.999,409
RAW,491.3,8242,6788,1.989,407
RAW,491.4,8244,6792,2.004,410
RAW,491.5,8253,6796,1.989,407
RAW,491.6,8265,6804,2.009,411
RAW,491.7,8277,6814,1.994,408
RAW,491.7,8293,6812,2.009,411
RAW,492.3,8317,6817,1.984,406
RAW,492.4,8309,6818,2.004,410
RAW,492.5,8313,6817,1.989,407
RAW,492.6,8310,6815,2.009,411
RAW,492.6,8298,6811,1.989,407
RAW,492.8,8291,6809,2.009,411
RAW,492.9,8278,6808,1.994,408
RAW,493.0,8283,6803,2.009,411
RAW,493.5,8292,6811,1.984,406
RAW,493.6,8304,6814,2.004,410
RAW,493.7,8310,6819,1.989,407
RAW,493.8,8312,6829,2.004,410
RAW,493.9,8327,6825,1.994,408
RAW,494.0,8322,6826,2.004,410
RAW,494.1,8333,6837,1.994,408
RAW,494.2,8330,6832,2.009,411
RAW,494.3,8341,6835,1.994,408
RAW,494.3,8340,6838,2.009,411
RAW,494.8,8361,6847,2.004,410
RAW,494.9,8360,6841,1.984,406
RAW,495.0,8367,6845,2.004,410
RAW,495.1,8365,6847,1.989,407
RAW,495.2,8366,6847,2.009,411
RAW,495.3,8367,6851,1.994,408
RAW,495.4,8370,6846,2.014,412
RAW,495.5,8370,6846,1.989,407
RAW,495.5,8379,6848,2.014,412
RAW,495.7,8372,6850,1.994,408
RAW,495.8,8372,6852,2.014,412
RAW,495.9,8374,6851,1.994,408
RAW,496.4,8374,6854,2.004,410
RAW,496.5,8375,6852,1.984,406
RAW,496.6,8377,6849,2.009,411
RAW,496.7,8384,6853,1.989,407
RAW,496.8,8380,6856,2.009,411
RAW,496.8,8381,6855,1.989,407
RAW,497.0,8385,6852,2.009,411
RAW,497.1,8387,6853,1.989,407
RAW,497.2,8384,6852,2.009,411
RAW,497.7,8372,6846,1.984,406
RAW,497.7,8351,6826,2.004,410
RAW,497.9,8309,6800,1.984,406
RAW,498.0,8253,6773,2.009,411
RAW,498.1,8205,6755,1.989,407
RAW,498.1,8149,6742,2.009,411
RAW,498.3,8128,6729,1.989,407
RAW,498.4,8106,6722,2.009,411
RAW,498.9,8123,6726,1.984,406
RAW,499.0,8134,6730,2.004,410
RAW,499.0,8144,6745,1.984,406
RAW,499.2,8159,6752,2.009,411
RAW,499.3,8172,6755,1.989,407
RAW,499.3,8195,6758,2.009,411
RAW,499.7,8226,6774,1.984,406
RAW,499.8,8232,6780,2.009,411
RAW,499.8,8239,6785,1.989,407
RAW,500.0,8248,6791,2.009,411
RAW,500.1,8261,6792,1.989,407
RAW,500.2,8273,6794,2.014,412
RAW,500.2,8286,6804,1.989,407
RAW,500.4,8292,6798,2.009,411
RAW,500.5,8291,6799,1.994,408
RAW,500.6,8291,6797,2.014,412
RAW,501.1,8271,6795,1.984,406
RAW,501.1,8263,6792,2.004,410
RAW,501.3,8270,6795,1.984,406
RAW,501.4,8272,6792,2.009,411
RAW,501.5,8267,6790,1.989,407
RAW,501.5,8273,6792,2.009,411
RAW,501.7,8278,6802,1.994,408
RAW,501.8,8282,6802,2.009,411
RAW,502.3,8312,6822,1.984,406
RAW,502.3,8323,6819,2.004,410
RAW,502.5,8328,6821,1.989,407
RAW,502.6,8326,6822,2.004,410
RAW,502.7,8334,6822,1.989,407
RAW,502.7,8335,6828,2.009,411
RAW,502.8,8346,6833,1.989,407
RAW,503.0,8347,6835,2.014,412
RAW,503.5,8357,6840,1.984,406
RAW,503.6,8357,6838,2.004,410
RAW,503.6,8368,6845,1.984,406
RAW,503.7,8365,6844,2.009,411
RAW,503.9,8371,6848,1.989,407
RAW,504.0,8373,6845,2.009,411
RAW,504.0,8368,6843,1.989,407
RAW,504.1,8370,6847,2.009,411
RAW,504.3,8378,6846,1.989,407
RAW,504.7,8374,6843,1.989,407
RAW,504.8,8377,6847,2.004,410
RAW,504.9,8386,6847,1.989,407
RAW,505.0,8380,6845,2.009,411
RAW,505.1,8386,6848,1.989,407
RAW,505.2,8381,6847,2.009,411
RAW,505.2,8377,6851,1.994,408
RAW,505.3,8378,6847,2.009,411
RAW,505.5,8385,6850,1.994,408
RAW,505.6,8387,6851,2.009,411
RAW,505.6,8393,6858,1.994,408
RAW,506.1,8394,6853,1.984,406
RAW,506.2,8392,6849,2.009,411
RAW,506.2,8385,6846,1.989,407
RAW,506.4,8374,6839,2.009,411
RAW,506.5,8336,6814,1.989,407
RAW,506.5,8290,6784,2.009,411
RAW,506.6,8230,6754,1.994,408
RAW,506.8,8168,6734,2.009,411
RAW,506.9,8124,6721,1.994,408
RAW,507.0,8098,6711,2.009,411
RAW,507.0,8087,6706,1.994,408
RAW,507.5,8103,6714,1.989,407
RAW,507.5,8113,6723,2.004,410
RAW,507.7,8122,6719,1.989,407
RAW,507.8,8141,6733,2.004,410
RAW,507.8,8156,6739,1.989,407
RAW,508.0,8169,6750,2.009,411
RAW,508.1,8177,6755,1.994,408
RAW,508.2,8193,6753,2.009,411
RAW,508.2,8200,6757,1.994,408
RAW,508.3,8198,6766,2.009,411
RAW,508.5,8219,6767,1.994,408
RAW,508.6,8225,6766,2.009,411
RAW,509.0,8265,6791,2.009,411
RAW,509.1,8269,6789,1.989,407
RAW,509.1,8277,6792,2.009,411
RAW,509.2,8282,6793,1.989,407
RAW,509.4,8279,6789,2.014,412
RAW,509.5,8276,6790,1.994,408
RAW,509.5,8274,6788,2.014,412
RAW,509.6,8277,6787,1.994,408
RAW,509.8,8271,6788,2.014,412
RAW,509.8,8264,6785,1.994,408
RAW,510.3,8265,6786,1.989,407
RAW,510.4,8273,6788,2.004,410
RAW,510.5,8273,6792,1.989,407
RAW,510.5,8282,6798,2.004,410
RAW,510.7,8285,6795,1.994,408
RAW,510.7,8287,6803,2.009,411
RAW,510.8,8301,6802,1.994,408
RAW,511.0,8300,6807,2.009,411
RAW,511.1,8316,6815,1.994,408
RAW,511.1,8317,6810,2.009,411
RAW,511.6,8342,6827,1.984,406
RAW,511.7,8352,6830,2.004,410
RAW,511.8,8359,6828,1.989,407
RAW,512.0,8354,6835,2.004,410
RAW,512.0,8359,6827,1.989,407
RAW,512.2,8360,6830,2.009,411
RAW,512.2,8368,6837,1.994,408
RAW,512.4,8368,6839,2.009,411
RAW,512.9,8379,6840,1.989,407
RAW,513.0,8379,6841,2.004,410
RAW,513.0,8383,6839,1.989,407
RAW,513.2,8387,6846,2.004,410
RAW,513.3,8382,6848,1.989,407
RAW,513.3,8389,6842,2.004,410
RAW,513.5,8391,6841,1.994,408
RAW,513.5,8391,6846,2.009,411
RAW,513.7,8396,6842,1.989,407
RAW,514.2,8394,6850,2.004,410
RAW,514.2,8393,6845,1.989,407
RAW,514.3,8393,6848,2.004,410
RAW,514.5,8397,6848,1.994,408
RAW,514.5,8395,6854,2.009,411
RAW,514.7,8405,6850,1.989,407
RAW,514.7,8394,6851,2.009,411
RAW,514.9,8404,6849,1.994,408
RAW,515.4,8389,6849,1.999,409
RAW,515.5,8355,6833,1.984,406
RAW,515.5,8310,6797,2.004,410
RAW,515.7,8256,6773,1.989,407
RAW,515.8,8195,6747,2.009,411
RAW,515.8,8146,6725,1.994,408
RAW,516.0,8118,6719,2.009,411
RAW,516.0,8108,6709,1.994,408
RAW,516.5,8126,6727,2.004,410
RAW,516.7,8134,6727,1.989,407
RAW,516.7,8147,6733,2.004,410
RAW,516.8,8160,6740,1.989,407
RAW,517.0,8177,6751,2.009,411
RAW,517.0,8191,6752,1.989,407
RAW,517.2,8209,6766,2.014,412
RAW,517.5,8236,6771,1.989,407
RAW,517.5,8245,6779,2.004,410
RAW,517.7,8254,6783,1.989,407
RAW,518.2,8293,6798,1.999,409
RAW,518.2,8293,6796,1.989,407
RAW,518.3,8293,6797,1.999,409
RAW,518.5,8286,6796,1.989,407
RAW,518.5,8289,6798,2.004,410
RAW,518.7,8281,6787,1.989,407
RAW,518.7,8276,6785,2.009,411
RAW,518.8,8272,6786,1.989,407
RAW,519.0,8279,6788,2.009,411
RAW,519.0,8273,6783,1.994,408
RAW,519.6,8288,6797,1.999,409
RAW,519.7,8293,6801,1.989,407
RAW,519.7,8296,6799,2.004,410
RAW,519.8,8305,6806,1.989,407
RAW,520.0,8316,6810,2.004,410
RAW,520.0,8327,6813,1.989,407
RAW,520.2,8327,6818,2.009,411
RAW,520.2,8331,6827,1.994,408
RAW,520.3,8338,6826,2.009,411
RAW,520.5,8350,6826,1.994,408
RAW,520.5,8349,6828,2.009,411
RAW,521.0,8361,6830,2.004,410
RAW,521.0,8363,6836,1.984,406
RAW,521.2,8367,6842,2.009,411
RAW,521.3,8370,6834,1.989,407
RAW,521.3,8372,6841,2.009,411
RAW,521.5,8373,6841,1.989,407
RAW,521.5,8373,6845,2.014,412
RAW,521.7,8371,6842,1.989,407
RAW,521.7,8367,6842,2.009,411
RAW,521.8,8373,6838,1.989,407
RAW,522.0,8369,6849,2.014,412
RAW,522.0,8377,6850,1.994,408
RAW,522.2,8372,6845,2.014,412
RAW,522.7,8382,6844,1.989,407
RAW,522.7,8384,6846,2.004,410
RAW,522.8,8382,6844,1.989,407
RAW,523.0,8384,6846,2.009,411
RAW,523.0,8382,6848,1.989,407
RAW,523.2,8389,6848,2.009,411
RAW,523.2,8383,6847,1.989,407
RAW,523.3,8394,6842,2.009,411
RAW,523.5,8392,6847,1.994,408
RAW,523.5,8388,6848,2.009,411
RAW,523.7,8386,6849,1.994,408
RAW,523.7,8386,6847,2.014,412
RAW,523.8,8392,6846,1.994,408
RAW,524.0,8385,6844,2.019,413
RAW,524.5,8193,6748,1.984,406
RAW,524.5,8146,6724,2.004,410
RAW,524.7,8119,6719,1.989,407
RAW,524.7,8109,6709,2.009,411
RAW,524.8,8108,6712,1.989,407
RAW,525.0,8107,6714,2.009,411
RAW,525.0,8118,6715,1.989,407
RAW,525.2,8124,6722,2.014,412
RAW,525.2,8135,6730,1.989,407
RAW,525.3,8151,6749,2.014,412
RAW,525.4,8169,6740,1.989,407
RAW,526.0,8254,6775,2.004,410
RAW,526.0,8262,6783,1.984,406
RAW,526.2,8261,6793,2.004,410
RAW,526.2,8273,6795,1.989,407
RAW,526.3,8284,6798,2.009,411
RAW,526.5,8300,6804,1.989,407
RAW,526.5,8309,6806,2.009,411
RAW,526.7,8315,6806,1.989,407
RAW,526.7,8322,6815,2.014,412
RAW,526.8,8318,6812,1.989,407
RAW,527.0,8315,6812,2.009,411
RAW,527.0,8315,6812,1.989,407
RAW,527.1,8298,6801,2.014,412
RAW,527.7,8282,6788,1.999,409
RAW,527.8,8277,6793,1.984,406
RAW,528.0,8283,6797,2.004,410
RAW,528.0,8288,6799,1.984,406
RAW,528.2,8294,6803,2.004,410
RAW,528.2,8302,6804,1.989,407
RAW,528.3,8311,6806,2.004,410
RAW,528.4,8316,6809,1.989,407
RAW,528.5,8319,6811,2.009,411
RAW,528.7,8333,6817,1.989,407
RAW,528.7,8344,6828,2.009,411
RAW,528.8,8342,6824,1.989,407
RAW,529.5,8365,6836,1.979,405
RAW,529.5,8364,6834,2.004,410
RAW,529.7,8359,6840,1.984,406
RAW,529.7,8361,6834,2.004,410
RAW,529.8,8363,6837,1.984,406
RAW,530.0,8367,6834,2.004,410
RAW,530.0,8370,6841,1.984,406
RAW,530.1,8372,6837,2.004,410
RAW,530.2,8378,6839,1.989,407
RAW,530.3,8374,6833,2.009,411
RAW,530.5,8380,6843,1.989,407
RAW,530.5,8376,6833,2.009,411
RAW,530.7,8382,6831,1.989,407
RAW,530.7,8370,6841,2.009,411
RAW,530.8,8375,6843,1.989,407
RAW,530.9,8380,6837,2.014,412
RAW,531.0,8376,6839,1.989,407
RAW,531.5,8378,6840,2.004,410
RAW,531.7,8377,6837,1.979,405
RAW,531.7,8382,6837,2.004,410
RAW,531.8,8387,6838,1.984,406
RAW,532.0,8379,6840,2.004,410
RAW,532.0,8385,6844,1.989,407
RAW,532.2,8379,6844,2.009,411
RAW,532.2,8388,6844,1.984,406
RAW,532.3,8385,6845,2.009,411
RAW,532.5,8382,6837,1.989,407
RAW,532.5,8370,6826,2.009,411
RAW,532.7,8331,6811,1.984,406
RAW,532.7,8286,6778,2.009,411
RAW,532.8,8224,6751,1.989,407
RAW,533.0,8176,6722,2.009,411
RAW,533.0,8137,6723,1.989,407
RAW,533.1,8119,6706,2.014,412
RAW,533.5,8115,6713,2.004,410
RAW,533.7,8118,6720,1.984,406
RAW,533.7,8126,6722,1.999,409
RAW,533.8,8145,6733,1.989,407
RAW,534.0,8161,6743,2.004,410
RAW,534.0,8177,6749,1.984,406
RAW,534.2,8200,6758,2.009,411
RAW,534.2,8214,6755,1.989,407
RAW,534.3,8224,6759,2.009,411
RAW,534.4,8234,6763,1.989,407
RAW,534.5,8250,6773,2.009,411
RAW,534.7,8255,6764,1.989,407
RAW,534.7,8260,6788,2.009,411
RAW,534.8,8272,6784,1.989,407
RAW,535.0,8284,6789,2.009,411
RAW,535.5,8291,6793,1.984,406
RAW,535.5,8299,6796,1.999,409
RAW,535.7,8297,6798,1.984,406
RAW,535.7,8294,6789,1.999,409
RAW,535.8,8288,6792,1.984,406
RAW,536.0,8276,6789,2.004,410
RAW,536.0,8283,6784,1.989,407
RAW,536.1,8269,6784,2.004,410
RAW,536.2,8274,6782,1.984,406
RAW,536.3,8276,6782,2.004,410
RAW,536.4,8279,6789,1.989,407
RAW,536.5,8288,6782,2.004,410
RAW,537.0,8318,6803,1.979,405
RAW,537.2,8323,6806,1.999,409
RAW,537.2,8326,6807,1.984,406
RAW,537.3,8336,6807,1.999,409
RAW,537.4,8343,6817,1.984,406
RAW,537.5,8349,6816,2.004,410
RAW,537.7,8352,6818,1.984,406
RAW,537.7,8351,6819,1.999,409
RAW,537.8,8362,6821,1.989,407
RAW,538.0,8361,6825,2.004,410
RAW,538.0,8368,6824,1.989,407
RAW,538.1,8366,6829,2.004,410
RAW,538.2,8364,6831,1.989,407
RAW,538.3,8368,6826,2.004,410
RAW,538.6,8378,6825,1.984,406
RAW,538.7,8379,6835,1.999,409
RAW,538.8,8377,6830,1.984,406
RAW,539.0,8375,6830,2.004,410
RAW,539.0,8377,6835,1.984,406
RAW,539.1,8384,6832,2.004,410
RAW,539.2,8389,6833,1.989,407
RAW,539.5,8384,6835,1.999,409
RAW,539.7,8386,6831,1.984,406
RAW,539.7,8383,6831,2.004,410
RAW,539.8,8386,6833,1.984,406
RAW,539.9,8390,6834,2.004,410
RAW,540.2,8391,6835,1.979,405
RAW,540.3,8397,6836,1.999,409
RAW,540.4,8396,6839,1.984,406
RAW,540.5,8403,6840,2.004,410
RAW,540.7,8404,6839,1.984,406
RAW,540.7,8400,6843,1.999,409
RAW,540.8,8402,6840,1.984,406
RAW,541.0,8394,6839,2.004,410
RAW,541.0,8400,6842,1.989,407
RAW,541.3,8358,6810,1.999,409
RAW,541.5,8316,6799,1.984,406
RAW,541.5,8261,6763,1.999,409
RAW,541.6,8203,6733,1.984,406
RAW,542.0,8101,6702,1.999,409
RAW,542.0,8100,6704,1.984,406
RAW,542.1,8094,6695,1.999,409
RAW,542.2,8104,6700,1.984,406
RAW,542.3,8113,6707,2.004,410
RAW,542.4,8121,6709,1.984,406
RAW,542.5,8130,6711,2.004,410
RAW,542.7,8144,6727,1.984,406
RAW,542.7,8166,6733,2.004,410
RAW,543.0,8210,6758,1.984,406
RAW,543.2,8224,6759,2.004,410
RAW,543.2,8233,6757,1.984,406
RAW,543.3,8242,6764,2.004,410
RAW,543.5,8248,6767,1.984,406
RAW,543.7,8278,6782,1.999,409
RAW,543.8,8283,6786,1.979,405
RAW,544.0,8295,6792,1.999,409
RAW,544.0,8298,6788,1.984,406
RAW,544.1,8304,6790,2.004,410
RAW,544.2,8302,6790,1.989,407
RAW,544.5,8293,6781,1.999,409
RAW,544.6,8285,6784,1.984,406
RAW,544.7,8279,6785,2.004,410
RAW,544.8,8283,6787,1.989,407
RAW,544.9,8271,6779,2.004,410
RAW,545.0,8281,6786,1.989,407
RAW,545.2,8280,6781,2.004,410
RAW,545.2,8288,6788,1.989,407
RAW,545.5,8306,6793,2.004,410
RAW,545.7,8309,6798,1.984,406
RAW,545.7,8312,6802,1.999,409
RAW,545.8,8319,6805,1.984,406
RAW,545.9,8333,6809,2.004,410
RAW,546.0,8337,6819,1.989,407
RAW,546.1,8346,6814,2.004,410
RAW,546.5,8356,6821,1.984,406
RAW,546.5,8363,6824,2.004,410
RAW,546.6,8366,6824,1.984,406
RAW,546.7,8373,6828,2.004,410
RAW,546.8,8375,6825,1.989,407
RAW,546.9,8373,6825,2.004,410
RAW,547.0,8377,6825,1.989,407
RAW,547.1,8379,6825,2.004,410
RAW,547.4,8378,6830,1.984,406
RAW,547.5,8385,6830,1.999,409
RAW,547.6,8385,6837,1.984,406
RAW,547.7,8377,6832,1.999,409
RAW,547.8,8384,6828,1.989,407
RAW,547.9,8382,6832,2.004,410
RAW,548.0,8386,6832,1.989,407
RAW,548.2,8392,6830,2.009,411
RAW,548.2,8386,6831,1.994,408
RAW,548.3,8390,6833,2.009,411
RAW,548.4,8386,6837,1.989,407
RAW,548.7,8389,6834,1.999,409
RAW,548.8,8389,6830,1.984,406
RAW,548.9,8391,6841,2.004,410
RAW,549.0,8389,6838,1.989,407
RAW,549.1,8391,6838,2.009,411
RAW,549.2,8388,6842,1.989,407
RAW,549.3,8390,6840,2.004,410
RAW,549.6,8397,6841,1.984,406
RAW,549.7,8396,6842,2.004,410
RAW,549.8,8399,6846,1.984,406
RAW,549.9,8400,6834,2.004,410
RAW,550.0,8381,6831,1.989,407
RAW,550.1,8359,6818,2.004,410
RAW,550.2,8315,6791,1.984,406
RAW,550.3,8261,6766,2.009,411
RAW,550.4,8213,6743,1.989,407
RAW,550.7,8123,6702,2.004,410
RAW,550.8,8116,6704,1.984,406
RAW,550.9,8121,6703,2.004,410
RAW,551.0,8121,6708,1.989,407
RAW,551.2,8128,6717,2.004,410
RAW,551.2,8147,6722,1.989,407
RAW,551.5,8196,6747,2.004,410
RAW,551.7,8212,6752,1.984,406
RAW,551.7,8231,6762,2.004,410
RAW,551.8,8241,6766,1.989,407
RAW,551.9,8250,6768,2.004,410
RAW,552.0,8256,6773,1.989,407
RAW,552.1,8263,6776,2.004,410
RAW,552.2,8278,6782,1.989,407
RAW,552.3,8290,6789,2.009,411
RAW,552.4,8299,6798,1.989,407
RAW,552.5,8311,6805,2.009,411
RAW,552.6,8316,6806,1.994,408
RAW,552.7,8324,6806,2.014,412
RAW,552.8,8331,6806,1.994,408
RAW,553.1,8316,6800,2.004,410
RAW,553.2,8310,6793,1.989,407
RAW,553.3,8304,6788,2.004,410
RAW,553.4,8302,6787,1.989,407
RAW,553.5,8286,6783,2.004,410
RAW,553.6,8275,6782,1.989,407
RAW,553.7,8280,6783,2.009,411
RAW,553.8,8281,6783,1.989,407
RAW,553.9,8290,6786,2.009,411
RAW,554.0,8284,6786,1.989,407
RAW,554.2,8297,6791,2.009,411
RAW,554.2,8302,6787,1.989,407
RAW,554.3,8310,6795,2.009,411
RAW,554.4,8314,6805,1.994,408
RAW,554.5,8323,6804,2.009,411
RAW,554.6,8329,6806,1.989,407
RAW,554.7,8333,6804,2.014,412
RAW,554.8,8338,6810,1.994,408
RAW,554.9,8344,6813,2.009,411
RAW,555.0,8351,6815,1.989,407
RAW,555.1,8350,6817,2.009,411
RAW,555.2,8349,6817,1.994,408
RAW,555.7,8367,6825,2.004,410
RAW,555.8,8364,6822,1.984,406
RAW,555.9,8371,6826,2.004,410
RAW,556.0,8379,6827,1.989,407
RAW,556.1,8372,6831,2.009,411
RAW,556.2,8376,6823,1.989,407
RAW,556.3,8370,6824,2.004,410
RAW,556.4,8375,6824,1.989,407
RAW,556.5,8378,6824,2.009,411
RAW,556.6,8380,6832,1.989,407
RAW,556.7,8377,6834,2.009,411
RAW,556.8,8382,6827,1.989,407
RAW,556.9,8382,6831,2.009,411
RAW,557.0,8381,6829,1.994,408
RAW,557.1,8379,6828,2.009,411
RAW,557.2,8375,6831,1.989,407
RAW,557.3,8385,6833,2.009,411
RAW,557.4,8378,6832,1.989,407
RAW,557.5,8380,6833,2.009,411
RAW,558.1,8383,6824,1.999,409
RAW,558.3,8343,6806,1.999,409
RAW,558.4,8298,6788,1.984,406
RAW,558.5,8251,6754,1.999,409
RAW,558.6,8201,6736,1.984,406
RAW,558.7,8145,6710,2.004,410
RAW,558.8,8127,6702,1.984,406
RAW,558.9,8108,6698,2.004,410
RAW,559.0,8096,6700,1.984,406
RAW,559.1,8105,6698,2.004,410
RAW,559.2,8108,6701,1.989,407
RAW,559.3,8116,6710,2.009,411
RAW,559.4,8132,6713,1.989,407
RAW,559.5,8146,6719,2.004,410
RAW,559.6,8156,6728,1.989,407
RAW,559.7,8173,6738,2.009,411
RAW,559.8,8193,6749,1.989,407
RAW,559.9,8206,6745,2.009,411
RAW,560.0,8223,6752,1.989,407
RAW,560.5,8275,6773,1.999,409
RAW,560.6,8290,6783,1.984,406
RAW,560.7,8297,6786,1.999,409
RAW,560.8,8301,6791,1.984,406
RAW,560.9,8310,6795,2.004,410
RAW,561.0,8314,6792,1.984,406
RAW,561.1,8305,6790,2.004,410
RAW,561.2,8306,6790,1.984,406
RAW,561.3,8300,6785,2.004,410
RAW,561.4,8294,6783,1.984,406
RAW,561.5,8287,6782,2.004,410
RAW,561.6,8284,6777,1.989,407
RAW,561.7,8278,6780,2.004,410
RAW,561.8,8282,6777,1.989,407
RAW,561.9,8280,6782,2.004,410
RAW,562.0,8279,6779,1.989,407
RAW,562.1,8284,6781,2.009,411
RAW,562.2,8288,6776,1.989,407
RAW,562.3,8293,6781,2.009,411
RAW,563.0,8340,6796,1.975,404
RAW,563.1,8350,6806,1.994,408
RAW,563.2,8350,6808,1.979,405
RAW,563.3,8346,6815,1.994,408
RAW,563.4,8355,6808,1.979,405
RAW,563.5,8352,6813,1.999,409
RAW,563.6,8359,6817,1.984,406
RAW,563.7,8366,6817,1.999,409
RAW,563.8,8363,6820,1.984,406
RAW,563.9,8363,6818,2.004,410
RAW,564.0,8372,6818,1.984,406
RAW,564.1,8369,6826,2.004,410
RAW,564.2,8376,6821,1.984,406
RAW,564.3,8370,6817,2.004,410
RAW,564.4,8370,6820,1.984,406
RAW,564.5,8380,6818,2.004,410
RAW,564.6,8377,6835,1.984,406
RAW,564.7,8384,6826,2.004,410
RAW,565.2,8383,6824,1.975,404
RAW,565.3,8387,6829,1.994,408
RAW,565.4,8387,6827,1.979,405
RAW,565.5,8383,6830,1.999,409
RAW,565.6,8389,6828,1.984,406
RAW,565.7,8391,6830,1.999,409
RAW,565.8,8389,6834,1.984,406
RAW,565.9,8385,6830,1.999,409
RAW,566.0,8379,6830,1.979,405
RAW,566.1,8400,6830,1.999,409
RAW,566.2,8395,6834,1.984,406
RAW,566.3,8393,6832,1.999,409
RAW,566.4,8393,6832,1.984,406
RAW,566.5,8380,6830,1.999,409
RAW,566.6,8376,6819,1.984,406
RAW,566.7,8343,6800,2.004,410
RAW,566.8,8299,6773,1.984,406
RAW,567.2,8117,6692,1.975,404
RAW,567.3,8103,6694,1.999,409
RAW,567.4,8101,6693,1.979,405
RAW,567.6,8101,6695,1.975,404
RAW,567.7,8110,6710,1.994,408
RAW,567.8,8113,6706,1.979,405
RAW,567.9,8130,6710,1.994,408
RAW,568.0,8147,6719,1.979,405
RAW,568.1,8159,6720,1.999,409
RAW,568.2,8180,6730,1.979,405
RAW,568.3,8183,6737,1.999,409
RAW,568.4,8197,6744,1.984,406
RAW,568.5,8212,6746,1.999,409
RAW,568.6,8222,6747,1.979,405
RAW,568.7,8223,6749,1.999,409
RAW,568.8,8233,6757,1.984,406
RAW,568.9,8241,6765,1.999,409
RAW,569.0,8261,6776,1.979,405
RAW,569.1,8265,6770,1.999,409
RAW,569.5,8288,6776,1.994,408
RAW,569.6,8290,6776,1.975,404
RAW,569.7,8284,6783,1.994,408
RAW,569.8,8279,6773,1.975,404
RAW,569.9,8276,6767,1.999,409
RAW,570.0,8276,6769,1.975,404
RAW,570.1,8271,6765,1.999,409
RAW,570.2,8269,6763,1.975,404
RAW,570.3,8268,6770,1.999,409
RAW,570.9,8294,6780,1.989,407
RAW,571.0,8296,6776,1.970,403
RAW,571.1,8309,6793,1.989,407
RAW,571.2,8316,6793,1.970,403
RAW,571.3,8323,6791,1.989,407
RAW,571.4,8330,6799,1.975,404
RAW,571.5,8334,6795,1.989,407
RAW,571.6,8340,6801,1.975,404
RAW,571.7,8345,6800,1.994,408
RAW,571.8,8356,6806,1.975,404
RAW,571.9,8360,6801,1.994,408
RAW,572.5,8367,6814,1.984,406
RAW,572.6,8368,6817,1.965,402
RAW,572.7,8368,6812,1.989,407
RAW,572.8,8375,6813,1.965,402
RAW,572.9,8373,6813,1.989,407
RAW,573.0,8373,6817,1.970,403
RAW,573.1,8377,6817,1.994,408
RAW,573.2,8378,6817,1.970,403
RAW,573.3,8377,6817,1.994,408
RAW,573.4,8373,6818,1.970,403
RAW,573.5,8380,6818,1.994,408
RAW,573.6,8378,6819,1.970,403
RAW,573.7,8384,6817,1.994,408
RAW,573.8,8385,6818,1.970,403
RAW,573.9,8384,6818,1.994,408
RAW,574.0,8382,6819,1.975,404
RAW,574.1,8387,6825,1.994,408
RAW,574.2,8391,6817,1.975,404
RAW,574.7,8395,6830,1.984,406
RAW,574.8,8397,6827,1.965,402
RAW,574.9,8398,6826,1.989,407
RAW,575.0,8405,6827,1.965,402
RAW,575.1,8397,6821,1.989,407
RAW,575.2,8396,6826,1.965,402
RAW,575.3,8394,6824,1.994,408
RAW,575.4,8383,6820,1.970,403
RAW,575.5,8362,6795,1.989,407
RAW,575.6,8305,6768,1.970,403
RAW,575.7,8259,6738,1.994,408
RAW,575.8,8201,6719,1.970,403
RAW,575.9,8143,6702,1.994,408
RAW,576.0,8120,6692,1.970,403
RAW,576.5,8107,6704,1.989,407
RAW,576.6,8115,6696,1.965,402
RAW,576.7,8133,6706,1.989,407
RAW,576.8,8147,6706,1.965,402
RAW,576.9,8158,6716,1.989,407
RAW,577.0,8177,6726,1.970,403
RAW,577.1,8192,6732,1.989,407
RAW,577.2,8203,6740,1.970,403
RAW,577.3,8216,6741,1.994,408
RAW,577.4,8230,6749,1.970,403
RAW,577.5,8235,6751,1.989,407
RAW,577.6,8246,6751,1.970,403
RAW,577.7,8254,6758,1.989,407
RAW,577.8,8263,6767,1.970,403
RAW,578.1,8296,6772,1.989,407
RAW,578.2,8300,6782,1.970,403
RAW,578.3,8296,6782,1.994,408
RAW,578.9,8287,6768,1.979,405
RAW,579.0,8277,6763,1.960,401
RAW,579.1,8274,6769,1.979,405
RAW,579.2,8279,6767,1.965,402
RAW,579.3,8284,6770,1.984,406
RAW,579.4,8293,6765,1.970,403
RAW,579.5,8298,6770,1.984,406
RAW,579.6,8301,6775,1.970,403
RAW,579.7,8312,6777,1.989,407
RAW,579.8,8315,6786,1.970,403
RAW,579.9,8314,6791,1.989,407
RAW,580.0,8331,6795,1.975,404
RAW,580.7,8364,6815,1.979,405
RAW,580.8,8364,6807,1.960,401
RAW,580.9,8367,6811,1.984,406
RAW,581.0,8373,6808,1.965,402
RAW,581.1,8372,6812,1.984,406
RAW,581.2,8373,6812,1.965,402
RAW,581.3,8372,6809,1.989,407
RAW,581.4,8374,6810,1.970,403
RAW,581.5,8371,6817,1.989,407
RAW,582.1,8380,6813,1.979,405
RAW,582.2,8383,6816,1.960,401
RAW,582.3,8379,6818,1.984,406
RAW,582.4,8381,6820,1.960,401
RAW,582.5,8385,6819,1.984,406
RAW,582.6,8385,6819,1.965,402
RAW,582.7,8387,6818,1.984,406
RAW,582.8,8383,6822,1.965,402
RAW,582.9,8388,6819,1.989,407
RAW,583.0,8390,6823,1.965,402
RAW,583.1,8390,6817,1.989,407
RAW,583.2,8380,6818,1.970,403
RAW,583.3,8385,6817,1.994,408
RAW,583.4,8395,6831,1.970,403
RAW,583.5,8389,6819,1.994,408
RAW,583.6,8393,6827,1.975,404
RAW,583.7,8393,6825,1.994,408
RAW,583.8,8391,6825,1.970,403
RAW,583.9,8390,6829,1.994,408
RAW,584.0,8395,6826,1.970,403
RAW,584.1,8398,6821,1.994,408
RAW,584.2,8386,6810,1.975,404
RAW,584.3,8353,6790,1.994,408
RAW,584.8,8130,6698,1.965,402
RAW,584.9,8114,6692,1.989,407
RAW,585.0,8105,6693,1.965,402
RAW,585.1,8109,6688,1.989,407
RAW,585.2,8112,6693,1.965,402
RAW,585.3,8129,6702,1.989,407
RAW,585.4,8139,6709,1.970,403
RAW,585.5,8143,6706,1.994,408
RAW,585.6,8166,6722,1.970,403
RAW,585.7,8187,6731,1.994,408
RAW,585.8,8205,6735,1.970,403
RAW,585.9,8227,6742,1.989,407
RAW,586.0,8232,6744,1.970,403
RAW,586.1,8245,6757,1.994,408
RAW,586.2,8251,6754,1.970,403
RAW,586.3,8257,6766,1.994,408
RAW,586.4,8272,6768,1.975,404
RAW,586.5,8278,6777,1.994,408
RAW,586.6,8291,6777,1.975,404
RAW,586.7,8299,6779,1.994,408
RAW,586.8,8307,6783,1.975,404
RAW,586.9,8310,6793,1.994,408
RAW,587.0,8308,6786,1.975,404
RAW,587.1,8312,6783,1.999,409
RAW,587.2,8305,6777,1.975,404
RAW,587.3,8296,6780,1.994,408
RAW,587.4,8303,6778,1.975,404
RAW,587.5,8294,6768,1.994,408
RAW,587.6,8288,6774,1.970,403
RAW,588.1,8285,6774,1.984,406
RAW,588.2,8283,6771,1.965,402
RAW,588.3,8295,6778,1.989,407
RAW,588.5,8307,6785,1.984,406
RAW,588.6,8315,6789,1.970,403
RAW,588.7,8326,6791,1.984,406
RAW,588.8,8327,6792,1.970,403
RAW,588.9,8339,6795,1.989,407
RAW,589.0,8334,6796,1.970,403
RAW,589.1,8341,6806,1.989,407
RAW,589.2,8346,6801,1.970,403
RAW,589.3,8349,6800,1.989,407
RAW,589.4,8352,6805,1.975,404
RAW,589.5,8357,6803,1.994,408
RAW,589.6,8358,6803,1.975,404
RAW,589.7,8357,6810,1.994,408
RAW,589.8,8356,6809,1.975,404
RAW,589.9,8361,6809,1.994,408
RAW,590.0,8366,6808,1.975,404
RAW,590.1,8365,6815,1.994,408
RAW,590.2,8367,6808,1.975,404
RAW,590.3,8364,6812,1.994,408
RAW,590.4,8371,6807,1.975,404
RAW,590.5,8371,6813,1.994,408
RAW,590.6,8378,6807,1.975,404
RAW,590.7,8369,6817,1.994,408
RAW,590.8,8371,6814,1.975,404
RAW,590.9,8373,6815,1.994,408
RAW,591.0,8371,6810,1.975,404
RAW,591.1,8373,6813,1.994,408
RAW,591.2,8382,6813,1.975,404
RAW,591.9,8386,6820,1.979,405
RAW,592.0,8385,6820,1.965,402
RAW,592.1,8389,6819,1.984,406
RAW,592.2,8384,6815,1.965,402
RAW,592.3,8391,6818,1.984,406
RAW,592.4,8379,6811,1.970,403
RAW,592.5,8350,6800,1.989,407
RAW,592.6,8306,6773,1.970,403
RAW,592.7,8257,6746,1.989,407
RAW,592.8,8194,6717,1.975,404
RAW,592.9,8146,6701,1.994,408
RAW,593.0,8118,6692,1.975,404
RAW,593.1,8100,6685,1.994,408
RAW,593.2,8095,6683,1.975,404
RAW,593.3,8092,6680,1.994,408
RAW,593.4,8098,6686,1.975,404
RAW,593.5,8100,6685,1.994,408
RAW,593.6,8113,6689,1.975,404
RAW,593.7,8129,6696,1.994,408
RAW,593.8,8142,6705,1.975,404
RAW,593.9,8156,6718,1.994,408
RAW,594.0,8177,6721,1.975,404
RAW,594.4,8227,6741,1.970,403
RAW,594.5,8238,6747,1.994,408
RAW,594.6,8235,6750,1.970,403
RAW,594.7,8253,6759,1.989,407
RAW,594.8,8267,6760,1.970,403
RAW,594.9,8279,6763,1.989,407
RAW,595.0,8274,6767,1.975,404
RAW,595.1,8287,6770,1.994,408
RAW,595.2,8295,6765,1.975,404
RAW,595.3,8297,6773,1.994,408
RAW,595.4,8293,6779,1.970,403
RAW,595.5,8290,6771,1.994,408
RAW,595.6,8294,6773,1.975,404
RAW,595.7,8292,6770,1.994,408
RAW,595.8,8282,6764,1.975,404
RAW,595.9,8280,6766,1.999,409
RAW,596.0,8278,6762,1.975,404
RAW,596.1,8278,6767,1.999,409
RAW,596.2,8281,6765,1.975,404
RAW,596.3,8292,6764,1.994,408
RAW,596.4,8294,6772,1.975,404
RAW,596.5,8300,6772,1.999,409
RAW,596.6,8309,6772,1.975,404
RAW,596.7,8324,6770,1.994,408
RAW,596.8,8330,6781,1.975,404
RAW,596.9,8332,6783,1.999,409
RAW,597.0,8341,6784,1.975,404
RAW,597.1,8339,6789,1.999,409
RAW,597.2,8354,6787,1.975,404
RAW,597.3,8358,6786,1.999,409
RAW,597.4,8353,6788,1.975,404
RAW,598.1,8373,6800,1.984,406
RAW,598.2,8373,6803,1.965,402
RAW,598.3,8373,6796,1.989,407
RAW,598.4,8380,6804,1.970,403
RAW,598.5,8383,6801,1.989,407
RAW,598.6,8380,6802,1.965,402
RAW,598.7,8376,6800,1.989,407
RAW,598.8,8386,6800,1.970,403
RAW,598.9,8388,6804,1.994,408
RAW,599.0,8386,6804,1.970,403
RAW,599.1,8387,6806,1.994,408
RAW,599.2,8385,6806,1.970,403
RAW,599.3,8381,6805,1.994,408
RAW,599.4,8387,6806,1.975,404
RAW,599.5,8390,6810,1.994,408
RAW,599.6,8391,6804,1.970,403
RAW,599.7,8390,6813,1.999,409
RAW,599.8,8392,6813,1.975,404
RAW,599.9,8403,6813,1.994,408

------------------------------------------
PHASE 2 (600-1200 tenths of seconds): Processed BPM/SpO2 data
Format: PROC,Time_0.1s,BPM,SpO2,GSR_V,GSR_raw
------------------------------------------
PROC,605.2,47.8,97.0,2.155,441
PROC,606.2,47.8,97.0,2.053,420
PROC,607.2,47.8,97.0,1.975,404
PROC,608.2,47.8,97.0,1.955,400
PROC,609.2,47.8,97.0,1.945,398
PROC,610.2,47.8,97.0,1.945,398
PROC,611.3,47.8,97.0,1.975,404
PROC,612.3,47.8,97.0,1.989,407
PROC,613.3,47.8,97.0,1.965,402
PROC,614.3,47.8,97.0,1.955,400
PROC,615.4,47.8,97.0,1.965,402
PROC,616.4,47.8,97.0,1.940,397
PROC,617.4,47.8,97.0,1.945,398
PROC,618.4,47.8,97.0,1.965,402
PROC,619.4,47.8,97.0,1.945,398
PROC,620.4,47.8,97.0,1.945,398
PROC,621.5,47.8,97.0,1.989,407
PROC,622.5,47.8,97.0,1.970,403
PROC,623.5,47.8,97.0,1.994,408
PROC,624.5,47.8,97.0,1.994,408
PROC,625.5,47.8,97.0,1.965,402
PROC,626.5,47.8,97.0,1.950,399
PROC,627.6,47.8,97.0,1.979,405
PROC,628.6,47.8,97.0,1.970,403
PROC,629.6,47.8,97.0,1.950,399
PROC,630.6,47.8,97.0,1.945,398
PROC,631.7,47.8,97.0,1.989,407
PROC,632.7,47.8,97.0,1.994,408
PROC,633.7,47.8,97.0,1.984,406
PROC,634.7,47.8,97.0,1.970,403
PROC,635.7,47.8,97.0,1.965,402
PROC,636.7,47.8,97.0,1.955,400
PROC,637.7,47.8,97.0,1.945,398
PROC,638.8,47.8,97.0,1.945,398
PROC,639.8,47.8,97.0,1.965,402
PROC,640.8,47.8,97.0,1.940,397
PROC,641.8,47.8,97.0,1.940,397
PROC,642.8,47.8,97.0,1.950,399
PROC,643.9,47.8,97.0,1.975,404
PROC,644.9,47.8,97.0,1.989,407
PROC,645.9,47.8,97.0,1.975,404
PROC,646.9,47.8,97.0,1.955,400
PROC,647.9,47.8,97.0,1.950,399
PROC,649.0,47.8,97.0,1.975,404
PROC,650.0,47.8,97.0,1.955,400
PROC,651.0,47.8,97.0,1.945,398
PROC,652.0,47.8,97.0,1.945,398
PROC,653.0,47.8,97.0,1.955,400
PROC,654.1,47.8,97.0,1.994,408
PROC,655.1,47.8,97.0,1.989,407
PROC,656.1,47.8,97.0,1.989,407
PROC,657.1,47.8,97.0,1.955,400
PROC,658.1,47.8,97.0,1.950,399
PROC,659.2,47.8,97.0,1.975,404
PROC,660.2,47.8,97.0,1.965,402
PROC,661.2,47.8,97.0,1.945,398
PROC,662.2,47.8,97.0,1.950,399
PROC,663.2,47.8,97.0,1.994,408
PROC,664.3,47.8,97.0,1.975,404
PROC,665.3,47.8,97.0,1.989,407
PROC,666.3,47.8,97.0,1.965,402
PROC,667.3,47.8,97.0,1.955,400
PROC,668.3,47.8,97.0,1.979,405
PROC,669.4,47.8,97.0,1.950,399
PROC,670.4,47.8,97.0,1.950,399
PROC,671.4,47.8,97.0,1.940,397
PROC,672.4,47.8,97.0,1.950,399
PROC,673.5,47.8,97.0,1.994,408
PROC,674.5,47.8,97.0,1.975,404
PROC,675.5,47.8,97.0,1.975,404
PROC,676.5,47.8,97.0,1.960,401
PROC,677.5,47.8,97.0,1.955,400
PROC,678.5,47.8,97.0,1.979,405
PROC,679.6,47.8,97.0,1.950,399
PROC,680.6,47.8,97.0,1.955,400
PROC,681.6,47.8,97.0,1.945,398
PROC,682.6,47.8,97.0,1.955,400
PROC,683.7,47.8,97.0,1.994,408
PROC,684.7,47.8,97.0,1.975,404
PROC,685.7,47.8,97.0,1.975,404
PROC,686.7,47.8,97.0,1.965,402
PROC,687.7,47.8,97.0,1.950,399
PROC,688.7,47.8,97.0,1.979,405
PROC,689.8,47.8,97.0,1.945,398
PROC,690.8,47.8,97.0,1.950,399
PROC,691.8,47.8,97.0,1.945,398
PROC,692.8,47.8,97.0,1.945,398
PROC,693.8,47.8,97.0,1.984,406
PROC,694.9,47.8,97.0,1.970,403
PROC,695.9,47.8,97.0,1.984,406
PROC,696.9,47.8,97.0,1.955,400
PROC,697.9,47.8,97.0,1.945,398
PROC,698.9,47.8,97.0,1.970,403
PROC,700.0,47.8,97.0,1.935,396
PROC,701.0,47.8,97.0,1.955,400
PROC,702.0,47.8,97.0,1.935,396
PROC,703.0,47.8,97.0,1.935,396
PROC,704.0,47.8,97.0,1.975,404
PROC,705.1,47.8,97.0,1.960,401
PROC,706.1,47.8,97.0,1.979,405
PROC,707.1,47.8,97.0,1.955,400
PROC,708.1,47.8,97.0,1.940,397
PROC,709.1,47.8,97.0,1.965,402
PROC,710.2,47.8,97.0,1.931,395
PROC,711.2,47.8,97.0,1.945,398
PROC,712.2,47.8,97.0,1.931,395
PROC,713.2,47.8,97.0,1.945,398
PROC,714.2,47.8,97.0,1.979,405
PROC,715.3,47.8,97.0,1.960,401
PROC,716.3,47.8,97.0,1.979,405
PROC,717.3,47.8,97.0,1.955,400
PROC,718.3,47.8,97.0,1.945,398
PROC,719.3,47.8,97.0,1.940,397
PROC,720.3,47.8,97.0,1.965,402
PROC,721.4,47.8,97.0,1.955,400
PROC,722.4,47.8,97.0,1.935,396
PROC,723.4,47.8,97.0,1.940,397
PROC,724.4,47.8,97.0,1.945,398
PROC,725.5,47.8,97.0,1.960,401
PROC,726.5,47.8,97.0,1.984,406
PROC,727.5,47.8,97.0,1.950,399
PROC,728.5,47.8,97.0,1.935,396
PROC,729.5,47.8,97.0,1.965,402
PROC,730.6,47.8,97.0,1.950,399
PROC,731.6,47.8,97.0,1.940,397
PROC,732.6,47.8,97.0,1.931,395
PROC,733.6,47.8,97.0,1.935,396
PROC,734.6,47.8,97.0,1.940,397
PROC,735.6,47.8,97.0,1.989,407
PROC,736.7,47.8,97.0,1.984,406
PROC,737.7,47.8,97.0,1.955,400
PROC,738.7,47.8,97.0,1.945,398
PROC,739.7,47.8,97.0,1.940,397
PROC,740.7,47.8,97.0,1.940,397
PROC,741.8,47.8,97.0,1.955,400
PROC,742.8,47.8,97.0,1.955,400
PROC,743.8,47.8,97.0,1.931,395
PROC,744.8,47.8,97.0,1.940,397
PROC,745.8,47.8,97.0,1.979,405
PROC,746.9,47.8,97.0,1.979,405
PROC,747.9,47.8,97.0,1.955,400
PROC,748.9,47.8,97.0,1.945,398
PROC,749.9,47.8,97.0,1.935,396
PROC,750.9,47.8,97.0,1.960,401
PROC,752.0,47.8,97.0,1.935,396
PROC,753.0,47.8,97.0,1.945,398
PROC,754.0,47.8,97.0,1.926,394
PROC,755.0,47.8,97.0,1.935,396
PROC,756.0,47.8,97.0,1.979,405
PROC,757.0,47.8,97.0,1.965,402
PROC,758.1,47.8,97.0,1.955,400
PROC,759.1,47.8,97.0,1.940,397
PROC,760.1,47.8,97.0,1.931,395
PROC,761.1,47.8,97.0,1.955,400
PROC,762.2,47.8,97.0,1.940,397
PROC,763.2,47.8,97.0,1.926,394
PROC,764.2,47.8,97.0,1.926,394
PROC,765.2,47.8,97.0,1.970,403
PROC,766.2,47.8,97.0,1.955,400
PROC,767.3,47.8,97.0,1.970,403
PROC,768.3,47.8,97.0,1.945,398
PROC,769.3,47.8,97.0,1.935,396
PROC,770.3,47.8,97.0,1.955,400
PROC,771.3,47.8,97.0,1.931,395
PROC,772.3,47.8,97.0,1.940,397
PROC,773.4,47.8,97.0,1.921,393
PROC,774.4,47.8,97.0,1.921,393
PROC,775.4,47.8,97.0,1.926,394
PROC,776.4,47.8,97.0,1.970,403
PROC,777.4,47.8,97.0,1.950,399
PROC,778.5,47.8,97.0,1.950,399
PROC,779.5,47.8,97.0,1.935,396
PROC,780.5,47.8,97.0,1.931,395
PROC,781.5,47.8,97.0,1.955,400
PROC,782.5,47.8,97.0,1.926,394
PROC,783.6,47.8,97.0,1.921,393
PROC,784.6,47.8,97.0,1.926,394
PROC,785.6,47.8,97.0,1.921,393
PROC,786.6,47.8,97.0,1.935,396
PROC,787.6,47.8,97.0,1.975,404
PROC,788.6,47.8,97.0,1.960,401
PROC,789.7,47.8,97.0,1.955,400
PROC,790.7,47.8,97.0,1.940,397
PROC,791.7,47.8,97.0,1.926,394
PROC,792.7,47.8,97.0,1.955,400
PROC,793.7,47.8,97.0,1.940,397
PROC,794.8,47.8,97.0,1.945,398
PROC,795.8,47.8,97.0,1.921,393
PROC,796.8,47.8,97.0,1.931,395
PROC,797.8,47.8,97.0,1.965,402
PROC,798.8,47.8,97.0,1.950,399
PROC,799.8,47.8,97.0,1.950,399
PROC,800.9,47.8,97.0,1.940,397
PROC,801.9,47.8,97.0,1.926,394
PROC,802.9,47.8,97.0,1.950,399
PROC,803.9,47.8,97.0,1.921,393
PROC,805.0,47.8,97.0,1.931,395
PROC,806.0,47.8,97.0,1.921,393
PROC,807.0,47.8,97.0,1.926,394
PROC,808.0,47.8,97.0,1.965,402
PROC,809.0,47.8,97.0,1.950,399
PROC,810.0,47.8,97.0,1.945,398
PROC,811.1,47.8,97.0,1.935,396
PROC,812.1,47.8,97.0,1.926,394
PROC,813.1,47.8,97.0,1.921,393
PROC,814.1,47.8,97.0,1.916,392
PROC,815.1,47.8,97.0,1.935,396
PROC,816.2,47.8,97.0,1.916,392
PROC,817.2,47.8,97.0,1.916,392
PROC,818.2,47.8,97.0,1.926,394
PROC,819.2,47.8,97.0,1.940,397
PROC,820.2,47.8,97.0,1.965,402
PROC,821.3,47.8,97.0,1.935,396
PROC,822.3,47.8,97.0,1.921,393
PROC,823.3,47.8,97.0,1.950,399
PROC,824.3,47.8,97.0,1.926,394
PROC,825.3,47.8,97.0,1.935,396
PROC,826.3,47.8,97.0,1.921,393
PROC,827.4,47.8,97.0,1.916,392
PROC,828.4,47.8,97.0,1.931,395
PROC,829.4,47.8,97.0,1.965,402
PROC,830.4,47.8,97.0,1.960,401
PROC,831.5,47.8,97.0,1.940,397
PROC,832.5,47.8,97.0,1.931,395
PROC,833.5,47.8,97.0,1.921,393
PROC,834.5,47.8,97.0,1.945,398
PROC,835.5,47.8,97.0,1.921,393
PROC,836.5,47.8,97.0,1.940,397
PROC,837.6,47.8,97.0,1.916,392
PROC,838.6,47.8,97.0,1.931,395
PROC,839.6,47.8,97.0,1.970,403
PROC,840.6,47.8,97.0,1.965,402
PROC,841.7,47.8,97.0,1.935,396
PROC,842.7,47.8,97.0,1.931,395
PROC,843.7,47.8,97.0,1.940,397
PROC,844.7,47.8,97.0,1.945,398
PROC,845.7,47.8,97.0,1.921,393
PROC,846.7,47.8,97.0,1.916,392
PROC,847.8,47.8,97.0,1.916,392
PROC,848.8,47.8,97.0,1.926,394
PROC,849.8,47.8,97.0,1.965,402
PROC,850.8,47.8,97.0,1.940,397
PROC,851.8,47.8,97.0,1.940,397
PROC,852.9,47.8,97.0,1.931,395
PROC,853.9,47.8,97.0,1.921,393
PROC,854.9,47.8,97.0,1.945,398
PROC,855.9,47.8,97.0,1.916,392
PROC,856.9,47.8,97.0,1.916,392
PROC,858.0,47.8,97.0,1.911,391
PROC,859.0,47.8,97.0,1.926,394
PROC,860.0,47.8,97.0,1.965,402
PROC,861.0,47.8,97.0,1.940,397
PROC,862.0,47.8,97.0,1.960,401
PROC,863.0,47.8,97.0,1.950,399
PROC,864.1,47.8,97.0,1.926,394
PROC,865.1,47.8,97.0,1.926,394
PROC,866.1,47.8,97.0,1.945,398
PROC,867.1,47.8,97.0,1.931,395
PROC,868.1,47.8,97.0,1.916,392
PROC,869.2,47.8,97.0,1.916,392
PROC,870.2,47.8,97.0,1.931,395
PROC,871.2,47.8,97.0,1.955,400
PROC,872.2,47.8,97.0,1.945,398
PROC,873.2,47.8,97.0,1.945,398
PROC,874.2,47.8,97.0,1.935,396
PROC,875.3,47.8,97.0,1.921,393
PROC,876.3,47.8,97.0,1.921,393
PROC,877.3,47.8,97.0,1.926,394
PROC,878.3,47.8,97.0,1.935,396
PROC,879.3,47.8,97.0,1.916,392
PROC,880.4,47.8,97.0,1.921,393
PROC,881.4,47.8,97.0,1.926,394
PROC,882.4,47.8,97.0,1.945,398
PROC,883.4,47.8,97.0,1.960,401
PROC,884.4,47.8,97.0,1.960,401
PROC,885.5,47.8,97.0,1.926,394
PROC,886.5,47.8,97.0,1.921,393
PROC,887.5,47.8,97.0,1.916,392
PROC,888.5,47.8,97.0,1.935,396
PROC,889.5,47.8,97.0,1.911,391
PROC,890.5,47.8,97.0,1.916,392
PROC,891.6,47.8,97.0,1.921,393
PROC,892.6,47.8,97.0,1.926,394
PROC,893.6,47.8,97.0,1.935,396
PROC,894.6,47.8,97.0,1.935,396
PROC,895.6,47.8,97.0,1.926,394
PROC,896.7,47.8,97.0,1.916,392
PROC,897.7,47.8,97.0,1.911,391
PROC,898.7,47.8,97.0,1.906,390
PROC,899.7,47.8,97.0,1.901,389
PROC,900.7,47.8,97.0,1.906,390
PROC,901.7,47.8,97.0,1.906,390
PROC,902.8,47.8,97.0,1.911,391
PROC,903.8,47.8,97.0,1.955,400
PROC,904.8,47.8,97.0,1.931,395
PROC,905.8,47.8,97.0,1.916,392
PROC,906.8,47.8,97.0,1.906,390
PROC,907.9,47.8,97.0,1.901,389
PROC,908.9,47.8,97.0,1.901,389
PROC,909.9,47.8,97.0,1.916,392
PROC,910.9,47.8,97.0,1.896,388
PROC,912.0,47.8,97.0,1.901,389
PROC,913.0,47.8,97.0,1.911,391
PROC,914.0,47.8,97.0,1.926,394
PROC,915.0,47.8,97.0,1.945,398
PROC,916.0,47.8,97.0,1.916,392
PROC,917.0,47.8,97.0,1.906,390
PROC,918.1,47.8,97.0,1.901,389
PROC,919.1,47.8,97.0,1.901,389
PROC,920.1,47.8,97.0,1.926,394
PROC,921.1,47.8,97.0,1.896,388
PROC,922.1,47.8,97.0,1.901,389
PROC,923.1,47.8,97.0,1.896,388
PROC,924.2,47.8,97.0,1.901,389
PROC,925.2,47.8,97.0,1.940,397
PROC,926.2,47.8,97.0,1.921,393
PROC,927.2,47.8,97.0,1.945,398
PROC,928.2,47.8,97.0,1.916,392
PROC,929.2,47.8,97.0,1.911,391
PROC,930.3,47.8,97.0,1.901,389
PROC,931.3,47.8,97.0,1.896,388
PROC,932.3,47.8,97.0,1.916,392
PROC,933.3,47.8,97.0,1.896,388
PROC,934.3,47.8,97.0,1.901,389
PROC,935.4,47.8,97.0,1.940,397
PROC,936.4,47.8,97.0,1.940,397
PROC,937.4,47.8,97.0,1.921,393
PROC,938.4,47.8,97.0,1.901,389
PROC,939.5,47.8,97.0,1.901,389
PROC,940.5,47.8,97.0,1.896,388
PROC,941.5,47.8,97.0,1.916,392
PROC,942.5,47.8,97.0,1.891,387
PROC,943.5,47.8,97.0,1.901,389
PROC,944.6,47.8,97.0,1.935,396
PROC,945.6,47.8,97.0,1.916,392
PROC,946.6,47.8,97.0,1.916,392
PROC,947.6,47.8,97.0,1.911,391
PROC,948.7,47.8,97.0,1.896,388
PROC,949.7,47.8,97.0,1.921,393
PROC,950.7,47.8,97.0,1.891,387
PROC,951.7,47.8,97.0,1.916,392
PROC,952.7,47.8,97.0,1.896,388
PROC,953.7,47.8,97.0,1.891,387
PROC,954.7,47.8,97.0,1.891,387
PROC,955.8,47.8,97.0,1.935,396
PROC,956.8,47.8,97.0,1.916,392
PROC,957.8,47.8,97.0,1.940,397
PROC,958.8,47.8,97.0,1.911,391
PROC,959.8,47.8,97.0,1.901,389
PROC,960.9,47.8,97.0,1.911,391
PROC,961.9,47.8,97.0,1.916,392
PROC,962.9,47.8,97.0,1.891,387
PROC,963.9,47.8,97.0,1.891,387
PROC,965.0,47.8,97.0,1.926,394
PROC,966.0,47.8,97.0,1.935,396
PROC,967.0,47.8,97.0,1.916,392
PROC,968.0,47.8,97.0,1.940,397
PROC,969.0,47.8,97.0,1.906,390
PROC,970.0,47.8,97.0,1.901,389
PROC,971.1,47.8,97.0,1.921,393
PROC,972.1,47.8,97.0,1.891,387
PROC,973.1,47.8,97.0,1.906,390
PROC,974.1,47.8,97.0,1.887,386
PROC,975.1,47.8,97.0,1.891,387
PROC,976.2,47.8,97.0,1.926,394
PROC,977.2,47.8,97.0,1.931,395
PROC,978.2,47.8,97.0,1.916,392
PROC,979.2,47.8,97.0,1.901,389
PROC,980.2,47.8,97.0,1.901,389
PROC,981.3,47.8,97.0,1.921,393
PROC,982.3,47.8,97.0,1.891,387
PROC,983.3,47.8,97.0,1.911,391
PROC,984.3,47.8,97.0,1.887,386
PROC,985.3,47.8,97.0,1.887,386
PROC,986.3,47.8,97.0,1.891,387
PROC,987.4,47.8,97.0,1.906,390
PROC,988.4,47.8,97.0,1.931,395
PROC,989.4,47.8,97.0,1.916,392
PROC,990.4,47.8,97.0,1.911,391
PROC,991.5,47.8,97.0,1.901,389
PROC,992.5,47.8,97.0,1.896,388
PROC,993.5,47.8,97.0,1.911,391
PROC,994.5,47.8,97.0,1.891,387
PROC,995.5,47.8,97.0,1.891,387
PROC,996.5,47.8,97.0,1.891,387
PROC,997.5,47.8,97.0,1.916,392
PROC,998.6,47.8,97.0,1.906,390
PROC,999.6,47.8,97.0,1.931,395
PROC,1000.6,47.8,97.0,1.916,392
PROC,1001.6,47.8,97.0,1.901,389
PROC,1002.7,47.8,97.0,1.926,394
PROC,1003.7,47.8,97.0,1.887,386
PROC,1004.7,47.8,97.0,1.906,390
PROC,1005.7,47.8,97.0,1.877,384
PROC,1006.7,47.8,97.0,1.882,385
PROC,1007.7,47.8,97.0,1.877,384
PROC,1008.7,47.8,97.0,1.911,391
PROC,1009.8,47.8,97.0,1.901,389
PROC,1010.8,47.8,97.0,1.901,389
PROC,1011.8,47.8,97.0,1.896,388
PROC,1012.8,47.8,97.0,1.891,387
PROC,1013.9,47.8,97.0,1.887,386
PROC,1014.9,47.8,97.0,1.896,388
PROC,1015.9,47.8,97.0,1.877,384
PROC,1016.9,47.8,97.0,1.872,383
PROC,1017.9,47.8,97.0,1.872,383
PROC,1019.0,47.8,97.0,1.901,389
PROC,1020.0,47.8,97.0,1.906,390
PROC,1021.0,47.8,97.0,1.901,389
PROC,1022.0,47.8,97.0,1.896,388
PROC,1023.0,47.8,97.0,1.896,388
PROC,1024.0,47.8,97.0,1.916,392
PROC,1025.1,47.8,97.0,1.882,385
PROC,1026.1,47.8,97.0,1.896,388
PROC,1027.1,47.8,97.0,1.882,385
PROC,1028.1,47.8,97.0,1.877,384
PROC,1029.2,47.8,97.0,1.911,391
PROC,1030.2,47.8,97.0,1.911,391
PROC,1031.2,47.8,97.0,1.901,389
PROC,1032.2,47.8,97.0,1.901,389
PROC,1033.2,47.8,97.0,1.916,392
PROC,1034.3,47.8,97.0,1.887,386
PROC,1035.3,47.8,97.0,1.901,389
PROC,1036.3,47.8,97.0,1.882,385
PROC,1037.3,47.8,97.0,1.877,384
PROC,1038.3,47.8,97.0,1.882,385
PROC,1039.4,47.8,97.0,1.911,391
PROC,1040.4,47.8,97.0,1.911,391
PROC,1041.4,47.8,97.0,1.901,389
PROC,1042.4,47.8,97.0,1.901,389
PROC,1043.4,47.8,97.0,1.916,392
PROC,1044.5,47.8,97.0,1.901,389
PROC,1045.5,47.8,97.0,1.906,390
PROC,1046.5,47.8,97.0,1.887,386
PROC,1047.5,47.8,97.0,1.882,385
PROC,1048.5,47.8,97.0,1.877,384
PROC,1049.5,47.8,97.0,1.901,389
PROC,1050.6,47.8,97.0,1.882,385
PROC,1051.6,47.8,97.0,1.896,388
PROC,1052.6,47.8,97.0,1.901,389
PROC,1053.6,47.8,97.0,1.916,392
PROC,1054.6,47.8,97.0,1.921,393
PROC,1055.7,47.8,97.0,1.896,388
PROC,1056.7,47.8,97.0,1.906,390
PROC,1057.7,47.8,97.0,1.882,385
PROC,1058.7,47.8,97.0,1.877,384
PROC,1059.7,47.8,97.0,1.877,384
PROC,1060.8,47.8,97.0,1.882,385
PROC,1061.8,47.8,97.0,1.901,389
PROC,1062.8,47.8,97.0,1.891,387
PROC,1063.8,47.8,97.0,1.896,388
PROC,1064.8,47.8,97.0,1.896,388
PROC,1065.8,47.8,97.0,1.921,393
PROC,1066.9,47.8,97.0,1.901,389
PROC,1067.9,47.8,97.0,1.901,389
PROC,1068.9,47.8,97.0,1.867,382
PROC,1069.9,47.8,97.0,1.867,382
PROC,1070.9,47.8,97.0,1.891,387
PROC,1072.0,47.8,97.0,1.872,383
PROC,1073.0,47.8,97.0,1.891,387
PROC,1074.0,47.8,97.0,1.887,386
PROC,1075.0,47.8,97.0,1.891,387
PROC,1076.0,47.8,97.0,1.916,392
PROC,1077.0,47.8,97.0,1.891,387
PROC,1078.1,47.8,97.0,1.901,389
PROC,1079.1,47.8,97.0,1.872,383
PROC,1080.1,47.8,97.0,1.867,382
PROC,1081.1,47.8,97.0,1.867,382
PROC,1082.1,47.8,97.0,1.891,387
PROC,1083.2,47.8,97.0,1.877,384
PROC,1084.2,47.8,97.0,1.882,385
PROC,1085.2,47.8,97.0,1.887,386
PROC,1086.2,47.8,97.0,1.891,387
PROC,1087.2,47.8,97.0,1.926,394
PROC,1088.2,47.8,97.0,1.887,386
PROC,1089.3,47.8,97.0,1.906,390
PROC,1090.3,47.8,97.0,1.877,384
PROC,1091.3,47.8,97.0,1.872,383
PROC,1092.3,47.8,97.0,1.896,388
PROC,1093.3,47.8,97.0,1.867,382
PROC,1094.4,47.8,97.0,1.887,386
PROC,1095.4,47.8,97.0,1.872,383
PROC,1096.4,47.8,97.0,1.882,385
PROC,1097.4,47.8,97.0,1.921,393
PROC,1098.5,47.8,97.0,1.906,390
PROC,1099.5,47.8,97.0,1.882,385
PROC,1100.5,47.8,97.0,1.872,383
PROC,1101.5,47.8,97.0,1.867,382
PROC,1102.5,47.8,97.0,1.896,388
PROC,1103.6,47.8,97.0,1.887,386
PROC,1104.6,47.8,97.0,1.872,383
PROC,1105.6,47.8,97.0,1.877,384
PROC,1106.6,47.8,97.0,1.906,390
PROC,1107.6,47.8,97.0,1.896,388
PROC,1108.7,47.8,97.0,1.916,392
PROC,1109.7,47.8,97.0,1.891,387
PROC,1110.7,47.8,97.0,1.882,385
PROC,1111.7,47.8,97.0,1.872,383
PROC,1112.7,47.8,97.0,1.901,389
PROC,1113.7,47.8,97.0,1.872,383
PROC,1114.8,47.8,97.0,1.896,388
PROC,1115.8,47.8,97.0,1.872,383
PROC,1116.8,47.8,97.0,1.887,386
PROC,1117.8,47.8,97.0,1.916,392
PROC,1118.8,47.8,97.0,1.916,392
PROC,1119.9,47.8,97.0,1.891,387
PROC,1120.9,47.8,97.0,1.882,385
PROC,1121.9,47.8,97.0,1.901,389
PROC,1122.9,47.8,97.0,1.882,385
PROC,1124.0,47.8,97.0,1.891,387
PROC,1125.0,47.8,97.0,1.867,382
PROC,1126.0,47.8,97.0,1.877,384
PROC,1127.0,47.8,97.0,1.916,392
PROC,1128.0,47.8,97.0,1.887,386
PROC,1129.1,47.8,97.0,1.911,391
PROC,1130.1,47.8,97.0,1.882,385
PROC,1131.1,47.8,97.0,1.882,385
PROC,1132.1,47.8,97.0,1.891,387
PROC,1133.1,47.8,97.0,1.867,382
PROC,1134.1,47.8,97.0,1.877,384
PROC,1135.2,47.8,97.0,1.862,381
PROC,1136.2,47.8,97.0,1.857,380
PROC,1137.2,47.8,97.0,1.862,381
PROC,1138.2,47.8,97.0,1.891,387
PROC,1139.2,47.8,97.0,1.896,388
PROC,1140.3,47.8,97.0,1.877,384
PROC,1141.3,47.8,97.0,1.872,383
PROC,1142.3,47.8,97.0,1.862,381
PROC,1143.3,47.8,97.0,1.857,380
PROC,1144.4,47.8,97.0,1.877,384
PROC,1145.4,47.8,97.0,1.852,379
PROC,1146.4,47.8,97.0,1.852,379
PROC,1147.4,47.8,97.0,1.882,385
PROC,1148.4,47.8,97.0,1.877,384
PROC,1149.5,47.8,97.0,1.877,384
PROC,1150.5,47.8,97.0,1.877,384
PROC,1151.5,47.8,97.0,1.872,383
PROC,1152.5,47.8,97.0,1.887,386
PROC,1153.5,47.8,97.0,1.867,382
PROC,1154.5,47.8,97.0,1.872,383
PROC,1155.6,47.8,97.0,1.852,379
PROC,1156.6,47.8,97.0,1.848,378
PROC,1157.6,47.8,97.0,1.877,384
PROC,1158.6,47.8,97.0,1.857,380
PROC,1159.6,47.8,97.0,1.891,387
PROC,1160.7,47.8,97.0,1.877,384
PROC,1161.7,47.8,97.0,1.872,383
PROC,1162.7,47.8,97.0,1.872,383
PROC,1163.7,47.8,97.0,1.877,384
PROC,1164.8,47.8,97.0,1.857,380
PROC,1165.8,47.8,97.0,1.852,379
PROC,1166.8,47.8,97.0,1.872,383
PROC,1167.8,47.8,97.0,1.857,380
PROC,1168.8,47.8,97.0,1.872,383
PROC,1169.9,47.8,97.0,1.872,383
PROC,1170.9,47.8,97.0,1.872,383
PROC,1171.9,47.8,97.0,1.901,389
PROC,1172.9,47.8,97.0,1.877,384
PROC,1174.0,47.8,97.0,1.852,379
PROC,1175.0,47.8,97.0,1.852,379
PROC,1176.0,47.8,97.0,1.852,379
PROC,1177.0,47.8,97.0,1.852,379
PROC,1178.0,47.8,97.0,1.882,385
PROC,1179.1,47.8,97.0,1.867,382
PROC,1180.1,47.8,97.0,1.872,383
PROC,1181.1,47.8,97.0,1.896,388
PROC,1182.1,47.8,97.0,1.872,383
PROC,1183.1,47.8,97.0,1.887,386
PROC,1184.1,47.8,97.0,1.857,380
PROC,1185.2,47.8,97.0,1.852,379
PROC,1186.2,47.8,97.0,1.852,379
PROC,1187.2,47.8,97.0,1.852,379
PROC,1188.2,47.8,97.0,1.852,379
PROC,1189.2,47.8,97.0,1.857,380
PROC,1190.3,47.8,97.0,1.867,382
PROC,1191.3,47.8,97.0,1.896,388
PROC,1192.3,47.8,97.0,1.867,382
PROC,1193.3,47.8,97.0,1.862,381
PROC,1194.3,47.8,97.0,1.852,379
PROC,1195.4,47.8,97.0,1.848,378
PROC,1196.4,47.8,97.0,1.872,383
PROC,1197.4,47.8,97.0,1.843,377
PROC,1198.4,47.8,97.0,1.872,383
PROC,1199.5,47.8,97.0,1.857,380

==========================================
=== 2-MINUTE DATA COLLECTION COMPLETE ===

Data Summary:
- Minute 1 (0-600 tenths sec): RAW IR/Red values
- Minute 2 (600-1200 tenths sec): Processed BPM/SpO2
- Full 2 minutes: GSR data (0.1s resolution)

Format markers:
  RAW,Time_0.1s,IR,Red,GSR_V,GSR_raw
  PROC,Time_0.1s,BPM,SpO2,GSR_V,GSR_raw

Copy all data above and save to CSV file
Press 's' to run again
